unix_timestamp,esc_data
1790140619.6471376,2,-1,1,-5,22707,26540,20584,21102,2040564,2040565,2040561,2040562,0,0,0,0
1790140619.6598926,2,-1,1,-5,22707,26540,20584,21102,2040564,2040565,2040561,2040562,0,0,0,0
1790140619.6755798,-4,-8,-1,-3,22707,26541,20586,21102,2040624,2040625,2040621,2040622,0,0,0,0
1790140619.85835,-4,2,-3,7,22710,26539,20584,21105,2040684,2040685,2040681,2040682,0,0,0,0
1790140619.85835,0,2,4,-2,22709,26540,20584,21104,2040744,2040745,2040741,2040742,0,0,0,0
1790140620.062954,5,-1,-5,1,22706,26541,20585,21103,2040774,2040775,2040771,2040772,0,0,0,0
1790140620.062954,-2,1,-3,2,22710,26540,20584,21105,2040864,2040865,2040861,2040862,0,0,0,0
1790140620.2604868,0,-3,-3,21,22708,26540,20585,21104,2040984,2040985,2040981,2040982,0,0,0,0
1790140620.4343908,-7,-4,1,1,22708,26540,20584,21104,2041014,2041015,2041011,2041012,0,0,0,0
1790140620.4343908,3,-5,3,-2,22705,26541,20586,21101,2041044,2041045,2041041,2041042,0,0,0,0
1790140620.4504385,1,3,-3,1,22703,26543,20589,21100,2041074,2041075,2041071,2041072,0,0,0,0
1790140620.6723177,3,-3,1,4,22704,26542,20588,21101,2041194,2041195,2041191,2041192,0,0,0,0
1790140620.6881082,1,-2,-4,0,22706,26541,20587,21101,2041224,2041225,2041221,2041222,0,0,0,0
1790140620.8801582,0,-1,3,-3,22706,26540,20585,21102,2041254,2041255,2041251,2041252,0,0,0,0
1790140620.8801582,0,-1,-1,2,22704,26541,20587,21101,2041344,2041345,2041341,2041342,0,0,0,0
1790140621.079565,4,-2,4,-2,22707,26541,20585,21101,2041404,2041405,2041401,2041402,0,0,0,0
1790140621.079565,3,-2,2,2,22703,26543,20588,21099,2041464,2041465,2041461,2041462,0,0,0,0
1790140621.2858415,1,1,2,-7,22703,26542,20587,21100,2041584,2041585,2041581,2041582,0,0,0,0
1790140621.3845475,-6,-1,-1,-5,22703,26543,20588,21099,2041614,2041615,2041611,2041612,0,0,0,0
1790140621.448085,-2,-4,-3,-1,22704,26543,20588,21100,2041644,2041645,2041641,2041642,0,0,0,0
1790140621.4956675,-3,-1,2,5,22707,26541,20587,21102,2041674,2041675,2041671,2041672,0,0,0,0
1790140621.7017732,-3,0,-4,1,22704,26542,20586,21100,2041764,2041765,2041761,2041762,0,0,0,0
1790140621.7017732,2,-1,-1,1,22704,26542,20587,21100,2041824,2041825,2041821,2041822,0,0,0,0
1790140621.8718586,1,1,-6,4,22709,26540,20584,21103,2041884,2041885,2041881,2041882,0,0,0,0
1790140621.8818793,4,0,-3,-1,22707,26541,20585,21102,2041944,2041945,2041941,2041942,0,0,0,0
1790140622.0100365,4,0,-3,-1,22707,26541,20585,21102,2041944,2041945,2041941,2041942,0,0,0,0
1790140622.0159776,-2,1,-1,-4,22705,26541,20587,21101,2042004,2042005,2042001,2042002,0,0,0,0
1790140622.108664,3,-1,-4,-6,22708,26540,20585,21102,2042064,2042065,2042061,2042062,0,0,0,0
1790140622.108664,2,6,5,-1,22705,26541,20587,21101,2042094,2042095,2042091,2042092,0,0,0,0
1790140622.2784872,-1,-3,-3,-2,22703,26543,20589,21099,2042154,2042155,2042151,2042152,0,0,0,0
1790140622.2942142,-2,-1,4,-9,22703,26542,20587,21099,2042184,2042185,2042181,2042182,0,0,0,0
1790140622.4551816,-5,1,1,5,22705,26543,20587,21101,2042214,2042215,2042211,2042212,0,0,0,0
1790140622.4669611,2,-1,1,-1,22724,26530,20582,21120,2042244,2042245,2042241,2042242,0,0,0,0
1790140622.4710073,-7,2,1,3,22721,26530,20569,21115,2042304,2042305,2042301,2042302,0,0,0,0
1790140622.535548,1,-5,3,0,22698,26547,20593,21097,2042334,2042335,2042331,2042332,0,0,0,0
1790140622.728267,-4,-1,-3,-2,22689,26554,20603,21087,2042394,2042395,2042391,2042392,0,0,0,0
1790140622.728267,-3,-3,-1,-2,22701,26544,20591,21100,2042454,2042455,2042451,2042452,0,0,0,0
1790140622.9207325,-3,-1,1,1,22697,26547,20595,21096,2042514,2042515,2042511,2042512,0,0,0,0
1790140622.9364707,4,-1,-1,-5,22700,26555,20610,21100,2042574,2042575,2042571,2042572,0,0,0,0
1790140623.0977085,-1,2,1,-4,22697,26552,20598,21093,2042604,2042605,2042601,2042602,0,0,0,0
1790140623.113936,2,-5,-5,6,22702,26547,20594,21100,2042634,2042635,2042631,2042632,0,0,0,0
1790140623.113936,-5,0,-3,5,22702,26544,20594,21103,2042664,2042665,2042661,2042662,0,0,0,0
1790140623.3409207,3,-5,0,-4,22701,26544,20594,21100,2042694,2042695,2042691,2042692,0,0,0,0
1790140623.3409207,-4,2,-2,4,22698,26553,20614,21105,2042784,2042785,2042781,2042782,0,0,0,0
1790140623.3571854,1,0,-1,1,22701,26552,20611,21106,2042814,2042815,2042811,2042812,0,0,0,0
1790140623.4724789,-4,12,-1,2,22710,26546,20605,21115,2042874,2042875,2042871,2042872,0,0,0,0
1790140623.4861581,-2,0,2,2,22710,26546,20602,21115,2042904,2042905,2042901,2042902,0,0,0,0
1790140623.5503974,-5,-4,5,2,22707,26548,20605,21111,2042934,2042935,2042931,2042932,0,0,0,0
1790140623.7443697,3,-6,4,-2,22705,26547,20607,21112,2042994,2042995,2042991,2042992,0,0,0,0
1790140623.7443697,0,-3,3,-6,22738,26523,20574,21133,2043054,2043055,2043051,2043052,0,0,0,0
1790140623.9216943,-4,-1,4,1,22711,26543,20604,21117,2043174,2043175,2043171,2043172,0,0,0,0
1790140624.1548433,0,-1,4,0,22753,26514,20567,21151,2043264,2043265,2043261,2043262,0,0,0,0
1790140624.175759,-1,-3,1,-1,22719,26539,20592,21121,2043324,2043325,2043321,2043322,0,0,0,0
1790140624.3571167,0,1,-2,0,22705,26545,20605,21111,2043414,2043415,2043411,2043412,0,0,0,0
1790140624.3571167,-5,-4,-3,-5,22717,26539,20595,21118,2043444,2043445,2043441,2043442,0,0,0,0
1790140624.485432,4,-1,0,1,22714,26542,20598,21117,2043504,2043505,2043501,2043502,0,0,0,0
1790140624.566328,4,0,-2,0,22707,26548,20606,21111,2043564,2043565,2043561,2043562,0,0,0,0
1790140624.777981,1,3,0,-5,22715,26542,20599,21118,2043684,2043685,2043681,2043682,0,0,0,0
1790140624.978974,2,1,-1,1,22715,26540,20597,21118,2043744,2043745,2043741,2043742,0,0,0,0
1790140624.978974,1,-1,2,0,22716,26539,20595,21118,2043774,2043775,2043771,2043772,0,0,0,0
1790140624.9860861,1,-3,-1,2,22719,26537,20594,21121,2043804,2043805,2043801,2043802,0,0,0,0
1790140625.1818213,-1,1,-6,4,22719,26538,20595,21121,2043834,2043835,2043831,2043832,0,0,0,0
1790140625.1818213,1,-2,-2,1,22721,26537,20594,21122,2043924,2043925,2043921,2043922,0,0,0,0
1790140625.38967,-3,-1,-2,-6,22721,26537,20593,21122,2044044,2044045,2044041,2044042,0,0,0,0
1790140625.4867916,-1,-1,0,-1,22722,26536,20592,21122,2044104,2044105,2044101,2044102,0,0,0,0
1790140625.5831861,4,1,6,-1,22713,26526,20584,21118,2044164,2044165,2044161,2044162,0,0,0,0
1790140625.6685228,1,-1,2,2,22714,26529,20587,21119,2044194,2044195,2044191,2044192,0,0,0,0
1790140625.7912922,1,-1,3,-2,22720,26536,20599,21126,2044254,2044255,2044251,2044252,0,0,0,0
1790140626.0020723,-2,0,-4,-1,22735,26539,20600,21134,2044284,2044285,2044281,2044282,0,0,0,0
1790140626.0020723,-3,4,3,-3,22726,26534,20592,21128,2044404,2044405,2044401,2044402,0,0,0,0
1790140626.416437,-2,2,-1,6,22689,26551,20627,21108,2044644,2044645,2044641,2044642,0,0,0,0
1790140626.4974425,-2,4,2,-2,22712,26539,20611,21123,2044674,2044675,2044671,2044672,0,0,0,0
1790140626.4974425,-2,1,-2,0,22727,26533,20601,21135,2044704,2044705,2044701,2044702,0,0,0,0
1790140626.61242,-6,-1,5,-3,22727,26538,20605,21134,2044764,2044765,2044761,2044762,0,0,0,0
1790140626.6253016,-4,-1,3,1,22720,26541,20605,21129,2044794,2044795,2044791,2044792,0,0,0,0
1790140626.8195744,-8,-2,2,4,22723,26537,20604,21132,2044854,2044855,2044851,2044852,0,0,0,0
1790140626.8342075,-1,2,-2,1,22724,26535,20601,21132,2044914,2044915,2044911,2044912,0,0,0,0
1790140627.0225248,0,6,-1,4,22716,26536,20602,21128,2045004,2045005,2045001,2045002,0,0,0,0
1790140627.0330899,2,-5,-1,-4,22719,26533,20602,21131,2045034,2045035,2045031,2045032,0,0,0,0
1790140627.1944351,0,0,1,-1,22724,26535,20602,21132,2045094,2045095,2045091,2045092,0,0,0,0
1790140627.2136335,0,1,0,0,22723,26538,20606,21132,2045124,2045125,2045121,2045122,0,0,0,0
1790140627.2585895,0,-3,2,0,22741,26519,20600,21138,2045154,2045155,2045151,2045152,0,0,0,0
1790140627.322904,19,-26,-14,12,23017,26174,20439,21289,2045184,2045185,2045181,2045182,0,0,0,0
1790140627.322904,71,-86,-36,37,24213,24662,19702,22127,2045214,2045215,2045211,2045212,0,0,0,0
1790140627.4348094,50,-71,-96,55,25920,22523,17783,23566,2045244,2045245,2045241,2045242,0,0,0,0
1790140627.4988446,57,-73,-92,69,27871,20682,15798,25495,2045274,2045275,2045271,2045272,0,0,0,0
1790140627.5147886,88,-69,-86,85,29937,18559,13671,27607,2045304,2045305,2045301,2045302,0,0,0,0
1790140627.589369,86,-67,-71,89,31959,16505,11476,29771,2045334,2045335,2045331,2045332,0,0,0,0
1790140627.5975018,54,-70,-65,65,1023,14665,9537,31634,2045364,2045365,2045361,2045362,0,0,0,0
1790140627.6453898,48,-59,-51,47,2663,12983,7848,570,2045394,2045395,2045391,2045392,0,0,0,0
1790140627.7720041,43,-42,-45,43,5160,10474,5304,3058,2045454,2045455,2045451,2045452,0,0,0,0
1790140627.7906666,51,-42,-48,46,6403,9241,4064,4360,2045484,2045485,2045481,2045482,0,0,0,0
1790140627.8683045,53,-48,-55,50,7885,7841,2605,5663,2045514,2045515,2045511,2045512,0,0,0,0
1790140627.910127,54,-73,-52,52,9377,6207,1033,7229,2045544,2045545,2045541,2045542,0,0,0,0
1790140628.0316212,66,-62,-67,71,12912,2754,30238,10852,2045604,2045605,2045601,2045602,0,0,0,0
1790140628.0456483,70,-57,-68,57,14656,956,28463,12717,2045634,2045635,2045631,2045632,0,0,0,0
1790140628.1103115,49,-72,-50,52,16345,32096,26668,14395,2045664,2045665,2045661,2045662,0,0,0,0
1790140628.174541,53,-56,-59,50,17953,30525,25153,15991,2045694,2045695,2045691,2045692,0,0,0,0
1790140628.2233646,55,-44,-55,48,19363,29056,23720,17409,2045724,2045725,2045721,2045722,0,0,0,0
1790140628.2927692,45,-57,-55,55,20785,27698,22262,18834,2045754,2045755,2045751,2045752,0,0,0,0
1790140628.3519151,50,-59,-52,64,22189,26234,20868,20291,2045784,2045785,2045781,2045782,0,0,0,0
1790140628.4168873,57,-62,-57,53,23689,24719,19309,21830,2045814,2045815,2045811,2045812,0,0,0,0
1790140628.43283,61,-61,-63,52,25298,23098,17693,23399,2045844,2045845,2045841,2045842,0,0,0,0
1790140628.4809349,60,-57,-65,60,28585,19771,14414,26746,2045904,2045905,2045901,2045902,0,0,0,0
1790140628.5128167,60,-57,-65,60,28585,19771,14414,26746,2045904,2045905,2045901,2045902,0,0,0,0
1790140628.54437,72,-59,-64,52,31881,16591,11098,30101,2045964,2045965,2045961,2045962,0,0,0,0
1790140628.6561418,72,-59,-64,52,31881,16591,11098,30101,2045964,2045965,2045961,2045962,0,0,0,0
1790140628.6722937,55,-64,-52,61,2144,13611,8079,292,2046024,2046025,2046021,2046022,0,0,0,0
1790140628.7515428,50,-56,-55,61,3603,12039,6626,1849,2046054,2046055,2046051,2046052,0,0,0,0
1790140628.7992468,64,-62,-60,52,5151,10501,5061,3382,2046084,2046085,2046081,2046082,0,0,0,0
1790140628.878289,46,-56,-64,62,6734,8915,3443,5049,2046114,2046115,2046111,2046112,0,0,0,0
1790140628.8955996,59,-61,-58,54,8367,7304,1841,6691,2046144,2046145,2046141,2046142,0,0,0,0
1790140628.9957116,64,-54,-63,59,9919,5721,242,8211,2046174,2046175,2046171,2046172,0,0,0,0
1790140629.0531187,52,-73,-55,72,11479,4160,31430,9925,2046204,2046205,2046201,2046202,0,0,0,0
1790140629.07566,61,-46,-59,55,14612,953,28271,13032,2046264,2046265,2046261,2046262,0,0,0,0
1790140629.1324782,45,-69,-48,51,16216,32245,26654,14663,2046294,2046295,2046291,2046292,0,0,0,0
1790140629.1959612,59,-55,-56,43,17757,30710,25162,16206,2046324,2046325,2046321,2046322,0,0,0,0
1790140629.275267,47,-53,-48,56,20891,27670,22030,19273,2046384,2046385,2046381,2046382,0,0,0,0
1790140629.4824443,15,-6,-27,8,22949,25686,20085,21367,2046444,2046445,2046441,2046442,0,0,0,0
1790140629.4824443,-15,15,13,-15,22984,26645,19837,21033,2046504,2046505,2046501,2046502,0,0,0,0
1790140629.5328043,-9,19,15,-13,22732,27114,20206,20700,2046534,2046535,2046531,2046532,0,0,0,0
1790140629.6757607,-11,10,5,-12,22490,27548,20551,20343,2046564,2046565,2046561,2046562,0,0,0,0
1790140629.6969922,-5,-3,5,-2,22160,27837,20905,19929,2046624,2046625,2046621,2046622,0,0,0,0
1790140629.8855665,-2,-6,-5,-3,21977,28017,21109,19737,2046744,2046745,2046741,2046742,0,0,0,0
1790140630.0336556,5,-4,0,-3,21989,28003,21096,19747,2046774,2046775,2046771,2046772,0,0,0,0
1790140630.0336556,1,-1,-1,-2,22007,27984,21076,19764,2046804,2046805,2046801,2046802,0,0,0,0
1790140630.0999575,0,-3,-4,1,22022,27970,21060,19781,2046834,2046835,2046831,2046832,0,0,0,0
1790140630.278232,-7,-1,4,-1,22030,27963,21051,19788,2046924,2046925,2046921,2046922,0,0,0,0
1790140630.294083,2,3,-2,1,22023,27970,21058,19781,2046984,2046985,2046981,2046982,0,0,0,0
1790140630.504274,-12,-1,0,2,22039,27966,21059,19798,2047044,2047045,2047041,2047042,0,0,0,0
1790140630.504274,-3,-4,2,1,22050,27942,21029,19809,2047074,2047075,2047071,2047072,0,0,0,0
1790140630.5147586,-2,0,0,-7,22052,27943,21028,19811,2047104,2047105,2047101,2047102,0,0,0,0
1790140630.714492,-3,-1,-5,0,22041,27956,21041,19799,2047134,2047135,2047131,2047132,0,0,0,0
1790140630.714492,4,1,-8,-6,22031,27965,21051,19789,2047164,2047165,2047161,2047162,0,0,0,0
1790140630.714492,0,2,-1,1,22027,27970,21058,19785,2047224,2047225,2047221,2047222,0,0,0,0
1790140630.9090025,-3,1,-2,-6,22031,27956,21033,19775,2047344,2047345,2047341,2047342,0,0,0,0
1790140630.9090025,-1,5,-3,1,22043,27958,21041,19797,2047374,2047375,2047371,2047372,0,0,0,0
1790140631.102151,3,0,-1,3,22040,27949,21029,19792,2047404,2047405,2047401,2047402,0,0,0,0
1790140631.104189,-3,-4,0,4,22047,27946,21030,19800,2047494,2047495,2047491,2047492,0,0,0,0
1790140631.328772,-1,0,4,0,22043,27958,21045,19801,2047584,2047585,2047581,2047582,0,0,0,0
1790140631.328772,-1,4,-2,3,22047,27957,21040,19800,2047614,2047615,2047611,2047612,0,0,0,0
1790140631.5381992,-1,-1,0,2,22048,27950,21036,19806,2047644,2047645,2047641,2047642,0,0,0,0
1790140631.5381992,0,2,3,-2,22052,27947,21033,19809,2047734,2047735,2047731,2047732,0,0,0,0
1790140631.7348413,0,-1,-3,1,22076,27930,20997,19838,2047854,2047855,2047851,2047852,0,0,0,0
1790140631.9095893,-5,3,0,0,22073,27930,20996,19833,2047944,2047945,2047941,2047942,0,0,0,0
1790140632.1362267,-1,-4,-1,1,22068,27931,20996,19824,2048034,2048035,2048031,2048032,0,0,0,0
1790140632.1515968,1,6,0,-3,22085,27925,20987,19843,2048094,2048095,2048091,2048092,0,0,0,0
1790140632.5376017,0,1,-5,1,22048,27955,21018,19807,2048304,2048305,2048301,2048302,0,0,0,0
1790140632.5376017,-3,-2,1,4,22048,27956,21020,19805,2048334,2048335,2048331,2048332,0,0,0,0
1790140632.7630887,0,-2,-3,-7,22046,27958,21024,19803,2048364,2048365,2048361,2048362,0,0,0,0
1790140632.7630887,-2,-1,0,0,22048,27956,21020,19805,2048454,2048455,2048451,2048452,0,0,0,0
1790140632.7790058,-3,-3,0,3,22049,27955,21019,19806,2048484,2048485,2048481,2048482,0,0,0,0
1790140632.9716783,3,3,-2,-2,22046,27955,21021,19804,2048604,2048605,2048601,2048602,0,0,0,0
1790140633.165402,-1,-3,-1,1,22057,27946,21012,19815,2048724,2048725,2048721,2048722,0,0,0,0
1790140633.3815212,0,-5,1,1,22056,27947,21011,19815,2048754,2048755,2048751,2048752,0,0,0,0
1790140633.395744,2,-1,-1,5,22056,27947,21012,19813,2048844,2048845,2048841,2048842,0,0,0,0
1790140633.5521235,1,-3,1,0,22070,27953,21011,19823,2048934,2048935,2048931,2048932,0,0,0,0
1790140633.7290628,2,-2,6,-2,22053,27951,21014,19810,2049024,2049025,2049021,2049022,0,0,0,0
1790140633.7448664,0,-1,2,-3,22053,27954,21020,19811,2049054,2049055,2049051,2049052,0,0,0,0
1790140633.7939177,0,1,-6,-3,22055,27957,21020,19811,2049084,2049085,2049081,2049082,0,0,0,0
1790140633.9877615,-6,-2,2,1,22065,27964,21029,19823,2049114,2049115,2049111,2049112,0,0,0,0
1790140633.9877615,3,0,-26,1,22072,27949,21008,19825,2049174,2049175,2049171,2049172,0,0,0,0
1790140633.9877615,-3,1,2,-6,22070,27944,21005,19826,2049204,2049205,2049201,2049202,0,0,0,0
1790140634.1967163,-3,2,3,5,22067,27948,21009,19824,2049234,2049235,2049231,2049232,0,0,0,0
1790140634.1967163,-4,-2,-5,2,22068,27948,21010,19824,2049324,2049325,2049321,2049322,0,0,0,0
1790140634.39592,-1,-1,-1,-2,22067,27949,21009,19823,2049354,2049355,2049351,2049352,0,0,0,0
1790140634.39592,-4,-5,1,6,22036,27980,21049,19790,2049474,2049475,2049471,2049472,0,0,0,0
1790140634.5347133,-2,-1,2,-4,22061,27959,21024,19817,2049534,2049535,2049531,2049532,0,0,0,0
1790140634.567229,-1,-3,-4,4,22064,27954,21018,19821,2049564,2049565,2049561,2049562,0,0,0,0
1790140634.6151826,2,3,0,2,22061,27956,21017,19815,2049594,2049595,2049591,2049592,0,0,0,0
1790140634.8102367,0,-3,-2,-5,22055,27959,21021,19809,2049624,2049625,2049621,2049622,0,0,0,0
1790140634.8102367,1,1,-3,2,22053,27961,21026,19808,2049714,2049715,2049711,2049712,0,0,0,0
1790140635.0056896,-3,-1,1,-1,22056,27958,21023,19811,2049744,2049745,2049741,2049742,0,0,0,0
1790140635.018363,-51,-43,-40,-51,18171,24244,17327,16247,2049834,2049835,2049831,2049832,0,0,0,0
1790140635.210667,-66,-45,-52,-48,12454,18387,11252,10197,2049954,2049955,2049951,2049952,0,0,0,0
1790140635.4211931,-60,-59,-59,-63,10837,16777,9744,8557,2049984,2049985,2049981,2049982,0,0,0,0
1790140635.435451,-74,-67,-52,-48,7558,13551,6730,5568,2050044,2050045,2050041,2050042,0,0,0,0
1790140635.435451,-69,-55,-62,-68,5829,11882,5193,4127,2050074,2050075,2050071,2050072,0,0,0,0
1790140635.5806003,-57,-54,-60,-61,2739,8777,1920,777,2050134,2050135,2050131,2050132,0,0,0,0
1790140635.5964909,-57,-59,-71,-66,1126,7204,242,31945,2050164,2050165,2050161,2050162,0,0,0,0
1790140635.6362064,-63,-58,-54,-51,32373,5651,31355,30284,2050194,2050195,2050191,2050192,0,0,0,0
1790140635.8217838,-59,-65,-67,-61,30712,3985,29724,28702,2050224,2050225,2050221,2050222,0,0,0,0
1790140635.8217838,-81,-48,-56,-69,27455,740,26560,25457,2050284,2050285,2050281,2050282,0,0,0,0
1790140635.837023,-56,-73,-64,-64,25761,31823,24983,23873,2050314,2050315,2050311,2050312,0,0,0,0
1790140636.037689,-60,-59,-58,-52,24162,30273,23260,22130,2050344,2050345,2050341,2050342,0,0,0,0
1790140636.244425,-68,-68,-62,-66,17673,23785,16744,15619,2050464,2050465,2050461,2050462,0,0,0,0
1790140636.2451856,-52,-71,-50,-48,12784,18809,11729,10641,2050554,2050555,2050551,2050552,0,0,0,0
1790140636.439281,-65,-51,-51,-57,11163,17186,10168,9125,2050584,2050585,2050581,2050582,0,0,0,0
1790140636.439281,-73,-60,-61,-54,6182,12154,5434,4374,2050674,2050675,2050671,2050672,0,0,0,0
1790140636.6017787,-55,-54,-58,-63,3024,8950,2155,1056,2050734,2050735,2050731,2050732,0,0,0,0
1790140636.6017787,-64,-64,-59,-67,1391,7343,579,32261,2050764,2050765,2050761,2050762,0,0,0,0
1790140636.6393557,-53,-55,-57,-60,32604,5684,31574,30535,2050794,2050795,2050791,2050792,0,0,0,0
1790140636.8569942,-66,-69,-58,-48,30952,4074,29945,28979,2050824,2050825,2050821,2050822,0,0,0,0
1790140636.8569942,-58,-62,-65,-71,29339,2531,28327,27301,2050854,2050855,2050851,2050852,0,0,0,0
1790140637.0632002,-58,-68,-59,-58,26005,31952,25065,24077,2050914,2050915,2050911,2050912,0,0,0,0
1790140637.0652142,-21,-21,-22,-29,22540,28435,21337,20567,2051004,2051005,2051001,2051002,0,0,0,0
1790140637.0652142,-10,-4,-10,-18,22084,28088,20879,19943,2051034,2051035,2051031,2051032,0,0,0,0
1790140637.2579746,-2,3,-1,-6,21931,28024,20709,19717,2051064,2051065,2051061,2051062,0,0,0,0
1790140637.2697787,-4,3,-2,-5,21831,28191,20886,19638,2051154,2051155,2051151,2051152,0,0,0,0
1790140637.3657126,-3,-2,2,3,21795,28225,20918,19607,2051184,2051185,2051181,2051182,0,0,0,0
1790140637.383865,-5,3,1,1,21769,28252,20943,19583,2051214,2051215,2051211,2051212,0,0,0,0
1790140637.3977046,-3,-2,-1,-4,21754,28268,20959,19571,2051244,2051245,2051241,2051242,0,0,0,0
1790140637.4650888,-2,4,-2,0,21751,28273,20965,19568,2051274,2051275,2051271,2051272,0,0,0,0
1790140637.5931754,1,7,2,-3,21768,28308,20991,19583,2051304,2051305,2051301,2051302,0,0,0,0
1790140637.6091409,-3,-5,-6,0,21744,28328,21011,19560,2051364,2051365,2051361,2051362,0,0,0,0
1790140637.883586,5,0,0,0,21756,28316,21001,19571,2051394,2051395,2051391,2051392,0,0,0,0
1790140637.883586,0,-2,1,0,21770,28295,20981,19583,2051424,2051425,2051421,2051422,0,0,0,0
1790140637.883586,1,1,5,1,21796,28276,20963,19605,2051484,2051485,2051481,2051482,0,0,0,0
1790140637.8995662,2,1,-2,0,21789,28281,20965,19601,2051544,2051545,2051541,2051542,0,0,0,0
1790140638.0829175,2,1,-2,0,21789,28281,20965,19601,2051544,2051545,2051541,2051542,0,0,0,0
1790140638.284483,3,1,0,0,21785,28285,20970,19597,2051664,2051665,2051661,2051662,0,0,0,0
1790140638.284483,0,1,-1,2,21779,28294,20978,19592,2051784,2051785,2051781,2051782,0,0,0,0
1790140638.496931,-1,4,-4,-5,21752,28297,20976,19570,2051844,2051845,2051841,2051842,0,0,0,0
1790140638.496931,-2,-4,-6,2,21728,28342,21023,19553,2051904,2051905,2051901,2051902,0,0,0,0
1790140638.6184306,2,3,0,0,21745,28349,21031,19568,2051934,2051935,2051931,2051932,0,0,0,0
1790140638.6184306,-3,5,-2,1,21766,28320,21000,19583,2051994,2051995,2051991,2051992,0,0,0,0
1790140638.6863883,3,-3,1,-1,21773,28317,20999,19592,2052024,2052025,2052021,2052022,0,0,0,0
1790140638.7349713,3,-6,-6,1,21841,28235,20964,19624,2052054,2052055,2052051,2052052,0,0,0,0
1790140638.7995408,41,-64,-29,22,22325,27431,20612,19985,2052084,2052085,2052081,2052082,0,0,0,0
1790140638.817415,89,-73,-41,47,23945,25634,19581,21075,2052114,2052115,2052111,2052112,0,0,0,0
1790140638.8643773,53,-73,-76,71,25740,23679,17368,22728,2052144,2052145,2052141,2052142,0,0,0,0
1790140638.9973435,76,-81,-83,77,27744,21780,15281,24665,2052174,2052175,2052171,2052172,0,0,0,0
1790140639.0090797,84,-73,-92,74,29792,19669,13129,26781,2052204,2052205,2052201,2052202,0,0,0,0
1790140639.057733,77,-67,-84,65,31802,17552,11043,28930,2052234,2052235,2052231,2052232,0,0,0,0
1790140639.0736642,49,-69,-57,63,854,15878,9213,30765,2052264,2052265,2052261,2052262,0,0,0,0
1790140639.1378694,50,-53,-53,53,2318,14318,7650,32277,2052294,2052295,2052291,2052292,0,0,0,0
1790140639.25446,41,-55,-50,38,3587,13035,6316,831,2052324,2052325,2052321,2052322,0,0,0,0
1790140639.315207,57,-56,-50,44,6127,10466,3861,3288,2052384,2052385,2052381,2052382,0,0,0,0
1790140639.3801403,68,-55,-54,56,7565,9060,2401,4780,2052414,2052415,2052411,2052412,0,0,0,0
1790140639.3960013,50,-61,-53,76,9201,7410,867,6403,2052444,2052445,2052441,2052442,0,0,0,0
1790140639.454862,60,-62,-67,66,10899,5687,31785,8122,2052474,2052475,2052471,2052472,0,0,0,0
1790140639.5246248,71,-58,-63,68,14451,2146,28195,11859,2052534,2052535,2052531,2052532,0,0,0,0
1790140639.5889988,52,-66,-56,52,16134,459,26521,13598,2052564,2052565,2052561,2052562,0,0,0,0
1790140639.6369362,53,-64,-61,44,17650,31723,25041,15029,2052594,2052595,2052591,2052592,0,0,0,0
1790140639.7177818,52,-50,-54,50,19023,30370,23548,16478,2052624,2052625,2052621,2052622,0,0,0,0
1790140639.7663085,55,-43,-50,54,20434,28908,22116,17857,2052654,2052655,2052651,2052652,0,0,0,0
1790140639.8297014,49,-59,-54,56,21900,27496,20738,19360,2052684,2052685,2052681,2052682,0,0,0,0
1790140639.8454192,49,-62,-56,54,23444,25950,19248,20924,2052714,2052715,2052711,2052712,0,0,0,0
1790140639.9091775,58,-71,-71,65,26724,22696,15910,24215,2052774,2052775,2052771,2052772,0,0,0,0
1790140639.977407,59,-41,-56,53,28449,20923,14189,25881,2052804,2052805,2052801,2052802,0,0,0,0
1790140640.0380666,56,-63,-57,67,30118,19371,12493,27571,2052834,2052835,2052831,2052832,0,0,0,0
1790140640.1356852,57,-45,-54,57,442,16315,9415,30703,2052894,2052895,2052891,2052892,0,0,0,0
1790140640.2213953,54,-47,-56,62,1897,14808,7869,32225,2052924,2052925,2052921,2052922,0,0,0,0
1790140640.2355707,52,-70,-63,47,3398,13260,6397,923,2052954,2052955,2052951,2052952,0,0,0,0
1790140640.2968962,49,-51,-56,55,4909,11743,4833,2451,2052984,2052985,2052981,2052982,0,0,0,0
1790140640.3289487,56,-53,-52,70,6523,10139,3274,4077,2053014,2053015,2053011,2053012,0,0,0,0
1790140640.4088225,53,-69,-62,49,8108,8601,1669,5734,2053044,2053045,2053041,2053042,0,0,0,0
1790140640.4797597,49,-54,-64,60,9685,7018,34,7374,2053074,2053075,2053071,2053072,0,0,0,0
1790140640.4894323,60,-57,-49,58,11293,5380,31248,8999,2053104,2053105,2053101,2053102,0,0,0,0
1790140640.553269,54,-59,-64,50,12885,3773,29576,10560,2053134,2053135,2053131,2053132,0,0,0,0
1790140640.600688,61,-58,-63,55,14437,2273,28032,12164,2053164,2053165,2053161,2053162,0,0,0,0
1790140640.632638,55,-59,-57,41,16041,710,26460,13765,2053194,2053195,2053191,2053192,0,0,0,0
1790140640.6692593,60,-65,-57,53,17565,31859,24886,15254,2053224,2053225,2053221,2053222,0,0,0,0
1790140640.7488303,56,-55,-56,60,19041,30395,23349,16880,2053254,2053255,2053251,2053252,0,0,0,0
1790140640.9403887,57,-45,-44,47,20562,28921,21841,18362,2053284,2053285,2053281,2053282,0,0,0,0
1790140640.956359,31,-21,-24,28,21715,27914,20762,19476,2053314,2053315,2053311,2053312,0,0,0,0
1790140640.956359,3,10,-5,0,22241,28364,20356,19673,2053374,2053375,2053371,2053372,0,0,0,0
1790140640.9723525,-8,11,11,-10,22202,28824,20635,19522,2053404,2053405,2053401,2053402,0,0,0,0
1790140641.1507566,-13,0,7,-8,21898,29198,21085,19137,2053464,2053465,2053461,2053462,0,0,0,0
1790140641.3600302,-4,-5,1,-2,21707,29299,21282,18929,2053584,2053585,2053581,2053582,0,0,0,0
1790140641.3759203,-6,-5,-7,3,21743,29265,21247,18967,2053614,2053615,2053611,2053612,0,0,0,0
1790140641.396889,7,14,-4,3,21788,29223,21203,19013,2053644,2053645,2053641,2053642,0,0,0,0
1790140641.56149,0,6,-3,0,21876,29142,21111,19110,2053704,2053705,2053701,2053702,0,0,0,0
1790140641.578147,1,-4,-6,3,21923,29098,21067,19159,2053734,2053735,2053731,2053732,0,0,0,0
1790140641.6427948,-3,-3,4,-2,21960,29072,21038,19203,2053764,2053765,2053761,2053762,0,0,0,0
1790140641.6427948,2,-3,-4,2,21992,29051,21012,19239,2053794,2053795,2053791,2053792,0,0,0,0
1790140641.693648,4,0,-5,1,22016,29035,20990,19264,2053824,2053825,2053821,2053822,0,0,0,0
1790140641.7746372,-1,-5,-2,-3,22029,29018,20970,19277,2053854,2053855,2053851,2053852,0,0,0,0
1790140641.8746285,0,-5,1,-7,22042,29012,20962,19288,2053884,2053885,2053881,2053882,0,0,0,0
1790140641.8746285,-4,-2,-1,2,22047,29007,20956,19296,2053914,2053915,2053911,2053912,0,0,0,0
1790140641.8842556,-2,0,-1,-4,22046,29005,20954,19298,2053944,2053945,2053941,2053942,0,0,0,0
1790140641.9315934,1,-1,-1,7,22046,29004,20954,19298,2053974,2053975,2053971,2053972,0,0,0,0
1790140642.046411,3,-2,-6,3,22047,29004,20953,19299,2054004,2054005,2054001,2054002,0,0,0,0
1790140642.0605438,0,2,-1,-2,22049,29002,20951,19300,2054034,2054035,2054031,2054032,0,0,0,0
1790140642.1766891,1,3,-4,-8,22050,28998,20948,19303,2054064,2054065,2054061,2054062,0,0,0,0
1790140642.1766891,-2,0,-1,0,22070,29003,20954,19330,2054094,2054095,2054091,2054092,0,0,0,0
1790140642.3828843,3,-8,-6,2,22096,28974,20949,19379,2054124,2054125,2054121,2054122,0,0,0,0
1790140642.3828843,-2,-2,1,3,22104,28969,20936,19388,2054214,2054215,2054211,2054212,0,0,0,0
1790140642.399468,-2,-5,0,1,22096,28977,20945,19379,2054244,2054245,2054241,2054242,0,0,0,0
1790140642.5934389,1,2,-6,-3,22095,28976,20944,19379,2054334,2054335,2054331,2054332,0,0,0,0
1790140642.5934389,4,3,-5,0,22100,28973,20941,19384,2054364,2054365,2054361,2054362,0,0,0,0
1790140642.6738796,-5,-2,2,0,22094,28960,20929,19377,2054394,2054395,2054391,2054392,0,0,0,0
1790140642.7790742,-4,-4,1,-1,22104,28963,20933,19394,2054424,2054425,2054421,2054422,0,0,0,0
1790140642.7790742,-1,-1,-1,-6,22112,28965,20959,19420,2054454,2054455,2054451,2054452,0,0,0,0
1790140642.786374,0,1,-2,-2,22116,28972,20964,19423,2054484,2054485,2054481,2054482,0,0,0,0
1790140643.0120666,0,-3,-1,0,22112,28987,20995,19437,2054574,2054575,2054571,2054572,0,0,0,0
1790140643.0120666,4,1,0,1,22112,28989,21000,19439,2054604,2054605,2054601,2054602,0,0,0,0
1790140643.2063076,1,-5,-2,0,22115,28988,20998,19440,2054634,2054635,2054631,2054632,0,0,0,0
1790140643.2063076,1,4,-5,0,22116,28984,20995,19446,2054694,2054695,2054691,2054692,0,0,0,0
1790140643.2063076,-3,-8,1,-5,22115,28986,20996,19441,2054724,2054725,2054721,2054722,0,0,0,0
1790140643.4016714,-1,-8,1,-4,22114,28988,20998,19441,2054754,2054755,2054751,2054752,0,0,0,0
1790140643.4016714,-3,1,-1,6,22114,28987,20998,19442,2054784,2054785,2054781,2054782,0,0,0,0
1790140643.41429,1,2,-3,1,22129,28964,20975,19453,2054844,2054845,2054841,2054842,0,0,0,0
1790140643.5853887,3,-1,-5,-2,22150,28961,20968,19479,2054934,2054935,2054931,2054932,0,0,0,0
1790140643.5919821,-4,-1,-5,-1,22138,28966,20975,19468,2054964,2054965,2054961,2054962,0,0,0,0
1790140643.672612,3,-2,-5,-5,22133,28968,20981,19463,2054994,2054995,2054991,2054992,0,0,0,0
1790140643.6885755,1,-3,0,0,22137,28952,20968,19466,2055024,2055025,2055021,2055022,0,0,0,0
1790140643.817496,3,1,-5,-1,22170,28944,20955,19498,2055054,2055055,2055051,2055052,0,0,0,0
1790140643.8379972,1,0,-3,2,22156,28954,20960,19487,2055114,2055115,2055111,2055112,0,0,0,0
1790140643.9423485,-6,2,-2,0,22130,28979,20988,19459,2055174,2055175,2055171,2055172,0,0,0,0
1790140643.962069,-2,1,0,-2,22128,28980,20991,19457,2055204,2055205,2055201,2055202,0,0,0,0
1790140644.0156527,1,-3,3,2,22133,28974,20986,19462,2055234,2055235,2055231,2055232,0,0,0,0
1790140644.2219648,-2,0,-2,2,22140,28967,20977,19469,2055324,2055325,2055321,2055322,0,0,0,0
1790140644.2340374,2,-1,-5,0,22136,28971,20980,19467,2055354,2055355,2055351,2055352,0,0,0,0
1790140644.4281018,-1,0,-3,-2,22136,28972,20981,19466,2055384,2055385,2055381,2055382,0,0,0,0
1790140644.4281018,1,-4,8,1,22136,28968,20980,19468,2055414,2055415,2055411,2055412,0,0,0,0
1790140644.4281018,1,-2,0,-2,22138,28968,20978,19469,2055474,2055475,2055471,2055472,0,0,0,0
1790140644.6369646,6,-2,-2,0,22136,28969,20980,19467,2055594,2055595,2055591,2055592,0,0,0,0
1790140644.6904457,-2,-5,-3,1,22139,28966,20978,19470,2055624,2055625,2055621,2055622,0,0,0,0
1790140644.8417134,0,-1,-5,1,22141,28965,20975,19471,2055654,2055655,2055651,2055652,0,0,0,0
1790140644.8491478,-1,0,-1,2,22142,28964,20973,19473,2055684,2055685,2055681,2055682,0,0,0,0
1790140644.8575091,2,-1,17,-1,22143,28963,20974,19472,2055714,2055715,2055711,2055712,0,0,0,0
1790140645.0485668,-1,-7,1,0,22142,28965,20975,19471,2055744,2055745,2055741,2055742,0,0,0,0
1790140645.0485668,-5,-3,-4,0,22140,28967,20977,19470,2055774,2055775,2055771,2055772,0,0,0,0
1790140645.0485668,2,-3,5,-1,22141,28966,20976,19471,2055804,2055805,2055801,2055802,0,0,0,0
1790140645.0485668,-1,5,3,1,22143,28964,20975,19473,2055834,2055835,2055831,2055832,0,0,0,0
1790140645.2548456,1,-2,1,-1,22144,28951,20965,19475,2055954,2055955,2055951,2055952,0,0,0,0
1790140645.4291148,-1,-3,4,2,22151,28964,20977,19484,2055984,2055985,2055981,2055982,0,0,0,0
1790140645.4291148,-1,-3,-6,-2,22148,28966,20982,19483,2056014,2056015,2056011,2056012,0,0,0,0
1790140645.4449384,-3,0,-5,4,22141,28967,20982,19476,2056074,2056075,2056071,2056072,0,0,0,0
1790140645.6559796,-1,2,2,0,22152,28960,20982,19492,2056164,2056165,2056161,2056162,0,0,0,0
1790140645.6689196,-1,5,-5,-5,22155,28961,20982,19496,2056194,2056195,2056191,2056192,0,0,0,0
1790140645.6936014,-1,14,1,-1,22155,28962,20982,19496,2056224,2056225,2056221,2056222,0,0,0,0
1790140645.8656805,1,-1,-1,-4,22152,28963,20983,19494,2056254,2056255,2056251,2056252,0,0,0,0
1790140645.8656805,-1,1,3,-1,22152,28963,20983,19493,2056284,2056285,2056281,2056282,0,0,0,0
1790140645.8656805,3,-3,2,-3,22152,28962,20983,19493,2056314,2056315,2056311,2056312,0,0,0,0
1790140646.0037205,1,-1,-1,2,22152,28962,20983,19494,2056344,2056345,2056341,2056342,0,0,0,0
1790140646.007887,3,4,0,-2,22151,28964,20985,19493,2056374,2056375,2056371,2056372,0,0,0,0
1790140646.0176518,-5,4,-2,1,22135,28957,20979,19478,2056404,2056405,2056401,2056402,0,0,0,0
1790140646.0570269,0,1,-1,2,22113,28985,21010,19459,2056434,2056435,2056431,2056432,0,0,0,0
1790140646.1355274,0,-4,2,-1,22131,28994,21026,19473,2056494,2056495,2056491,2056492,0,0,0,0
1790140646.265251,1,0,1,0,22145,28967,20992,19492,2056584,2056585,2056581,2056582,0,0,0,0
1790140646.4430969,3,16,-2,0,22137,28975,21005,19483,2056644,2056645,2056641,2056642,0,0,0,0
1790140646.685754,42,43,47,61,25372,32309,23979,22799,2056794,2056795,2056791,2056792,0,0,0,0
1790140646.685754,48,48,53,54,26684,735,25230,24163,2056824,2056825,2056821,2056822,0,0,0,0
1790140646.8791938,41,46,49,54,28184,2162,26708,25680,2056854,2056855,2056851,2056852,0,0,0,0
1790140646.895263,46,56,50,48,32761,6802,31485,30156,2056944,2056945,2056941,2056942,0,0,0,0
1790140647.0892036,74,67,65,54,1540,8334,275,31591,2056974,2056975,2056971,2056972,0,0,0,0
1790140647.0892036,65,66,62,57,6500,13151,5088,3462,2057064,2057065,2057061,2057062,0,0,0,0
1790140647.302782,50,57,54,66,8112,14749,6656,5108,2057094,2057095,2057091,2057092,0,0,0,0
1790140647.302782,54,44,48,55,12842,19590,11559,10022,2057184,2057185,2057181,2057182,0,0,0,0
1790140647.315038,64,55,60,54,14407,21118,13199,11556,2057214,2057215,2057211,2057212,0,0,0,0
1790140647.508751,65,56,74,58,19340,25940,17996,16432,2057304,2057305,2057301,2057302,0,0,0,0
1790140647.508751,40,44,35,45,20795,27355,19567,17977,2057334,2057335,2057331,2057332,0,0,0,0
1790140647.7175007,9,2,11,8,22519,29104,21526,19609,2057424,2057425,2057421,2057422,0,0,0,0
1790140647.7336993,1,1,2,-2,22565,29180,21708,19685,2057454,2057455,2057451,2057452,0,0,0,0
1790140647.9111748,-3,3,4,-12,22444,29246,21789,19594,2057514,2057515,2057511,2057512,0,0,0,0
1790140647.9111748,0,4,3,-3,22371,29312,21860,19535,2057574,2057575,2057571,2057572,0,0,0,0
1790140648.0554025,1,1,4,0,22355,29322,21875,19521,2057604,2057605,2057601,2057602,0,0,0,0
1790140648.0712373,4,-2,-2,-1,22365,29311,21867,19529,2057664,2057665,2057661,2057662,0,0,0,0
1790140648.3136578,3,1,2,1,22389,29290,21846,19549,2057784,2057785,2057781,2057782,0,0,0,0
1790140648.328943,-1,0,-4,2,22382,29296,21852,19544,2057814,2057815,2057811,2057812,0,0,0,0
1790140648.5248873,5,5,2,0,22377,29301,21857,19539,2057844,2057845,2057841,2057842,0,0,0,0
1790140648.5248873,2,4,0,-3,22379,29297,21846,19536,2057904,2057905,2057901,2057902,0,0,0,0
1790140648.7066257,-2,-5,-5,-1,22361,29305,21858,19522,2058024,2058025,2058021,2058022,0,0,0,0
1790140648.9292314,1,-3,7,-4,22364,29302,21855,19524,2058054,2058055,2058051,2058052,0,0,0,0
1790140648.9449487,6,0,0,-2,22412,29263,21831,19567,2058174,2058175,2058171,2058172,0,0,0,0
1790140649.04175,-2,3,-5,2,22400,29238,21810,19564,2058234,2058235,2058231,2058232,0,0,0,0
1790140649.10549,-5,1,-1,-2,22393,29264,21829,19556,2058264,2058265,2058261,2058262,0,0,0,0
1790140649.1555512,2,-2,-2,0,22384,29263,21837,19543,2058294,2058295,2058291,2058292,0,0,0,0
1790140649.2341242,59,-65,-41,43,23460,27889,21151,20226,2058354,2058355,2058351,2058352,0,0,0,0
1790140649.3138914,62,-64,-57,63,25587,25897,19799,21559,2058384,2058385,2058381,2058382,0,0,0,0
1790140649.3460293,87,-70,-85,66,27405,24107,17775,23450,2058414,2058415,2058411,2058412,0,0,0,0
1790140649.4976907,54,-63,-62,78,771,17861,11352,29937,2058504,2058505,2058501,2058502,0,0,0,0
1790140649.5208402,51,-46,-55,52,2373,16279,9592,31549,2058534,2058535,2058531,2058532,0,0,0,0
1790140649.6210263,45,-41,-47,45,3806,14897,8189,258,2058564,2058565,2058561,2058562,0,0,0,0
1790140649.6365216,46,-38,-43,48,5011,13744,7002,1449,2058594,2058595,2058591,2058592,0,0,0,0
1790140649.684887,47,-43,-42,47,6174,12461,5810,2631,2058624,2058625,2058621,2058622,0,0,0,0
1790140649.721142,60,-58,-53,67,7487,11136,4469,3997,2058654,2058655,2058651,2058652,0,0,0,0
1790140649.7544754,57,-62,-56,50,9021,9500,2966,5519,2058684,2058685,2058681,2058682,0,0,0,0
1790140649.83003,57,-67,-66,54,10666,7817,1228,7236,2058714,2058715,2058711,2058712,0,0,0,0
1790140649.8777332,71,-74,-74,67,12446,6031,32203,9147,2058744,2058745,2058741,2058742,0,0,0,0
1790140649.9423542,61,-63,-67,72,14183,4220,30366,10943,2058774,2058775,2058771,2058772,0,0,0,0
1790140650.0064027,57,-57,-65,57,15951,2522,28601,12723,2058804,2058805,2058801,2058802,0,0,0,0
1790140650.073433,58,-51,-49,61,17515,923,26912,14320,2058834,2058835,2058831,2058832,0,0,0,0
1790140650.0872896,50,-53,-44,62,18952,32288,25531,15785,2058864,2058865,2058861,2058862,0,0,0,0
1790140650.1032357,51,-54,-50,50,20378,30865,24130,17197,2058894,2058895,2058891,2058892,0,0,0,0
1790140650.1987517,51,-63,-62,40,21880,29311,22679,18623,2058924,2058925,2058921,2058922,0,0,0,0
1790140650.2675078,51,-54,-56,68,23379,27873,21184,20093,2058954,2058955,2058951,2058952,0,0,0,0
1790140650.2675078,66,-63,-51,57,24920,26286,19542,21759,2058984,2058985,2058981,2058982,0,0,0,0
1790140650.3286822,58,-63,-70,59,26546,24603,17889,23333,2059014,2059015,2059011,2059012,0,0,0,0
1790140650.3787389,54,-66,-59,72,28235,22938,16288,25040,2059044,2059045,2059041,2059042,0,0,0,0
1790140650.4724915,52,-54,-58,60,31471,19701,12908,28331,2059104,2059105,2059101,2059102,0,0,0,0
1790140650.5364907,51,-60,-48,54,294,18188,11378,29965,2059134,2059135,2059131,2059132,0,0,0,0
1790140650.5848763,62,-53,-54,45,1741,16702,9847,31374,2059164,2059165,2059161,2059162,0,0,0,0
1790140650.7137146,50,-54,-56,48,3230,15173,8358,92,2059194,2059195,2059191,2059192,0,0,0,0
1790140650.7301395,61,-57,-65,53,6434,12049,5280,3232,2059254,2059255,2059251,2059252,0,0,0,0
1790140650.795998,55,-59,-58,67,8018,10435,3593,4985,2059284,2059285,2059281,2059282,0,0,0,0
1790140650.8586943,64,-56,-57,61,9600,8887,1972,6642,2059314,2059315,2059311,2059312,0,0,0,0
1790140650.9769874,59,-59,-59,53,11198,7229,416,8178,2059344,2059345,2059341,2059342,0,0,0,0
1790140650.987194,54,-49,-52,65,12760,5657,31568,9810,2059374,2059375,2059371,2059372,0,0,0,0
1790140650.987194,53,-66,-57,52,14244,4161,30023,11335,2059404,2059405,2059401,2059402,0,0,0,0
1790140651.0568507,64,-53,-61,48,15871,2645,28520,12887,2059434,2059435,2059431,2059432,0,0,0,0
1790140651.114793,55,-43,-51,58,17365,1004,26861,14434,2059464,2059465,2059461,2059462,0,0,0,0
1790140651.1945896,59,-52,-56,52,20463,30773,23851,17576,2059524,2059525,2059521,2059522,0,0,0,0
1790140651.3886602,46,-53,-46,59,21935,29325,22305,19076,2059554,2059555,2059551,2059552,0,0,0,0
1790140651.4046142,0,8,10,-8,23292,29149,20940,20058,2059644,2059645,2059641,2059642,0,0,0,0
1790140651.6008296,-13,12,17,-7,22748,29662,21722,19520,2059704,2059705,2059701,2059702,0,0,0,0
1790140651.6175215,-6,4,1,-1,22375,30069,22100,19309,2059764,2059765,2059761,2059762,0,0,0,0
1790140651.7498083,0,-3,-4,2,22340,30125,22140,19270,2059824,2059825,2059821,2059822,0,0,0,0
1790140651.7498083,3,-5,0,4,22376,30091,22112,19305,2059854,2059855,2059851,2059852,0,0,0,0
1790140651.7498083,2,2,1,-1,22426,30045,22071,19351,2059884,2059885,2059881,2059882,0,0,0,0
1790140651.8062167,3,-2,-1,6,22483,29994,22026,19400,2059914,2059915,2059911,2059912,0,0,0,0
1790140652.0043945,8,-4,-4,5,22541,29941,21981,19448,2059944,2059945,2059941,2059942,0,0,0,0
1790140652.0043945,7,0,0,-2,22605,29879,21925,19501,2059974,2059975,2059971,2059972,0,0,0,0
1790140652.0201116,-4,-1,-1,2,22690,29814,21878,19572,2060034,2060035,2060031,2060032,0,0,0,0
1790140652.12341,-4,-2,-3,1,22717,29791,21858,19591,2060064,2060065,2060061,2060062,0,0,0,0
1790140652.13635,-4,2,-2,-5,22734,29776,21846,19606,2060094,2060095,2060091,2060092,0,0,0,0
1790140652.2299159,0,2,-3,0,22744,29766,21836,19613,2060124,2060125,2060121,2060122,0,0,0,0
1790140652.42333,4,3,-3,3,22749,29763,21833,19617,2060154,2060155,2060151,2060152,0,0,0,0
1790140652.42333,-1,0,3,2,22747,29766,21833,19614,2060214,2060215,2060211,2060212,0,0,0,0
1790140652.42333,-7,-5,4,10,22745,29764,21834,19613,2060274,2060275,2060271,2060272,0,0,0,0
1790140652.5995374,5,1,-4,-2,22744,29764,21834,19611,2060334,2060335,2060331,2060332,0,0,0,0
1790140652.615572,-1,2,1,-5,22746,29762,21832,19613,2060364,2060365,2060361,2060362,0,0,0,0
1790140652.7583241,3,5,-4,-2,22748,29761,21830,19614,2060394,2060395,2060391,2060392,0,0,0,0
1790140652.7583241,1,1,0,-3,22751,29766,21836,19619,2060424,2060425,2060421,2060422,0,0,0,0
1790140652.7741623,-1,-1,6,1,22779,29744,21829,19646,2060454,2060455,2060451,2060452,0,0,0,0
1790140652.838163,-3,0,1,-3,22789,29729,21811,19652,2060514,2060515,2060511,2060512,0,0,0,0
1790140653.0290053,-1,5,3,0,22774,29744,21825,19642,2060574,2060575,2060571,2060572,0,0,0,0
1790140653.0290053,3,-1,-6,-4,22769,29747,21829,19637,2060604,2060605,2060601,2060602,0,0,0,0
1790140653.044687,-2,-2,2,0,22769,29747,21830,19638,2060634,2060635,2060631,2060632,0,0,0,0
1790140653.2379825,-4,3,6,0,22772,29744,21829,19640,2060664,2060665,2060661,2060662,0,0,0,0
1790140653.2451558,0,-2,1,2,22789,29712,21802,19649,2060754,2060755,2060751,2060752,0,0,0,0
1790140653.4265375,-4,0,-2,2,22805,29719,21820,19674,2060784,2060785,2060781,2060782,0,0,0,0
1790140653.4265375,-4,2,5,-2,22805,29729,21822,19671,2060814,2060815,2060811,2060812,0,0,0,0
1790140653.4455945,-5,-4,1,1,22796,29739,21830,19663,2060874,2060875,2060871,2060872,0,0,0,0
1790140653.6507912,0,-4,-2,0,22786,29742,21841,19662,2060964,2060965,2060961,2060962,0,0,0,0
1790140653.6507912,-1,-2,2,2,22785,29745,21843,19660,2060994,2060995,2060991,2060992,0,0,0,0
1790140653.7682962,-1,1,2,1,22793,29737,21838,19665,2061054,2061055,2061051,2061052,0,0,0,0
1790140653.848219,-1,-5,-5,4,22796,29735,21835,19668,2061084,2061085,2061081,2061082,0,0,0,0
1790140654.0565968,4,-3,-4,-1,22812,29709,21814,19674,2061234,2061235,2061231,2061232,0,0,0,0
1790140654.0699313,1,2,0,0,22856,29694,21801,19716,2061264,2061265,2061261,2061262,0,0,0,0
1790140654.150341,0,-2,-3,-5,22853,29680,21789,19712,2061324,2061325,2061321,2061322,0,0,0,0
1790140654.231725,-3,-4,-5,-5,22848,29687,21797,19706,2061354,2061355,2061351,2061352,0,0,0,0
1790140654.263521,-7,4,-6,-2,22840,29691,21802,19702,2061384,2061385,2061381,2061382,0,0,0,0
1790140654.4707341,1,-1,-2,-18,22874,29668,21779,19726,2061474,2061475,2061471,2061472,0,0,0,0
1790140654.4707341,3,0,-2,-1,22858,29674,21785,19718,2061504,2061505,2061501,2061502,0,0,0,0
1790140654.6777687,5,1,-1,1,22839,29692,21804,19701,2061624,2061625,2061621,2061622,0,0,0,0
1790140654.7748497,-2,3,-2,-1,22842,29689,21800,19704,2061654,2061655,2061651,2061652,0,0,0,0
1790140654.7951186,-5,1,-3,-1,22842,29690,21800,19703,2061684,2061685,2061681,2061682,0,0,0,0
1790140654.8717725,3,-2,0,-2,22841,29691,21801,19703,2061714,2061715,2061711,2061712,0,0,0,0
1790140655.081966,-3,0,0,-1,22837,29695,21804,19700,2061804,2061805,2061801,2061802,0,0,0,0
1790140655.081966,-15,3,3,0,22838,29695,21804,19701,2061834,2061835,2061831,2061832,0,0,0,0
1790140655.0980184,-8,-1,1,-1,22838,29694,21804,19700,2061864,2061865,2061861,2061862,0,0,0,0
1790140655.2909205,2,-1,-2,1,22839,29692,21803,19700,2061894,2061895,2061891,2061892,0,0,0,0
1790140655.2909205,2,3,5,3,22842,29689,21802,19703,2061924,2061925,2061921,2061922,0,0,0,0
1790140655.2950547,-6,8,3,5,22846,29685,21797,19706,2061984,2061985,2061981,2061982,0,0,0,0
1790140655.4847202,0,0,-3,-4,22849,29682,21794,19709,2062014,2062015,2062011,2062012,0,0,0,0
1790140655.4847202,0,3,-7,-4,22853,29679,21792,19712,2062074,2062075,2062071,2062072,0,0,0,0
1790140655.4847202,-1,-1,4,2,22855,29678,21792,19714,2062104,2062105,2062101,2062102,0,0,0,0
1790140655.698184,0,-2,3,0,22856,29675,21788,19714,2062194,2062195,2062191,2062192,0,0,0,0
1790140655.717853,1,6,1,2,22858,29674,21788,19716,2062224,2062225,2062221,2062222,0,0,0,0
1790140655.7958446,-2,-1,6,3,22862,29670,21783,19718,2062284,2062285,2062281,2062282,0,0,0,0
1790140655.9177911,-8,-2,0,1,22861,29658,21774,19717,2062344,2062345,2062341,2062342,0,0,0,0
1790140655.9816923,8,-2,-1,-2,22865,29664,21783,19720,2062374,2062375,2062371,2062372,0,0,0,0
1790140655.9982302,-2,-2,0,-1,22863,29670,21790,19722,2062404,2062405,2062401,2062402,0,0,0,0
1790140656.1113093,-2,-4,0,3,22864,29686,21799,19723,2062464,2062465,2062461,2062462,0,0,0,0
1790140656.3061054,-3,-4,-6,1,22865,29672,21789,19723,2062494,2062495,2062491,2062492,0,0,0,0
1790140656.3061054,1,-2,-4,2,22873,29662,21777,19729,2062584,2062585,2062581,2062582,0,0,0,0
1790140656.5134616,-2,4,-2,0,22849,29685,21788,19707,2062734,2062735,2062731,2062732,0,0,0,0
1790140656.6754603,4,0,2,0,22816,29726,21833,19684,2062794,2062795,2062791,2062792,0,0,0,0
1790140656.6911979,-1,0,-2,4,22818,29715,21831,19689,2062824,2062825,2062821,2062822,0,0,0,0
1790140656.8040512,2,5,-1,-8,22846,29694,21811,19710,2062884,2062885,2062881,2062882,0,0,0,0
1790140656.9329362,2,-3,0,0,22850,29695,21809,19714,2062974,2062975,2062971,2062972,0,0,0,0
1790140656.9487603,-2,-1,2,-2,22847,29697,21811,19712,2063004,2063005,2063001,2063002,0,0,0,0
1790140657.128542,2,1,-2,3,22840,29692,21808,19710,2063064,2063065,2063061,2063062,0,0,0,0
1790140657.128542,1,5,2,1,22843,29693,21810,19711,2063094,2063095,2063091,2063092,0,0,0,0
1790140657.2399347,-2,0,-3,-3,22848,29692,21808,19712,2063124,2063125,2063121,2063122,0,0,0,0
1790140657.2577188,1,2,-1,-2,22850,29692,21808,19714,2063184,2063185,2063181,2063182,0,0,0,0
1790140657.3048778,5,-2,-3,1,22857,29686,21809,19717,2063214,2063215,2063211,2063212,0,0,0,0
1790140657.435393,11,-8,-9,12,23027,29449,21703,19824,2063244,2063245,2063241,2063242,0,0,0,0
1790140657.4491374,80,-71,-28,41,23988,28260,21139,20550,2063274,2063275,2063271,2063272,0,0,0,0
1790140657.497392,66,-55,-53,64,26115,26400,19752,21989,2063304,2063305,2063301,2063302,0,0,0,0
1790140657.513175,63,-72,-86,77,27974,24567,17788,23926,2063334,2063335,2063331,2063332,0,0,0,0
1790140657.5773792,79,-86,-94,87,30075,22504,15677,26030,2063364,2063365,2063361,2063362,0,0,0,0
1790140657.6255558,81,-74,-95,77,32239,20308,13491,28258,2063394,2063395,2063391,2063392,0,0,0,0
1790140657.7208905,86,-57,-67,61,1350,18438,11403,30346,2063424,2063425,2063421,2063422,0,0,0,0
1790140657.7540631,60,-46,-49,65,3011,16817,9661,31984,2063454,2063455,2063451,2063452,0,0,0,0
1790140657.833443,42,-48,-40,41,5573,14264,7041,1882,2063514,2063515,2063511,2063512,0,0,0,0
1790140657.8970363,44,-57,-48,43,6787,12988,5848,3043,2063544,2063545,2063541,2063542,0,0,0,0
1790140658.010174,44,-49,-47,48,8129,11707,4480,4447,2063574,2063575,2063571,2063572,0,0,0,0
1790140658.075245,59,-72,-58,70,11253,8470,1265,7629,2063634,2063635,2063631,2063632,0,0,0,0
1790140658.0913093,66,-66,-75,67,13171,6664,32254,9436,2063664,2063665,2063661,2063662,0,0,0,0
1790140658.1555653,62,-63,-66,65,14942,4841,30425,11347,2063694,2063695,2063691,2063692,0,0,0,0
1790140658.204872,59,-58,-61,67,16598,3187,28653,13075,2063724,2063725,2063721,2063722,0,0,0,0
1790140658.2700584,54,-71,-55,42,18279,1615,27026,14662,2063754,2063755,2063751,2063752,0,0,0,0
1790140658.339128,47,-48,-47,45,19677,138,25642,16139,2063784,2063785,2063781,2063782,0,0,0,0
1790140658.3488083,50,-46,-50,45,21054,31508,24264,17501,2063814,2063815,2063811,2063812,0,0,0,0
1790140658.4135287,52,-48,-55,56,22486,30163,22856,18880,2063844,2063845,2063841,2063842,0,0,0,0
1790140658.47813,60,-57,-57,69,23981,28617,21293,20490,2063874,2063875,2063871,2063872,0,0,0,0
1790140658.5269845,50,-57,-56,44,25583,26978,19674,22064,2063904,2063905,2063901,2063902,0,0,0,0
1790140658.5593998,78,-63,-64,70,27192,25338,18068,23708,2063934,2063935,2063931,2063932,0,0,0,0
1790140658.591115,57,-71,-62,52,28884,23664,16454,25438,2063964,2063965,2063961,2063962,0,0,0,0
1790140658.677883,62,-51,-54,64,30600,22029,14749,27010,2063994,2063995,2063991,2063992,0,0,0,0
1790140658.7203975,57,-66,-68,65,32259,20398,13081,28713,2064024,2064025,2064021,2064022,0,0,0,0
1790140658.7723067,42,-56,-48,56,962,18838,11526,30339,2064054,2064055,2064051,2064052,0,0,0,0
1790140658.8012826,50,-49,-51,57,2405,17339,10059,31765,2064084,2064085,2064081,2064082,0,0,0,0
1790140658.8492413,58,-54,-60,55,3854,16001,8651,458,2064114,2064115,2064111,2064112,0,0,0,0
1790140658.9296973,59,-61,-52,53,5338,14453,7150,1992,2064144,2064145,2064141,2064142,0,0,0,0
1790140658.9730427,61,-66,-66,63,8510,11278,3923,5172,2064204,2064205,2064201,2064202,0,0,0,0
1790140659.0427415,61,-66,-66,63,8510,11278,3923,5172,2064204,2064205,2064201,2064202,0,0,0,0
1790140659.1073105,64,-55,-59,53,13347,6451,31805,10171,2064294,2064295,2064291,2064292,0,0,0,0
1790140659.2038782,51,-58,-60,61,14896,4865,30257,11669,2064324,2064325,2064321,2064322,0,0,0,0
1790140659.235996,48,-53,-62,62,16444,3305,28680,13236,2064354,2064355,2064351,2064352,0,0,0,0
1790140659.2521648,53,-65,-45,49,18055,1826,27102,14771,2064384,2064385,2064381,2064382,0,0,0,0
1790140659.3169463,57,-60,-50,45,19552,311,25666,16301,2064414,2064415,2064411,2064412,0,0,0,0
1790140659.3974767,47,-48,-60,59,21068,31511,24142,17878,2064444,2064445,2064441,2064442,0,0,0,0
1790140659.591632,54,-46,-60,50,22543,30205,22610,19375,2064474,2064475,2064471,2064472,0,0,0,0
1790140659.591632,2,20,3,-5,23939,30150,22386,20583,2064564,2064565,2064561,2064562,0,0,0,0
1790140659.6075563,-3,11,5,-10,23957,30430,22582,20453,2064594,2064595,2064591,2064592,0,0,0,0
1790140659.7856793,-5,4,8,-7,23804,30862,22988,20094,2064654,2064655,2064651,2064652,0,0,0,0
1790140659.801574,-6,-2,3,-2,23688,30970,23097,19969,2064684,2064685,2064681,2064682,0,0,0,0
1790140659.834231,-1,-4,-1,-3,23602,31058,23183,19885,2064714,2064715,2064711,2064712,0,0,0,0
1790140659.9939883,-8,1,0,-2,23439,31227,23353,19722,2064804,2064805,2064801,2064802,0,0,0,0
1790140660.0390897,-5,4,2,0,23404,31263,23395,19685,2064834,2064835,2064831,2064832,0,0,0,0
1790140660.204742,-7,0,-2,0,23373,31298,23436,19652,2064894,2064895,2064891,2064892,0,0,0,0
1790140660.204742,-6,0,-1,3,23371,31295,23435,19651,2064924,2064925,2064921,2064922,0,0,0,0
1790140660.2364824,-3,-4,-2,3,23376,31288,23428,19656,2064954,2064955,2064951,2064952,0,0,0,0
1790140660.2993436,-4,0,7,-2,23383,31282,23420,19663,2064984,2064985,2064981,2064982,0,0,0,0
1790140660.4127407,-3,-3,-1,3,23382,31284,23422,19663,2065044,2065045,2065041,2065042,0,0,0,0
1790140660.5854778,-4,-1,-3,-1,23375,31292,23431,19655,2065104,2065105,2065101,2065102,0,0,0,0
1790140660.5890274,0,3,1,2,23378,31290,23429,19657,2065164,2065165,2065161,2065162,0,0,0,0
1790140660.812282,4,-4,3,-3,23382,31286,23424,19661,2065194,2065195,2065191,2065192,0,0,0,0
1790140660.812282,-1,2,2,3,23415,31253,23394,19692,2065254,2065255,2065251,2065252,0,0,0,0
1790140660.8440895,3,0,-1,-6,23412,31261,23399,19689,2065284,2065285,2065281,2065282,0,0,0,0
1790140660.8614066,-3,-1,-1,0,23397,31282,23418,19674,2065314,2065315,2065311,2065312,0,0,0,0
1790140661.0190012,0,0,1,-4,23367,31312,23452,19644,2065374,2065375,2065371,2065372,0,0,0,0
1790140661.0349011,-1,0,-4,-3,23360,31318,23459,19636,2065404,2065405,2065401,2065402,0,0,0,0
1790140661.2254097,-2,-1,-3,-3,23360,31318,23460,19635,2065434,2065435,2065431,2065432,0,0,0,0
1790140661.2254097,-1,1,-5,-4,23364,31315,23457,19640,2065464,2065465,2065461,2065462,0,0,0,0
1790140661.2254097,5,2,4,5,23380,31308,23447,19657,2065554,2065555,2065551,2065552,0,0,0,0
1790140661.4037564,-5,-1,1,-6,23374,31299,23437,19651,2065614,2065615,2065611,2065612,0,0,0,0
1790140661.4155967,4,1,-1,-4,23373,31303,23445,19649,2065674,2065675,2065671,2065672,0,0,0,0
1790140661.6394422,0,-3,3,-2,23377,31311,23455,19656,2065704,2065705,2065701,2065702,0,0,0,0
1790140661.6394422,-2,-4,3,-1,23367,31315,23461,19646,2065764,2065765,2065761,2065762,0,0,0,0
1790140661.8367772,2,3,3,-2,23368,31316,23462,19646,2065794,2065795,2065791,2065792,0,0,0,0
1790140662.0417402,2,-5,-1,2,23391,31280,23423,19668,2066034,2066035,2066031,2066032,0,0,0,0
1790140662.2261307,-1,2,-4,6,23393,31304,23443,19665,2066124,2066125,2066121,2066122,0,0,0,0
1790140662.2386444,-4,0,-5,-3,23383,31312,23452,19658,2066154,2066155,2066151,2066152,0,0,0,0
1790140662.445275,3,-2,-1,0,23409,31282,23415,19684,2066274,2066275,2066271,2066272,0,0,0,0
1790140662.6558135,-2,3,1,2,23367,31320,23460,19640,2066364,2066365,2066361,2066362,0,0,0,0
1790140662.6751387,-7,1,-5,5,23365,31322,23465,19640,2066394,2066395,2066391,2066392,0,0,0,0
1790140662.852282,1,3,-1,3,23381,31307,23446,19654,2066484,2066485,2066481,2066482,0,0,0,0
1790140663.0638907,6,2,-1,2,23373,31314,23453,19647,2066544,2066545,2066541,2066542,0,0,0,0
1790140663.0638907,1,-2,-2,0,23376,31312,23453,19648,2066634,2066635,2066631,2066632,0,0,0,0
1790140663.2683988,-1,-2,0,0,23380,31306,23445,19654,2066694,2066695,2066691,2066692,0,0,0,0
1790140663.2683988,-1,1,-1,-3,23377,31309,23449,19650,2066754,2066755,2066751,2066752,0,0,0,0
1790140663.4785194,2,-3,-3,3,23388,31298,23438,19661,2066904,2066905,2066901,2066902,0,0,0,0
1790140663.6754231,-2,-3,0,1,23387,31299,23437,19660,2066994,2066995,2066991,2066992,0,0,0,0
1790140663.6981273,-3,-1,-3,-4,23387,31298,23438,19660,2067024,2067025,2067021,2067022,0,0,0,0
1790140663.866123,0,0,-3,-2,23390,31298,23437,19663,2067054,2067055,2067051,2067052,0,0,0,0
1790140663.8822482,1,1,-2,2,23392,31297,23435,19665,2067084,2067085,2067081,2067082,0,0,0,0
1790140663.8822482,-3,-2,-2,-2,23396,31293,23428,19664,2067144,2067145,2067141,2067142,0,0,0,0
1790140664.0604894,-4,1,-7,-2,23406,31301,23434,19666,2067174,2067175,2067171,2067172,0,0,0,0
1790140664.0604894,3,1,3,-5,23406,31313,23448,19666,2067234,2067235,2067231,2067232,0,0,0,0
1790140664.076278,0,4,2,-2,23403,31314,23447,19664,2067264,2067265,2067261,2067262,0,0,0,0
1790140664.300897,1,0,-3,3,23418,31327,23456,19670,2067324,2067325,2067321,2067322,0,0,0,0
1790140664.300897,1,-2,0,1,23421,31309,23440,19675,2067384,2067385,2067381,2067382,0,0,0,0
1790140664.3160663,-2,-4,6,1,23424,31312,23441,19677,2067414,2067415,2067411,2067412,0,0,0,0
1790140664.5009568,-1,1,-3,3,23419,31315,23445,19673,2067474,2067475,2067471,2067472,0,0,0,0
1790140664.5115862,-1,-1,1,0,23419,31314,23444,19672,2067504,2067505,2067501,2067502,0,0,0,0
1790140664.7107716,-1,3,7,1,23403,31320,23446,19655,2067594,2067595,2067591,2067592,0,0,0,0
1790140664.7107716,-2,4,3,0,23386,31353,23486,19642,2067624,2067625,2067621,2067622,0,0,0,0
1790140664.8349602,0,-2,0,5,23386,31344,23477,19636,2067654,2067655,2067651,2067652,0,0,0,0
1790140664.8508356,-5,3,0,1,23400,31333,23473,19654,2067714,2067715,2067711,2067712,0,0,0,0
1790140664.8685622,-3,5,-2,2,23414,31330,23465,19663,2067744,2067745,2067741,2067742,0,0,0,0
1790140665.1081197,2,-1,2,1,23414,31328,23461,19664,2067774,2067775,2067771,2067772,0,0,0,0
1790140665.1241877,1,0,-2,5,23403,31337,23471,19653,2067864,2067865,2067861,2067862,0,0,0,0
1790140665.14032,-3,4,-3,3,23406,31336,23470,19656,2067894,2067895,2067891,2067892,0,0,0,0
1790140665.3165283,0,-3,3,0,23410,31330,23464,19660,2067924,2067925,2067921,2067922,0,0,0,0
1790140665.3165283,47,43,38,42,26967,2239,26667,23100,2068014,2068015,2068011,2068012,0,0,0,0
1790140665.5278783,50,51,55,51,102,8019,32716,28923,2068134,2068135,2068131,2068132,0,0,0,0
1790140665.7379262,62,57,57,47,6428,14324,6319,2355,2068254,2068255,2068251,2068252,0,0,0,0
1790140665.8787963,57,55,67,50,9648,17519,9554,5579,2068314,2068315,2068311,2068312,0,0,0,0
1790140665.894968,50,70,57,56,11285,19092,11244,7208,2068344,2068345,2068341,2068342,0,0,0,0
1790140666.1366787,55,48,57,69,12907,20707,12773,8815,2068374,2068375,2068371,2068372,0,0,0,0
1790140666.1366787,62,63,57,65,19362,27047,19369,15281,2068494,2068495,2068491,2068492,0,0,0,0
1790140666.3449724,28,36,39,32,22237,30019,22419,18336,2068554,2068555,2068551,2068552,0,0,0,0
1790140666.3449724,24,27,24,20,22999,30759,23172,18924,2068584,2068585,2068581,2068582,0,0,0,0
1790140666.3449724,15,23,16,24,23582,31335,23813,19503,2068614,2068615,2068611,2068612,0,0,0,0
1790140666.5545535,-1,-3,-2,1,24197,31787,24471,20078,2068674,2068675,2068671,2068672,0,0,0,0
1790140666.5545535,0,-4,2,-1,24196,31704,24408,20074,2068734,2068735,2068731,2068732,0,0,0,0
1790140666.7545142,2,0,-4,0,24222,31676,24380,20108,2068854,2068855,2068851,2068852,0,0,0,0
1790140666.892763,0,3,7,2,24216,31681,24385,20100,2068884,2068885,2068881,2068882,0,0,0,0
1790140666.892763,0,6,-4,2,24212,31683,24390,20095,2068914,2068915,2068911,2068912,0,0,0,0
1790140666.9190762,-4,0,-1,-1,24212,31682,24389,20095,2068944,2068945,2068941,2068942,0,0,0,0
1790140667.1710818,-3,0,-1,3,24215,31669,24381,20095,2069034,2069035,2069031,2069032,0,0,0,0
1790140667.1710818,0,-2,0,-1,24203,31661,24332,20037,2069094,2069095,2069091,2069092,0,0,0,0
1790140667.3634572,2,-2,-3,0,24182,31666,24341,20013,2069154,2069155,2069151,2069152,0,0,0,0
1790140667.3634572,2,4,1,-2,24182,31675,24348,20011,2069214,2069215,2069211,2069212,0,0,0,0
1790140667.5778089,3,-4,-2,-4,24189,31663,24338,20017,2069274,2069275,2069271,2069272,0,0,0,0
1790140667.686986,-5,0,-2,1,24235,31612,24295,20063,2069364,2069365,2069361,2069362,0,0,0,0
1790140667.686986,1,4,5,-2,24223,31599,24280,20062,2069424,2069425,2069421,2069422,0,0,0,0
1790140667.8174584,3,-3,-2,-4,24220,31611,24289,20054,2069454,2069455,2069451,2069452,0,0,0,0
1790140667.835492,12,-16,-11,12,24354,31427,24196,20169,2069514,2069515,2069511,2069512,0,0,0,0
1790140667.8967285,60,-67,-35,29,25536,30242,23614,20857,2069544,2069545,2069541,2069542,0,0,0,0
1790140667.9607801,61,-70,-59,69,27735,28461,22184,22246,2069574,2069575,2069571,2069572,0,0,0,0
1790140668.0179617,67,-57,-82,70,29397,26629,20430,24300,2069604,2069605,2069601,2069602,0,0,0,0
1790140668.1368196,73,-87,-80,86,820,22426,16179,28609,2069664,2069665,2069661,2069662,0,0,0,0
1790140668.1527374,67,-65,-63,75,2787,20486,14128,30760,2069694,2069695,2069691,2069692,0,0,0,0
1790140668.1850672,51,-52,-61,52,4450,18776,12367,32517,2069724,2069725,2069721,2069722,0,0,0,0
1790140668.2660654,32,-39,-40,37,6974,16213,9736,2312,2069784,2069785,2069781,2069782,0,0,0,0
1790140668.3949602,45,-42,-48,36,8183,14986,8552,3432,2069814,2069815,2069811,2069812,0,0,0,0
1790140668.3949602,42,-54,-55,50,9440,13725,7225,4782,2069844,2069845,2069841,2069842,0,0,0,0
1790140668.4595182,57,-54,-49,67,10930,12179,5707,6305,2069874,2069875,2069871,2069872,0,0,0,0
1790140668.4755526,63,-67,-68,53,12636,10467,4045,8010,2069904,2069905,2069901,2069902,0,0,0,0
1790140668.5396993,73,-81,-63,81,14405,8628,2155,9916,2069934,2069935,2069931,2069932,0,0,0,0
1790140668.6196334,50,-61,-58,68,16271,6872,324,11718,2069964,2069965,2069961,2069962,0,0,0,0
1790140668.6217165,65,-71,-53,64,18109,5138,31301,13555,2069994,2069995,2069991,2069992,0,0,0,0
1790140668.7219036,57,-56,-64,53,19648,3562,29605,15049,2070024,2070025,2070021,2070022,0,0,0,0
1790140668.731463,42,-46,-54,57,21095,2125,28217,16596,2070054,2070055,2070051,2070052,0,0,0,0
1790140668.7954426,58,-53,-42,56,22492,706,26784,17996,2070084,2070085,2070081,2070082,0,0,0,0
1790140668.8593118,56,-55,-49,51,23890,32097,25479,19354,2070114,2070115,2070111,2070112,0,0,0,0
1790140668.9068155,59,-51,-59,52,25373,30631,23967,20842,2070144,2070145,2070141,2070142,0,0,0,0
1790140668.970408,56,-49,-67,62,26893,28987,22341,22354,2070174,2070175,2070171,2070172,0,0,0,0
1790140669.0024657,62,-71,-59,65,28565,27329,20721,24087,2070204,2070205,2070201,2070202,0,0,0,0
1790140669.0342932,48,-55,-62,58,30257,25699,19069,25740,2070234,2070235,2070231,2070232,0,0,0,0
1790140669.1137059,74,-61,-55,66,31897,24060,17376,27525,2070264,2070265,2070261,2070262,0,0,0,0
1790140669.1617262,51,-56,-69,52,794,22385,15679,29133,2070294,2070295,2070291,2070292,0,0,0,0
1790140669.1775203,55,-50,-54,62,2362,20761,14111,30724,2070324,2070325,2070321,2070322,0,0,0,0
1790140669.2250636,57,-62,-55,70,3868,19272,12525,32296,2070354,2070355,2070351,2070352,0,0,0,0
1790140669.3588393,56,-59,-62,39,5370,17747,11074,967,2070384,2070385,2070381,2070382,0,0,0,0
1790140669.4163983,56,-59,-50,68,8434,14746,7994,4095,2070444,2070445,2070441,2070442,0,0,0,0
1790140669.4800882,66,-63,-69,50,10018,13174,6450,5659,2070474,2070475,2070471,2070472,0,0,0,0
1790140669.496107,49,-54,-60,54,11530,11623,4795,7310,2070504,2070505,2070501,2070502,0,0,0,0
1790140669.552581,63,-69,-56,58,13221,9976,3209,8974,2070534,2070535,2070531,2070532,0,0,0,0
1790140669.6413178,51,-66,-64,47,14815,8362,1552,10535,2070564,2070565,2070561,2070562,0,0,0,0
1790140669.6736703,43,-59,-61,62,16366,6787,32747,12125,2070594,2070595,2070591,2070592,0,0,0,0
1790140669.68935,59,-64,-53,50,17973,5245,31183,13724,2070624,2070625,2070621,2070622,0,0,0,0
1790140669.7529793,59,-58,-59,56,19472,3678,29565,15193,2070654,2070655,2070651,2070652,0,0,0,0
1790140669.8330548,62,-52,-49,48,22526,664,26551,18326,2070714,2070715,2070711,2070712,0,0,0,0
1790140669.933297,52,-50,-60,38,23947,32106,25147,19680,2070744,2070745,2070741,2070742,0,0,0,0
1790140670.0295117,-12,14,16,-9,24936,31488,24836,20542,2070804,2070805,2070801,2070802,0,0,0,0
1790140670.0571935,-17,13,5,-23,24618,31957,24847,20174,2070834,2070835,2070831,2070832,0,0,0,0
1790140670.2350051,-14,15,17,-13,23932,146,25569,19290,2070894,2070895,2070891,2070892,0,0,0,0
1790140670.443098,-2,6,10,-11,23448,647,26127,18763,2070954,2070955,2070951,2070952,0,0,0,0
1790140670.443098,-9,2,5,0,23355,756,26243,18663,2070984,2070985,2070981,2070982,0,0,0,0
1790140670.45882,0,-1,1,-6,23214,889,26414,18518,2071074,2071075,2071071,2071072,0,0,0,0
1790140670.639468,-3,-1,-4,-1,23193,921,26452,18491,2071224,2071225,2071221,2071222,0,0,0,0
1790140670.7651415,-2,-2,-3,0,23189,929,26458,18486,2071284,2071285,2071281,2071282,0,0,0,0
1790140670.8492782,-6,0,-8,-2,23187,932,26462,18485,2071314,2071315,2071311,2071312,0,0,0,0
1790140670.8492782,-2,-3,3,-4,23187,935,26463,18480,2071344,2071345,2071341,2071342,0,0,0,0
1790140670.9413464,-4,3,1,2,23183,935,26463,18479,2071374,2071375,2071371,2071372,0,0,0,0
1790140671.022734,-1,-2,-1,0,23180,934,26465,18479,2071434,2071435,2071431,2071432,0,0,0,0
1790140671.265115,0,3,0,-2,23205,906,26438,18504,2071524,2071525,2071521,2071522,0,0,0,0
1790140671.265115,-1,-4,1,2,23196,919,26447,18495,2071584,2071585,2071581,2071582,0,0,0,0
1790140671.457697,-2,1,4,-3,23162,951,26483,18462,2071674,2071675,2071671,2071672,0,0,0,0
1790140671.473364,0,-5,3,1,23157,955,26487,18458,2071704,2071705,2071701,2071702,0,0,0,0
1790140671.5706935,-19,-1,-2,-3,23153,958,26492,18454,2071764,2071765,2071761,2071762,0,0,0,0
1790140671.6674566,3,8,0,-1,23160,957,26488,18459,2071824,2071825,2071821,2071822,0,0,0,0
1790140671.7800176,1,-1,-1,5,23157,951,26490,18463,2071884,2071885,2071881,2071882,0,0,0,0
1790140671.8763425,0,0,0,-2,23155,956,26492,18460,2071914,2071915,2071911,2071912,0,0,0,0
1790140671.9468846,1,3,-2,4,23162,970,26530,18479,2071944,2071945,2071941,2071942,0,0,0,0
1790140671.9586575,3,3,-1,-6,23154,976,26531,18468,2071974,2071975,2071971,2071972,0,0,0,0
1790140672.0703182,-3,1,-6,0,23148,980,26536,18463,2072004,2072005,2072001,2072002,0,0,0,0
1790140672.0703182,-2,1,-1,0,23144,981,26539,18462,2072034,2072035,2072031,2072032,0,0,0,0
1790140672.086197,3,-4,-1,2,23145,981,26539,18461,2072064,2072065,2072061,2072062,0,0,0,0
1790140672.2798464,-1,-3,-4,3,23152,972,26530,18469,2072184,2072185,2072181,2072182,0,0,0,0
1790140672.4730108,-7,-1,1,-6,23150,969,26529,18467,2072214,2072215,2072211,2072212,0,0,0,0
1790140672.4730108,-7,-5,0,1,23187,948,26504,18498,2072274,2072275,2072271,2072272,0,0,0,0
1790140672.4730108,-2,-1,0,-3,23186,954,26508,18498,2072304,2072305,2072301,2072302,0,0,0,0
1790140672.6984205,-2,0,3,-2,23175,964,26517,18488,2072334,2072335,2072331,2072332,0,0,0,0
1790140672.6984205,-7,-4,-2,-1,23174,949,26504,18491,2072424,2072425,2072421,2072422,0,0,0,0
1790140672.7143214,-6,8,2,3,23162,960,26515,18480,2072454,2072455,2072451,2072452,0,0,0,0
1790140672.8906186,1,3,3,0,23151,969,26526,18469,2072484,2072485,2072481,2072482,0,0,0,0
1790140672.8906186,1,-3,6,1,23146,973,26533,18463,2072544,2072545,2072541,2072542,0,0,0,0
1790140672.9113193,1,-3,-1,0,23148,973,26530,18466,2072574,2072575,2072571,2072572,0,0,0,0
1790140672.9705076,2,-6,0,-3,23149,971,26529,18467,2072604,2072605,2072601,2072602,0,0,0,0
1790140673.1026013,-7,-4,7,-1,23147,974,26532,18465,2072664,2072665,2072661,2072662,0,0,0,0
1790140673.1181686,-4,0,-2,0,23145,975,26534,18463,2072694,2072695,2072691,2072692,0,0,0,0
1790140673.3110485,2,-2,2,-3,23145,976,26534,18463,2072724,2072725,2072721,2072722,0,0,0,0
1790140673.3110485,-8,-3,1,0,23148,974,26532,18465,2072784,2072785,2072781,2072782,0,0,0,0
1790140673.5054786,-2,-1,2,-3,23149,972,26530,18466,2072904,2072905,2072901,2072902,0,0,0,0
1790140673.716217,4,16,-1,2,23152,969,26528,18469,2073024,2073025,2073021,2073022,0,0,0,0
1790140673.9265597,4,-2,-3,2,23154,968,26525,18471,2073054,2073055,2073051,2073052,0,0,0,0
1790140673.9265597,9,-4,-5,2,23159,963,26521,18475,2073144,2073145,2073141,2073142,0,0,0,0
1790140673.9265597,0,-2,2,6,23158,963,26521,18475,2073174,2073175,2073171,2073172,0,0,0,0
1790140674.1198773,-4,2,1,-2,23157,965,26523,18474,2073204,2073205,2073201,2073202,0,0,0,0
1790140674.1356633,-2,-4,4,0,23146,955,26520,18469,2073294,2073295,2073291,2073292,0,0,0,0
1790140674.2968116,2,-7,-8,1,23153,974,26533,18468,2073354,2073355,2073351,2073352,0,0,0,0
1790140674.3126194,2,1,-1,-2,23150,974,26536,18466,2073384,2073385,2073381,2073382,0,0,0,0
1790140674.538379,-2,4,2,-5,23150,974,26534,18467,2073414,2073415,2073411,2073412,0,0,0,0
1790140674.538379,5,-6,-2,0,23166,969,26525,18477,2073474,2073475,2073471,2073472,0,0,0,0
1790140674.7353294,-3,1,-3,1,23158,965,26525,18474,2073624,2073625,2073621,2073622,0,0,0,0
1790140674.7605507,-3,3,0,-4,23159,966,26525,18473,2073684,2073685,2073681,2073682,0,0,0,0
1790140674.9450262,5,2,2,-1,23129,1010,26572,18442,2073774,2073775,2073771,2073772,0,0,0,0
1790140674.9613748,1,2,-3,3,23127,1010,26568,18443,2073804,2073805,2073801,2073802,0,0,0,0
1790140675.0859659,-3,-2,-7,0,23131,992,26555,18449,2073864,2073865,2073861,2073862,0,0,0,0
1790140675.1497543,0,2,2,-4,23136,986,26550,18455,2073894,2073895,2073891,2073892,0,0,0,0
1790140675.162012,-5,-7,0,2,23137,986,26549,18456,2073924,2073925,2073921,2073922,0,0,0,0
1790140675.362691,0,1,-1,2,23133,989,26553,18453,2074044,2074045,2074041,2074042,0,0,0,0
1790140675.563924,1,-2,0,2,23134,990,26554,18453,2074074,2074075,2074071,2074072,0,0,0,0
1790140675.563924,-50,-44,-50,-56,21013,31429,24519,16535,2074134,2074135,2074131,2074132,0,0,0,0
1790140675.7684453,-46,-50,-48,-54,19649,30194,23188,15151,2074164,2074165,2074161,2074162,0,0,0,0
1790140675.7684453,-54,-52,-52,-55,18324,28670,21840,13812,2074194,2074195,2074191,2074192,0,0,0,0
1790140675.7684453,-62,-71,-67,-55,16786,27212,20308,12418,2074224,2074225,2074221,2074222,0,0,0,0
1790140675.7684453,-61,-51,-54,-60,15273,25724,18822,10786,2074254,2074255,2074251,2074252,0,0,0,0
1790140675.9706326,-45,-50,-51,-61,13796,24315,17245,9211,2074284,2074285,2074281,2074282,0,0,0,0
1790140675.9706326,-60,-56,-72,-51,12242,22789,15714,7680,2074314,2074315,2074311,2074312,0,0,0,0
1790140675.9706326,-73,-70,-61,-55,7619,17943,10896,2948,2074404,2074405,2074401,2074402,0,0,0,0
1790140676.1801143,-59,-48,-53,-71,5869,16370,9353,1336,2074434,2074435,2074431,2074432,0,0,0,0
1790140676.1801143,-52,-55,-53,-65,1068,11500,4585,29348,2074524,2074525,2074521,2074522,0,0,0,0
1790140676.373788,-64,-64,-66,-55,32358,9808,2884,27748,2074554,2074555,2074551,2074552,0,0,0,0
1790140676.390176,-73,-68,-63,-83,27450,5042,30722,22808,2074644,2074645,2074641,2074642,0,0,0,0
1790140676.5881042,-57,-45,-52,-56,25732,3415,29143,21177,2074674,2074675,2074671,2074672,0,0,0,0
1790140676.5881042,-12,-13,-22,-16,23188,869,26315,18481,2074764,2074765,2074761,2074762,0,0,0,0
1790140676.789139,-5,-7,-10,-7,22953,665,25931,18198,2074794,2074795,2074791,2074792,0,0,0,0
1790140676.7961254,-2,-2,-2,0,22931,704,25876,18105,2074884,2074885,2074881,2074882,0,0,0,0
1790140676.99715,-2,2,-2,-5,22917,721,25891,18089,2074914,2074915,2074911,2074912,0,0,0,0
1790140676.99715,-1,-2,-2,2,22884,747,25919,18057,2074974,2074975,2074971,2074972,0,0,0,0
1790140677.0042481,-2,-5,1,4,22872,757,25931,18046,2075004,2075005,2075001,2075002,0,0,0,0
1790140677.2049887,-2,1,1,-2,22850,775,25952,18023,2075094,2075095,2075091,2075092,0,0,0,0
1790140677.2049887,3,-4,5,-2,22847,777,25955,18021,2075124,2075125,2075121,2075122,0,0,0,0
1790140677.3944507,-4,2,-2,-3,22856,784,25961,18029,2075184,2075185,2075181,2075182,0,0,0,0
1790140677.3944507,4,-5,2,-4,22874,782,25952,18037,2075244,2075245,2075241,2075242,0,0,0,0
1790140677.6054564,4,-3,2,-1,22869,781,25951,18035,2075304,2075305,2075301,2075302,0,0,0,0
1790140677.6054564,1,3,1,-4,22859,789,25961,18026,2075364,2075365,2075361,2075362,0,0,0,0
1790140677.8136053,-2,0,3,-3,22826,808,25977,17991,2075484,2075485,2075481,2075482,0,0,0,0
1790140677.937846,-2,-2,3,1,22766,864,26044,17939,2075544,2075545,2075541,2075542,0,0,0,0
1790140677.9861076,-3,8,1,0,22746,876,26065,17919,2075574,2075575,2075571,2075572,0,0,0,0
1790140678.0021074,1,-2,-3,-4,22735,887,26080,17907,2075604,2075605,2075601,2075602,0,0,0,0
1790140678.0497165,24,-37,-23,15,23150,420,25813,18188,2075664,2075665,2075661,2075662,0,0,0,0
1790140678.1790006,71,-68,-62,47,24686,31373,24961,19029,2075694,2075695,2075691,2075692,0,0,0,0
1790140678.1965952,78,-88,-75,90,28294,27500,20951,22660,2075754,2075755,2075751,2075752,0,0,0,0
1790140678.2584164,81,-80,-88,93,30527,25410,18789,24867,2075784,2075785,2075781,2075782,0,0,0,0
1790140678.323394,70,-65,-78,82,32662,23329,16649,26961,2075814,2075815,2075811,2075812,0,0,0,0
1790140678.3795717,71,-62,-67,60,1707,21396,14696,28915,2075844,2075845,2075841,2075842,0,0,0,0
1790140678.4357154,49,-44,-61,54,3254,19926,13050,30536,2075874,2075875,2075871,2075872,0,0,0,0
1790140678.5003543,38,-33,-47,48,4565,18634,11752,31797,2075904,2075905,2075901,2075902,0,0,0,0
1790140678.5215418,41,-42,-43,48,5660,17498,10573,159,2075934,2075935,2075931,2075932,0,0,0,0
1790140678.580705,40,-48,-46,50,6887,16300,9418,1380,2075964,2075965,2075961,2075962,0,0,0,0
1790140678.6937826,67,-73,-77,48,9899,13144,6420,4485,2076024,2076025,2076021,2076022,0,0,0,0
1790140678.7576866,67,-55,-62,83,11611,11473,4551,6201,2076054,2076055,2076051,2076052,0,0,0,0
1790140678.7820365,73,-70,-75,62,13512,9607,2704,8117,2076084,2076085,2076081,2076082,0,0,0,0
1790140678.8373473,62,-57,-50,66,15245,7870,944,9982,2076114,2076115,2076111,2076112,0,0,0,0
1790140678.90174,66,-63,-59,52,16889,6212,32005,11579,2076144,2076145,2076141,2076142,0,0,0,0
1790140678.9502115,42,-51,-59,60,18528,4700,30458,13149,2076174,2076175,2076171,2076172,0,0,0,0
1790140679.015039,45,-48,-43,49,19884,3311,29048,14569,2076204,2076205,2076201,2076202,0,0,0,0
1790140679.0354524,48,-57,-56,56,21266,1953,27671,16010,2076234,2076235,2076231,2076232,0,0,0,0
1790140679.0950246,61,-55,-59,52,22748,444,26287,17443,2076264,2076265,2076261,2076262,0,0,0,0
1790140679.1428783,56,-58,-59,60,24255,31653,24770,18928,2076294,2076295,2076291,2076292,0,0,0,0
1790140679.2063031,51,-53,-59,64,25854,30120,23108,20608,2076324,2076325,2076321,2076322,0,0,0,0
1790140679.2224123,70,-69,-61,65,27638,28373,21368,22264,2076354,2076355,2076351,2076352,0,0,0,0
1790140679.2704844,55,-50,-49,69,29249,26694,19636,24037,2076384,2076385,2076381,2076382,0,0,0,0
1790140679.4038215,64,-71,-63,50,30930,25025,18011,25671,2076414,2076415,2076411,2076412,0,0,0,0
1790140679.4143474,54,-53,-55,65,32517,23495,16522,27290,2076444,2076445,2076441,2076442,0,0,0,0
1790140679.4464905,48,-48,-45,57,1165,22017,14899,28827,2076474,2076475,2076471,2076472,0,0,0,0
1790140679.526855,51,-55,-66,44,2660,20553,13476,30301,2076504,2076505,2076501,2076502,0,0,0,0
1790140679.5427027,63,-65,-59,60,4195,19060,11965,31742,2076534,2076535,2076531,2076532,0,0,0,0
1790140679.5917146,48,-54,-61,64,5665,17487,10421,517,2076564,2076565,2076561,2076562,0,0,0,0
1790140679.6598763,61,-53,-52,50,7280,16010,8940,2120,2076594,2076595,2076591,2076592,0,0,0,0
1790140679.7203157,52,-66,-59,69,8961,14330,7216,3685,2076624,2076625,2076621,2076622,0,0,0,0
1790140679.7361689,59,-55,-60,51,10544,12684,5585,5485,2076654,2076655,2076651,2076652,0,0,0,0
1790140679.8045492,63,-66,-61,67,12103,11108,3967,7112,2076684,2076685,2076681,2076682,0,0,0,0
1790140679.8650398,51,-58,-57,75,13780,9464,2315,8730,2076714,2076715,2076711,2076712,0,0,0,0
1790140679.9869914,56,-61,-58,43,15288,7931,850,10317,2076744,2076745,2076741,2076742,0,0,0,0
1790140679.9939141,54,-58,-56,61,18393,4942,30479,13382,2076804,2076805,2076801,2076802,0,0,0,0
1790140680.0425854,51,-50,-49,37,19845,3336,28969,14942,2076834,2076835,2076831,2076832,0,0,0,0
1790140680.2688186,-4,21,14,-11,23729,607,26329,18645,2076954,2076955,2076951,2076952,0,0,0,0
1790140680.3006773,-12,19,13,-17,23428,972,26600,18363,2076984,2076985,2076981,2076982,0,0,0,0
1790140680.478081,-27,25,23,-23,22884,1568,27154,17778,2077014,2077015,2077011,2077012,0,0,0,0
1790140680.478081,-18,21,24,-19,22247,2221,27858,17229,2077044,2077045,2077041,2077042,0,0,0,0
1790140680.478081,-2,10,9,-6,21669,2845,28622,16556,2077104,2077105,2077101,2077102,0,0,0,0
1790140680.6698158,-1,2,0,-6,21548,3017,28776,16444,2077134,2077135,2077131,2077132,0,0,0,0
1790140680.6855905,-1,3,1,-3,21458,3103,28866,16365,2077164,2077165,2077161,2077162,0,0,0,0
1790140680.6855905,-1,3,1,-3,21458,3103,28866,16365,2077164,2077165,2077161,2077162,0,0,0,0
1790140680.6855905,-5,-1,-2,-2,21352,3192,28957,16272,2077224,2077225,2077221,2077222,0,0,0,0
1790140680.7017226,-3,0,2,-3,21332,3207,28974,16255,2077254,2077255,2077251,2077252,0,0,0,0
1790140680.8907363,0,4,-4,2,21346,3210,28982,16267,2077344,2077345,2077341,2077342,0,0,0,0
1790140680.8907363,1,-1,0,-3,21358,3200,28973,16276,2077374,2077375,2077371,2077372,0,0,0,0
1790140681.0182877,-1,-1,-1,-2,21370,3193,28962,16285,2077404,2077405,2077401,2077402,0,0,0,0
1790140681.0182877,-4,-5,0,1,21377,3186,28958,16291,2077434,2077435,2077431,2077432,0,0,0,0
1790140681.091314,0,-4,1,1,21378,3184,28954,16293,2077464,2077465,2077461,2077462,0,0,0,0
1790140681.0985236,-5,3,1,-1,21373,3188,28958,16290,2077494,2077495,2077491,2077492,0,0,0,0
1790140681.2767527,1,-3,-2,-3,21366,3194,28965,16283,2077554,2077555,2077551,2077552,0,0,0,0
1790140681.5047264,5,0,-4,-3,21364,3197,28967,16282,2077614,2077615,2077611,2077612,0,0,0,0
1790140681.5047264,0,1,-3,-5,21407,3183,28969,16328,2077704,2077705,2077701,2077702,0,0,0,0
1790140681.6971323,0,2,2,-2,21398,3194,28979,16321,2077734,2077735,2077731,2077732,0,0,0,0
1790140681.7152054,0,2,-1,-1,21371,3213,28998,16298,2077854,2077855,2077851,2077852,0,0,0,0
1790140681.9065473,-8,4,-5,0,21371,3212,28998,16298,2077884,2077885,2077881,2077882,0,0,0,0
1790140681.9065473,-1,-1,-8,-2,21366,3210,28992,16291,2077944,2077945,2077941,2077942,0,0,0,0
1790140681.9225636,4,0,-1,4,21383,3211,28994,16308,2077974,2077975,2077971,2077972,0,0,0,0
1790140682.03546,-1,7,3,3,21397,3204,29001,16327,2078034,2078035,2078031,2078032,0,0,0,0
1790140682.1021016,-3,0,1,-2,21400,3204,29000,16328,2078064,2078065,2078061,2078062,0,0,0,0
1790140682.3240755,-1,-4,0,-2,21399,3222,29029,16340,2078184,2078185,2078181,2078182,0,0,0,0
1790140682.5191488,2,-1,0,3,21401,3224,29029,16337,2078214,2078215,2078211,2078212,0,0,0,0
1790140682.5191488,-4,2,2,3,21405,3219,29025,16341,2078304,2078305,2078301,2078302,0,0,0,0
1790140682.5349333,-3,5,0,-7,21404,3219,29026,16341,2078334,2078335,2078331,2078332,0,0,0,0
1790140682.728785,1,2,0,1,21403,3220,29027,16340,2078364,2078365,2078361,2078362,0,0,0,0
1790140682.728785,-1,2,-19,-3,21403,3206,29015,16340,2078424,2078425,2078421,2078422,0,0,0,0
1790140682.9070368,0,-2,-4,1,21446,3198,29005,16379,2078454,2078455,2078451,2078452,0,0,0,0
1790140682.9070368,4,0,2,-1,21443,3195,29001,16374,2078514,2078515,2078511,2078512,0,0,0,0
1790140682.923264,-1,-4,4,-4,21437,3200,29007,16370,2078544,2078545,2078541,2078542,0,0,0,0
1790140683.0363612,-2,-1,-5,1,21434,3208,29017,16362,2078604,2078605,2078601,2078602,0,0,0,0
1790140683.0525522,-3,-1,7,-3,21469,3184,28988,16392,2078664,2078665,2078661,2078662,0,0,0,0
1790140683.133766,-3,-1,7,-3,21469,3184,28988,16392,2078664,2078665,2078661,2078662,0,0,0,0
1790140683.3464327,0,0,-3,3,21451,3198,28999,16378,2078724,2078725,2078721,2078722,0,0,0,0
1790140683.3464327,-2,-2,-3,-10,21421,3219,29024,16353,2078784,2078785,2078781,2078782,0,0,0,0
1790140683.3595145,-2,-1,-4,2,21422,3221,29025,16351,2078844,2078845,2078841,2078842,0,0,0,0
1790140683.5525782,4,-1,7,1,21422,3219,29023,16352,2078934,2078935,2078931,2078932,0,0,0,0
1790140683.5525782,3,0,2,0,21421,3221,29025,16351,2078964,2078965,2078961,2078962,0,0,0,0
1790140683.7612603,-1,2,1,0,21420,3221,29026,16351,2078994,2078995,2078991,2078992,0,0,0,0
1790140683.7612603,0,-3,2,1,21422,3220,29024,16352,2079084,2079085,2079081,2079082,0,0,0,0
1790140683.9549882,-2,-5,4,3,21419,3221,29026,16351,2079114,2079115,2079111,2079112,0,0,0,0
1790140684.0554144,5,3,-1,1,21429,3214,29020,16358,2079234,2079235,2079231,2079232,0,0,0,0
1790140684.0554144,-1,-1,-3,0,21433,3212,29017,16361,2079264,2079265,2079261,2079262,0,0,0,0
1790140684.1662376,1,2,-2,2,21433,3212,29015,16361,2079294,2079295,2079291,2079292,0,0,0,0
1790140684.3563774,1,1,0,2,21432,3213,29017,16360,2079324,2079325,2079321,2079322,0,0,0,0
1790140684.3882773,1,-2,-2,1,21436,3210,29015,16363,2079444,2079445,2079441,2079442,0,0,0,0
1790140684.5653772,-4,-2,2,-4,21433,3211,29017,16361,2079474,2079475,2079471,2079472,0,0,0,0
1790140684.5653772,2,-2,1,1,21436,3217,29022,16366,2079504,2079505,2079501,2079502,0,0,0,0
1790140684.5812244,0,1,-3,7,21444,3225,29024,16365,2079564,2079565,2079561,2079562,0,0,0,0
1790140684.741371,-2,-1,0,-2,21444,3225,29026,16365,2079624,2079625,2079621,2079622,0,0,0,0
1790140684.741371,2,3,-2,1,21451,3224,29024,16372,2079654,2079655,2079651,2079652,0,0,0,0
1790140684.980976,-1,1,-2,2,21459,3226,29024,16375,2079684,2079685,2079681,2079682,0,0,0,0
1790140685.0605915,-1,0,1,-3,21486,3222,29013,16389,2079804,2079805,2079801,2079802,0,0,0,0
1790140685.0765784,-3,0,1,-3,21478,3230,29022,16383,2079864,2079865,2079861,2079862,0,0,0,0
1790140685.1877887,-2,-3,-1,0,21474,3233,29026,16380,2079894,2079895,2079891,2079892,0,0,0,0
1790140685.2038884,2,-4,5,0,21471,3234,29026,16379,2079924,2079925,2079921,2079922,0,0,0,0
1790140685.395642,4,13,3,1,21473,3233,29025,16380,2079954,2079955,2079951,2079952,0,0,0,0
1790140685.538168,3,2,2,-4,21436,3278,29063,16344,2080104,2080105,2080101,2080102,0,0,0,0
1790140685.538168,-2,1,2,-3,21444,3263,29051,16352,2080134,2080135,2080131,2080132,0,0,0,0
1790140685.601643,-3,2,5,0,21457,3252,29042,16363,2080164,2080165,2080161,2080162,0,0,0,0
1790140685.79913,-1,-2,1,0,21469,3249,29036,16373,2080224,2080225,2080221,2080222,0,0,0,0
1790140685.79913,-2,-1,-3,3,21456,3257,29044,16363,2080284,2080285,2080281,2080282,0,0,0,0
1790140685.8339,0,2,-3,-2,21451,3259,29046,16358,2080314,2080315,2080311,2080312,0,0,0,0
1790140686.0047734,-69,-60,-65,-41,20915,2723,28724,16007,2080374,2080375,2080371,2080372,0,0,0,0
1790140686.0140166,-66,-43,-47,-64,19259,1071,26807,14443,2080404,2080405,2080401,2080402,0,0,0,0
1790140686.0692315,-57,-44,-40,-47,17871,32547,25565,13081,2080434,2080435,2080431,2080432,0,0,0,0
1790140686.0692315,-44,-49,-52,-61,16413,31167,24274,11644,2080464,2080465,2080461,2080462,0,0,0,0
1790140686.214749,-53,-72,-67,-51,14918,29643,22755,10233,2080494,2080495,2080491,2080492,0,0,0,0
1790140686.214749,-60,-53,-64,-68,13506,28145,21249,8549,2080524,2080525,2080521,2080522,0,0,0,0
1790140686.4163806,-51,-51,-46,-58,11930,26592,19653,7101,2080554,2080555,2080551,2080552,0,0,0,0
1790140686.6175585,-57,-64,-64,-64,882,15436,8558,28733,2080764,2080765,2080761,2080762,0,0,0,0
1790140686.828597,-73,-48,-49,-61,32003,13803,6958,27021,2080794,2080795,2080791,2080792,0,0,0,0
1790140686.828597,-70,-56,-56,-53,27268,8887,2006,22209,2080884,2080885,2080881,2080882,0,0,0,0
1790140686.8421376,-60,-55,-63,-35,25667,7204,432,20646,2080914,2080915,2080911,2080912,0,0,0,0
1790140687.020886,-23,-20,-22,-23,21981,3591,29268,16686,2081004,2081005,2081001,2081002,0,0,0,0
1790140687.0370228,-17,-8,-14,-3,21461,3186,28738,16184,2081034,2081035,2081031,2081032,0,0,0,0
1790140687.1017556,-3,2,-6,-4,21235,3019,28413,15939,2081064,2081065,2081061,2081062,0,0,0,0
1790140687.2338161,2,-4,1,0,21230,3074,28413,15894,2081094,2081095,2081091,2081092,0,0,0,0
1790140687.2338161,-4,-1,2,-6,21113,3180,28540,15754,2081154,2081155,2081151,2081152,0,0,0,0
1790140687.4397106,-5,-1,3,-3,21046,3253,28623,15662,2081184,2081185,2081181,2081182,0,0,0,0
1790140687.4397106,-2,-1,6,-3,20971,3326,28707,15561,2081214,2081215,2081211,2081212,0,0,0,0
1790140687.4397106,-4,5,5,-1,20839,3462,28862,15384,2081274,2081275,2081271,2081272,0,0,0,0
1790140687.637912,0,-3,-3,1,20739,3557,28954,15266,2081334,2081335,2081331,2081332,0,0,0,0
1790140687.637912,0,4,-2,0,20715,3581,28978,15241,2081364,2081365,2081361,2081362,0,0,0,0
1790140687.8418393,-1,3,-4,-2,20764,3573,28969,15278,2081454,2081455,2081451,2081452,0,0,0,0
1790140687.8602135,0,2,-2,0,20814,3527,28933,15331,2081514,2081515,2081511,2081512,0,0,0,0
1790140688.0540385,1,1,0,-2,20832,3509,28913,15350,2081574,2081575,2081571,2081572,0,0,0,0
1790140688.0540385,4,1,-3,-3,20827,3515,28919,15344,2081604,2081605,2081601,2081602,0,0,0,0
1790140688.0540385,6,-10,-1,-1,20816,3524,28926,15331,2081634,2081635,2081631,2081632,0,0,0,0
1790140688.114929,-4,1,-1,1,20807,3534,28936,15321,2081664,2081665,2081661,2081662,0,0,0,0
1790140688.2600057,0,0,-4,-4,20802,3541,28941,15315,2081694,2081695,2081691,2081692,0,0,0,0
1790140688.2600057,2,0,1,1,20759,3565,28962,15275,2081754,2081755,2081751,2081752,0,0,0,0
1790140688.3745618,2,2,-1,2,20765,3594,28992,15272,2081814,2081815,2081811,2081812,0,0,0,0
1790140688.4390771,-2,-2,-1,-4,20765,3574,28978,15274,2081844,2081845,2081841,2081842,0,0,0,0
1790140688.4548845,5,-4,-4,1,20804,3538,28957,15309,2081904,2081905,2081901,2081902,0,0,0,0
1790140688.519777,5,-4,-4,1,20804,3538,28957,15309,2081904,2081905,2081901,2081902,0,0,0,0
1790140688.5837774,82,-88,-41,30,22495,1805,27769,16246,2081964,2081965,2081961,2081962,0,0,0,0
1790140688.6488664,82,-88,-41,30,22495,1805,27769,16246,2081964,2081965,2081961,2081962,0,0,0,0
1790140688.6650739,76,-72,-68,61,26118,30696,24579,19749,2082024,2082025,2082021,2082022,0,0,0,0
1790140688.7618847,71,-75,-88,71,28246,28635,22434,21930,2082054,2082055,2082051,2082052,0,0,0,0
1790140688.778005,66,-67,-87,76,30391,26585,20229,24121,2082084,2082085,2082081,2082082,0,0,0,0
1790140688.842335,67,-65,-70,74,32365,24647,18276,26135,2082114,2082115,2082111,2082112,0,0,0,0
1790140688.874503,50,-58,-57,43,1147,23096,16639,27848,2082144,2082145,2082141,2082142,0,0,0,0
1790140688.9557896,46,-46,-45,42,2580,21691,15104,29179,2082174,2082175,2082171,2082172,0,0,0,0
1790140689.0332165,41,-51,-48,34,3736,20486,13996,30385,2082204,2082205,2082201,2082202,0,0,0,0
1790140689.0391848,44,-55,-43,45,4950,19303,12736,31561,2082234,2082235,2082231,2082232,0,0,0,0
1790140689.1010892,55,-62,-45,44,6294,17950,11493,129,2082264,2082265,2082261,2082262,0,0,0,0
1790140689.1496282,62,-54,-55,70,7863,16338,9965,1714,2082294,2082295,2082291,2082292,0,0,0,0
1790140689.2162976,65,-68,-57,65,9525,14611,8149,3447,2082324,2082325,2082321,2082322,0,0,0,0
1790140689.294485,60,-62,-84,59,11413,12777,6354,5404,2082354,2082355,2082351,2082352,0,0,0,0
1790140689.294485,67,-75,-63,74,13235,11120,4506,7212,2082384,2082385,2082381,2082382,0,0,0,0
1790140689.3434916,60,-55,-66,60,14901,9393,2774,8974,2082414,2082415,2082411,2082412,0,0,0,0
1790140689.407622,48,-49,-50,47,16447,7797,1207,10487,2082444,2082445,2082441,2082442,0,0,0,0
1790140689.423592,62,-59,-49,55,17922,6407,32500,11935,2082474,2082475,2082471,2082472,0,0,0,0
1790140689.4723098,55,-54,-48,56,19301,4986,31170,13440,2082504,2082505,2082501,2082502,0,0,0,0
1790140689.600302,48,-61,-62,53,20705,3519,29692,14819,2082534,2082535,2082531,2082532,0,0,0,0
1790140689.616317,71,-63,-47,62,23806,431,26589,17962,2082594,2082595,2082591,2082592,0,0,0,0
1790140689.6802933,61,-55,-69,60,25516,31515,24892,19595,2082624,2082625,2082621,2082622,0,0,0,0
1790140689.7449636,71,-66,-61,61,27235,29945,23210,21308,2082654,2082655,2082651,2082652,0,0,0,0
1790140689.8588648,57,-59,-64,58,28884,28263,21549,22972,2082684,2082685,2082681,2082682,0,0,0,0
1790140689.874948,70,-57,-53,59,31983,25156,18461,26147,2082744,2082745,2082741,2082742,0,0,0,0
1790140689.9388235,50,-59,-52,53,737,23673,16942,27698,2082774,2082775,2082771,2082772,0,0,0,0
1790140690.0036693,57,-52,-67,56,2221,22159,15359,29168,2082804,2082805,2082801,2082802,0,0,0,0
1790140690.0523355,61,-60,-59,58,3704,20590,13917,30699,2082834,2082835,2082831,2082832,0,0,0,0
1790140690.1010096,62,-65,-58,60,5281,18997,12299,32311,2082864,2082865,2082861,2082862,0,0,0,0
1790140690.1819334,65,-62,-56,64,8522,15924,9077,2807,2082924,2082925,2082921,2082922,0,0,0,0
1790140690.2617326,59,-52,-67,43,10077,14235,7398,4530,2082954,2082955,2082951,2082952,0,0,0,0
1790140690.3093262,54,-53,-57,61,11622,12582,5790,6058,2082984,2082985,2082981,2082982,0,0,0,0
1790140690.3743536,62,-65,-61,53,13278,11136,4298,7700,2083014,2083015,2083011,2083012,0,0,0,0
1790140690.4407835,55,-58,-64,43,14778,9553,2745,9202,2083044,2083045,2083041,2083042,0,0,0,0
1790140690.5150948,39,-53,-46,55,16292,8048,1161,10684,2083074,2083075,2083071,2083072,0,0,0,0
1790140690.5171206,55,-63,-49,57,17833,6534,32439,12315,2083104,2083105,2083101,2083102,0,0,0,0
1790140690.7138195,42,-44,-44,46,20739,3629,29401,15222,2083164,2083165,2083161,2083162,0,0,0,0
1790140690.7267604,6,17,22,-5,22040,3304,29613,16353,2083224,2083225,2083221,2083222,0,0,0,0
1790140690.7424588,-10,19,16,-11,21960,3952,29909,16148,2083254,2083255,2083251,2083252,0,0,0,0
1790140690.9225025,-18,17,17,-14,21573,4458,30361,15770,2083284,2083285,2083281,2083282,0,0,0,0
1790140690.9225025,-19,26,24,-19,21079,4994,31034,15280,2083314,2083315,2083311,2083312,0,0,0,0
1790140691.1311753,-4,6,10,-1,20358,5810,31975,14583,2083404,2083405,2083401,2083402,0,0,0,0
1790140691.1311753,0,-4,2,-4,20246,5901,32089,14477,2083464,2083465,2083461,2083462,0,0,0,0
1790140691.1449726,-1,-3,2,0,20247,5896,32090,14481,2083494,2083495,2083491,2083492,0,0,0,0
1790140691.2978275,-2,1,0,-3,20269,5876,32068,14500,2083524,2083525,2083521,2083522,0,0,0,0
1790140691.3183699,6,-1,-3,-4,20323,5839,32030,14551,2083584,2083585,2083581,2083582,0,0,0,0
1790140691.5377977,-1,-2,1,-4,20335,5827,32014,14562,2083614,2083615,2083611,2083612,0,0,0,0
1790140691.5377977,-6,0,-3,-3,20334,5821,32004,14565,2083644,2083645,2083641,2083642,0,0,0,0
1790140691.5377977,0,0,-5,-1,20323,5826,32014,14557,2083704,2083705,2083701,2083702,0,0,0,0
1790140691.717639,0,-4,3,-4,20313,5829,32019,14548,2083764,2083765,2083761,2083762,0,0,0,0
1790140691.717639,2,-3,-2,-3,20323,5821,32012,14558,2083824,2083825,2083821,2083822,0,0,0,0
1790140691.947992,2,-3,-2,-3,20323,5821,32012,14558,2083824,2083825,2083821,2083822,0,0,0,0
1790140691.947992,3,-2,-4,1,20347,5812,32009,14586,2083914,2083915,2083911,2083912,0,0,0,0
1790140691.9572387,1,3,0,0,20350,5803,31993,14588,2084004,2084005,2084001,2084002,0,0,0,0
1790140692.148539,-1,-6,1,1,20334,5816,32007,14573,2084034,2084035,2084031,2084032,0,0,0,0
1790140692.148539,-2,0,-5,-2,20325,5825,32018,14562,2084064,2084065,2084061,2084062,0,0,0,0
1790140692.148539,3,2,-1,-1,20322,5827,32022,14559,2084094,2084095,2084091,2084092,0,0,0,0
1790140692.349124,-2,0,-2,-2,20337,5814,32008,14574,2084184,2084185,2084181,2084182,0,0,0,0
1790140692.366628,2,3,1,4,20336,5812,31998,14567,2084214,2084215,2084211,2084212,0,0,0,0
1790140692.5264452,1,-2,5,-2,20354,5821,32015,14592,2084274,2084275,2084271,2084272,0,0,0,0
1790140692.539243,3,3,-2,1,20348,5812,32015,14594,2084334,2084335,2084331,2084332,0,0,0,0
1790140692.761716,0,3,-1,0,20347,5807,32014,14595,2084364,2084365,2084361,2084362,0,0,0,0
1790140692.761716,-4,1,-5,4,20360,5816,32034,14619,2084394,2084395,2084391,2084392,0,0,0,0
1790140692.7777221,2,-9,0,3,20354,5817,32037,14611,2084484,2084485,2084481,2084482,0,0,0,0
1790140692.9687433,5,-4,5,2,20361,5809,32029,14620,2084544,2084545,2084541,2084542,0,0,0,0
1790140692.9844449,-2,0,0,0,20364,5807,32026,14622,2084574,2084575,2084571,2084572,0,0,0,0
1790140692.9844449,-7,-3,-3,-5,20365,5807,32025,14622,2084604,2084605,2084601,2084602,0,0,0,0
1790140693.1519413,1,4,0,0,20362,5808,32027,14620,2084634,2084635,2084631,2084632,0,0,0,0
1790140693.1585555,3,5,0,-3,20362,5808,32028,14621,2084664,2084665,2084661,2084662,0,0,0,0
1790140693.1585555,3,-1,1,5,20371,5789,32010,14628,2084694,2084695,2084691,2084692,0,0,0,0
1790140693.3330688,4,3,2,-1,20416,5782,31998,14669,2084754,2084755,2084751,2084752,0,0,0,0
1790140693.3491066,0,1,1,-1,20404,5782,31999,14662,2084784,2084785,2084781,2084782,0,0,0,0
1790140693.3521838,-2,-4,2,-1,20382,5794,32016,14642,2084844,2084845,2084841,2084842,0,0,0,0
1790140693.5870495,-3,0,2,-5,20418,5764,31982,14674,2084934,2084935,2084931,2084932,0,0,0,0
1790140693.782636,0,-3,-6,0,20410,5771,31988,14667,2084964,2084965,2084961,2084962,0,0,0,0
1790140693.782636,-2,3,-1,0,20382,5793,32015,14642,2085024,2085025,2085021,2085022,0,0,0,0
1790140693.782636,1,1,2,4,20379,5794,32017,14639,2085084,2085085,2085081,2085082,0,0,0,0
1790140693.9906483,3,-2,-2,2,20385,5789,32013,14645,2085114,2085115,2085111,2085112,0,0,0,0
1790140693.9906483,-1,0,-44,-3,20382,5792,32013,14642,2085204,2085205,2085201,2085202,0,0,0,0
1790140694.1585019,-2,-2,-1,-1,20381,5794,32016,14640,2085264,2085265,2085261,2085262,0,0,0,0
1790140694.199151,3,2,-2,1,20388,5788,32010,14648,2085324,2085325,2085321,2085322,0,0,0,0
1790140694.4061434,-4,-1,1,-3,20387,5788,32010,14646,2085444,2085445,2085441,2085442,0,0,0,0
1790140694.6031446,-2,0,-1,-7,20389,5786,32008,14649,2085474,2085475,2085471,2085472,0,0,0,0
1790140694.6031446,-1,-11,-6,-1,20393,5782,32005,14651,2085504,2085505,2085501,2085502,0,0,0,0
1790140694.6146939,-1,1,-1,-1,20399,5779,32001,14657,2085564,2085565,2085561,2085562,0,0,0,0
1790140694.8086574,2,-3,0,3,20404,5776,31996,14659,2085624,2085625,2085621,2085622,0,0,0,0
1790140694.8086574,-5,-3,2,0,20403,5776,31996,14660,2085654,2085655,2085651,2085652,0,0,0,0
1790140694.8086574,0,-4,-3,5,20404,5776,31996,14661,2085684,2085685,2085681,2085682,0,0,0,0
1790140695.0187807,0,2,-3,2,20405,5775,31996,14661,2085714,2085715,2085711,2085712,0,0,0,0
1790140695.0187807,1,-7,-3,-5,20419,5772,31997,14671,2085804,2085805,2085801,2085802,0,0,0,0
1790140695.1706064,-5,-2,1,-2,20424,5779,32002,14680,2085834,2085835,2085831,2085832,0,0,0,0
1790140695.1706064,4,-3,-4,0,20417,5778,32002,14675,2085864,2085865,2085861,2085862,0,0,0,0
1790140695.181505,-1,-1,-2,2,20411,5780,32004,14670,2085894,2085895,2085891,2085892,0,0,0,0
1790140695.1953344,5,-2,0,2,20404,5780,32008,14665,2085924,2085925,2085921,2085922,0,0,0,0
1790140695.4359906,3,3,4,1,20419,5776,32013,14680,2086014,2086015,2086011,2086012,0,0,0,0
1790140695.4359906,1,5,2,2,20430,5766,31996,14691,2086074,2086075,2086071,2086072,0,0,0,0
1790140695.6308618,-3,4,2,-3,20427,5770,31999,14687,2086104,2086105,2086101,2086102,0,0,0,0
1790140695.6308618,4,5,3,-3,20421,5773,32003,14683,2086134,2086135,2086131,2086132,0,0,0,0
1790140695.6308618,1,4,2,-3,20416,5775,32008,14680,2086164,2086165,2086161,2086162,0,0,0,0
1790140695.6308618,0,2,-1,-1,20416,5776,32009,14678,2086194,2086195,2086191,2086192,0,0,0,0
1790140695.840413,-1,-2,-5,0,20418,5773,32006,14680,2086224,2086225,2086221,2086222,0,0,0,0
1790140695.840413,-5,0,-3,1,20410,5765,31997,14674,2086254,2086255,2086251,2086252,0,0,0,0
1790140695.840413,-2,0,4,0,20374,5807,32058,14651,2086314,2086315,2086311,2086312,0,0,0,0
1790140695.9685738,-1,-2,0,2,20387,5813,32054,14658,2086344,2086345,2086341,2086342,0,0,0,0
1790140695.9685738,4,0,3,0,20400,5799,32039,14665,2086374,2086375,2086371,2086372,0,0,0,0
1790140695.9842846,1,0,0,0,20406,5786,32027,14675,2086404,2086405,2086401,2086402,0,0,0,0
1790140696.0361505,-5,-2,1,-4,20412,5779,32020,14680,2086434,2086435,2086431,2086432,0,0,0,0
1790140696.1940098,-3,-5,5,-3,20410,5778,32018,14679,2086494,2086495,2086491,2086492,0,0,0,0
1790140696.1940098,-2,-2,1,1,20406,5781,32022,14677,2086524,2086525,2086521,2086522,0,0,0,0
1790140696.2422125,0,-1,-2,-3,20405,5782,32025,14677,2086554,2086555,2086551,2086552,0,0,0,0
1790140696.451425,-61,-47,-50,-49,19955,5345,31706,14384,2086644,2086645,2086641,2086642,0,0,0,0
1790140696.451425,-62,-56,-55,-48,18374,3745,30107,12885,2086674,2086675,2086671,2086672,0,0,0,0
1790140696.6445758,-43,-43,-47,-49,16957,2470,28811,11508,2086704,2086705,2086701,2086702,0,0,0,0
1790140696.6602428,-51,-56,-46,-54,12666,30920,24384,7164,2086794,2086795,2086791,2086792,0,0,0,0
1790140696.8592486,-78,-54,-58,-60,6366,24639,18135,896,2086914,2086915,2086911,2086912,0,0,0,0
1790140697.0652726,-50,-51,-54,-65,4796,23045,16637,32146,2086944,2086945,2086941,2086942,0,0,0,0
1790140697.0652726,-61,-57,-48,-63,106,18299,11641,27102,2087034,2087035,2087031,2087032,0,0,0,0
1790140697.1993284,-65,-55,-70,-57,29603,15014,8396,24027,2087094,2087095,2087091,2087092,0,0,0,0
1790140697.206553,-42,-82,-54,-60,28016,13395,6792,22334,2087124,2087125,2087121,2087122,0,0,0,0
1790140697.2772946,-54,-51,-52,-61,24631,10099,3545,19189,2087184,2087185,2087181,2087182,0,0,0,0
1790140697.478304,-62,-57,-59,-64,21461,6912,268,15875,2087244,2087245,2087241,2087242,0,0,0,0
1790140697.478304,-51,-69,-52,-64,19838,5301,31389,14136,2087274,2087275,2087271,2087272,0,0,0,0
1790140697.6744127,-60,-63,-64,-47,18322,3572,29699,12640,2087304,2087305,2087301,2087302,0,0,0,0
1790140697.6744127,-68,-52,-59,-47,13445,31396,24815,7788,2087394,2087395,2087391,2087392,0,0,0,0
1790140697.6844828,-56,-71,-62,-65,11723,29859,23195,6019,2087424,2087425,2087421,2087422,0,0,0,0
1790140697.8786373,-65,-58,-63,-53,10170,28174,21569,4541,2087454,2087455,2087451,2087452,0,0,0,0
1790140697.8786373,-56,-53,-54,-54,5169,23287,16793,32400,2087544,2087545,2087541,2087542,0,0,0,0
1790140698.08901,-50,-56,-56,-60,31519,16705,10058,25820,2087664,2087665,2087661,2087662,0,0,0,0
1790140698.202101,-70,-59,-63,-47,29922,15043,8467,24202,2087694,2087695,2087691,2087692,0,0,0,0
1790140698.202101,-55,-76,-54,-73,28244,13409,6873,22522,2087724,2087725,2087721,2087722,0,0,0,0
1790140698.2199059,-58,-52,-63,-53,26602,11758,5268,21006,2087754,2087755,2087751,2087752,0,0,0,0
1790140698.2991056,-60,-59,-48,-55,24973,10080,3597,19272,2087784,2087785,2087781,2087782,0,0,0,0
1790140698.498278,-55,-69,-58,-71,23391,8537,1905,17666,2087814,2087815,2087811,2087812,0,0,0,0
1790140698.498278,-27,-36,-44,-33,22047,7205,459,16208,2087844,2087845,2087841,2087842,0,0,0,0
1790140698.498278,-12,-20,-18,-17,20835,5980,31769,14761,2087904,2087905,2087901,2087902,0,0,0,0
1790140698.7013175,-4,-3,-14,-6,20592,5701,31410,14443,2087934,2087935,2087931,2087932,0,0,0,0
1790140698.7013175,8,-1,-5,2,20634,5685,31311,14409,2087964,2087965,2087961,2087962,0,0,0,0
1790140698.7013175,1,3,4,-1,20653,5674,31311,14442,2087994,2087995,2087991,2087992,0,0,0,0
1790140698.7013175,-6,4,-1,-4,20630,5694,31327,14420,2088054,2088055,2088051,2088052,0,0,0,0
1790140698.814016,-2,3,0,-1,20586,5733,31365,14375,2088114,2088115,2088111,2088112,0,0,0,0
1790140698.914773,-2,-3,0,-1,20567,5775,31411,14365,2088174,2088175,2088171,2088172,0,0,0,0
1790140699.1090534,4,-6,-3,-3,20528,5791,31432,14331,2088204,2088205,2088201,2088202,0,0,0,0
1790140699.1251988,5,4,-5,-3,20548,5782,31427,14346,2088294,2088295,2088291,2088292,0,0,0,0
1790140699.2053373,0,0,-2,2,20565,5766,31413,14362,2088324,2088325,2088321,2088322,0,0,0,0
1790140699.2211268,-4,-1,-3,1,20581,5753,31401,14377,2088354,2088355,2088351,2088352,0,0,0,0
1790140699.3172252,-2,-3,0,-4,20593,5745,31393,14388,2088384,2088385,2088381,2088382,0,0,0,0
1790140699.5113127,4,-2,-4,-10,20598,5744,31389,14392,2088414,2088415,2088411,2088412,0,0,0,0
1790140699.5271723,-3,-3,4,2,20585,5755,31400,14377,2088504,2088505,2088501,2088502,0,0,0,0
1790140699.7359674,-4,-2,3,3,20589,5752,31398,14378,2088624,2088625,2088621,2088622,0,0,0,0
1790140699.7359674,2,-3,1,-3,20586,5754,31399,14375,2088654,2088655,2088651,2088652,0,0,0,0
1790140699.9287796,1,0,4,-3,20585,5757,31401,14371,2088684,2088685,2088681,2088682,0,0,0,0
1790140699.9287796,4,0,-3,-10,20535,5809,31443,14327,2088744,2088745,2088741,2088742,0,0,0,0
1790140699.9287796,0,-1,-1,1,20517,5805,31456,14315,2088774,2088775,2088771,2088772,0,0,0,0
1790140700.0463114,-6,-3,-2,-3,20521,5815,31467,14319,2088804,2088805,2088801,2088802,0,0,0,0
1790140700.0645328,-1,4,1,3,20531,5813,31463,14328,2088834,2088835,2088831,2088832,0,0,0,0
1790140700.1219313,6,2,-7,-2,20542,5801,31451,14336,2088864,2088865,2088861,2088862,0,0,0,0
1790140700.1699715,4,3,2,2,20557,5780,31439,14347,2088894,2088895,2088891,2088892,0,0,0,0
1790140700.218037,9,-14,-9,8,20752,5591,31339,14468,2088924,2088925,2088921,2088922,0,0,0,0
1790140700.2342603,71,-71,-33,33,21715,4383,30803,15112,2088954,2088955,2088951,2088952,0,0,0,0
1790140700.3472087,53,-67,-80,52,23463,2247,29019,16434,2088984,2088985,2088981,2088982,0,0,0,0
1790140700.3472087,79,-74,-63,78,25187,458,26725,18227,2089014,2089015,2089011,2089012,0,0,0,0
1790140700.4294014,91,-75,-85,94,27136,31130,24781,20329,2089044,2089045,2089041,2089042,0,0,0,0
1790140700.4432268,64,-82,-75,64,31190,27063,20506,24416,2089104,2089105,2089101,2089102,0,0,0,0
1790140700.4933393,64,-82,-75,64,31190,27063,20506,24416,2089104,2089105,2089101,2089102,0,0,0,0
1790140700.5550942,57,-51,-41,49,1490,23943,17328,27582,2089164,2089165,2089161,2089162,0,0,0,0
1790140700.6940963,57,-51,-41,49,1490,23943,17328,27582,2089164,2089165,2089161,2089162,0,0,0,0
1790140700.6940963,60,-57,-36,42,4006,21521,14901,30040,2089224,2089225,2089221,2089222,0,0,0,0
1790140700.6994195,60,-57,-36,42,4006,21521,14901,30040,2089224,2089225,2089221,2089222,0,0,0,0
1790140700.763114,47,-52,-57,57,6839,18596,12101,45,2089284,2089285,2089281,2089282,0,0,0,0
1790140700.826933,68,-73,-64,74,8563,16842,10351,1824,2089314,2089315,2089311,2089312,0,0,0,0
1790140700.9384687,64,-63,-80,72,10381,15031,8568,3581,2089344,2089345,2089341,2089342,0,0,0,0
1790140701.0023804,81,-78,-62,57,12129,13288,6683,5515,2089374,2089375,2089371,2089372,0,0,0,0
1790140701.0023804,51,-57,-62,70,13875,11644,4907,7334,2089404,2089405,2089401,2089402,0,0,0,0
1790140701.0181277,60,-59,-53,50,15447,9953,3353,8937,2089434,2089435,2089431,2089432,0,0,0,0
1790140701.0814872,56,-55,-54,35,16888,8515,1851,10395,2089464,2089465,2089461,2089462,0,0,0,0
1790140701.1452167,45,-49,-59,51,18399,7152,541,11749,2089494,2089495,2089491,2089492,0,0,0,0
1790140701.1952298,43,-52,-51,51,19731,5751,31840,13160,2089524,2089525,2089521,2089522,0,0,0,0
1790140701.1952298,56,-51,-56,53,21175,4307,30393,14618,2089554,2089555,2089551,2089552,0,0,0,0
1790140701.2555695,68,-54,-47,53,22766,2727,28894,16287,2089584,2089585,2089581,2089582,0,0,0,0
1790140701.3666472,47,-52,-69,68,24371,1024,27204,17885,2089614,2089615,2089611,2089612,0,0,0,0
1790140701.3823628,57,-63,-60,54,26051,32166,25532,19562,2089644,2089645,2089641,2089642,0,0,0,0
1790140701.4620578,52,-51,-67,66,27835,30511,23798,21305,2089674,2089675,2089671,2089672,0,0,0,0
1790140701.4620578,69,-56,-59,58,29429,28784,22093,22952,2089704,2089705,2089701,2089702,0,0,0,0
1790140701.5258358,63,-68,-63,46,31067,27203,20524,24503,2089734,2089735,2089731,2089732,0,0,0,0
1790140701.5897007,48,-54,-55,50,32582,25727,19027,26078,2089764,2089765,2089761,2089762,0,0,0,0
1790140701.7024896,56,-62,-58,55,2766,22797,16093,29047,2089824,2089825,2089821,2089822,0,0,0,0
1790140701.7182477,56,-56,-55,54,4360,21141,14532,30564,2089854,2089855,2089851,2089852,0,0,0,0
1790140701.8317318,55,-56,-56,62,5862,19635,12903,32176,2089884,2089885,2089881,2089882,0,0,0,0
1790140701.8317318,66,-67,-57,52,7500,18013,11356,987,2089914,2089915,2089911,2089912,0,0,0,0
1790140701.8971927,54,-52,-59,63,9128,16397,9638,2684,2089944,2089945,2089941,2089942,0,0,0,0
1790140701.9624894,55,-61,-51,67,10696,14710,8018,4382,2089974,2089975,2089971,2089972,0,0,0,0
1790140701.976074,62,-74,-63,60,12301,13162,6448,5942,2090004,2090005,2090001,2090002,0,0,0,0
1790140702.0460742,46,-50,-50,56,13854,11646,4834,7588,2090034,2090035,2090031,2090032,0,0,0,0
1790140702.1037383,61,-63,-60,45,15373,10056,3255,9124,2090064,2090065,2090061,2090062,0,0,0,0
1790140702.183564,65,-68,-57,54,16885,8568,1712,10630,2090094,2090095,2090091,2090092,0,0,0,0
1790140702.231666,45,-48,-56,56,18468,7003,215,12184,2090124,2090125,2090121,2090122,0,0,0,0
1790140702.2477098,39,-36,-38,43,19817,5704,31579,13653,2090154,2090155,2090151,2090152,0,0,0,0
1790140702.3933868,-1,5,15,-12,20933,5684,30453,14383,2090244,2090245,2090241,2090242,0,0,0,0
1790140702.5872827,-9,17,16,-16,20585,6051,30924,13989,2090274,2090275,2090271,2090272,0,0,0,0
1790140702.6000705,-5,10,6,-15,20236,6416,31306,13699,2090304,2090305,2090301,2090302,0,0,0,0
1790140702.6059222,-4,1,-3,-2,19921,6747,31583,13379,2090364,2090365,2090361,2090362,0,0,0,0
1790140702.800579,-3,3,2,-8,19871,6803,31640,13317,2090394,2090395,2090391,2090392,0,0,0,0
1790140702.800579,0,-6,-5,1,19873,6801,31646,13315,2090484,2090485,2090481,2090482,0,0,0,0
1790140703.0083954,-5,-3,-3,1,19917,6764,31610,13370,2090574,2090575,2090571,2090572,0,0,0,0
1790140703.121476,4,-1,2,3,19917,6765,31601,13371,2090634,2090635,2090631,2090632,0,0,0,0
1790140703.137251,1,-5,1,-2,19917,6765,31603,13370,2090694,2090695,2090691,2090692,0,0,0,0
1790140703.217995,2,-5,-1,-3,19917,6764,31601,13371,2090724,2090725,2090721,2090722,0,0,0,0
1790140703.2368262,-2,-1,-2,2,19916,6762,31600,13366,2090754,2090755,2090751,2090752,0,0,0,0
1790140703.403424,-1,-2,5,-1,19913,6761,31602,13367,2090814,2090815,2090811,2090812,0,0,0,0
1790140703.410673,4,-4,1,5,19915,6761,31601,13368,2090844,2090845,2090841,2090842,0,0,0,0
1790140703.6205933,-3,5,-2,-3,19947,6729,31577,13410,2090964,2090965,2090961,2090962,0,0,0,0
1790140703.6205933,-3,5,-2,-3,19947,6729,31577,13410,2090964,2090965,2090961,2090962,0,0,0,0
1790140703.8148475,3,4,-3,-4,19932,6745,31588,13394,2091024,2091025,2091021,2091022,0,0,0,0
1790140703.8148475,-2,2,0,0,19918,6759,31602,13374,2091084,2091085,2091081,2091082,0,0,0,0
1790140703.830863,1,-1,3,5,19915,6760,31606,13374,2091114,2091115,2091111,2091112,0,0,0,0
1790140704.0258276,2,-3,0,-1,19908,6751,31580,13406,2091234,2091235,2091231,2091232,0,0,0,0
1790140704.209229,1,-4,0,-4,19909,6761,31601,13418,2091264,2091265,2091261,2091262,0,0,0,0
1790140704.209229,-2,-3,-2,2,19905,6775,31611,13411,2091294,2091295,2091291,2091292,0,0,0,0
1790140704.2188663,-4,-6,3,-3,19897,6783,31619,13401,2091354,2091355,2091351,2091352,0,0,0,0
1790140704.4282386,3,1,2,-1,19901,6785,31619,13405,2091384,2091385,2091381,2091382,0,0,0,0
1790140704.4282386,3,-1,-1,0,19894,6789,31626,13400,2091474,2091475,2091471,2091472,0,0,0,0
1790140704.6382616,-1,4,-3,-4,19897,6788,31626,13403,2091504,2091505,2091501,2091502,0,0,0,0
1790140704.6382616,-1,-24,-4,-3,19899,6781,31619,13407,2091594,2091595,2091591,2091592,0,0,0,0
1790140704.848192,2,4,-3,-2,19916,6750,31592,13423,2091714,2091715,2091711,2091712,0,0,0,0
1790140704.864488,2,4,0,-1,19935,6752,31594,13452,2091744,2091745,2091741,2091742,0,0,0,0
1790140705.0272343,-2,1,-2,-4,19935,6757,31599,13452,2091774,2091775,2091771,2091772,0,0,0,0
1790140705.0272343,2,-2,0,-4,19927,6766,31607,13443,2091804,2091805,2091801,2091802,0,0,0,0
1790140705.041215,1,-3,-1,-1,19917,6776,31615,13432,2091834,2091835,2091831,2091832,0,0,0,0
1790140705.2512565,-1,-4,1,4,19912,6782,31620,13424,2091864,2091865,2091861,2091862,0,0,0,0
1790140705.2512565,3,-2,-3,-4,19944,6750,31588,13462,2091954,2091955,2091951,2091952,0,0,0,0
1790140705.460812,5,-4,-1,5,19908,6788,31622,13419,2092074,2092075,2092071,2092072,0,0,0,0
1790140705.6687076,-2,-4,-3,0,19908,6787,31622,13418,2092104,2092105,2092101,2092102,0,0,0,0
1790140705.6687076,1,4,-1,-3,19909,6786,31621,13419,2092164,2092165,2092161,2092162,0,0,0,0
1790140705.6687076,2,-1,-3,2,19908,6784,31620,13418,2092194,2092195,2092191,2092192,0,0,0,0
1790140705.8621237,6,5,2,2,19908,6784,31620,13419,2092224,2092225,2092221,2092222,0,0,0,0
1790140705.8621237,-3,7,1,-3,19909,6783,31620,13420,2092254,2092255,2092251,2092252,0,0,0,0
1790140705.8781416,0,-7,0,-3,19907,6785,31621,13418,2092284,2092285,2092281,2092282,0,0,0,0
1790140705.8781416,0,2,-2,-5,19907,6782,31619,13419,2092344,2092345,2092341,2092342,0,0,0,0
1790140706.0710073,1,-5,1,5,19907,6782,31620,13418,2092374,2092375,2092371,2092372,0,0,0,0
1790140706.0710073,5,0,7,-1,19909,6780,31618,13420,2092404,2092405,2092401,2092402,0,0,0,0
1790140706.0710073,2,1,0,2,19909,6778,31616,13421,2092464,2092465,2092461,2092462,0,0,0,0
1790140706.2486212,-4,2,-3,-2,19907,6777,31616,13420,2092524,2092525,2092521,2092522,0,0,0,0
1790140706.2648344,-3,-1,5,4,19909,6777,31615,13421,2092554,2092555,2092551,2092552,0,0,0,0
1790140706.483715,1,2,5,-2,19916,6769,31610,13428,2092644,2092645,2092641,2092642,0,0,0,0
1790140706.483715,5,3,-2,4,19917,6768,31609,13429,2092704,2092705,2092701,2092702,0,0,0,0
1790140706.4965563,5,3,-2,4,19917,6768,31609,13429,2092704,2092705,2092701,2092702,0,0,0,0
1790140706.900221,3,3,4,0,19916,6769,31609,13428,2092764,2092765,2092761,2092762,0,0,0,0
1790140706.900221,2,-1,0,-1,19924,6778,31616,13433,2092884,2092885,2092881,2092882,0,0,0,0
1790140706.900221,1,2,-2,-7,19919,6780,31618,13430,2092944,2092945,2092941,2092942,0,0,0,0
1790140707.0688841,-1,-3,2,-6,19919,6781,31618,13430,2093034,2093035,2093031,2093032,0,0,0,0
1790140707.0846987,-1,-1,-1,-5,19918,6781,31619,13429,2093064,2093065,2093061,2093062,0,0,0,0
1790140707.2615352,1,-1,-5,-6,19919,6779,31618,13431,2093094,2093095,2093091,2093092,0,0,0,0
1790140707.2615352,-3,4,5,1,19934,6767,31604,13447,2093184,2093185,2093181,2093182,0,0,0,0
1790140707.5087216,-4,-3,-3,-1,19933,6765,31604,13449,2093214,2093215,2093211,2093212,0,0,0,0
1790140707.5087216,1,6,-1,5,19927,6776,31611,13441,2093304,2093305,2093301,2093302,0,0,0,0
1790140707.5244353,-3,2,1,2,19926,6775,31612,13440,2093334,2093335,2093331,2093332,0,0,0,0
1790140707.717696,0,-6,0,-2,19925,6776,31613,13439,2093364,2093365,2093361,2093362,0,0,0,0
1790140707.717696,-4,-1,-1,-1,19895,6810,31644,13397,2093454,2093455,2093451,2093452,0,0,0,0
1790140707.9222643,0,-2,-3,3,19911,6791,31627,13420,2093514,2093515,2093511,2093512,0,0,0,0
1790140708.1221032,-2,-2,-1,1,19915,6786,31622,13424,2093694,2093695,2093691,2093692,0,0,0,0
1790140708.1665146,-3,1,3,2,19917,6785,31621,13426,2093724,2093725,2093721,2093722,0,0,0,0
1790140708.2720225,-4,-3,1,-3,19915,6786,31621,13426,2093784,2093785,2093781,2093782,0,0,0,0
1790140708.3360364,-1,1,0,-1,19916,6785,31622,13425,2093814,2093815,2093811,2093812,0,0,0,0
1790140708.4067934,3,-2,-2,-2,19917,6784,31620,13426,2093844,2093845,2093841,2093842,0,0,0,0
1790140708.4503317,-3,-3,-4,3,19917,6784,31620,13428,2093874,2093875,2093871,2093872,0,0,0,0
1790140708.4663994,1,1,0,4,19926,6775,31616,13434,2093904,2093905,2093901,2093902,0,0,0,0
1790140708.5143454,16,-14,-7,13,20091,6594,31520,13573,2093934,2093935,2093931,2093932,0,0,0,0
1790140708.562468,76,-56,-31,27,21252,5478,31041,14116,2093964,2093965,2093961,2093962,0,0,0,0
1790140708.6485531,49,-61,-86,94,23302,3480,29632,15507,2093994,2093995,2093991,2093992,0,0,0,0
1790140708.7383814,90,-82,-83,66,27055,32401,25306,19654,2094054,2094055,2094051,2094052,0,0,0,0
1790140708.78596,71,-76,-82,67,29126,30237,23127,21866,2094084,2094085,2094081,2094082,0,0,0,0
1790140708.838387,56,-67,-64,75,31096,28299,21030,23850,2094114,2094115,2094111,2094112,0,0,0,0
1790140708.9452193,41,-50,-48,44,1292,25298,17924,26858,2094174,2094175,2094171,2094172,0,0,0,0
1790140709.0243475,41,-44,-35,39,2556,24121,16804,28154,2094204,2094205,2094201,2094202,0,0,0,0
1790140709.0404682,45,-55,-57,44,3738,22867,15554,29347,2094234,2094235,2094231,2094232,0,0,0,0
1790140709.104462,53,-51,-53,46,5090,21472,14225,30671,2094264,2094265,2094261,2094262,0,0,0,0
1790140709.1525073,59,-61,-47,64,6622,19928,12652,32243,2094294,2094295,2094291,2094292,0,0,0,0
1790140709.2162433,63,-67,-73,61,8336,18257,11006,1133,2094324,2094325,2094321,2094322,0,0,0,0
1790140709.2797418,63,-54,-65,68,10093,16417,9215,2967,2094354,2094355,2094351,2094352,0,0,0,0
1790140709.3591042,61,-60,-75,69,11781,14643,7390,4904,2094384,2094385,2094381,2094382,0,0,0,0
1790140709.3591042,57,-63,-58,91,13581,12929,5603,6675,2094414,2094415,2094411,2094412,0,0,0,0
1790140709.409838,52,-48,-59,56,15098,11481,4024,8194,2094444,2094445,2094441,2094442,0,0,0,0
1790140709.4698014,54,-60,-55,61,16536,9934,2490,9728,2094474,2094475,2094471,2094472,0,0,0,0
1790140709.4855855,62,-60,-40,54,18029,8488,1112,11114,2094504,2094505,2094501,2094502,0,0,0,0
1790140709.5399163,51,-48,-50,56,19455,7127,32509,12561,2094534,2094535,2094531,2094532,0,0,0,0
1790140709.6626592,43,-50,-51,47,20886,5657,31040,13986,2094564,2094565,2094561,2094562,0,0,0,0
1790140709.68181,61,-57,-68,54,24106,2468,27802,17289,2094624,2094625,2094621,2094622,0,0,0,0
1790140709.7428353,56,-58,-66,67,25742,780,26154,18915,2094654,2094655,2094651,2094652,0,0,0,0
1790140709.8077104,71,-72,-60,60,27451,31883,24432,20627,2094684,2094685,2094681,2094682,0,0,0,0
1790140709.8556173,56,-59,-63,55,29043,30348,22796,22217,2094714,2094715,2094711,2094712,0,0,0,0
1790140709.9689212,42,-52,-62,53,869,25709,18242,26843,2094804,2094805,2094801,2094802,0,0,0,0
1790140710.0006943,42,-52,-62,53,869,25709,18242,26843,2094804,2094805,2094801,2094802,0,0,0,0
1790140710.0654879,65,-62,-52,61,3968,22671,15098,30005,2094864,2094865,2094861,2094862,0,0,0,0
1790140710.11412,65,-62,-52,61,3968,22671,15098,30005,2094864,2094865,2094861,2094862,0,0,0,0
1790140710.1816137,61,-61,-61,67,7091,19423,11923,377,2094924,2094925,2094921,2094922,0,0,0,0
1790140710.24303,58,-66,-58,51,8751,17785,10319,2043,2094954,2094955,2094951,2094952,0,0,0,0
1790140710.267114,56,-43,-69,64,10323,16285,8725,3632,2094984,2094985,2094981,2094982,0,0,0,0
1790140710.2968233,54,-51,-57,58,11759,14645,7137,5303,2095014,2095015,2095011,2095012,0,0,0,0
1790140710.3779867,45,-47,-44,45,13166,13415,5731,6671,2095044,2095045,2095041,2095042,0,0,0,0
1790140710.5557373,18,9,-11,13,14496,12828,4529,7839,2095104,2095105,2095101,2095102,0,0,0,0
1790140710.5557373,4,0,4,-3,14725,12843,4464,7954,2095134,2095135,2095131,2095132,0,0,0,0
1790140710.5799155,-7,5,3,-4,14656,12841,4519,7886,2095164,2095165,2095161,2095162,0,0,0,0
1790140710.789001,-6,4,0,0,14572,12908,4589,7816,2095194,2095195,2095191,2095192,0,0,0,0
1790140710.789001,-29,20,30,-32,13433,14156,5677,6675,2095284,2095285,2095281,2095282,0,0,0,0
1790140710.9942832,-11,7,2,-5,12558,14924,6727,5649,2095344,2095345,2095341,2095342,0,0,0,0
1790140710.9942832,-5,9,0,-2,12394,15079,6844,5555,2095374,2095375,2095371,2095372,0,0,0,0
1790140710.9942832,-23,18,32,-24,12029,15488,7248,5304,2095404,2095405,2095401,2095402,0,0,0,0
1790140711.204222,-11,14,13,-13,10194,17428,9480,3223,2095494,2095495,2095491,2095492,0,0,0,0
1790140711.204222,-5,12,6,-3,9934,17682,9746,3004,2095524,2095525,2095521,2095522,0,0,0,0
1790140711.2876124,-15,22,13,-16,9638,18096,10017,2785,2095554,2095555,2095551,2095552,0,0,0,0
1790140711.2876124,-26,30,23,-27,9042,18690,10556,2180,2095584,2095585,2095581,2095582,0,0,0,0
1790140711.3981373,-27,32,33,-38,8162,19597,11467,1240,2095614,2095615,2095611,2095612,0,0,0,0
1790140711.3981373,-18,10,20,-27,7454,20169,12192,541,2095644,2095645,2095641,2095642,0,0,0,0
1790140711.607598,-7,7,11,-9,7085,20548,12573,164,2095674,2095675,2095671,2095672,0,0,0,0
1790140711.607598,-37,32,44,-32,5238,22448,14323,31213,2095764,2095765,2095761,2095762,0,0,0,0
1790140711.817557,-23,19,21,-21,4490,23234,15166,30411,2095794,2095795,2095791,2095792,0,0,0,0
1790140711.817557,-18,12,22,-18,3944,23695,15742,29958,2095824,2095825,2095821,2095822,0,0,0,0
1790140711.817557,-33,26,34,-36,2126,25532,17415,28174,2095914,2095915,2095911,2095912,0,0,0,0
1790140712.0140913,-32,22,27,-17,32347,27980,19982,25779,2096034,2096035,2096031,2096032,0,0,0,0
1790140712.2246883,-14,16,16,-18,29157,30913,23229,22704,2096154,2096155,2096151,2096152,0,0,0,0
1790140712.3017735,-29,32,28,-52,27891,32315,24483,21492,2096214,2096215,2096211,2096212,0,0,0,0
1790140712.4307873,-27,33,40,-40,26805,399,25526,20528,2096244,2096245,2096241,2096242,0,0,0,0
1790140712.4468803,-24,18,23,-27,25929,1139,26425,19614,2096274,2096275,2096271,2096272,0,0,0,0
1790140712.624994,-49,20,18,-23,25309,1682,26992,18998,2096304,2096305,2096301,2096302,0,0,0,0
1790140712.624994,-31,39,38,-31,24092,3036,28245,17841,2096364,2096365,2096361,2096362,0,0,0,0
1790140712.6452155,-42,47,40,-45,23086,4007,29228,16871,2096394,2096395,2096391,2096392,0,0,0,0
1790140712.8372884,-26,33,27,-33,22071,4820,30204,15952,2096424,2096425,2096421,2096422,0,0,0,0
1790140712.8372884,-18,28,19,-24,20882,6124,31476,14696,2096484,2096485,2096481,2096482,0,0,0,0
1790140712.8372884,-36,25,28,-23,20156,6872,32112,13972,2096514,2096515,2096511,2096512,0,0,0,0
1790140713.031585,-43,37,44,-39,19243,7800,278,13010,2096544,2096545,2096541,2096542,0,0,0,0
1790140713.031585,-16,21,15,-17,16850,10203,2685,10582,2096634,2096635,2096631,2096632,0,0,0,0
1790140713.2421186,-26,25,20,-29,13419,13718,6080,7086,2096754,2096755,2096751,2096752,0,0,0,0
1790140713.306204,-21,20,19,-24,12793,14297,6759,6501,2096784,2096785,2096781,2096782,0,0,0,0
1790140713.4509199,-30,19,25,-25,12184,14961,7303,5881,2096814,2096815,2096811,2096812,0,0,0,0
1790140713.4566646,-31,34,24,-38,11401,15815,8074,5182,2096844,2096845,2096841,2096842,0,0,0,0
1790140713.4667625,-39,42,36,-38,10426,16741,9072,4218,2096874,2096875,2096871,2096872,0,0,0,0
1790140713.6463757,-30,29,28,-29,9467,17639,10034,3169,2096904,2096905,2096901,2096902,0,0,0,0
1790140713.658425,-35,31,30,-33,7516,19628,11940,1206,2096994,2096995,2096991,2096992,0,0,0,0
1790140713.8527465,-27,33,38,-34,5476,21317,13900,32159,2097054,2097055,2097051,2097052,0,0,0,0
1790140713.8527465,-22,19,12,-18,4263,22678,15207,30908,2097114,2097115,2097111,2097112,0,0,0,0
1790140714.062022,-33,25,31,-18,3558,23272,15880,30326,2097144,2097145,2097141,2097142,0,0,0,0
1790140714.0683305,-19,18,24,-20,1064,25696,18401,27883,2097234,2097235,2097231,2097232,0,0,0,0
1790140714.2711604,-20,15,12,-20,508,26234,18956,27310,2097264,2097265,2097261,2097262,0,0,0,0
1790140714.2711604,-52,28,26,-32,31237,28309,20961,25430,2097354,2097355,2097351,2097352,0,0,0,0
1790140714.3090289,-23,17,27,-20,30453,28954,21782,24590,2097384,2097385,2097381,2097382,0,0,0,0
1790140714.4705389,-16,17,18,-11,29947,29436,22315,24097,2097414,2097415,2097411,2097412,0,0,0,0
1790140714.4784582,-17,23,11,-15,29485,29893,22731,23689,2097444,2097445,2097441,2097442,0,0,0,0
1790140714.4833272,-29,29,36,-36,28206,31289,24023,22340,2097504,2097505,2097501,2097502,0,0,0,0
1790140714.6714811,-33,25,25,-28,27450,31928,24798,21633,2097534,2097535,2097531,2097532,0,0,0,0
1790140714.6825058,-22,28,21,-25,26233,529,26024,20349,2097624,2097625,2097621,2097622,0,0,0,0
1790140714.8775988,-17,17,18,-22,24881,1728,27350,19006,2097684,2097685,2097681,2097682,0,0,0,0
1790140714.8775988,0,2,0,-2,24411,2193,27907,18532,2097744,2097745,2097741,2097742,0,0,0,0
1790140715.0883036,-1,-1,2,-4,24383,2230,27953,18499,2097774,2097775,2097771,2097772,0,0,0,0
1790140715.0883036,4,-5,0,-5,24389,2221,27949,18506,2097804,2097805,2097801,2097802,0,0,0,0
1790140715.0883036,3,-2,2,-2,24426,2180,27909,18540,2097834,2097835,2097831,2097832,0,0,0,0
1790140715.0883036,0,-2,-1,3,24474,2127,27854,18586,2097864,2097865,2097861,2097862,0,0,0,0
1790140715.29687,1,0,1,-3,24526,2067,27794,18637,2097894,2097895,2097891,2097892,0,0,0,0
1790140715.29687,3,-1,0,3,24569,2004,27727,18687,2097924,2097925,2097921,2097922,0,0,0,0
1790140715.29687,4,0,2,-1,24614,1955,27676,18734,2097954,2097955,2097951,2097952,0,0,0,0
1790140715.29687,1,-1,-4,5,24651,1917,27638,18771,2097984,2097985,2097981,2097982,0,0,0,0
1790140715.3287141,-2,2,-4,-3,24683,1888,27603,18800,2098014,2098015,2098011,2098012,0,0,0,0
1790140715.425233,1,-3,0,-9,24716,1854,27568,18831,2098074,2098075,2098071,2098072,0,0,0,0
1790140715.5057378,-1,-4,-3,1,24723,1845,27559,18838,2098104,2098105,2098101,2098102,0,0,0,0
1790140715.6836448,-1,-2,3,-2,24753,1813,27528,18866,2098194,2098195,2098191,2098192,0,0,0,0
1790140715.703494,2,4,0,-3,24766,1797,27513,18879,2098224,2098225,2098221,2098222,0,0,0,0
1790140715.9098792,0,4,-3,7,24782,1778,27497,18896,2098254,2098255,2098251,2098252,0,0,0,0
1790140715.9098792,4,-3,0,6,24820,1763,27481,18930,2098284,2098285,2098281,2098282,0,0,0,0
1790140715.9098792,4,-6,-6,0,24915,1642,27375,19026,2098344,2098345,2098341,2098342,0,0,0,0
1790140716.1038663,0,2,-10,-2,24962,1589,27326,19071,2098374,2098375,2098371,2098372,0,0,0,0
1790140716.1038663,0,-4,-4,5,25073,1469,27218,19175,2098434,2098435,2098431,2098432,0,0,0,0
1790140716.1038663,2,5,-5,-5,25136,1409,27161,19230,2098464,2098465,2098461,2098462,0,0,0,0
1790140716.3127708,0,0,-7,-4,25205,1341,27098,19295,2098494,2098495,2098491,2098492,0,0,0,0
1790140716.3127708,-3,-6,9,-3,25406,1119,26886,19484,2098584,2098585,2098581,2098582,0,0,0,0
1790140716.3450522,3,-2,-2,5,25479,1062,26821,19550,2098614,2098615,2098611,2098612,0,0,0,0
1790140716.4900753,1,0,-1,-4,25561,987,26755,19637,2098674,2098675,2098671,2098672,0,0,0,0
1790140716.4900753,2,-3,-5,-1,25574,985,26748,19646,2098704,2098705,2098701,2098702,0,0,0,0
1790140716.5060935,-1,1,-2,3,25568,992,26752,19641,2098734,2098735,2098731,2098732,0,0,0,0
1790140716.7307274,2,-1,-2,0,25530,1031,26802,19612,2098854,2098855,2098851,2098852,0,0,0,0
1790140716.925225,-1,-5,-2,3,25537,1020,26791,19620,2098944,2098945,2098941,2098942,0,0,0,0
1790140716.936401,0,-1,4,5,25536,1021,26791,19619,2098974,2098975,2098971,2098972,0,0,0,0
1790140717.13778,2,-1,1,-2,25567,994,26763,19648,2099094,2099095,2099091,2099092,0,0,0,0
1790140717.3252556,0,4,-2,1,25551,1003,26774,19634,2099184,2099185,2099181,2099182,0,0,0,0
1790140717.5431309,5,-1,1,-1,25543,1016,26787,19626,2099244,2099245,2099241,2099242,0,0,0,0
1790140717.5431309,-4,8,5,-4,25576,978,26747,19656,2099334,2099335,2099331,2099332,0,0,0,0
1790140717.7507215,-5,-4,5,-1,25565,988,26756,19646,2099364,2099365,2099361,2099362,0,0,0,0
1790140717.7507215,6,-1,-1,1,25540,1011,26781,19625,2099424,2099425,2099421,2099422,0,0,0,0
1790140717.766609,0,2,9,5,25538,1013,26784,19621,2099454,2099455,2099451,2099452,0,0,0,0
1790140717.9471836,-15,3,6,2,25542,1007,26778,19626,2099514,2099515,2099511,2099512,0,0,0,0
1790140717.9596932,2,-4,-3,0,25540,1011,26782,19623,2099574,2099575,2099571,2099572,0,0,0,0
1790140718.155473,2,-3,1,1,25539,1013,26783,19621,2099604,2099605,2099601,2099602,0,0,0,0
1790140718.155473,-5,3,-3,0,25547,1006,26777,19629,2099694,2099695,2099691,2099692,0,0,0,0
1790140718.3475666,-1,3,-16,-1,25548,1005,26774,19629,2099814,2099815,2099811,2099812,0,0,0,0
1790140718.5579498,0,0,2,1,25548,1005,26775,19630,2099844,2099845,2099841,2099842,0,0,0,0
1790140718.5740278,2,1,6,-1,25549,1004,26775,19631,2099874,2099875,2099871,2099872,0,0,0,0
1790140718.5740278,-1,1,4,-4,25551,1003,26774,19632,2099904,2099905,2099901,2099902,0,0,0,0
1790140718.5740278,-1,-1,5,4,25552,1001,26771,19633,2099934,2099935,2099931,2099932,0,0,0,0
1790140718.7701006,-3,1,2,-2,25550,1002,26773,19632,2100024,2100025,2100021,2100022,0,0,0,0
1790140718.789854,-2,4,4,-1,25552,1000,26771,19633,2100054,2100055,2100051,2100052,0,0,0,0
1790140718.9803822,-3,-1,-3,0,25555,998,26768,19635,2100084,2100085,2100081,2100082,0,0,0,0
1790140718.9803822,3,2,-1,-5,25543,986,26764,19630,2100204,2100205,2100201,2100202,0,0,0,0
1790140719.1545188,-4,1,-4,0,25549,999,26772,19631,2100234,2100235,2100231,2100232,0,0,0,0
1790140719.1545188,0,0,-3,-4,25546,1001,26776,19630,2100264,2100265,2100261,2100262,0,0,0,0
1790140719.1545188,1,2,2,-4,25542,1003,26776,19628,2100324,2100325,2100321,2100322,0,0,0,0
1790140719.379547,-3,-5,-1,-1,25547,985,26763,19637,2100414,2100415,2100411,2100412,0,0,0,0
1790140719.379547,0,2,-4,-3,25552,986,26762,19639,2100444,2100445,2100441,2100442,0,0,0,0
1790140719.5958848,1,-1,-5,-3,25544,996,26770,19634,2100504,2100505,2100501,2100502,0,0,0,0
1790140719.6048179,-1,-1,-1,3,25545,995,26770,19633,2100594,2100595,2100591,2100592,0,0,0,0
1790140719.7989953,1,1,0,-6,25546,994,26768,19633,2100624,2100625,2100621,2100622,0,0,0,0
1790140719.7989953,1,1,10,-2,25533,1005,26773,19619,2100654,2100655,2100651,2100652,0,0,0,0
1790140719.7989953,2,-2,0,-3,25520,1034,26806,19609,2100684,2100685,2100681,2100682,0,0,0,0
1790140719.997489,3,0,-6,-1,25537,993,26774,19629,2100774,2100775,2100771,2100772,0,0,0,0
1790140719.997489,-2,0,1,-1,25546,993,26771,19635,2100804,2100805,2100801,2100802,0,0,0,0
1790140720.2031312,-5,-2,0,-5,25542,1002,26778,19632,2100894,2100895,2100891,2100892,0,0,0,0
1790140720.2031312,2,0,2,-5,25542,1000,26777,19631,2100954,2100955,2100951,2100952,0,0,0,0
1790140720.3682601,-3,4,2,3,25542,1002,26775,19635,2101014,2101015,2101011,2101012,0,0,0,0
1790140720.3841674,-2,-4,4,-1,25537,999,26778,19631,2101044,2101045,2101041,2101042,0,0,0,0
1790140720.4184692,0,8,0,-2,25535,1001,26778,19627,2101074,2101075,2101071,2101072,0,0,0,0
1790140720.544057,3,-3,-3,0,25538,1002,26778,19627,2101104,2101105,2101101,2101102,0,0,0,0
1790140720.5651195,-2,3,1,-3,25541,1000,26777,19630,2101134,2101135,2101131,2101132,0,0,0,0
1790140720.6238654,3,-5,-4,4,25558,980,26769,19639,2101164,2101165,2101161,2101162,0,0,0,0
1790140720.6713989,15,-25,-13,10,25773,714,26614,19792,2101194,2101195,2101191,2101192,0,0,0,0
1790140720.6871524,91,-92,-49,40,27273,31994,25909,20582,2101224,2101225,2101221,2101222,0,0,0,0
1790140720.8017528,64,-62,-63,74,29198,30135,24328,22273,2101254,2101255,2101251,2101252,0,0,0,0
1790140720.822168,75,-76,-85,63,31115,28184,22346,24371,2101284,2101285,2101281,2101282,0,0,0,0
1790140720.822168,81,-81,-91,71,481,26115,20201,26514,2101314,2101315,2101311,2101312,0,0,0,0
1790140720.879647,77,-74,-84,81,2590,24052,17968,28726,2101344,2101345,2101341,2101342,0,0,0,0
1790140720.944008,54,-54,-66,63,4536,22147,16111,30693,2101374,2101375,2101371,2101372,0,0,0,0
1790140721.0081017,46,-46,-52,62,6078,20715,14444,32309,2101404,2101405,2101401,2101402,0,0,0,0
1790140721.1204622,49,-40,-53,40,7341,19362,13059,802,2101434,2101435,2101431,2101432,0,0,0,0
1790140721.1365662,47,-49,-49,37,9722,16994,10671,3168,2101494,2101495,2101491,2101492,0,0,0,0
1790140721.2029488,54,-59,-47,46,11080,15591,9343,4613,2101524,2101525,2101521,2101522,0,0,0,0
1790140721.2650046,61,-55,-56,73,12715,13932,7757,6171,2101554,2101555,2101551,2101552,0,0,0,0
1790140721.3134725,72,-59,-66,53,14434,12106,5941,7965,2101584,2101585,2101581,2101582,0,0,0,0
1790140721.3780382,56,-68,-80,80,16301,10303,4049,9858,2101614,2101615,2101611,2101612,0,0,0,0
1790140721.4046042,62,-69,-58,67,18148,8546,2181,11646,2101644,2101645,2101641,2101642,0,0,0,0
1790140721.4416125,50,-48,-63,64,19803,6992,601,13425,2101674,2101675,2101671,2101672,0,0,0,0
1790140721.5287592,56,-52,-56,48,21295,5424,31816,14859,2101704,2101705,2101701,2101702,0,0,0,0
1790140721.5857418,60,-56,-55,40,22731,4037,30357,16265,2101734,2101735,2101731,2101732,0,0,0,0
1790140721.6535163,55,-53,-43,49,24094,2706,29012,17598,2101764,2101765,2101761,2101762,0,0,0,0
1790140721.6666567,52,-55,-63,45,25513,1168,27561,18992,2101794,2101795,2101791,2101792,0,0,0,0
1790140721.758346,67,-57,-58,62,27003,32445,26089,20580,2101824,2101825,2101821,2101822,0,0,0,0
1790140721.820313,66,-61,-60,59,28666,30815,24438,22229,2101854,2101855,2101851,2101852,0,0,0,0
1790140721.884965,72,-67,-58,52,32083,27471,20957,25679,2101914,2101915,2101911,2101912,0,0,0,0
1790140721.9061558,46,-58,-62,68,920,25838,19324,27296,2101944,2101945,2101941,2101942,0,0,0,0
1790140721.9647825,64,-65,-60,52,4071,22740,16255,30417,2102004,2102005,2102001,2102002,0,0,0,0
1790140722.0135434,46,-62,-45,60,5548,21217,14725,31906,2102034,2102035,2102031,2102032,0,0,0,0
1790140722.1438258,49,-56,-61,62,6975,19749,13206,697,2102064,2102065,2102061,2102062,0,0,0,0
1790140722.167348,58,-61,-60,46,8586,18269,11719,2241,2102094,2102095,2102091,2102092,0,0,0,0
1790140722.167348,60,-57,-55,67,10105,16627,10142,3761,2102124,2102125,2102121,2102122,0,0,0,0
1790140722.2242672,49,-59,-67,51,11603,15041,8510,5439,2102154,2102155,2102151,2102152,0,0,0,0
1790140722.2564924,66,-75,-52,57,13299,13486,6908,7047,2102184,2102185,2102181,2102182,0,0,0,0
1790140722.3792844,44,-53,-57,41,16401,10240,3679,10338,2102244,2102245,2102241,2102242,0,0,0,0
1790140722.4585636,29,-26,-28,39,17663,9136,2388,11524,2102274,2102275,2102271,2102272,0,0,0,0
1790140722.4585636,9,10,9,-9,18077,8677,2177,11951,2102304,2102305,2102301,2102302,0,0,0,0
1790140722.587761,-11,30,11,-9,18054,9709,3142,11543,2102364,2102365,2102361,2102362,0,0,0,0
1790140722.6676433,-15,16,12,-19,17659,10241,3551,11125,2102394,2102395,2102391,2102392,0,0,0,0
1790140722.873844,-39,32,32,-39,15356,12530,5675,8888,2102514,2102515,2102511,2102512,0,0,0,0
1790140722.873844,-27,25,23,-21,14597,13270,6608,8032,2102544,2102545,2102541,2102542,0,0,0,0
1790140723.083506,-38,33,27,-30,13082,14984,8032,6491,2102634,2102635,2102631,2102632,0,0,0,0
1790140723.083506,-42,30,37,-32,12034,16007,9047,5505,2102664,2102665,2102661,2102662,0,0,0,0
1790140723.2790313,-24,18,20,-21,10535,17531,10615,3842,2102724,2102725,2102721,2102722,0,0,0,0
1790140723.2790313,-31,25,21,-28,9354,18780,11747,2778,2102784,2102785,2102781,2102782,0,0,0,0
1790140723.3905513,-39,25,29,-26,7288,20875,13821,608,2102844,2102845,2102841,2102842,0,0,0,0
1790140723.4871936,-27,29,28,-18,6521,21685,14646,32595,2102874,2102875,2102871,2102872,0,0,0,0
1790140723.6815999,-22,28,3,-29,5809,22355,15242,31929,2102904,2102905,2102901,2102902,0,0,0,0
1790140723.6815999,-33,25,33,-31,5139,23175,15991,31259,2102934,2102935,2102931,2102932,0,0,0,0
1790140723.6815999,-38,43,46,-38,3069,25233,17981,29257,2102994,2102995,2102991,2102992,0,0,0,0
1790140723.697573,-27,30,35,-30,2155,26228,19029,28221,2103024,2103025,2103021,2103022,0,0,0,0
1790140723.8906908,-27,26,25,-31,1360,27003,19738,27467,2103054,2103055,2103051,2103052,0,0,0,0
1790140723.8906908,-34,34,31,-30,656,27914,20533,26671,2103084,2103085,2103081,2103082,0,0,0,0
1790140723.9064088,-36,38,44,-41,31372,29948,22477,24598,2103144,2103145,2103141,2103142,0,0,0,0
1790140724.1008832,-14,32,25,-23,28718,26,25329,21806,2103234,2103235,2103231,2103232,0,0,0,0
1790140724.1008832,-35,36,42,-35,27781,990,26216,20882,2103264,2103265,2103261,2103262,0,0,0,0
1790140724.2993088,-42,45,47,-39,26571,2177,27276,19647,2103294,2103295,2103291,2103292,0,0,0,0
1790140724.2993088,-29,29,33,-12,24510,4332,29366,17552,2103354,2103355,2103351,2103352,0,0,0,0
1790140724.4044127,-31,36,33,-30,23667,5206,30316,16658,2103384,2103385,2103381,2103382,0,0,0,0
1790140724.4044127,-41,46,29,-44,22756,6219,31269,15721,2103414,2103415,2103411,2103412,0,0,0,0
1790140724.4044127,-45,47,46,-39,21622,7372,32306,14544,2103444,2103445,2103441,2103442,0,0,0,0
1790140724.4992712,-44,51,42,-50,20512,8515,697,13365,2103474,2103475,2103471,2103472,0,0,0,0
1790140724.5253747,-36,37,39,-36,19468,9614,1750,12319,2103504,2103505,2103501,2103502,0,0,0,0
1790140724.7097628,-42,35,39,-37,15267,13908,5841,8024,2103624,2103625,2103621,2103622,0,0,0,0
1790140724.916291,-35,33,39,-37,14178,15035,7001,6970,2103654,2103655,2103651,2103652,0,0,0,0
1790140724.916291,-39,32,34,-29,13260,15971,7934,5925,2103684,2103685,2103681,2103682,0,0,0,0
1790140724.916291,-41,42,37,-52,11282,18033,9864,3980,2103744,2103745,2103741,2103742,0,0,0,0
1790140725.125177,-41,52,45,-42,10137,19098,11023,2808,2103774,2103775,2103771,2103772,0,0,0,0
1790140725.125177,-33,34,32,-29,7074,22127,14079,32593,2103864,2103865,2103861,2103862,0,0,0,0
1790140725.326441,-33,30,32,-35,2058,27115,19136,27632,2104014,2104015,2104011,2104012,0,0,0,0
1790140725.4056113,-36,38,39,-29,1098,28112,20001,26684,2104044,2104045,2104041,2104042,0,0,0,0
1790140725.425966,-40,31,35,-38,61,29127,21160,25724,2104074,2104075,2104071,2104072,0,0,0,0
1790140725.5356774,-35,22,31,-33,30772,31057,23253,23682,2104134,2104135,2104131,2104132,0,0,0,0
1790140725.7375178,-12,5,7,-13,28939,52,25161,21829,2104224,2104225,2104221,2104222,0,0,0,0
1790140725.7375178,-3,2,1,-1,28776,233,25354,21671,2104254,2104255,2104251,2104252,0,0,0,0
1790140725.9311364,-3,4,-4,-9,28697,331,25444,21587,2104284,2104285,2104281,2104282,0,0,0,0
1790140725.9471176,2,-4,-1,4,28665,355,25477,21555,2104374,2104375,2104371,2104372,0,0,0,0
1790140725.9877577,5,1,-3,0,28694,324,25451,21582,2104404,2104405,2104401,2104402,0,0,0,0
1790140726.1359997,1,-3,0,3,28731,287,25419,21618,2104434,2104435,2104431,2104432,0,0,0,0
1790140726.1359997,1,-1,-1,11,28769,262,25390,21656,2104464,2104465,2104461,2104462,0,0,0,0
1790140726.348662,3,-1,-4,3,28938,84,25217,21817,2104584,2104585,2104581,2104582,0,0,0,0
1790140726.348662,-1,-2,-2,0,29058,32725,25070,21933,2104644,2104645,2104641,2104642,0,0,0,0
1790140726.4243872,-1,-6,-1,1,29122,32658,24991,21994,2104674,2104675,2104671,2104672,0,0,0,0
1790140726.556458,6,2,0,-1,29185,32596,24916,22054,2104704,2104705,2104701,2104702,0,0,0,0
1790140726.556458,6,-1,-5,0,29245,32533,24843,22096,2104734,2104735,2104731,2104732,0,0,0,0
1790140726.7325754,-2,-6,-4,-1,29306,32474,24773,22153,2104764,2104765,2104761,2104762,0,0,0,0
1790140726.7325754,3,-3,-3,2,29466,32323,24612,22299,2104854,2104855,2104851,2104852,0,0,0,0
1790140726.9751012,1,1,-3,1,29579,32205,24510,22410,2104944,2104945,2104941,2104942,0,0,0,0
1790140726.9751012,4,2,-2,-2,29628,32162,24472,22460,2104974,2104975,2104971,2104972,0,0,0,0
1790140726.9875922,0,0,0,3,29667,32121,24438,22500,2105004,2105005,2105001,2105002,0,0,0,0
1790140727.1656644,-4,-1,2,3,29760,32024,24360,22595,2105064,2105065,2105061,2105062,0,0,0,0
1790140727.1816418,-2,-1,0,3,29885,31903,24261,22720,2105124,2105125,2105121,2105122,0,0,0,0
1790140727.3752832,-8,3,9,-8,29878,31805,24183,22747,2105214,2105215,2105211,2105212,0,0,0,0
1790140727.3752832,-8,8,9,-8,29656,32054,24390,22541,2105244,2105245,2105241,2105242,0,0,0,0
1790140727.439353,-24,2,19,-16,29198,32233,24852,22293,2105274,2105275,2105271,2105272,0,0,0,0
1790140727.5643942,2,20,29,-10,28966,32524,25518,21947,2105304,2105305,2105301,2105302,0,0,0,0
1790140727.5675054,29,34,31,13,29358,480,26338,21832,2105334,2105335,2105331,2105332,0,0,0,0
1790140727.7854474,28,37,25,53,30307,1317,27100,22685,2105364,2105365,2105361,2105362,0,0,0,0
1790140727.7854474,23,39,42,40,31315,2326,28100,23820,2105394,2105395,2105391,2105392,0,0,0,0
1790140727.7854474,43,32,34,29,129,4534,29643,25435,2105454,2105455,2105451,2105452,0,0,0,0
1790140727.986922,-8,27,9,24,32685,6954,31670,26390,2105544,2105545,2105541,2105542,0,0,0,0
1790140727.9949608,9,16,-15,40,1001,8026,32365,28334,2105604,2105605,2105601,2105602,0,0,0,0
1790140728.1951923,29,6,10,22,2278,9104,563,29029,2105664,2105665,2105661,2105662,0,0,0,0
1790140728.1951923,9,0,3,11,3328,9531,996,30378,2105724,2105725,2105721,2105722,0,0,0,0
1790140728.3700542,19,-4,2,19,3792,9554,1013,30833,2105754,2105755,2105751,2105752,0,0,0,0
1790140728.3700542,19,-10,-6,13,4303,9389,855,31271,2105784,2105785,2105781,2105782,0,0,0,0
1790140728.3857992,3,-7,-5,5,4560,9202,625,31520,2105814,2105815,2105811,2105812,0,0,0,0
1790140728.4384823,-2,-2,-5,1,4675,9124,507,31646,2105844,2105845,2105841,2105842,0,0,0,0
1790140728.4384823,-2,-4,0,5,4695,9107,472,31670,2105874,2105875,2105871,2105872,0,0,0,0
1790140728.5954309,0,0,2,-4,4641,9159,529,31596,2105994,2105995,2105991,2105992,0,0,0,0
1790140728.6596494,2,2,-1,-1,4610,9192,569,31560,2106024,2106025,2106021,2106022,0,0,0,0
1790140728.7278728,-3,0,3,1,4577,9226,611,31521,2106054,2106055,2106051,2106052,0,0,0,0
1790140728.8068013,-4,-2,4,-4,4542,9267,658,31481,2106084,2106085,2106081,2106082,0,0,0,0
1790140729.0149024,-9,2,2,-3,4498,9309,708,31437,2106114,2106115,2106111,2106112,0,0,0,0
1790140729.0149024,-5,7,-4,2,4358,9433,852,31308,2106204,2106205,2106201,2106202,0,0,0,0
1790140729.0149024,-3,3,-1,-4,4330,9461,880,31283,2106234,2106235,2106231,2106232,0,0,0,0
1790140729.2079084,0,-1,-2,-1,4310,9471,895,31268,2106264,2106265,2106261,2106262,0,0,0,0
1790140729.2249007,2,-5,-4,-3,4306,9474,899,31266,2106294,2106295,2106291,2106292,0,0,0,0
1790140729.2249007,-1,6,3,1,4315,9462,887,31274,2106354,2106355,2106351,2106352,0,0,0,0
1790140729.417877,-3,5,-5,0,4321,9463,886,31277,2106414,2106415,2106411,2106412,0,0,0,0
1790140729.433569,2,2,-1,3,4320,9469,889,31277,2106474,2106475,2106471,2106472,0,0,0,0
1790140729.6257992,20,-3,8,-6,4325,9468,889,31279,2106504,2106505,2106501,2106502,0,0,0,0
1790140729.6257992,-6,5,-1,3,4342,9458,878,31291,2106594,2106595,2106591,2106592,0,0,0,0
1790140729.8359709,-1,5,-1,0,4344,9457,877,31292,2106624,2106625,2106621,2106622,0,0,0,0
1790140729.8359709,-1,-1,-1,3,4340,9459,880,31290,2106684,2106685,2106681,2106682,0,0,0,0
1790140729.8461866,2,-2,1,4,4342,9456,878,31291,2106714,2106715,2106711,2106712,0,0,0,0
1790140730.0295565,-3,-2,-2,6,4343,9453,876,31293,2106744,2106745,2106741,2106742,0,0,0,0
1790140730.046638,2,1,1,-2,4375,9486,888,31298,2106834,2106835,2106831,2106832,0,0,0,0
1790140730.2236915,-3,0,2,-5,4361,9492,900,31290,2106894,2106895,2106891,2106892,0,0,0,0
1790140730.2236915,-1,-7,3,-2,4358,9492,901,31288,2106954,2106955,2106951,2106952,0,0,0,0
1790140730.4478397,-5,-1,2,0,4360,9495,902,31288,2106984,2106985,2106981,2106982,0,0,0,0
1790140730.4478397,-2,-3,-4,-4,4386,9510,906,31301,2107044,2107045,2107041,2107042,0,0,0,0
1790140730.4639647,-3,2,1,2,4383,9512,907,31297,2107074,2107075,2107071,2107072,0,0,0,0
1790140730.6489275,2,3,0,-2,4373,9512,907,31292,2107104,2107105,2107101,2107102,0,0,0,0
1790140730.6584513,3,2,2,-4,4371,9514,910,31289,2107164,2107165,2107161,2107162,0,0,0,0
1790140730.8524246,1,-1,6,0,4363,9513,912,31286,2107224,2107225,2107221,2107222,0,0,0,0
1790140730.8524246,0,0,6,3,4337,9539,929,31264,2107314,2107315,2107311,2107312,0,0,0,0
1790140731.0627637,1,-5,0,0,4348,9540,937,31269,2107374,2107375,2107371,2107372,0,0,0,0
1790140731.0627637,-1,2,-1,2,4354,9531,930,31278,2107434,2107435,2107431,2107432,0,0,0,0
1790140731.2729142,1,-5,3,-2,4348,9539,935,31272,2107554,2107555,2107551,2107552,0,0,0,0
1790140731.3077736,1,-3,-2,3,4350,9537,935,31273,2107584,2107585,2107581,2107582,0,0,0,0
1790140731.4636912,0,-1,0,-2,4352,9537,932,31274,2107614,2107615,2107611,2107612,0,0,0,0
1790140731.4796448,-1,-2,-4,-1,4355,9539,935,31280,2107674,2107675,2107671,2107672,0,0,0,0
1790140731.5750055,5,2,-3,-1,4366,9544,934,31282,2107764,2107765,2107761,2107762,0,0,0,0
1790140731.6393971,5,2,-3,-1,4366,9544,934,31282,2107764,2107765,2107761,2107762,0,0,0,0
1790140731.6711311,1,-3,-5,1,4385,9530,930,31288,2107824,2107825,2107821,2107822,0,0,0,0
1790140731.7084446,1,-3,-5,1,4385,9530,930,31288,2107824,2107825,2107821,2107822,0,0,0,0
1790140731.7835433,74,-58,-42,47,6446,7862,88,32246,2107884,2107885,2107881,2107882,0,0,0,0
1790140731.831423,74,-58,-42,47,6446,7862,88,32246,2107884,2107885,2107881,2107882,0,0,0,0
1790140731.84747,81,-73,-85,67,10143,4232,29377,3340,2107944,2107945,2107941,2107942,0,0,0,0
1790140731.8974845,96,-74,-82,65,12168,2189,27130,5588,2107974,2107975,2107971,2107972,0,0,0,0
1790140731.9757276,79,-67,-84,68,14226,109,25062,7769,2108004,2108005,2108001,2108002,0,0,0,0
1790140732.0400605,56,-56,-60,48,17822,29315,21452,11375,2108064,2108065,2108061,2108062,0,0,0,0
1790140732.1047118,49,-44,-50,35,19100,28040,20050,12754,2108094,2108095,2108091,2108092,0,0,0,0
1790140732.1593308,44,-41,-38,42,20265,26804,18896,13959,2108124,2108125,2108121,2108122,0,0,0,0
1790140732.2967632,50,-45,-46,42,21520,25646,17658,15107,2108154,2108155,2108151,2108152,0,0,0,0
1790140732.2967632,53,-67,-55,66,24450,22664,14799,18092,2108214,2108215,2108211,2108212,0,0,0,0
1790140732.3607004,71,-60,-71,56,26167,20852,12953,19769,2108244,2108245,2108241,2108242,0,0,0,0
1790140732.4308727,59,-85,-72,63,28040,19033,11184,21688,2108274,2108275,2108271,2108272,0,0,0,0
1790140732.473379,69,-53,-61,66,29786,17233,9384,23463,2108304,2108305,2108301,2108302,0,0,0,0
1790140732.5377483,50,-64,-63,65,31419,15640,7729,25200,2108334,2108335,2108331,2108332,0,0,0,0
1790140732.6071255,52,-49,-67,50,181,14142,6168,26674,2108364,2108365,2108361,2108362,0,0,0,0
1790140732.6774652,53,-45,-49,48,1552,12635,4686,28147,2108394,2108395,2108391,2108392,0,0,0,0
1790140732.6810737,55,-52,-37,57,2997,11393,3302,29559,2108424,2108425,2108421,2108422,0,0,0,0
1790140732.713009,46,-58,-62,53,4462,9765,1866,30991,2108454,2108455,2108451,2108452,0,0,0,0
1790140732.7672513,60,-61,-64,53,5958,8298,398,32524,2108484,2108485,2108481,2108482,0,0,0,0
1790140732.8076851,71,-61,-56,64,7595,6748,31554,1378,2108514,2108515,2108511,2108512,0,0,0,0
1790140732.8638895,55,-65,-62,58,9268,5045,29790,3071,2108544,2108545,2108541,2108542,0,0,0,0
1790140732.903019,50,-51,-57,62,10860,3332,28151,4794,2108574,2108575,2108571,2108572,0,0,0,0
1790140733.003655,58,-76,-57,67,12553,1743,26504,6473,2108604,2108605,2108601,2108602,0,0,0,0
1790140733.0644038,49,-55,-58,46,14070,173,24930,8013,2108634,2108635,2108631,2108632,0,0,0,0
1790140733.0644038,63,-51,-54,56,15641,31423,23413,9572,2108664,2108665,2108661,2108662,0,0,0,0
1790140733.128494,63,-64,-51,55,17138,29958,21849,11065,2108694,2108695,2108691,2108692,0,0,0,0
1790140733.1839588,41,-60,-67,57,18619,28419,20326,12661,2108724,2108725,2108721,2108722,0,0,0,0
1790140733.3050501,59,-55,-60,55,20122,26853,18852,14149,2108754,2108755,2108751,2108752,0,0,0,0
1790140733.3172307,66,-61,-44,74,21716,25314,17300,15759,2108784,2108785,2108781,2108782,0,0,0,0
1790140733.3172307,48,-64,-75,50,23372,23695,15722,17347,2108814,2108815,2108811,2108812,0,0,0,0
1790140733.3851063,71,-54,-52,62,25009,22075,14045,18947,2108844,2108845,2108841,2108842,0,0,0,0
1790140733.4286673,54,-51,-60,67,26623,20458,12372,20604,2108874,2108875,2108871,2108872,0,0,0,0
1790140733.508298,51,-59,-64,50,28251,18805,10738,22145,2108904,2108905,2108901,2108902,0,0,0,0
1790140733.565426,61,-53,-52,61,29803,17242,9253,23780,2108934,2108935,2108931,2108932,0,0,0,0
1790140733.6254332,49,-62,-57,52,31341,15789,7691,25347,2108964,2108965,2108961,2108962,0,0,0,0
1790140733.715935,50,-63,-53,55,3089,11229,3144,29943,2109054,2109055,2109051,2109052,0,0,0,0
1790140733.9409413,-3,18,10,-10,4677,10230,2311,30994,2109174,2109175,2109171,2109172,0,0,0,0
1790140734.1360717,-9,17,13,-13,4213,11130,2931,30204,2109234,2109235,2109231,2109232,0,0,0,0
1790140734.1360717,-7,3,6,-5,3997,11353,3178,30009,2109264,2109265,2109261,2109262,0,0,0,0
1790140734.1360717,-4,2,3,-3,3821,11466,3302,29867,2109294,2109295,2109291,2109292,0,0,0,0
1790140734.3281858,-1,0,-3,-1,3495,11743,3594,29505,2109414,2109415,2109411,2109412,0,0,0,0
1790140734.420146,4,-1,-2,-2,3447,11786,3641,29450,2109444,2109445,2109441,2109442,0,0,0,0
1790140734.427747,0,4,1,1,3407,11827,3684,29406,2109474,2109475,2109471,2109472,0,0,0,0
1790140734.5204487,-2,0,3,-2,3373,11858,3722,29370,2109504,2109505,2109501,2109502,0,0,0,0
1790140734.745821,-4,0,-1,-3,3349,11887,3751,29338,2109534,2109535,2109531,2109532,0,0,0,0
1790140734.745821,-5,2,-4,1,3293,11943,3818,29277,2109624,2109625,2109621,2109622,0,0,0,0
1790140734.7618043,-1,-2,2,0,3283,11954,3829,29265,2109654,2109655,2109651,2109652,0,0,0,0
1790140734.9227474,1,0,3,3,3279,11958,3835,29261,2109684,2109685,2109681,2109682,0,0,0,0
1790140734.9227474,-1,0,-3,2,3279,11958,3836,29261,2109714,2109715,2109711,2109712,0,0,0,0
1790140734.9388618,2,2,0,0,3283,11955,3832,29263,2109774,2109775,2109771,2109772,0,0,0,0
1790140735.1484907,1,6,-4,-2,3301,11935,3818,29287,2109864,2109865,2109861,2109862,0,0,0,0
1790140735.1664877,-2,1,1,0,3297,11944,3823,29283,2109894,2109895,2109891,2109892,0,0,0,0
1790140735.358626,-6,0,-4,-1,3244,12003,3887,29227,2110014,2110015,2110011,2110012,0,0,0,0
1790140735.4226925,-3,-4,8,-2,3240,12004,3889,29224,2110044,2110045,2110041,2110042,0,0,0,0
1790140735.4388714,-1,-4,-1,-10,3244,12001,3887,29227,2110104,2110105,2110101,2110102,0,0,0,0
1790140735.539464,4,2,2,3,3250,12000,3889,29232,2110164,2110165,2110161,2110162,0,0,0,0
1790140735.7150316,-5,1,-2,1,3248,11999,3886,29227,2110194,2110195,2110191,2110192,0,0,0,0
1790140735.728477,-2,-3,-3,-4,3238,12003,3899,29220,2110254,2110255,2110251,2110252,0,0,0,0
1790140735.7816942,-2,-1,3,-4,3239,12005,3901,29221,2110284,2110285,2110281,2110282,0,0,0,0
1790140735.9803877,-4,-3,0,-1,3245,12012,3924,29242,2110314,2110315,2110311,2110312,0,0,0,0
1790140735.9874256,-5,0,-1,1,3234,12019,3928,29225,2110404,2110405,2110401,2110402,0,0,0,0
1790140736.1825688,3,-4,-3,2,3233,12019,3928,29224,2110464,2110465,2110461,2110462,0,0,0,0
1790140736.1825688,-3,-1,0,-1,3241,12011,3920,29231,2110524,2110525,2110521,2110522,0,0,0,0
1790140736.3897684,4,2,23,-2,3241,12011,3922,29230,2110584,2110585,2110581,2110582,0,0,0,0
1790140736.4055183,-8,3,0,-2,3273,11989,3896,29265,2110644,2110645,2110641,2110642,0,0,0,0
1790140736.4055183,1,-3,2,-2,3264,11998,3902,29258,2110674,2110675,2110671,2110672,0,0,0,0
1790140736.5349631,0,3,2,0,3249,12011,3916,29242,2110704,2110705,2110701,2110702,0,0,0,0
1790140736.5507517,2,-1,0,-3,3234,12021,3928,29226,2110734,2110735,2110731,2110732,0,0,0,0
1790140736.567157,-1,-1,0,-3,3226,12023,3933,29219,2110764,2110765,2110761,2110762,0,0,0,0
1790140736.599626,-4,2,1,-3,3228,12020,3931,29221,2110794,2110795,2110791,2110792,0,0,0,0
1790140736.7974555,4,-3,-3,1,3270,11981,3891,29265,2110854,2110855,2110851,2110852,0,0,0,0
1790140736.8098927,0,3,-4,-4,3252,12002,3905,29247,2110914,2110915,2110911,2110912,0,0,0,0
1790140736.92294,-2,-2,2,-7,3224,12026,3937,29218,2110974,2110975,2110971,2110972,0,0,0,0
1790140737.0031197,0,1,0,-1,3223,12028,3941,29217,2111004,2111005,2111001,2111002,0,0,0,0
1790140737.1997185,-3,-1,0,0,3227,12025,3937,29219,2111034,2111035,2111031,2111032,0,0,0,0
1790140737.1997185,0,1,2,2,3225,12026,3937,29219,2111124,2111125,2111121,2111122,0,0,0,0
1790140737.2289922,6,-5,0,-1,3223,12028,3940,29216,2111154,2111155,2111151,2111152,0,0,0,0
1790140737.407293,-2,-2,-4,2,3231,12020,3931,29223,2111244,2111245,2111241,2111242,0,0,0,0
1790140737.4265869,3,1,0,-1,3229,12021,3932,29223,2111274,2111275,2111271,2111272,0,0,0,0
1790140737.5369873,1,0,1,-1,3227,12024,3936,29221,2111334,2111335,2111331,2111332,0,0,0,0
1790140737.6168303,-2,-1,1,-3,3229,12021,3933,29222,2111364,2111365,2111361,2111362,0,0,0,0
1790140737.6168303,2,-4,1,0,3233,12018,3929,29227,2111394,2111395,2111391,2111392,0,0,0,0
1790140737.8110929,0,-30,3,2,3233,12017,3929,29227,2111484,2111485,2111481,2111482,0,0,0,0
1790140737.8281553,2,0,0,-5,3233,12017,3928,29227,2111514,2111515,2111511,2111512,0,0,0,0
1790140738.0271811,-3,0,1,-2,3234,12016,3927,29227,2111604,2111605,2111601,2111602,0,0,0,0
1790140738.2299366,-3,1,1,0,3234,12016,3927,29228,2111694,2111695,2111691,2111692,0,0,0,0
1790140738.247825,6,-5,-2,-1,3225,12005,3922,29218,2111754,2111755,2111751,2111752,0,0,0,0
1790140738.4074097,0,-4,-3,0,3230,12021,3935,29222,2111814,2111815,2111811,2111812,0,0,0,0
1790140738.4232585,1,1,-2,-2,3233,12021,3934,29226,2111844,2111845,2111841,2111842,0,0,0,0
1790140738.5525367,-1,1,-1,-2,3238,12018,3929,29230,2111874,2111875,2111871,2111872,0,0,0,0
1790140738.5525367,2,1,2,-1,3240,12016,3927,29234,2111904,2111905,2111901,2111902,0,0,0,0
1790140738.5682023,-7,1,3,-2,3246,12017,3928,29238,2111934,2111935,2111931,2111932,0,0,0,0
1790140738.643444,1,2,-5,-1,3244,12013,3923,29235,2111994,2111995,2111991,2111992,0,0,0,0
1790140738.8419309,1,-2,-2,-2,3237,12023,3935,29227,2112114,2112115,2112111,2112112,0,0,0,0
1790140739.0375173,-1,2,0,1,3239,12021,3931,29230,2112144,2112145,2112141,2112142,0,0,0,0
1790140739.0535896,-1,-1,1,2,3188,12071,3981,29177,2112264,2112265,2112261,2112262,0,0,0,0
1790140739.1824324,0,1,-1,1,3183,12066,3986,29177,2112294,2112295,2112291,2112292,0,0,0,0
1790140739.2625666,2,3,2,0,3202,12058,3973,29195,2112384,2112385,2112381,2112382,0,0,0,0
1790140739.457244,-5,-2,-2,2,3195,12066,3980,29188,2112444,2112445,2112441,2112442,0,0,0,0
1790140739.457244,2,-1,0,-2,3194,12067,3981,29185,2112504,2112505,2112501,2112502,0,0,0,0
1790140739.56901,-2,3,-2,-3,3195,12065,3980,29186,2112534,2112535,2112531,2112532,0,0,0,0
1790140739.6661541,72,81,52,72,4010,13238,4603,29935,2112564,2112565,2112561,2112562,0,0,0,0
1790140739.6661541,49,43,60,48,5648,14792,6225,31475,2112594,2112595,2112591,2112592,0,0,0,0
1790140739.8441284,38,45,55,43,6946,16011,7605,59,2112624,2112625,2112621,2112622,0,0,0,0
1790140739.8441284,62,51,53,56,9762,18702,10597,3076,2112684,2112685,2112681,2112682,0,0,0,0
1790140739.8441284,50,57,63,45,11231,20277,12149,4625,2112714,2112715,2112711,2112712,0,0,0,0
1790140740.069856,59,49,54,64,14312,23404,15220,7536,2112774,2112775,2112771,2112772,0,0,0,0
1790140740.069856,59,49,58,56,17618,26507,18492,10637,2112834,2112835,2112831,2112832,0,0,0,0
1790140740.0891705,66,48,60,63,19201,28127,20001,12291,2112864,2112865,2112861,2112862,0,0,0,0
1790140740.2799277,52,69,54,51,25758,1760,26604,18629,2112984,2112985,2112981,2112982,0,0,0,0
1790140740.4746048,69,50,60,68,27479,3426,28213,20212,2113014,2113015,2113011,2113012,0,0,0,0
1790140740.4746048,63,58,65,73,32379,8191,414,25162,2113104,2113105,2113101,2113102,0,0,0,0
1790140740.5548682,46,58,55,57,1111,9854,2047,26713,2113134,2113135,2113131,2113132,0,0,0,0
1790140740.6833854,26,29,21,30,2362,11041,3341,28042,2113164,2113165,2113161,2113162,0,0,0,0
1790140740.6833854,20,16,28,20,3027,11653,4043,28821,2113194,2113195,2113191,2113192,0,0,0,0
1790140740.8985605,12,10,14,15,3509,12076,4633,29308,2113224,2113225,2113221,2113222,0,0,0,0
1790140740.8985605,-2,3,-3,0,3630,12203,4834,29480,2113284,2113285,2113281,2113282,0,0,0,0
1790140741.0969155,-2,-1,-2,0,3561,12278,4907,29404,2113434,2113435,2113431,2113432,0,0,0,0
1790140741.0969155,3,-3,-6,1,3557,12284,4914,29398,2113464,2113465,2113461,2113462,0,0,0,0
1790140741.2869174,3,-4,2,-3,3554,12288,4916,29394,2113494,2113495,2113491,2113492,0,0,0,0
1790140741.2869174,2,2,-2,1,3553,12286,4917,29395,2113554,2113555,2113551,2113552,0,0,0,0
1790140741.2869174,0,-6,0,2,3554,12286,4915,29395,2113584,2113585,2113581,2113582,0,0,0,0
1790140741.5075793,-4,-1,1,1,3554,12285,4915,29396,2113614,2113615,2113611,2113612,0,0,0,0
1790140741.516246,1,1,0,-2,3526,12284,4880,29335,2113704,2113705,2113701,2113702,0,0,0,0
1790140741.5552766,-1,1,-2,-1,3515,12301,4893,29321,2113734,2113735,2113731,2113732,0,0,0,0
1790140741.7001064,-4,-2,-2,-2,3495,12314,4911,29300,2113824,2113825,2113821,2113822,0,0,0,0
1790140741.716639,-1,-1,-2,0,3501,12308,4907,29305,2113854,2113855,2113851,2113852,0,0,0,0
1790140741.9175198,2,0,-4,-3,3504,12306,4902,29309,2113884,2113885,2113881,2113882,0,0,0,0
1790140741.9175198,-3,-1,5,3,3510,12307,4904,29319,2113914,2113915,2113911,2113912,0,0,0,0
1790140741.9289913,-2,-5,-2,0,3524,12247,4850,29333,2113974,2113975,2113971,2113972,0,0,0,0
1790140742.0889628,-4,0,-1,-4,3522,12289,4877,29323,2114034,2114035,2114031,2114032,0,0,0,0
1790140742.1072598,3,-7,2,4,3530,12263,4884,29316,2114094,2114095,2114091,2114092,0,0,0,0
1790140742.1650615,34,-31,-12,16,3944,11812,4591,29567,2114124,2114125,2114121,2114122,0,0,0,0
1790140742.2299597,82,-65,-41,50,5767,10293,3681,30546,2114154,2114155,2114151,2114152,0,0,0,0
1790140742.3263094,75,-71,-62,61,7676,8625,2219,32619,2114184,2114185,2114181,2114182,0,0,0,0
1790140742.328322,72,-77,-81,82,9526,6675,389,1923,2114214,2114215,2114211,2114212,0,0,0,0
1790140742.406781,75,-61,-88,92,11625,4569,30943,4192,2114244,2114245,2114241,2114242,0,0,0,0
1790140742.4228892,57,-68,-76,86,13820,2547,28745,6328,2114274,2114275,2114271,2114272,0,0,0,0
1790140742.487455,72,-64,-60,58,15703,737,26756,8155,2114304,2114305,2114301,2114302,0,0,0,0
1790140742.5352714,51,-59,-51,57,17269,31922,25197,9848,2114334,2114335,2114331,2114332,0,0,0,0
1790140742.5673425,36,-44,-53,44,18578,30652,23876,11095,2114364,2114365,2114361,2114362,0,0,0,0
1790140742.663701,33,-45,-41,40,19731,29428,22649,12295,2114394,2114395,2114391,2114392,0,0,0,0
1790140742.7475777,55,-48,-57,48,22312,26803,20015,14907,2114454,2114455,2114451,2114452,0,0,0,0
1790140742.7948697,64,-62,-62,64,23912,25199,18523,16554,2114484,2114485,2114481,2114482,0,0,0,0
1790140742.8576586,60,-64,-69,60,25683,23426,16733,18337,2114514,2114515,2114511,2114512,0,0,0,0
1790140742.9236553,81,-75,-61,78,27604,21626,14820,20131,2114544,2114545,2114541,2114542,0,0,0,0
1790140742.985831,59,-60,-73,53,29311,19832,12971,21941,2114574,2114575,2114571,2114572,0,0,0,0
1790140743.0062416,54,-57,-46,61,31013,18164,11405,23552,2114604,2114605,2114601,2114602,0,0,0,0
1790140743.05019,49,-57,-50,63,32525,16654,9843,25177,2114634,2114635,2114631,2114632,0,0,0,0
1790140743.1231833,28,-51,-58,45,1062,15258,8443,26522,2114664,2114665,2114661,2114662,0,0,0,0
1790140743.1302764,52,-45,-54,44,2507,13938,7009,27954,2114694,2114695,2114691,2114692,0,0,0,0
1790140743.2431092,60,-55,-54,54,3963,12361,5552,29363,2114724,2114725,2114721,2114722,0,0,0,0
1790140743.2624571,56,-69,-61,59,5514,10867,4015,30934,2114754,2114755,2114751,2114752,0,0,0,0
1790140743.3079734,54,-50,-55,52,7080,9209,2324,32586,2114784,2114785,2114781,2114782,0,0,0,0
1790140743.3238635,63,-58,-64,70,8852,7578,651,1504,2114814,2114815,2114811,2114812,0,0,0,0
1790140743.3873177,55,-70,-58,54,10475,5919,31686,3248,2114844,2114845,2114841,2114842,0,0,0,0
1790140743.4359355,72,-60,-62,61,12029,4294,30029,4952,2114874,2114875,2114871,2114872,0,0,0,0
1790140743.5485477,50,-91,-56,65,13745,2744,28488,6546,2114904,2114905,2114901,2114902,0,0,0,0
1790140743.5645027,54,-57,-50,44,15171,1179,26924,8010,2114934,2114935,2114931,2114932,0,0,0,0
1790140743.5806077,51,-49,-56,56,16616,32588,25492,9486,2114964,2114965,2114961,2114962,0,0,0,0
1790140743.6442966,56,-57,-54,56,18185,31055,24017,10944,2114994,2114995,2114991,2114992,0,0,0,0
1790140743.7086215,51,-67,-66,55,19675,29427,22438,12607,2115024,2115025,2115021,2115022,0,0,0,0
1790140743.7577765,55,-52,-62,57,21246,27918,20864,14170,2115054,2115055,2115051,2115052,0,0,0,0
1790140743.82563,60,-62,-61,77,22956,26309,19263,15864,2115084,2115085,2115081,2115082,0,0,0,0
1790140743.8858132,58,-62,-59,51,24511,24648,17523,17448,2115114,2115115,2115111,2115112,0,0,0,0
1790140743.9017878,61,-61,-63,64,26103,23017,15994,19033,2115144,2115145,2115141,2115142,0,0,0,0
1790140743.965625,57,-64,-64,54,27806,21398,14369,20670,2115174,2115175,2115171,2115172,0,0,0,0
1790140744.030275,56,-53,-28,52,29258,19867,12752,22205,2115204,2115205,2115201,2115202,0,0,0,0
1790140744.0786443,58,-55,-56,58,30887,18344,11301,23743,2115234,2115235,2115231,2115232,0,0,0,0
1790140744.1609442,54,-54,-57,56,32443,16775,9699,25308,2115264,2115265,2115261,2115262,0,0,0,0
1790140744.3684251,12,-3,10,15,4719,11846,4915,30400,2115384,2115385,2115381,2115382,0,0,0,0
1790140744.3843625,-5,8,6,-4,5122,12579,5334,30489,2115444,2115445,2115441,2115442,0,0,0,0
1790140744.5805173,-7,-3,-1,-4,4731,12906,5696,30033,2115534,2115535,2115531,2115532,0,0,0,0
1790140744.5805173,-2,1,-6,0,4708,12930,5729,30000,2115564,2115565,2115561,2115562,0,0,0,0
1790140744.609408,0,2,-4,4,4737,12901,5709,30029,2115594,2115595,2115591,2115592,0,0,0,0
1790140744.776433,0,-2,-1,1,4844,12772,5591,30143,2115654,2115655,2115651,2115652,0,0,0,0
1790140744.7869928,1,-2,1,1,4895,12720,5535,30191,2115684,2115685,2115681,2115682,0,0,0,0
1790140744.991292,-5,3,1,0,4967,12637,5444,30261,2115804,2115805,2115801,2115802,0,0,0,0
1790140745.1050441,2,1,3,7,4971,12635,5443,30264,2115834,2115835,2115831,2115832,0,0,0,0
1790140745.1207104,-1,0,-3,-6,4986,12638,5443,30273,2115894,2115895,2115891,2115892,0,0,0,0
1790140745.2068572,-2,-1,6,-10,4984,12640,5445,30271,2115954,2115955,2115951,2115952,0,0,0,0
1790140745.380518,-1,-5,-8,-2,4982,12637,5443,30270,2115984,2115985,2115981,2115982,0,0,0,0
1790140745.380518,-6,-1,-1,2,4982,12634,5439,30271,2116014,2116015,2116011,2116012,0,0,0,0
1790140745.5934417,-3,4,-3,0,4984,12635,5442,30273,2116074,2116075,2116071,2116072,0,0,0,0
1790140745.799821,0,0,1,-3,5015,12613,5416,30298,2116194,2116195,2116191,2116192,0,0,0,0
1790140745.799821,-3,2,2,-8,4998,12629,5434,30284,2116284,2116285,2116281,2116282,0,0,0,0
1790140746.0102086,2,-4,0,1,4999,12628,5433,30284,2116314,2116315,2116311,2116312,0,0,0,0
1790140746.0102086,-1,-4,0,-2,4989,12618,5420,30272,2116404,2116405,2116401,2116402,0,0,0,0
1790140746.0253382,3,-1,0,6,4999,12619,5420,30282,2116434,2116435,2116431,2116432,0,0,0,0
1790140746.203378,1,-8,-2,0,5013,12610,5422,30298,2116494,2116495,2116491,2116492,0,0,0,0
1790140746.2193122,-2,-6,0,10,5026,12608,5414,30306,2116554,2116555,2116551,2116552,0,0,0,0
1790140746.4109137,3,0,0,-1,5023,12610,5413,30304,2116584,2116585,2116581,2116582,0,0,0,0
1790140746.4270647,0,4,-2,-1,5012,12623,5434,30299,2116644,2116645,2116641,2116642,0,0,0,0
1790140746.6225677,0,3,0,-3,5009,12624,5438,30298,2116674,2116675,2116671,2116672,0,0,0,0
1790140746.631572,-3,-4,-1,0,5012,12620,5436,30304,2116704,2116705,2116701,2116702,0,0,0,0
1790140746.631572,-1,1,-3,1,5020,12615,5428,30307,2116734,2116735,2116731,2116732,0,0,0,0
1790140746.631572,-1,-3,1,-1,5025,12610,5424,30312,2116764,2116765,2116761,2116762,0,0,0,0
1790140746.6423657,-2,1,-4,-2,5026,12607,5422,30314,2116794,2116795,2116791,2116792,0,0,0,0
1790140746.8319404,-4,-1,4,-1,5024,12611,5424,30312,2116854,2116855,2116851,2116852,0,0,0,0
1790140746.8319404,-2,-3,-1,-1,5018,12604,5421,30305,2116884,2116885,2116881,2116882,0,0,0,0
1790140746.84791,2,1,-5,0,5037,12576,5391,30322,2116914,2116915,2116911,2116912,0,0,0,0
1790140747.0092468,1,-2,-5,3,5082,12572,5383,30359,2116974,2116975,2116971,2116972,0,0,0,0
1790140747.0252914,1,2,4,6,5080,12572,5379,30357,2117004,2117005,2117001,2117002,0,0,0,0
1790140747.2390237,1,2,1,-2,5071,12570,5377,30353,2117034,2117035,2117031,2117032,0,0,0,0
1790140747.2448926,1,0,7,-1,5062,12564,5378,30347,2117064,2117065,2117061,2117062,0,0,0,0
1790140747.2448926,-4,3,-1,0,5092,12538,5348,30372,2117124,2117125,2117121,2117122,0,0,0,0
1790140747.2512722,0,3,-2,-4,5094,12542,5346,30370,2117154,2117155,2117151,2117152,0,0,0,0
1790140747.4454594,-1,-3,-3,0,5067,12562,5371,30349,2117274,2117275,2117271,2117272,0,0,0,0
1790140747.6233628,-1,-3,5,-4,5071,12557,5368,30352,2117364,2117365,2117361,2117362,0,0,0,0
1790140747.6464581,-1,2,-1,-5,5070,12558,5368,30352,2117394,2117395,2117391,2117392,0,0,0,0
1790140747.852649,-4,0,0,-3,5070,12559,5369,30351,2117424,2117425,2117421,2117422,0,0,0,0
1790140747.852649,-1,-2,1,-3,5068,12560,5371,30350,2117484,2117485,2117481,2117482,0,0,0,0
1790140747.8636084,-5,0,4,-1,5070,12558,5368,30351,2117514,2117515,2117511,2117512,0,0,0,0
1790140748.0583544,-1,-2,0,-2,5071,12557,5367,30353,2117604,2117605,2117601,2117602,0,0,0,0
1790140748.268586,-1,1,3,-2,5074,12557,5367,30355,2117754,2117755,2117751,2117752,0,0,0,0
1790140748.4604356,2,5,2,-1,5088,12545,5353,30365,2117874,2117875,2117871,2117872,0,0,0,0
1790140748.6374755,-4,-3,-1,-4,5085,12547,5354,30363,2117904,2117905,2117901,2117902,0,0,0,0
1790140748.6508615,-1,4,-2,-4,5090,12554,5362,30364,2117994,2117995,2117991,2117992,0,0,0,0
1790140748.8293302,1,2,-3,1,5069,12539,5349,30355,2118024,2118025,2118021,2118022,0,0,0,0
1790140748.8767486,-1,-3,-2,-2,5084,12551,5361,30363,2118144,2118145,2118141,2118142,0,0,0,0
1790140749.08294,-1,-2,-2,1,5095,12559,5365,30369,2118174,2118175,2118171,2118172,0,0,0,0
1790140749.08294,-3,4,1,-1,5084,12545,5354,30364,2118264,2118265,2118261,2118262,0,0,0,0
1790140749.2887766,1,0,-3,-5,5078,12551,5362,30358,2118294,2118295,2118291,2118292,0,0,0,0
1790140749.2887766,4,-3,-2,-5,5072,12556,5368,30355,2118324,2118325,2118321,2118322,0,0,0,0
1790140749.2887766,-3,-1,3,-1,5070,12558,5371,30352,2118384,2118385,2118381,2118382,0,0,0,0
1790140749.4953177,-2,-1,2,-2,5069,12558,5370,30352,2118414,2118415,2118411,2118412,0,0,0,0
1790140749.4953177,-1,0,0,-1,5038,12589,5421,30333,2118504,2118505,2118501,2118502,0,0,0,0
1790140749.622256,1,0,1,1,5059,12576,5394,30345,2118564,2118565,2118561,2118562,0,0,0,0
1790140749.6382518,0,1,-1,1,5064,12559,5379,30354,2118594,2118595,2118591,2118592,0,0,0,0
1790140749.7024736,3,0,-4,-4,5072,12551,5373,30361,2118624,2118625,2118621,2118622,0,0,0,0
1790140749.900976,1,-1,0,-4,5073,12556,5375,30362,2118654,2118655,2118651,2118652,0,0,0,0
1790140749.900976,0,-5,-1,0,5062,12566,5386,30351,2118744,2118745,2118741,2118742,0,0,0,0
1790140749.928304,2,-1,-6,4,5065,12564,5384,30353,2118774,2118775,2118771,2118772,0,0,0,0
1790140750.105464,-66,-52,-71,-50,4563,12023,5009,29998,2118834,2118835,2118831,2118832,0,0,0,0
1790140750.314551,-46,-45,-53,-60,220,7884,711,25703,2118924,2118925,2118921,2118922,0,0,0,0
1790140750.314551,-52,-57,-55,-58,30138,4983,30329,22590,2118984,2118985,2118981,2118982,0,0,0,0
1790140750.330261,-59,-51,-56,-59,28519,3387,28855,21155,2119014,2119015,2119011,2119012,0,0,0,0
1790140750.5149248,-57,-66,-52,-65,25387,310,25672,18044,2119074,2119075,2119071,2119072,0,0,0,0
1790140750.5149248,-65,-54,-42,-54,23817,31419,24145,16342,2119104,2119105,2119101,2119102,0,0,0,0
1790140750.5232236,-52,-69,-68,-55,22188,29893,22418,14733,2119134,2119135,2119131,2119132,0,0,0,0
1790140750.6613004,-64,-54,-60,-58,20629,28162,20815,13128,2119164,2119165,2119161,2119162,0,0,0,0
1790140750.6676524,-62,-54,-57,-62,19014,26549,19233,11545,2119194,2119195,2119191,2119192,0,0,0,0
1790140750.715869,-52,-54,-65,-61,17357,24957,17551,10024,2119224,2119225,2119221,2119222,0,0,0,0
1790140750.715869,-66,-60,-59,-61,15837,23422,16084,8219,2119254,2119255,2119251,2119252,0,0,0,0
1790140750.9261005,-61,-55,-61,-48,10942,18567,11102,3281,2119344,2119345,2119341,2119342,0,0,0,0
1790140751.134537,-71,-62,-50,-55,7673,15274,7942,119,2119404,2119405,2119401,2119402,0,0,0,0
1790140751.134537,-71,-62,-50,-55,7673,15274,7942,119,2119404,2119405,2119401,2119402,0,0,0,0
1790140751.134537,-19,-26,-14,-25,5621,13247,5705,30836,2119464,2119465,2119461,2119462,0,0,0,0
1790140751.328654,0,-4,-12,-10,4937,12416,4616,29925,2119524,2119525,2119521,2119522,0,0,0,0
1790140751.328654,0,-4,-12,-10,4937,12416,4616,29925,2119524,2119525,2119521,2119522,0,0,0,0
1790140751.328654,1,3,0,4,4990,12346,4350,29795,2119584,2119585,2119581,2119582,0,0,0,0
1790140751.3447673,1,3,0,4,4990,12346,4350,29795,2119584,2119585,2119581,2119582,0,0,0,0
1790140751.3447673,-3,-2,2,-8,5000,12342,4346,29820,2119644,2119645,2119641,2119642,0,0,0,0
1790140751.5382073,-3,-2,2,-8,5000,12342,4346,29820,2119644,2119645,2119641,2119642,0,0,0,0
1790140751.5382073,0,0,-1,0,4944,12398,4403,29765,2119764,2119765,2119761,2119762,0,0,0,0
1790140751.6692688,-6,1,-4,2,4947,12397,4402,29767,2119794,2119795,2119791,2119792,0,0,0,0
1790140751.6692688,-1,-2,-2,0,4953,12390,4395,29775,2119824,2119825,2119821,2119822,0,0,0,0
1790140751.7475274,-1,-2,3,0,4958,12385,4391,29781,2119854,2119855,2119851,2119852,0,0,0,0
1790140751.9532073,1,3,6,1,4958,12385,4390,29782,2119884,2119885,2119881,2119882,0,0,0,0
1790140751.9532073,-1,2,-1,2,4968,12401,4401,29790,2119914,2119915,2119911,2119912,0,0,0,0
1790140751.9532073,-2,1,-2,0,4979,12405,4400,29793,2119944,2119945,2119941,2119942,0,0,0,0
1790140751.9532073,-1,0,2,2,4981,12394,4390,29800,2119974,2119975,2119971,2119972,0,0,0,0
1790140751.9677691,-6,3,0,3,4983,12388,4386,29804,2120004,2120005,2120001,2120002,0,0,0,0
1790140752.1512544,0,-4,-4,0,4977,12398,4395,29798,2120094,2120095,2120091,2120092,0,0,0,0
1790140752.171315,0,-3,2,-1,4976,12399,4396,29796,2120124,2120125,2120121,2120122,0,0,0,0
1790140752.3586195,-2,-4,10,-2,4944,12414,4406,29762,2120214,2120215,2120211,2120212,0,0,0,0
1790140752.3712013,-4,-1,2,-1,4948,12452,4457,29769,2120244,2120245,2120241,2120242,0,0,0,0
1790140752.4727662,-4,0,0,-2,4940,12432,4440,29764,2120304,2120305,2120301,2120302,0,0,0,0
1790140752.5483239,-2,-3,-4,-5,4956,12426,4434,29786,2120334,2120335,2120331,2120332,0,0,0,0
1790140752.5964997,3,-6,-9,1,4996,12390,4408,29820,2120364,2120365,2120361,2120362,0,0,0,0
1790140752.6601012,36,-36,-33,18,5423,11985,4155,30099,2120394,2120395,2120391,2120392,0,0,0,0
1790140752.6918561,56,-75,-41,67,6917,10270,3291,30951,2120424,2120425,2120421,2120422,0,0,0,0
1790140752.7719479,62,-64,-73,52,9085,8437,1741,32761,2120454,2120455,2120451,2120452,0,0,0,0
1790140752.7880566,76,-83,-74,69,10941,6617,32530,2048,2120484,2120485,2120481,2120482,0,0,0,0
1790140752.8541331,74,-63,-80,91,13055,4490,30365,4356,2120514,2120515,2120511,2120512,0,0,0,0
1790140752.889059,72,-74,-83,86,15123,2447,28228,6510,2120544,2120545,2120541,2120542,0,0,0,0
1790140752.9306529,65,-61,-66,73,17034,598,26296,8398,2120574,2120575,2120571,2120572,0,0,0,0
1790140752.9784822,44,-56,-55,53,18624,31841,24697,10060,2120604,2120605,2120601,2120602,0,0,0,0
1790140753.1077185,39,-50,-40,47,21101,29394,22156,12517,2120664,2120665,2120661,2120662,0,0,0,0
1790140753.1290638,48,-49,-55,41,22312,28214,21000,13765,2120694,2120695,2120691,2120692,0,0,0,0
1790140753.235869,65,-68,-73,67,25352,25253,18070,16805,2120754,2120755,2120751,2120752,0,0,0,0
1790140753.2994337,74,-67,-74,55,27091,23414,16368,18557,2120784,2120785,2120781,2120782,0,0,0,0
1790140753.3657184,63,-70,-71,78,28962,21591,14388,20416,2120814,2120815,2120811,2120812,0,0,0,0
1790140753.379567,70,-53,-59,52,30756,19816,12533,22204,2120844,2120845,2120841,2120842,0,0,0,0
1790140753.4304645,55,-63,-68,68,32474,18203,10857,23937,2120874,2120875,2120871,2120872,0,0,0,0
1790140753.4927723,46,-51,-52,45,1110,16684,9368,25523,2120904,2120905,2120901,2120902,0,0,0,0
1790140753.5089319,49,-35,-47,45,2527,15260,7982,26819,2120934,2120935,2120931,2120932,0,0,0,0
1790140753.5576067,57,-42,-49,47,3909,13932,6597,28233,2120964,2120965,2120961,2120962,0,0,0,0
1790140753.6870923,52,-49,-56,65,5397,12434,5163,29723,2120994,2120995,2120991,2120992,0,0,0,0
1790140753.7030134,49,-65,-56,46,6909,10963,3628,31227,2121024,2121025,2121021,2121022,0,0,0,0
1790140753.75154,59,-50,-57,59,8571,9261,2000,66,2121054,2121055,2121051,2121052,0,0,0,0
1790140753.767744,57,-61,-70,68,10252,7594,327,1878,2121084,2121085,2121081,2121082,0,0,0,0
1790140753.8164499,63,-64,-61,67,11828,5916,31391,3494,2121114,2121115,2121111,2121112,0,0,0,0
1790140753.9454045,65,-59,-66,60,13555,4328,29608,5285,2121144,2121145,2121141,2121142,0,0,0,0
1790140753.9613097,51,-51,-49,58,16561,1146,26553,8316,2121204,2121205,2121201,2121202,0,0,0,0
1790140754.0810852,57,-54,-57,56,18136,32512,25105,9862,2121234,2121235,2121231,2121232,0,0,0,0
1790140754.0903816,48,-52,-57,55,19575,31019,23619,11314,2121264,2121265,2121261,2121262,0,0,0,0
1790140754.1492379,53,-61,-48,58,21060,29483,21990,12903,2121294,2121295,2121291,2121292,0,0,0,0
1790140754.2015991,68,-49,-66,63,22673,27909,20433,14497,2121324,2121325,2121321,2121322,0,0,0,0
1790140754.2655125,51,-64,-55,56,24314,26310,18871,16154,2121354,2121355,2121351,2121352,0,0,0,0
1790140754.2817202,52,-54,-50,60,25915,24663,17261,17725,2121384,2121385,2121381,2121382,0,0,0,0
1790140754.3458483,62,-58,-71,57,27614,23103,15635,19350,2121414,2121415,2121411,2121412,0,0,0,0
1790140754.394421,56,-66,-55,59,29152,21494,13993,20952,2121444,2121445,2121441,2121442,0,0,0,0
1790140754.4282951,64,-51,-51,62,30732,19876,12375,22537,2121474,2121475,2121471,2121472,0,0,0,0
1790140754.5226698,60,-56,-66,62,32325,18366,10842,24151,2121504,2121505,2121501,2121502,0,0,0,0
1790140754.618349,36,-50,-55,51,991,16874,9361,25638,2121534,2121535,2121531,2121532,0,0,0,0
1790140754.618349,58,-42,-66,55,4052,13949,6265,28672,2121594,2121595,2121591,2121592,0,0,0,0
1790140754.8169808,15,0,5,12,6075,12071,4336,30743,2121654,2121655,2121651,2121652,0,0,0,0
1790140754.8279207,5,-5,-7,6,6633,11688,4351,31070,2121714,2121715,2121711,2121712,0,0,0,0
1790140755.0219228,-4,0,-2,-2,6798,11542,4165,31231,2121774,2121775,2121771,2121772,0,0,0,0
1790140755.0219228,4,-4,2,0,6842,11496,4107,31278,2121804,2121805,2121801,2121802,0,0,0,0
1790140755.2306058,-1,1,1,-3,6864,11473,4075,31302,2121834,2121835,2121831,2121832,0,0,0,0
1790140755.2306058,-2,1,8,-1,6854,11485,4084,31292,2121894,2121895,2121891,2121892,0,0,0,0
1790140755.2513318,0,-1,0,-3,6841,11499,4102,31278,2121924,2121925,2121921,2121922,0,0,0,0
1790140755.252339,2,-1,-5,0,6835,11506,4114,31271,2121984,2121985,2121981,2121982,0,0,0,0
1790140755.438962,0,3,0,-3,6851,11482,4087,31287,2122074,2122075,2122071,2122072,0,0,0,0
1790140755.551223,-4,4,4,1,6860,11486,4092,31291,2122134,2122135,2122131,2122132,0,0,0,0
1790140755.6357384,0,1,3,-3,6859,11486,4090,31289,2122164,2122165,2122161,2122162,0,0,0,0
1790140755.7278051,1,0,5,0,6859,11486,4089,31289,2122224,2122225,2122221,2122222,0,0,0,0
1790140755.8254716,3,-1,0,-4,6857,11482,4085,31289,2122284,2122285,2122281,2122282,0,0,0,0
1790140755.8254716,2,1,-1,-2,6856,11485,4090,31288,2122314,2122315,2122311,2122312,0,0,0,0
1790140756.0514746,1,-1,3,-1,6858,11486,4091,31290,2122344,2122345,2122341,2122342,0,0,0,0
1790140756.0514746,-1,7,-5,-6,6875,11466,4063,31306,2122434,2122435,2122431,2122432,0,0,0,0
1790140756.245177,-3,-2,2,-4,6857,11487,4093,31287,2122524,2122525,2122521,2122522,0,0,0,0
1790140756.2610266,-2,2,-2,-2,6864,11478,4084,31294,2122554,2122555,2122551,2122552,0,0,0,0
1790140756.4556184,-1,0,0,5,6867,11473,4077,31299,2122584,2122585,2122581,2122582,0,0,0,0
1790140756.4556184,-1,-1,2,-1,6855,11471,4066,31279,2122674,2122675,2122671,2122672,0,0,0,0
1790140756.6396577,-2,2,-4,0,6877,11476,4079,31305,2122704,2122705,2122701,2122702,0,0,0,0
1790140756.6490166,-1,-1,1,4,6877,11474,4066,31299,2122734,2122735,2122731,2122732,0,0,0,0
1790140756.6529584,3,-2,-4,0,6865,11474,4071,31292,2122794,2122795,2122791,2122792,0,0,0,0
1790140756.7286386,-6,2,-3,-7,6864,11471,4069,31290,2122824,2122825,2122821,2122822,0,0,0,0
1790140756.8562064,-1,-3,-2,-1,6873,11479,4080,31301,2122854,2122855,2122851,2122852,0,0,0,0
1790140756.8562064,-3,2,-3,1,6868,11474,4074,31295,2122884,2122885,2122881,2122882,0,0,0,0
1790140756.8562064,2,-2,-3,0,6863,11479,4081,31290,2122914,2122915,2122911,2122912,0,0,0,0
1790140757.0624743,-4,5,-8,-2,6864,11482,4081,31286,2122944,2122945,2122941,2122942,0,0,0,0
1790140757.0624743,-2,-2,1,3,6867,11473,4073,31293,2123004,2123005,2123001,2123002,0,0,0,0
1790140757.083907,-3,-1,2,-2,6867,11474,4074,31293,2123064,2123065,2123061,2123062,0,0,0,0
1790140757.2689342,4,5,-6,-2,6868,11473,4075,31293,2123124,2123125,2123121,2123122,0,0,0,0
1790140757.2877617,0,4,-2,-2,6892,11446,4040,31318,2123184,2123185,2123181,2123182,0,0,0,0
1790140757.4590383,2,1,-3,-2,6885,11450,4039,31308,2123214,2123215,2123211,2123212,0,0,0,0
1790140757.4590383,-8,7,-9,-5,6872,11462,4058,31295,2123244,2123245,2123241,2123242,0,0,0,0
1790140757.477038,1,1,-1,3,6864,11471,4072,31288,2123274,2123275,2123271,2123272,0,0,0,0
1790140757.6823466,-6,-2,-2,-5,6873,11462,4063,31294,2123334,2123335,2123331,2123332,0,0,0,0
1790140757.6823466,0,3,0,0,6887,11451,4041,31311,2123424,2123425,2123421,2123422,0,0,0,0
1790140757.7194204,2,4,-1,-2,6868,11471,4067,31291,2123454,2123455,2123451,2123452,0,0,0,0
1790140757.8922565,-3,-2,0,-2,6861,11479,4080,31283,2123484,2123485,2123481,2123482,0,0,0,0
1790140757.8922565,0,0,-3,1,6867,11473,4073,31289,2123514,2123515,2123511,2123512,0,0,0,0
1790140757.8957705,0,1,1,-4,6875,11462,4061,31298,2123544,2123545,2123541,2123542,0,0,0,0
1790140757.9134617,8,-9,-2,1,6880,11457,4053,31303,2123574,2123575,2123571,2123572,0,0,0,0
1790140758.0975292,0,25,5,-3,6878,11458,4053,31302,2123604,2123605,2123601,2123602,0,0,0,0
1790140758.0975292,-1,1,7,0,6876,11460,4058,31299,2123634,2123635,2123631,2123632,0,0,0,0
1790140758.110847,-4,4,-1,0,6874,11462,4062,31297,2123694,2123695,2123691,2123692,0,0,0,0
1790140758.3057332,2,0,-1,2,6871,11465,4063,31294,2123784,2123785,2123781,2123782,0,0,0,0
1790140758.3124077,-6,5,-2,0,6869,11466,4066,31293,2123814,2123815,2123811,2123812,0,0,0,0
1790140758.5065162,4,4,2,-3,6872,11465,4064,31295,2123844,2123845,2123841,2123842,0,0,0,0
1790140758.5065162,0,-3,1,1,6874,11463,4059,31297,2123904,2123905,2123901,2123902,0,0,0,0
1790140758.6996527,2,1,5,0,6873,11462,4061,31296,2123934,2123935,2123931,2123932,0,0,0,0
1790140758.6996527,-2,9,-4,-1,6874,11461,4061,31297,2123964,2123965,2123961,2123962,0,0,0,0
1790140758.715612,-1,-3,-2,-4,6877,11460,4056,31300,2124024,2124025,2124021,2124022,0,0,0,0
1790140758.73137,1,-1,-4,-2,6877,11459,4057,31299,2124054,2124055,2124051,2124052,0,0,0,0
1790140758.9078877,0,3,-4,-4,6880,11455,4053,31303,2124114,2124115,2124111,2124112,0,0,0,0
1790140758.9078877,-1,-2,-6,5,6882,11452,4049,31306,2124144,2124145,2124141,2124142,0,0,0,0
1790140759.120366,23,4,0,-1,6883,11453,4049,31307,2124174,2124175,2124171,2124172,0,0,0,0
1790140759.120366,5,-3,4,2,6888,11461,4060,31310,2124234,2124235,2124231,2124232,0,0,0,0
1790140759.1317499,3,-1,6,-3,6890,11460,4053,31310,2124264,2124265,2124261,2124262,0,0,0,0
1790140759.3010602,4,3,0,-3,6886,11458,4053,31311,2124294,2124295,2124291,2124292,0,0,0,0
1790140759.3010602,3,-3,-2,-3,6883,11464,4056,31306,2124324,2124325,2124321,2124322,0,0,0,0
1790140759.3076174,0,2,-4,-3,6880,11464,4057,31302,2124354,2124355,2124351,2124352,0,0,0,0
1790140759.3076174,0,1,-1,-4,6879,11461,4057,31300,2124384,2124385,2124381,2124382,0,0,0,0
1790140759.51794,0,-3,2,-1,6891,11463,4059,31308,2124474,2124475,2124471,2124472,0,0,0,0
1790140759.744233,-4,0,0,-5,6891,11457,4048,31311,2124504,2124505,2124501,2124502,0,0,0,0
1790140759.744233,5,-6,1,-2,6888,11459,4050,31308,2124534,2124535,2124531,2124532,0,0,0,0
1790140759.744233,1,-1,-6,-2,6884,11462,4059,31304,2124654,2124655,2124651,2124652,0,0,0,0
1790140759.9376502,2,-4,4,2,6885,11461,4055,31304,2124684,2124685,2124681,2124682,0,0,0,0
1790140759.9376502,0,-5,8,-1,6864,11479,4070,31282,2124744,2124745,2124741,2124742,0,0,0,0
1790140759.9533098,2,-7,-2,0,6865,11504,4112,31281,2124774,2124775,2124771,2124772,0,0,0,0
1790140760.145727,3,0,1,1,6872,11492,4092,31289,2124804,2124805,2124801,2124802,0,0,0,0
1790140760.145727,2,2,-3,0,6887,11466,4059,31305,2124864,2124865,2124861,2124862,0,0,0,0
1790140760.145727,0,0,1,-3,6883,11466,4058,31303,2124894,2124895,2124891,2124892,0,0,0,0
1790140760.3384886,0,0,-2,1,6877,11471,4065,31297,2124924,2124925,2124921,2124922,0,0,0,0
1790140760.3543746,1,-2,-1,0,6882,11470,4066,31301,2125014,2125015,2125011,2125012,0,0,0,0
1790140760.3704553,6,-4,-1,9,6883,11468,4063,31302,2125044,2125045,2125041,2125042,0,0,0,0
1790140760.5489624,-3,3,0,2,6880,11471,4065,31299,2125074,2125075,2125071,2125072,0,0,0,0
1790140760.557449,-2,-1,-3,2,6884,11482,4081,31301,2125104,2125105,2125101,2125102,0,0,0,0
1790140760.557449,2,1,-5,0,6887,11471,4064,31302,2125164,2125165,2125161,2125162,0,0,0,0
1790140760.6701486,-5,3,2,-6,6881,11470,4065,31300,2125224,2125225,2125221,2125222,0,0,0,0
1790140760.750998,2,2,-2,-2,6876,11473,4069,31295,2125254,2125255,2125251,2125252,0,0,0,0
1790140760.8150182,2,-8,-2,7,6910,11433,4055,31310,2125284,2125285,2125281,2125282,0,0,0,0
1790140760.8667324,51,-35,-20,16,7361,10949,3772,31529,2125314,2125315,2125311,2125312,0,0,0,0
1790140760.9341972,63,-63,-36,49,9230,9492,3075,32582,2125344,2125345,2125341,2125342,0,0,0,0
1790140760.9468985,79,-61,-65,78,11216,7859,1631,1784,2125374,2125375,2125371,2125372,0,0,0,0
1790140761.0096176,78,-73,-67,91,13187,5965,32462,3723,2125404,2125405,2125401,2125402,0,0,0,0
1790140761.058142,76,-85,-86,85,15303,3810,30291,5996,2125434,2125435,2125431,2125432,0,0,0,0
1790140761.058142,79,-81,-77,74,17471,1829,28118,8189,2125464,2125465,2125461,2125462,0,0,0,0
1790140761.1705265,70,-44,-65,55,19367,32736,26193,10241,2125494,2125495,2125491,2125492,0,0,0,0
1790140761.1705265,51,-47,-55,66,20950,31284,24611,11837,2125524,2125525,2125521,2125522,0,0,0,0
1790140761.2675147,43,-43,-31,49,22240,30047,23271,13165,2125554,2125555,2125551,2125552,0,0,0,0
1790140761.320831,34,-40,-37,44,23431,28816,22063,14332,2125584,2125585,2125581,2125582,0,0,0,0
1790140761.320831,43,-53,-47,61,24638,27599,20897,15584,2125614,2125615,2125611,2125612,0,0,0,0
1790140761.4439619,52,-57,-41,55,26066,26217,19541,17024,2125644,2125645,2125641,2125642,0,0,0,0
1790140761.5099638,61,-58,-72,55,27770,24595,17988,18564,2125674,2125675,2125671,2125672,0,0,0,0
1790140761.5237305,69,-71,-69,82,29462,22831,16233,20318,2125704,2125705,2125701,2125702,0,0,0,0
1790140761.572926,60,-60,-64,61,31335,20966,14330,22258,2125734,2125735,2125731,2125732,0,0,0,0
1790140761.588868,71,-69,-61,63,337,19214,12471,24109,2125764,2125765,2125761,2125762,0,0,0,0
1790140761.6375513,65,-57,-67,46,1975,17570,10790,25777,2125794,2125795,2125791,2125792,0,0,0,0
1790140761.7175333,50,-43,-51,64,3454,16182,9271,27279,2125824,2125825,2125821,2125822,0,0,0,0
1790140761.7495844,51,-49,-52,54,4869,14705,7860,28705,2125854,2125855,2125851,2125852,0,0,0,0
1790140761.837574,59,-60,-56,44,6282,13367,6511,30140,2125884,2125885,2125881,2125882,0,0,0,0
1790140761.8503957,64,-48,-60,61,7737,11901,5036,31557,2125914,2125915,2125911,2125912,0,0,0,0
1790140761.9122608,59,-59,-72,59,10825,8719,1819,2001,2125974,2125975,2125971,2125972,0,0,0,0
1790140761.9592571,60,-64,-67,59,12517,7057,156,3613,2126004,2126005,2126001,2126002,0,0,0,0
1790140762.0075862,59,-59,-51,61,14181,5409,31261,5387,2126034,2126035,2126031,2126032,0,0,0,0
1790140762.0878193,60,-66,-63,58,15877,3774,29524,7022,2126064,2126065,2126061,2126062,0,0,0,0
1790140762.1067467,65,-56,-63,66,17440,2234,28020,8689,2126094,2126095,2126091,2126092,0,0,0,0
1790140762.168272,53,-49,-59,47,18909,691,26449,10243,2126124,2126125,2126121,2126122,0,0,0,0
1790140762.2318904,58,-57,-54,52,20429,31970,24988,11668,2126154,2126155,2126151,2126152,0,0,0,0
1790140762.3518589,51,-52,-53,63,21922,30527,23513,13189,2126184,2126185,2126181,2126182,0,0,0,0
1790140762.3928044,67,-76,-67,46,25010,27389,20408,16330,2126244,2126245,2126241,2126242,0,0,0,0
1790140762.4126601,54,-58,-62,60,26603,25795,18789,17906,2126274,2126275,2126271,2126272,0,0,0,0
1790140762.4895318,53,-58,-57,54,28257,24188,17164,19572,2126304,2126305,2126301,2126302,0,0,0,0
1790140762.5385654,66,-58,-77,61,29890,22549,15493,21229,2126334,2126335,2126331,2126332,0,0,0,0
1790140762.6021252,48,-54,-49,66,31484,20888,13949,22808,2126364,2126365,2126361,2126362,0,0,0,0
1790140762.6073446,52,-62,-58,42,304,19378,12270,24374,2126394,2126395,2126391,2126392,0,0,0,0
1790140762.6832576,59,-60,-61,49,1797,17822,10726,25896,2126424,2126425,2126421,2126422,0,0,0,0
1790140762.747675,50,-48,-54,66,3350,16399,9292,27421,2126454,2126455,2126451,2126452,0,0,0,0
1790140762.7637818,51,-56,-59,51,4844,14801,7787,28988,2126484,2126485,2126481,2126482,0,0,0,0
1790140762.812613,56,-87,-71,59,6419,13217,6236,30528,2126514,2126515,2126511,2126512,0,0,0,0
1790140763.0085797,11,-22,-2,21,8452,11079,3969,136,2126574,2126575,2126571,2126572,0,0,0,0
1790140763.0386348,4,-10,-4,3,9278,10259,3214,805,2126634,2126635,2126631,2126632,0,0,0,0
1790140763.156695,0,4,-4,-2,9424,10165,3043,935,2126694,2126695,2126691,2126692,0,0,0,0
1790140763.167685,-1,1,2,-1,9429,10152,3028,940,2126724,2126725,2126721,2126722,0,0,0,0
1790140763.2319553,-4,1,2,0,9415,10166,3042,928,2126754,2126755,2126751,2126752,0,0,0,0
1790140763.4160144,1,1,5,4,9381,10206,3086,893,2126814,2126815,2126811,2126812,0,0,0,0
1790140763.430961,3,2,4,2,9366,10219,3103,877,2126874,2126875,2126871,2126872,0,0,0,0
1790140763.621326,3,11,0,-3,9370,10215,3098,882,2126934,2126935,2126931,2126932,0,0,0,0
1790140763.621326,-1,-1,-2,-5,9375,10211,3095,887,2126994,2126995,2126991,2126992,0,0,0,0
1790140763.7325964,2,2,2,1,9372,10213,3096,883,2127054,2127055,2127051,2127052,0,0,0,0
1790140763.778484,3,3,1,4,9372,10212,3097,884,2127084,2127085,2127081,2127082,0,0,0,0
1790140763.9068847,3,-5,6,2,9374,10210,3094,886,2127114,2127115,2127111,2127112,0,0,0,0
1790140763.9229782,0,-2,-3,-2,9374,10210,3093,885,2127144,2127145,2127141,2127142,0,0,0,0
1790140763.9229782,-2,-2,5,0,9372,10212,3096,884,2127174,2127175,2127171,2127172,0,0,0,0
1790140764.0354025,0,-7,-3,0,9370,10214,3098,882,2127204,2127205,2127201,2127202,0,0,0,0
1790140764.0354025,2,-4,-4,0,9387,10207,3096,899,2127234,2127235,2127231,2127232,0,0,0,0
1790140764.2325132,-2,1,0,1,9397,10182,3066,911,2127264,2127265,2127261,2127262,0,0,0,0
1790140764.2325132,2,-4,-2,0,9387,10200,3083,901,2127324,2127325,2127321,2127322,0,0,0,0
1790140764.2455373,-3,-2,0,1,9374,10212,3096,888,2127354,2127355,2127351,2127352,0,0,0,0
1790140764.4389632,-2,0,-1,-1,9364,10223,3108,878,2127384,2127385,2127381,2127382,0,0,0,0
1790140764.4389632,0,-2,-3,-4,9368,10218,3105,880,2127474,2127475,2127471,2127472,0,0,0,0
1790140764.6484768,3,-1,3,-2,9380,10219,3101,890,2127564,2127565,2127561,2127562,0,0,0,0
1790140764.6484768,-1,10,-1,4,9376,10216,3094,882,2127594,2127595,2127591,2127592,0,0,0,0
1790140764.7909606,-3,-2,-6,-1,9361,10214,3104,875,2127654,2127655,2127651,2127652,0,0,0,0
1790140764.806894,2,-4,-1,-1,9359,10220,3111,873,2127684,2127685,2127681,2127682,0,0,0,0
1790140764.842188,2,1,1,1,9361,10225,3115,874,2127714,2127715,2127711,2127712,0,0,0,0
1790140765.0615883,-1,-4,0,3,9358,10228,3122,878,2127864,2127865,2127861,2127862,0,0,0,0
1790140765.252865,1,1,-5,0,9363,10228,3119,879,2127924,2127925,2127921,2127922,0,0,0,0
1790140765.2686462,2,1,-7,2,9366,10224,3116,881,2127954,2127955,2127951,2127952,0,0,0,0
1790140765.2686462,0,5,1,-14,9367,10222,3113,883,2127984,2127985,2127981,2127982,0,0,0,0
1790140765.4598432,3,-2,-1,3,9367,10221,3114,883,2128014,2128015,2128011,2128012,0,0,0,0
1790140765.4598432,1,-5,-4,-3,9367,10222,3115,883,2128044,2128045,2128041,2128042,0,0,0,0
1790140765.4757218,1,-1,1,1,9373,10200,3094,888,2128074,2128075,2128071,2128072,0,0,0,0
1790140765.639022,-1,1,2,-3,9374,10218,3105,891,2128164,2128165,2128161,2128162,0,0,0,0
1790140765.6505234,4,4,1,2,9360,10224,3116,876,2128194,2128195,2128191,2128192,0,0,0,0
1790140765.8011136,2,-2,2,0,9353,10228,3122,870,2128224,2128225,2128221,2128222,0,0,0,0
1790140765.815068,-3,2,1,5,9391,10197,3087,903,2128314,2128315,2128311,2128312,0,0,0,0
1790140765.8923767,-3,-3,0,3,9380,10203,3095,896,2128344,2128345,2128341,2128342,0,0,0,0
1790140766.0701013,-1,3,4,0,9358,10230,3122,871,2128404,2128405,2128401,2128402,0,0,0,0
1790140766.0861328,3,-1,-3,0,9363,10225,3117,876,2128464,2128465,2128461,2128462,0,0,0,0
1790140766.28011,0,0,-22,4,9360,10228,3119,873,2128584,2128585,2128581,2128582,0,0,0,0
1790140766.4939797,-4,3,0,0,9367,10222,3114,879,2128704,2128705,2128701,2128702,0,0,0,0
1790140766.6990578,0,0,-3,0,9367,10220,3112,880,2128734,2128735,2128731,2128732,0,0,0,0
1790140766.6990578,3,1,-4,-1,9372,10216,3107,884,2128794,2128795,2128791,2128792,0,0,0,0
1790140766.6990578,-1,-1,-2,-2,9373,10215,3107,886,2128824,2128825,2128821,2128822,0,0,0,0
1790140766.8149514,-1,0,2,0,9371,10218,3109,883,2128854,2128855,2128851,2128852,0,0,0,0
1790140766.8311615,1,3,-2,-2,9370,10219,3111,882,2128914,2128915,2128911,2128912,0,0,0,0
1790140766.9078288,1,-2,-3,-6,9375,10213,3104,887,2128944,2128945,2128941,2128942,0,0,0,0
1790140767.1014607,-2,3,-2,-5,9379,10208,3100,892,2128974,2128975,2128971,2128972,0,0,0,0
1790140767.1014607,1,-2,0,2,9376,10213,3103,889,2129064,2129065,2129061,2129062,0,0,0,0
1790140767.3149338,-2,-2,1,0,9376,10214,3105,888,2129094,2129095,2129091,2129092,0,0,0,0
1790140767.3149338,0,-1,-4,-1,9377,10212,3103,890,2129124,2129125,2129121,2129122,0,0,0,0
1790140767.3270173,1,-4,4,2,9379,10220,3108,895,2129214,2129215,2129211,2129212,0,0,0,0
1790140767.4882646,7,1,0,-4,9370,10217,3109,888,2129244,2129245,2129241,2129242,0,0,0,0
1790140767.5041418,1,-1,-1,3,9368,10212,3112,883,2129304,2129305,2129301,2129302,0,0,0,0
1790140767.665321,1,0,-3,-3,9376,10212,3108,890,2129334,2129335,2129331,2129332,0,0,0,0
1790140767.665321,4,3,2,0,9393,10206,3096,905,2129424,2129425,2129421,2129422,0,0,0,0
1790140767.7293026,2,-3,5,-3,9390,10207,3099,900,2129454,2129455,2129451,2129452,0,0,0,0
1790140767.8383868,4,-1,-2,-1,9385,10212,3104,896,2129484,2129485,2129481,2129482,0,0,0,0
1790140767.8476515,1,3,1,1,9383,10215,3108,894,2129514,2129515,2129511,2129512,0,0,0,0
1790140767.9236667,1,3,3,-4,9384,10213,3108,896,2129544,2129545,2129541,2129542,0,0,0,0
1790140767.9236667,0,1,4,-4,9388,10212,3104,898,2129574,2129575,2129571,2129572,0,0,0,0
1790140768.0996895,1,-3,1,-3,9357,10233,3122,867,2129664,2129665,2129661,2129662,0,0,0,0
1790140768.2402368,-4,-3,-2,4,9356,10255,3147,866,2129724,2129725,2129721,2129722,0,0,0,0
1790140768.2445772,3,5,-8,1,9365,10243,3134,872,2129754,2129755,2129751,2129752,0,0,0,0
1790140768.3413277,3,-1,2,0,9369,10227,3120,880,2129784,2129785,2129781,2129782,0,0,0,0
1790140768.3413277,4,1,-4,3,9373,10221,3113,882,2129814,2129815,2129811,2129812,0,0,0,0
1790140768.5176687,1,1,1,2,9376,10226,3117,887,2129904,2129905,2129901,2129902,0,0,0,0
1790140768.7446148,2,0,1,0,9376,10224,3116,885,2129934,2129935,2129931,2129932,0,0,0,0
1790140768.7446148,-42,-44,-52,-49,5779,6720,32558,30420,2130054,2130055,2130051,2130052,0,0,0,0
1790140768.7446148,-47,-50,-56,-51,4515,5381,31104,29055,2130084,2130085,2130081,2130082,0,0,0,0
1790140768.843638,-46,-57,-57,-65,3079,3902,29523,27511,2130114,2130115,2130111,2130112,0,0,0,0
1790140768.9440901,-60,-68,-51,-55,1612,2499,27991,26032,2130144,2130145,2130141,2130142,0,0,0,0
1790140768.95381,-53,-68,-58,-66,31309,32066,24963,22913,2130204,2130205,2130201,2130202,0,0,0,0
1790140769.0446646,-69,-55,-56,-55,29672,30471,23364,21411,2130234,2130235,2130231,2130232,0,0,0,0
1790140769.1476054,-51,-55,-54,-55,28076,28815,21804,19788,2130264,2130265,2130261,2130262,0,0,0,0
1790140769.1476054,-58,-50,-57,-68,24702,25559,18705,16610,2130324,2130325,2130321,2130322,0,0,0,0
1790140769.358106,-63,-62,-64,-59,21581,22460,15286,13231,2130384,2130385,2130381,2130382,0,0,0,0
1790140769.358106,-56,-60,-58,-58,19999,20820,13718,11575,2130414,2130415,2130411,2130412,0,0,0,0
1790140769.3740902,-59,-58,-55,-57,18475,19286,11972,10059,2130444,2130445,2130441,2130442,0,0,0,0
1790140769.5666845,-69,-58,-51,-63,16760,17525,10389,8291,2130474,2130475,2130471,2130472,0,0,0,0
1790140769.5666845,-56,-61,-59,-61,15092,16031,8913,6821,2130504,2130505,2130501,2130502,0,0,0,0
1790140769.5666845,-52,-51,-53,-61,11710,12649,5714,3500,2130564,2130565,2130561,2130562,0,0,0,0
1790140769.5990546,-33,-31,-34,-30,10494,11450,4398,2239,2130594,2130595,2130591,2130592,0,0,0,0
1790140769.766321,-22,-28,-15,-20,9793,10668,3594,1560,2130624,2130625,2130621,2130622,0,0,0,0
1790140769.766321,-6,-12,-16,-20,9358,10194,3119,1004,2130654,2130655,2130651,2130652,0,0,0,0
1790140769.7761052,0,2,-3,-2,9262,10128,2864,776,2130684,2130685,2130681,2130682,0,0,0,0
1790140769.8727531,-2,1,0,-3,9247,10182,2922,766,2130714,2130715,2130711,2130712,0,0,0,0
1790140769.8727531,-5,1,5,-5,9216,10248,3023,761,2130744,2130745,2130741,2130742,0,0,0,0
1790140769.9881065,0,3,6,-3,9165,10298,3092,715,2130774,2130775,2130771,2130772,0,0,0,0
1790140770.1806808,2,-3,3,-3,9117,10352,3149,661,2130804,2130805,2130801,2130802,0,0,0,0
1790140770.1806808,3,-3,4,3,9006,10460,3260,538,2130894,2130895,2130891,2130892,0,0,0,0
1790140770.1806808,0,2,3,-3,8995,10471,3272,526,2130924,2130925,2130921,2130922,0,0,0,0
1790140770.3527324,-3,-1,-1,0,9026,10439,3245,563,2131014,2131015,2131011,2131012,0,0,0,0
1790140770.3921719,15,1,-5,0,9033,10435,3239,571,2131044,2131045,2131041,2131042,0,0,0,0
1790140770.587752,2,2,1,5,9031,10437,3240,569,2131074,2131075,2131071,2131072,0,0,0,0
1790140770.587752,4,1,-3,-6,9032,10439,3250,579,2131164,2131165,2131161,2131162,0,0,0,0
1790140770.796194,0,1,-4,0,9034,10439,3248,584,2131194,2131195,2131191,2131192,0,0,0,0
1790140770.7991009,-4,2,-4,4,9027,10444,3254,577,2131284,2131285,2131281,2131282,0,0,0,0
1790140770.9923015,-7,4,7,-2,9005,10449,3257,553,2131374,2131375,2131371,2131372,0,0,0,0
1790140771.0085886,0,3,2,-2,8986,10497,3294,535,2131404,2131405,2131401,2131402,0,0,0,0
1790140771.1023917,-1,3,1,-2,8990,10493,3312,554,2131464,2131465,2131461,2131462,0,0,0,0
1790140771.1663043,-1,-3,0,2,9000,10479,3299,566,2131494,2131495,2131491,2131492,0,0,0,0
1790140771.1984951,-3,2,3,1,9011,10467,3289,577,2131524,2131525,2131521,2131522,0,0,0,0
1790140771.1984951,6,-5,-1,4,9075,10385,3248,627,2131554,2131555,2131551,2131552,0,0,0,0
1790140771.2462544,46,-40,-21,25,9542,9860,2935,1035,2131584,2131585,2131581,2131582,0,0,0,0
1790140771.3147373,66,-70,-67,46,11461,7878,1838,2106,2131614,2131615,2131611,2131612,0,0,0,0
1790140771.3639,71,-70,-73,95,13414,6036,154,3883,2131644,2131645,2131641,2131642,0,0,0,0
1790140771.406319,73,-85,-80,78,15274,4164,30994,5924,2131674,2131675,2131671,2131672,0,0,0,0
1790140771.5605812,71,-59,-68,56,19431,32,26583,10257,2131734,2131735,2131731,2131732,0,0,0,0
1790140771.5700276,66,-68,-66,67,21236,31058,24724,12041,2131764,2131765,2131761,2131762,0,0,0,0
1790140771.631115,59,-59,-47,51,22849,29533,23174,13643,2131794,2131795,2131791,2131792,0,0,0,0
1790140771.6950808,47,-49,-37,38,24104,28255,21845,14880,2131824,2131825,2131821,2131822,0,0,0,0
1790140771.7431781,44,-45,-49,36,25322,26958,20660,16141,2131854,2131855,2131851,2131852,0,0,0,0
1790140771.8270156,48,-45,-44,39,26513,25774,19394,17415,2131884,2131885,2131881,2131882,0,0,0,0
1790140771.8270156,46,-49,-59,49,27976,24343,17993,18796,2131914,2131915,2131911,2131912,0,0,0,0
1790140771.8937514,65,-65,-66,77,29544,22738,16461,20481,2131944,2131945,2131941,2131942,0,0,0,0
1790140771.94705,58,-64,-66,63,31434,20932,14624,22239,2131974,2131975,2131971,2131972,0,0,0,0
1790140771.999568,71,-76,-67,69,470,19065,12736,24147,2132004,2132005,2132001,2132002,0,0,0,0
1790140771.999568,54,-53,-75,52,2204,17359,10923,25896,2132034,2132035,2132031,2132032,0,0,0,0
1790140772.1345005,61,-59,-53,58,3798,15843,9345,27684,2132064,2132065,2132061,2132062,0,0,0,0
1790140772.1478355,57,-58,-52,47,5274,14329,7837,29162,2132094,2132095,2132091,2132092,0,0,0,0
1790140772.1960227,44,-54,-57,54,6709,12801,6450,30584,2132124,2132125,2132121,2132122,0,0,0,0
1790140772.209165,48,-50,-54,60,8109,11532,5052,31998,2132154,2132155,2132151,2132152,0,0,0,0
1790140772.2739313,54,-57,-60,61,9509,10037,3546,669,2132184,2132185,2132181,2132182,0,0,0,0
1790140772.3869255,64,-67,-56,51,11036,8507,2029,2232,2132214,2132215,2132211,2132212,0,0,0,0
1790140772.4027092,60,-57,-68,72,12697,6846,430,3940,2132244,2132245,2132241,2132242,0,0,0,0
1790140772.451182,65,-66,-57,50,14296,5172,31469,5632,2132274,2132275,2132271,2132272,0,0,0,0
1790140772.4670854,54,-51,-71,68,16050,3477,29726,7373,2132304,2132305,2132301,2132302,0,0,0,0
1790140772.5317278,61,-67,-63,56,17700,1910,28054,9068,2132334,2132335,2132331,2132332,0,0,0,0
1790140772.5804772,61,-53,-49,51,19303,258,26477,10596,2132364,2132365,2132361,2132362,0,0,0,0
1790140772.6453218,54,-48,-55,65,20808,31504,25001,12136,2132394,2132395,2132391,2132392,0,0,0,0
1790140772.7236047,57,-54,-42,53,23712,28639,22038,15091,2132454,2132455,2132451,2132452,0,0,0,0
1790140772.787688,61,-61,-67,66,25289,26999,20472,16689,2132484,2132485,2132481,2132482,0,0,0,0
1790140772.8531482,53,-60,-59,63,26799,25507,18944,18262,2132514,2132515,2132511,2132512,0,0,0,0
1790140772.9033008,60,-64,-48,51,28440,23865,17308,19810,2132544,2132545,2132541,2132542,0,0,0,0
1790140772.9671822,57,-61,-72,66,30116,22218,15679,21523,2132574,2132575,2132571,2132572,0,0,0,0
1790140773.026053,64,-54,-59,38,31707,20606,14067,23202,2132604,2132605,2132601,2132602,0,0,0,0
1790140773.0897536,58,-63,-61,63,576,18924,12354,24790,2132634,2132635,2132631,2132632,0,0,0,0
1790140773.1056166,51,-55,-69,55,2087,17418,10785,26350,2132664,2132665,2132661,2132662,0,0,0,0
1790140773.1690414,54,-58,-47,47,3575,16014,9331,27886,2132694,2132695,2132691,2132692,0,0,0,0
1790140773.2480605,60,-54,-54,58,5127,14454,7816,29359,2132724,2132725,2132721,2132722,0,0,0,0
1790140773.2480605,46,-55,-59,58,6702,12815,6234,30925,2132754,2132755,2132751,2132752,0,0,0,0
1790140773.4547288,42,-44,-47,47,8152,11513,4735,32531,2132784,2132785,2132781,2132782,0,0,0,0
1790140773.4547288,31,-20,-19,29,9275,10387,3631,903,2132814,2132815,2132811,2132812,0,0,0,0
1790140773.4705272,3,-27,-23,16,9772,9807,3067,1421,2132844,2132845,2132841,2132842,0,0,0,0
1790140773.4705272,11,2,-10,4,9891,9505,2832,1703,2132874,2132875,2132871,2132872,0,0,0,0
1790140773.6612313,0,4,-3,2,9975,9513,2825,1749,2132904,2132905,2132901,2132902,0,0,0,0
1790140773.6612313,-5,4,3,-3,9955,9576,2883,1692,2132964,2132965,2132961,2132962,0,0,0,0
1790140773.668046,0,4,0,0,9934,9604,2910,1665,2132994,2132995,2132991,2132992,0,0,0,0
1790140773.8682058,-3,8,6,-1,9876,9651,2960,1605,2133054,2133055,2133051,2133052,0,0,0,0
1790140773.8682058,-2,5,-4,-1,9843,9682,2990,1568,2133084,2133085,2133081,2133082,0,0,0,0
1790140773.8682058,1,-1,1,3,9805,9723,3028,1528,2133114,2133115,2133111,2133112,0,0,0,0
1790140773.8912091,-10,3,-16,-1,9759,9766,3071,1476,2133144,2133145,2133141,2133142,0,0,0,0
1790140774.068411,-1,4,2,0,9646,9894,3186,1354,2133204,2133205,2133201,2133202,0,0,0,0
1790140774.0736072,-1,4,2,0,9646,9894,3186,1354,2133204,2133205,2133201,2133202,0,0,0,0
1790140774.0736072,0,0,1,-4,9529,10031,3302,1220,2133264,2133265,2133261,2133262,0,0,0,0
1790140774.187073,2,6,-1,1,9419,10137,3402,1108,2133324,2133325,2133321,2133322,0,0,0,0
1790140774.2029696,2,6,-1,1,9419,10137,3402,1108,2133324,2133325,2133321,2133322,0,0,0,0
1790140774.477526,0,-2,5,2,9350,10206,3472,1040,2133384,2133385,2133381,2133382,0,0,0,0
1790140774.477526,2,-2,-8,1,9313,10241,3512,1002,2133504,2133505,2133501,2133502,0,0,0,0
1790140774.4933507,2,-2,-8,1,9313,10241,3512,1002,2133504,2133505,2133501,2133502,0,0,0,0
1790140774.654732,-6,-2,-3,3,9318,10236,3507,1007,2133564,2133565,2133561,2133562,0,0,0,0
1790140774.6721444,6,2,0,-3,9318,10238,3508,1007,2133624,2133625,2133621,2133622,0,0,0,0
1790140774.8811045,1,-4,-1,0,9318,10245,3513,1007,2133654,2133655,2133651,2133652,0,0,0,0
1790140774.8811045,3,1,4,0,9354,10222,3509,1062,2133714,2133715,2133711,2133712,0,0,0,0
1790140774.9131403,2,4,1,0,9334,10240,3528,1044,2133774,2133775,2133771,2133772,0,0,0,0
1790140775.0880842,-2,0,0,0,9305,10273,3558,1016,2133834,2133835,2133831,2133832,0,0,0,0
1790140775.103914,-1,1,-5,1,9292,10285,3573,1002,2133894,2133895,2133891,2133892,0,0,0,0
1790140775.2998776,1,-4,2,-1,9288,10283,3574,997,2133954,2133955,2133951,2133952,0,0,0,0
1790140775.2998776,-2,-4,3,3,9307,10286,3581,1024,2134014,2134015,2134011,2134012,0,0,0,0
1790140775.4808204,1,2,-1,-2,9302,10294,3595,1026,2134074,2134075,2134071,2134072,0,0,0,0
1790140775.4937208,-6,3,-1,0,9292,10298,3602,1015,2134104,2134105,2134101,2134102,0,0,0,0
1790140775.707428,0,-1,5,0,9286,10327,3641,1026,2134164,2134165,2134161,2134162,0,0,0,0
1790140775.707428,2,2,5,2,9260,10362,3695,1015,2134224,2134225,2134221,2134222,0,0,0,0
1790140775.707428,1,0,-1,1,9245,10377,3709,998,2134254,2134255,2134251,2134252,0,0,0,0
1790140775.9099967,-2,4,1,-2,9235,10386,3721,989,2134284,2134285,2134281,2134282,0,0,0,0
1790140775.9099967,-4,1,3,1,9230,10388,3726,983,2134314,2134315,2134311,2134312,0,0,0,0
1790140775.9256957,-6,1,-3,-3,9234,10385,3723,987,2134374,2134375,2134371,2134372,0,0,0,0
1790140776.1197352,0,-5,-5,-2,9238,10383,3720,990,2134404,2134405,2134401,2134402,0,0,0,0
1790140776.1197352,1,-3,0,7,9240,10382,3719,992,2134434,2134435,2134431,2134432,0,0,0,0
1790140776.1197352,1,2,0,0,9270,10364,3699,1023,2134494,2134495,2134491,2134492,0,0,0,0
1790140776.2967188,3,4,2,-3,9254,10362,3700,1013,2134524,2134525,2134521,2134522,0,0,0,0
1790140776.2967188,1,3,1,-3,9243,10370,3713,1002,2134554,2134555,2134551,2134552,0,0,0,0
1790140776.3128664,-1,0,2,1,9236,10382,3728,994,2134584,2134585,2134581,2134582,0,0,0,0
1790140776.5257516,-1,-1,1,3,9234,10387,3735,992,2134614,2134615,2134611,2134612,0,0,0,0
1790140776.5257516,-4,-3,0,-3,9268,10356,3697,1027,2134734,2134735,2134731,2134732,0,0,0,0
1790140776.7344892,-1,1,3,-3,9249,10373,3716,1009,2134764,2134765,2134761,2134762,0,0,0,0
1790140776.7344892,-5,1,1,-2,9224,10397,3746,985,2134854,2134855,2134851,2134852,0,0,0,0
1790140776.9455347,-4,-4,0,6,9232,10390,3737,992,2134944,2134945,2134941,2134942,0,0,0,0
1790140776.9455347,1,-4,-2,5,9228,10393,3740,989,2134974,2134975,2134971,2134972,0,0,0,0
1790140777.139142,0,0,-2,-1,9226,10394,3742,987,2135004,2135005,2135001,2135002,0,0,0,0
1790140777.139142,-2,2,-8,0,9229,10390,3739,989,2135094,2135095,2135091,2135092,0,0,0,0
1790140777.3472524,1,0,3,1,9228,10392,3741,988,2135124,2135125,2135121,2135122,0,0,0,0
1790140777.3472524,0,2,-5,1,9229,10390,3740,990,2135154,2135155,2135151,2135152,0,0,0,0
1790140777.3472524,0,0,0,8,9231,10388,3737,992,2135214,2135215,2135211,2135212,0,0,0,0
1790140777.5536804,-2,3,-2,0,9229,10389,3739,989,2135274,2135275,2135271,2135272,0,0,0,0
1790140777.5536804,-3,-5,-1,1,9232,10387,3736,993,2135364,2135365,2135361,2135362,0,0,0,0
1790140777.750907,1,-3,-1,1,9237,10385,3733,995,2135454,2135455,2135451,2135452,0,0,0,0
1790140777.764987,-1,1,-1,0,9237,10383,3731,997,2135484,2135485,2135481,2135482,0,0,0,0
1790140777.9417212,1,-2,1,1,9245,10389,3738,1005,2135574,2135575,2135571,2135572,0,0,0,0
1790140777.9417212,1,4,-10,3,9233,10382,3737,1003,2135604,2135605,2135601,2135602,0,0,0,0
1790140778.1167433,-1,1,2,-3,9230,10382,3748,1001,2135664,2135665,2135661,2135662,0,0,0,0
1790140778.1324964,2,-2,-1,-4,9234,10384,3751,1002,2135694,2135695,2135691,2135692,0,0,0,0
1790140778.1671844,-2,-4,-1,-2,9236,10389,3751,1002,2135724,2135725,2135721,2135722,0,0,0,0
1790140778.3738291,1,4,-1,-7,9243,10376,3740,1012,2135844,2135845,2135841,2135842,0,0,0,0
1790140778.5685518,-4,0,-2,1,9240,10382,3746,1007,2135904,2135905,2135901,2135902,0,0,0,0
1790140778.7148647,4,-2,2,-4,9241,10380,3745,1010,2135994,2135995,2135991,2135992,0,0,0,0
1790140778.7306144,0,4,4,2,9201,10416,3778,974,2136054,2136055,2136051,2136052,0,0,0,0
1790140778.7789838,-3,-1,-2,-5,9206,10412,3795,978,2136084,2136085,2136081,2136082,0,0,0,0
1790140778.9406047,2,-5,-2,1,9227,10412,3791,1000,2136144,2136145,2136141,2136142,0,0,0,0
1790140778.9406047,3,4,0,-1,9230,10405,3784,1004,2136174,2136175,2136171,2136172,0,0,0,0
1790140778.9882598,1,-6,-3,2,9226,10403,3781,1001,2136204,2136205,2136201,2136202,0,0,0,0
1790140779.0203407,-6,7,-1,3,9221,10406,3785,997,2136234,2136235,2136231,2136232,0,0,0,0
1790140779.1809442,-78,-60,-54,-54,8438,9455,3192,418,2136294,2136295,2136291,2136292,0,0,0,0
1790140779.396052,-49,-63,-69,-54,975,2500,28530,25694,2136444,2136445,2136441,2136442,0,0,0,0
1790140779.6012132,-58,-54,-53,-54,27639,28799,22136,19522,2136564,2136565,2136561,2136562,0,0,0,0
1790140779.8028395,-53,-53,-62,-54,24338,25678,19078,16284,2136624,2136625,2136621,2136622,0,0,0,0
1790140779.8028395,-62,-54,-51,-63,22694,24183,17419,14605,2136654,2136655,2136651,2136652,0,0,0,0
1790140779.8028395,-56,-54,-73,-60,21119,22514,15867,12972,2136684,2136685,2136681,2136682,0,0,0,0
1790140779.9602776,-52,-54,-57,-59,19599,20919,14115,11294,2136714,2136715,2136711,2136712,0,0,0,0
1790140779.9602776,-64,-58,-60,-61,18016,19369,12417,9799,2136744,2136745,2136741,2136742,0,0,0,0
1790140779.9602776,-52,-64,-65,-52,16323,17673,10832,8099,2136774,2136775,2136771,2136772,0,0,0,0
1790140779.9747088,-68,-58,-55,-55,14606,16043,9262,6643,2136804,2136805,2136801,2136802,0,0,0,0
1790140780.2151968,-13,-22,-24,-19,9499,10947,4138,1503,2136924,2136925,2136921,2136922,0,0,0,0
1790140780.421515,1,-4,0,1,9290,10387,3416,994,2137044,2137045,2137041,2137042,0,0,0,0
1790140780.421515,-3,4,-3,3,9315,10362,3392,1021,2137074,2137075,2137071,2137072,0,0,0,0
1790140780.6144867,1,0,-4,-1,9335,10342,3370,1045,2137134,2137135,2137131,2137132,0,0,0,0
1790140780.6303787,-6,-1,3,-1,9325,10353,3381,1035,2137194,2137195,2137191,2137192,0,0,0,0
1790140780.8424432,-2,-4,-2,1,9319,10361,3387,1029,2137224,2137225,2137221,2137222,0,0,0,0
1790140780.8431542,-2,-10,0,-3,9319,10359,3388,1030,2137284,2137285,2137281,2137282,0,0,0,0
1790140780.8554688,2,-2,-1,2,9323,10355,3384,1035,2137314,2137315,2137311,2137312,0,0,0,0
1790140780.9645064,2,-6,3,2,9345,10375,3390,1050,2137374,2137375,2137371,2137372,0,0,0,0
1790140781.0284495,3,-5,-3,-1,9347,10364,3387,1054,2137404,2137405,2137401,2137402,0,0,0,0
1790140781.235472,-2,0,9,-1,9360,10354,3375,1069,2137524,2137525,2137521,2137522,0,0,0,0
1790140781.2515469,1,4,-1,-3,9352,10362,3384,1064,2137584,2137585,2137581,2137582,0,0,0,0
1790140781.4431283,-2,2,5,0,9351,10363,3384,1064,2137614,2137615,2137611,2137612,0,0,0,0
1790140781.4431283,-1,3,1,3,9316,10389,3408,1033,2137674,2137675,2137671,2137672,0,0,0,0
1790140781.4431283,-1,-5,5,-1,9316,10401,3431,1038,2137704,2137705,2137701,2137702,0,0,0,0
1790140781.569198,-1,2,-2,0,9327,10390,3417,1047,2137764,2137765,2137761,2137762,0,0,0,0
1790140781.6329484,2,-2,1,3,9338,10376,3408,1061,2137794,2137795,2137791,2137792,0,0,0,0
1790140781.6811988,7,-8,-6,5,9400,10301,3360,1107,2137824,2137825,2137821,2137822,0,0,0,0
1790140781.7563896,51,-44,-23,28,9996,9724,3053,1525,2137854,2137855,2137851,2137852,0,0,0,0
1790140781.8127224,55,-77,-67,63,13998,6285,561,4659,2137914,2137915,2137911,2137912,0,0,0,0
1790140781.851079,71,-66,-65,76,15989,4374,31282,6761,2137944,2137945,2137941,2137942,0,0,0,0
1790140781.9527314,80,-69,-71,89,18099,2342,29095,8965,2137974,2137975,2137971,2137972,0,0,0,0
1790140781.9800694,75,-75,-69,81,20088,238,26958,11058,2138004,2138005,2138001,2138002,0,0,0,0
1790140782.0453238,56,-50,-61,63,22010,31295,25198,13004,2138034,2138035,2138031,2138032,0,0,0,0
1790140782.141973,51,-57,-48,64,23561,29831,23645,14561,2138064,2138065,2138061,2138062,0,0,0,0
1790140782.1440308,48,-52,-52,44,24834,28545,22253,15891,2138094,2138095,2138091,2138092,0,0,0,0
1790140782.208694,50,-52,-49,47,26040,27292,21100,17091,2138124,2138125,2138121,2138122,0,0,0,0
1790140782.2704859,59,-46,-43,47,27313,26074,19842,18349,2138154,2138155,2138151,2138152,0,0,0,0
1790140782.3190274,53,-46,-54,51,28707,24611,18554,19725,2138184,2138185,2138181,2138182,0,0,0,0
1790140782.3348143,55,-60,-55,66,30337,23060,16902,21434,2138214,2138215,2138211,2138212,0,0,0,0
1790140782.4476318,74,-70,-57,62,32166,21148,15035,23291,2138244,2138245,2138241,2138242,0,0,0,0
1790140782.4638033,52,-72,-79,74,1134,19412,13217,25199,2138274,2138275,2138271,2138272,0,0,0,0
1790140782.5330427,62,-64,-51,62,2918,17653,11485,26905,2138304,2138305,2138301,2138302,0,0,0,0
1790140782.576903,49,-54,-59,60,4570,16123,9813,28623,2138334,2138335,2138331,2138332,0,0,0,0
1790140782.5959482,58,-49,-52,52,6017,14634,8244,30168,2138364,2138365,2138361,2138362,0,0,0,0
1790140782.641522,62,-59,-44,45,7521,13115,6856,31537,2138394,2138395,2138391,2138392,0,0,0,0
1790140782.7717056,45,-46,-52,52,8941,11758,5454,235,2138424,2138425,2138421,2138422,0,0,0,0
1790140782.7874591,52,-57,-55,60,10361,10256,4036,1759,2138454,2138455,2138451,2138452,0,0,0,0
1790140782.8363671,51,-56,-58,64,13497,7111,838,4927,2138514,2138515,2138511,2138512,0,0,0,0
1790140782.8523853,56,-63,-63,64,15113,5481,31898,6626,2138544,2138545,2138541,2138542,0,0,0,0
1790140782.9166362,67,-64,-63,61,16737,3815,30246,8225,2138574,2138575,2138571,2138572,0,0,0,0
1790140782.9847336,44,-56,-58,73,18445,2247,28644,9969,2138604,2138605,2138601,2138602,0,0,0,0
1790140783.0289726,56,-58,-48,56,19959,681,26911,11543,2138634,2138635,2138631,2138632,0,0,0,0
1790140783.0774117,62,-64,-53,58,21503,31855,25475,13110,2138664,2138665,2138661,2138662,0,0,0,0
1790140783.1576338,57,-55,-52,54,23126,30433,23986,14640,2138694,2138695,2138691,2138692,0,0,0,0
1790140783.1734114,47,-52,-61,48,24567,28909,22431,16182,2138724,2138725,2138721,2138722,0,0,0,0
1790140783.222114,57,-69,-53,57,26111,27375,20867,17666,2138754,2138755,2138751,2138752,0,0,0,0
1790140783.2862644,54,-57,-57,54,27756,25762,19329,19245,2138784,2138785,2138781,2138782,0,0,0,0
1790140783.350977,47,-57,-63,54,29236,24195,17705,20890,2138814,2138815,2138811,2138812,0,0,0,0
1790140783.3668325,64,-67,-58,64,30923,22586,16198,22472,2138844,2138845,2138841,2138842,0,0,0,0
1790140783.4354324,53,-51,-58,58,32539,20970,14566,24115,2138874,2138875,2138871,2138872,0,0,0,0
1790140783.5119085,56,-63,-61,54,1240,19397,12870,25687,2138904,2138905,2138901,2138902,0,0,0,0
1790140783.549319,54,-62,-50,68,2824,17854,11416,27215,2138934,2138935,2138931,2138932,0,0,0,0
1790140783.6082833,55,-47,-60,62,4387,16363,9867,28784,2138964,2138965,2138961,2138962,0,0,0,0
1790140783.6246982,54,-54,-62,52,5854,14828,8323,30331,2138994,2138995,2138991,2138992,0,0,0,0
1790140783.714047,68,-69,-52,67,7428,13181,6751,31946,2139024,2139025,2139021,2139022,0,0,0,0
1790140783.9015603,7,1,23,0,10578,10331,4128,2283,2139114,2139115,2139111,2139112,0,0,0,0
1790140783.914781,-15,18,7,-15,10520,10764,4447,2159,2139144,2139145,2139141,2139142,0,0,0,0
1790140784.0145354,-28,26,19,-24,9307,12035,5646,831,2139204,2139205,2139201,2139202,0,0,0,0
1790140784.1108556,-14,6,10,-8,8475,12882,6717,32734,2139264,2139265,2139261,2139262,0,0,0,0
1790140784.301073,0,-5,2,2,8099,13288,7063,32411,2139354,2139355,2139351,2139352,0,0,0,0
1790140784.301073,-3,-2,1,0,8098,13272,7061,32411,2139414,2139415,2139411,2139412,0,0,0,0
1790140784.354552,1,2,-1,1,8129,13234,7033,32442,2139444,2139445,2139441,2139442,0,0,0,0
1790140784.5079498,1,3,0,0,8188,13161,6979,32503,2139504,2139505,2139501,2139502,0,0,0,0
1790140784.5280273,-9,0,-4,-3,8211,13133,6961,32524,2139534,2139535,2139531,2139532,0,0,0,0
1790140784.6361442,5,-1,-2,0,8248,13100,6931,32555,2139594,2139595,2139591,2139592,0,0,0,0
1790140784.7196522,-4,-5,-1,-4,8278,13064,6903,32579,2139654,2139655,2139651,2139652,0,0,0,0
1790140784.894161,-1,1,6,-1,8293,13043,6888,32592,2139684,2139685,2139681,2139682,0,0,0,0
1790140784.894161,3,-3,-6,-2,8307,13022,6873,32604,2139714,2139715,2139711,2139712,0,0,0,0
1790140784.894161,-2,4,2,-2,8321,13003,6858,32620,2139744,2139745,2139741,2139742,0,0,0,0
1790140785.0075097,-4,-1,-5,2,8337,12984,6843,32632,2139774,2139775,2139771,2139772,0,0,0,0
1790140785.0075097,-3,1,-5,0,8385,12942,6821,32675,2139834,2139835,2139831,2139832,0,0,0,0
1790140785.1255057,-4,2,-1,-4,8409,12910,6788,32697,2139894,2139895,2139891,2139892,0,0,0,0
1790140785.338927,1,2,-2,-3,8397,12925,6800,32687,2140014,2140015,2140011,2140012,0,0,0,0
1790140785.3614075,-4,-3,-4,2,8395,12925,6800,32688,2140044,2140045,2140041,2140042,0,0,0,0
1790140785.540156,-3,-3,-4,-2,8398,12923,6799,32689,2140074,2140075,2140071,2140072,0,0,0,0
1790140785.540156,-2,-6,-3,1,8399,12907,6785,32686,2140134,2140135,2140131,2140132,0,0,0,0
1790140785.7230842,2,1,1,2,8435,12899,6786,32722,2140224,2140225,2140221,2140222,0,0,0,0
1790140785.736071,1,5,1,3,8434,12895,6782,32722,2140254,2140255,2140251,2140252,0,0,0,0
1790140785.7954345,-1,-4,-1,3,8432,12894,6779,32719,2140284,2140285,2140281,2140282,0,0,0,0
1790140785.9443161,0,-1,-2,-2,8435,12902,6794,32729,2140314,2140315,2140311,2140312,0,0,0,0
1790140785.9443161,1,-3,-4,7,8425,12898,6789,32719,2140344,2140345,2140341,2140342,0,0,0,0
1790140785.9443161,-6,-2,-5,5,8425,12901,6795,32719,2140374,2140375,2140371,2140372,0,0,0,0
1790140786.153014,4,-3,-2,2,8432,12898,6791,32723,2140404,2140405,2140401,2140402,0,0,0,0
1790140786.153014,1,1,-5,3,8445,12883,6779,32733,2140494,2140495,2140491,2140492,0,0,0,0
1790140786.2014892,3,0,-3,11,8444,12883,6779,32734,2140524,2140525,2140521,2140522,0,0,0,0
1790140786.3468852,-3,0,-6,5,8445,12883,6778,32734,2140554,2140555,2140551,2140552,0,0,0,0
1790140786.3633797,-1,-2,1,-1,8446,12881,6777,32735,2140584,2140585,2140581,2140582,0,0,0,0
1790140786.3786712,0,0,-1,-4,8454,12859,6758,32742,2140614,2140615,2140611,2140612,0,0,0,0
1790140786.5406623,14,-1,-1,6,8495,12847,6745,9,2140674,2140675,2140671,2140672,0,0,0,0
1790140786.5406623,-3,6,4,0,8471,12853,6752,32759,2140734,2140735,2140731,2140732,0,0,0,0
1790140786.769728,-4,0,-1,-5,8460,12851,6753,32749,2140794,2140795,2140791,2140792,0,0,0,0
1790140786.769728,0,-1,-5,4,8488,12834,6737,5,2140824,2140825,2140821,2140822,0,0,0,0
1790140786.769728,-1,-3,-2,5,8495,12828,6731,12,2140854,2140855,2140851,2140852,0,0,0,0
1790140786.9603906,1,0,-2,-2,8483,12841,6742,3,2140884,2140885,2140881,2140882,0,0,0,0
1790140786.9772558,2,5,-7,-2,8468,12856,6757,32755,2141004,2141005,2141001,2141002,0,0,0,0
1790140786.9963305,2,5,-7,-2,8468,12856,6757,32755,2141004,2141005,2141001,2141002,0,0,0,0
1790140787.170232,2,0,3,3,8475,12851,6751,32761,2141064,2141065,2141061,2141062,0,0,0,0
1790140787.170232,-1,1,0,2,8470,12856,6755,32758,2141094,2141095,2141091,2141092,0,0,0,0
1790140787.186217,-1,-3,4,3,8466,12859,6758,32754,2141124,2141125,2141121,2141122,0,0,0,0
1790140787.2980783,0,-3,3,2,8473,12851,6751,32761,2141214,2141215,2141211,2141212,0,0,0,0
1790140787.3781364,1,-5,3,2,8473,12851,6751,32760,2141244,2141245,2141241,2141242,0,0,0,0
1790140787.587537,2,3,-4,3,8469,12853,6753,32758,2141274,2141275,2141271,2141272,0,0,0,0
1790140787.587537,-2,1,2,-5,8468,12856,6756,32756,2141304,2141305,2141301,2141302,0,0,0,0
1790140787.587537,-5,2,-4,-1,8470,12853,6754,32758,2141364,2141365,2141361,2141362,0,0,0,0
1790140787.7843196,3,-1,2,-2,8471,12851,6752,32760,2141394,2141395,2141391,2141392,0,0,0,0
1790140787.7843196,-2,0,-6,0,8472,12849,6750,32760,2141424,2141425,2141421,2141422,0,0,0,0
1790140787.7843196,0,-1,1,-5,8473,12851,6750,32760,2141484,2141485,2141481,2141482,0,0,0,0
1790140787.990878,-2,-1,3,-2,8472,12849,6750,32760,2141514,2141515,2141511,2141512,0,0,0,0
1790140787.990878,-2,1,-1,-7,8473,12848,6749,32762,2141544,2141545,2141541,2141542,0,0,0,0
1790140787.990878,-5,6,2,-1,8477,12845,6747,32764,2141604,2141605,2141601,2141602,0,0,0,0
1790140788.006918,0,-2,-5,-3,8481,12843,6746,32767,2141634,2141635,2141631,2141632,0,0,0,0
1790140788.2033496,4,3,1,1,8499,12851,6748,11,2141724,2141725,2141721,2141722,0,0,0,0
1790140788.2033496,2,-1,1,1,8487,12849,6749,9,2141754,2141755,2141751,2141752,0,0,0,0
1790140788.3789458,2,5,-8,0,8472,12853,6751,32760,2141814,2141815,2141811,2141812,0,0,0,0
1790140788.3944592,-3,-3,-5,-1,8471,12850,6752,32760,2141844,2141845,2141841,2141842,0,0,0,0
1790140788.493596,-7,-3,-4,-3,8477,12845,6749,32765,2141874,2141875,2141871,2141872,0,0,0,0
1790140788.496594,-1,2,36,-3,8500,12859,6754,9,2141904,2141905,2141901,2141902,0,0,0,0
1790140788.5740695,1,-4,-3,1,8503,12841,6740,13,2141964,2141965,2141961,2141962,0,0,0,0
1790140788.619384,-5,3,-1,-1,8496,12845,6743,11,2141994,2141995,2141991,2141992,0,0,0,0
1790140788.804983,3,4,2,2,8489,12849,6746,5,2142024,2142025,2142021,2142022,0,0,0,0
1790140789.0186696,-3,1,6,4,8445,12864,6762,32742,2142204,2142205,2142201,2142202,0,0,0,0
1790140789.0345469,0,-1,1,-6,8448,12881,6786,32740,2142234,2142235,2142231,2142232,0,0,0,0
1790140789.1610298,-4,2,3,4,8478,12860,6761,32763,2142294,2142295,2142291,2142292,0,0,0,0
1790140789.2245615,0,1,3,-2,8483,12844,6747,4,2142324,2142325,2142321,2142322,0,0,0,0
1790140789.2245615,1,0,3,-4,8485,12840,6743,6,2142354,2142355,2142351,2142352,0,0,0,0
1790140789.4304013,1,1,4,3,8479,12842,6745,1,2142384,2142385,2142381,2142382,0,0,0,0
1790140789.4304013,-4,-6,-2,1,8477,12846,6751,32767,2142474,2142475,2142471,2142472,0,0,0,0
1790140789.636745,2,-5,1,0,8482,12843,6747,3,2142504,2142505,2142501,2142502,0,0,0,0
1790140789.636745,-47,-40,-39,-55,5258,9457,3547,29939,2142594,2142595,2142591,2142592,0,0,0,0
1790140789.8331957,-46,-65,-60,-48,901,5267,32060,25478,2142684,2142685,2142681,2142682,0,0,0,0
1790140789.8526342,-67,-58,-62,-60,32224,3701,30559,23952,2142714,2142715,2142711,2142712,0,0,0,0
1790140790.0538208,-59,-60,-47,-60,30678,2249,29018,22317,2142744,2142745,2142741,2142742,0,0,0,0
1790140790.0538208,-59,-59,-57,-65,25925,30145,24227,17689,2142834,2142835,2142831,2142832,0,0,0,0
1790140790.2492383,-47,-55,-77,-56,24369,28497,22508,16087,2142864,2142865,2142861,2142862,0,0,0,0
1790140790.2492383,-53,-57,-62,-51,21172,25237,19255,12800,2142924,2142925,2142921,2142922,0,0,0,0
1790140790.2492383,-53,-64,-63,-62,19577,23642,17578,11139,2142954,2142955,2142951,2142952,0,0,0,0
1790140790.4553835,-65,-61,-62,-62,18012,22094,16085,9617,2142984,2142985,2142981,2142982,0,0,0,0
1790140790.4553835,-65,-50,-63,-57,13066,17188,11170,4717,2143074,2143075,2143071,2143072,0,0,0,0
1790140790.6560507,-52,-66,-57,-52,11430,15575,9539,3084,2143104,2143105,2143101,2143102,0,0,0,0
1790140790.6560507,-66,-47,-48,-68,9801,13958,7969,1520,2143134,2143135,2143131,2143132,0,0,0,0
1790140790.6560507,-58,-60,-59,-55,8235,12174,6365,32677,2143164,2143165,2143161,2143162,0,0,0,0
1790140790.6696997,-59,-77,-62,-66,6640,10582,4652,31052,2143194,2143195,2143191,2143192,0,0,0,0
1790140790.8646033,-67,-51,-58,-57,1833,5760,32540,26136,2143284,2143285,2143281,2143282,0,0,0,0
1790140790.8646033,-48,-63,-47,-77,31354,2494,29190,22876,2143344,2143345,2143341,2143342,0,0,0,0
1790140791.0582128,-65,-49,-64,-52,29674,817,27616,21223,2143374,2143375,2143371,2143372,0,0,0,0
1790140791.0582128,-63,-58,-75,-54,24756,28672,22622,16304,2143464,2143465,2143461,2143462,0,0,0,0
1790140791.2635968,-59,-72,-50,-59,23189,27052,21009,14677,2143494,2143495,2143491,2143492,0,0,0,0
1790140791.2635968,-55,-51,-66,-69,18372,22180,16126,9863,2143584,2143585,2143581,2143582,0,0,0,0
1790140791.4758885,-62,-54,-57,-54,16704,20534,14439,8083,2143614,2143615,2143611,2143612,0,0,0,0
1790140791.4758885,-67,-53,-54,-53,13467,17332,11254,4923,2143674,2143675,2143671,2143672,0,0,0,0
1790140791.4952302,-49,-67,-59,-51,11655,15685,9592,3282,2143704,2143705,2143701,2143702,0,0,0,0
1790140791.6823833,-12,-19,-20,-19,9000,12775,6681,419,2143794,2143795,2143791,2143792,0,0,0,0
1790140791.6823833,-1,-5,-12,-12,8850,12562,6242,119,2143824,2143825,2143821,2143822,0,0,0,0
1790140791.8781698,0,1,1,5,8876,12517,6075,64,2143854,2143855,2143851,2143852,0,0,0,0
1790140791.8781698,-3,0,-2,0,8924,12495,6049,114,2143884,2143885,2143881,2143882,0,0,0,0
1790140791.8781698,1,-1,2,2,8950,12467,6013,140,2143914,2143915,2143911,2143912,0,0,0,0
1790140791.8909738,1,-3,-3,5,8969,12446,5991,161,2143944,2143945,2143941,2143942,0,0,0,0
1790140791.987919,3,1,3,3,8980,12436,5979,174,2143974,2143975,2143971,2143972,0,0,0,0
1790140792.0038366,5,1,-4,5,8977,12443,5983,172,2144034,2144035,2144031,2144032,0,0,0,0
1790140792.2976263,-4,2,3,-3,8975,12465,6001,173,2144064,2144065,2144061,2144062,0,0,0,0
1790140792.2976263,0,-1,-5,-4,8919,12505,6052,115,2144124,2144125,2144121,2144122,0,0,0,0
1790140792.2976263,7,-1,0,-2,8939,12483,6034,133,2144184,2144185,2144181,2144182,0,0,0,0
1790140792.3093102,-1,0,-2,2,8962,12462,6010,158,2144214,2144215,2144211,2144212,0,0,0,0
1790140792.5045655,-2,-3,-2,4,9012,12418,5955,212,2144304,2144305,2144301,2144302,0,0,0,0
1790140792.5045655,0,-2,2,2,9016,12414,5950,219,2144334,2144335,2144331,2144332,0,0,0,0
1790140792.6981072,2,0,-2,0,9015,12414,5950,220,2144364,2144365,2144361,2144362,0,0,0,0
1790140792.7103643,-5,3,2,2,9007,12424,5961,212,2144454,2144455,2144451,2144452,0,0,0,0
1790140792.9075627,-1,-1,4,-1,9007,12425,5961,217,2144574,2144575,2144571,2144572,0,0,0,0
1790140793.0823567,18,-8,2,2,8967,12484,6032,184,2144664,2144665,2144661,2144662,0,0,0,0
1790140793.1950471,-5,0,-7,2,8960,12474,6018,172,2144724,2144725,2144721,2144722,0,0,0,0
1790140793.2111192,2,1,-5,-12,8973,12462,6006,186,2144754,2144755,2144751,2144752,0,0,0,0
1790140793.275119,-1,0,-5,-2,8987,12450,5993,200,2144784,2144785,2144781,2144782,0,0,0,0
1790140793.3238552,9,-15,-9,7,9100,12343,5919,278,2144814,2144815,2144811,2144812,0,0,0,0
1790140793.4047747,68,-51,-31,30,9875,11478,5491,818,2144844,2144845,2144841,2144842,0,0,0,0
1790140793.4525278,62,-68,-67,53,11737,9415,4267,2037,2144874,2144875,2144871,2144872,0,0,0,0
1790140793.4738257,72,-71,-67,94,13606,7617,2306,3887,2144904,2144905,2144901,2144902,0,0,0,0
1790140793.5809443,91,-61,-88,78,15592,5601,276,5965,2144934,2144935,2144931,2144932,0,0,0,0
1790140793.5809443,86,-70,-91,73,17738,3501,30873,8173,2144964,2144965,2144961,2144962,0,0,0,0
1790140793.714599,63,-51,-54,62,21466,32552,26834,12103,2145024,2145025,2145021,2145022,0,0,0,0
1790140793.726472,50,-50,-47,50,22981,31159,25445,13594,2145054,2145055,2145051,2145052,0,0,0,0
1790140793.791338,40,-48,-45,35,24159,29976,24240,14757,2145084,2145085,2145081,2145082,0,0,0,0
1790140793.8555956,44,-42,-46,47,25360,28811,23058,15925,2145114,2145115,2145111,2145112,0,0,0,0
1790140793.9043205,44,-58,-42,49,26615,27475,21792,17193,2145144,2145145,2145141,2145142,0,0,0,0
1790140793.9769309,49,-62,-69,48,28135,25941,20303,18613,2145174,2145175,2145171,2145172,0,0,0,0
1790140793.9840033,69,-61,-70,81,29816,24294,18688,20411,2145204,2145205,2145201,2145202,0,0,0,0
1790140794.0485091,65,-73,-66,63,31641,22459,16870,22230,2145234,2145235,2145231,2145232,0,0,0,0
1790140794.1130934,66,-62,-57,67,743,20642,14878,24146,2145264,2145265,2145261,2145262,0,0,0,0
1790140794.1612408,61,-53,-69,64,2457,18809,13080,25863,2145294,2145295,2145291,2145292,0,0,0,0
1790140794.1612408,62,-48,-55,61,4041,17296,11545,27524,2145324,2145325,2145321,2145322,0,0,0,0
1790140794.2901099,45,-49,-46,49,5469,15939,10081,28944,2145354,2145355,2145351,2145352,0,0,0,0
1790140794.3059351,38,-53,-52,44,6832,14516,8736,30372,2145384,2145385,2145381,2145382,0,0,0,0
1790140794.3386075,51,-62,-50,53,8270,13056,7280,31755,2145414,2145415,2145411,2145412,0,0,0,0
1790140794.4355145,60,-44,-54,59,9712,11642,5771,473,2145444,2145445,2145441,2145442,0,0,0,0
1790140794.4951003,58,-55,-59,49,11278,10047,4242,2093,2145474,2145475,2145471,2145472,0,0,0,0
1790140794.5467227,62,-66,-76,71,12946,8408,2550,3694,2145504,2145505,2145501,2145502,0,0,0,0
1790140794.5467227,71,-55,-49,59,14658,6804,924,5467,2145534,2145535,2145531,2145532,0,0,0,0
1790140794.6268888,51,-63,-67,59,16287,5072,31932,7206,2145564,2145565,2145561,2145562,0,0,0,0
1790140794.6796696,52,-70,-50,44,19458,2022,28838,10385,2145624,2145625,2145621,2145622,0,0,0,0
1790140794.7390838,50,-60,-61,60,20932,496,27261,11862,2145654,2145655,2145651,2145652,0,0,0,0
1790140794.7552035,57,-58,-50,63,22403,31675,25801,13417,2145684,2145685,2145681,2145682,0,0,0,0
1790140794.8034406,50,-53,-54,50,23918,30263,24328,14886,2145714,2145715,2145711,2145712,0,0,0,0
1790140794.931983,47,-59,-64,58,25488,28671,22786,16525,2145744,2145745,2145741,2145742,0,0,0,0
1790140794.9555092,63,-58,-49,51,28671,25421,19561,19681,2145804,2145805,2145801,2145802,0,0,0,0
1790140795.0111427,53,-65,-70,64,30299,23809,17954,21362,2145834,2145835,2145831,2145832,0,0,0,0
1790140795.0751135,69,-57,-63,62,31916,22191,16365,22977,2145864,2145865,2145861,2145862,0,0,0,0
1790140795.1239874,54,-56,-50,50,746,20649,14743,24531,2145894,2145895,2145891,2145892,0,0,0,0
1790140795.1620727,52,-72,-66,61,2251,19070,13166,26145,2145924,2145925,2145921,2145922,0,0,0,0
1790140795.3666773,33,-29,-26,32,4905,16484,10415,28901,2145984,2145985,2145981,2145982,0,0,0,0
1790140795.3666773,-4,30,17,1,5510,16530,9683,29157,2146044,2146045,2146041,2146042,0,0,0,0
1790140795.457984,-21,15,16,-18,5220,17068,9999,28855,2146074,2146075,2146071,2146072,0,0,0,0
1790140795.5698478,-19,21,18,-18,4727,17543,10386,28249,2146104,2146105,2146101,2146102,0,0,0,0
1790140795.5698478,-7,16,4,-6,4314,18243,11069,27763,2146164,2146165,2146161,2146162,0,0,0,0
1790140795.7794337,-23,21,24,-25,3342,19724,11857,26798,2146224,2146225,2146221,2146222,0,0,0,0
1790140795.7794337,-25,22,16,-26,2649,20310,12497,26127,2146254,2146255,2146251,2146252,0,0,0,0
1790140795.7954383,-10,11,11,-15,2181,20788,13008,25616,2146284,2146285,2146281,2146282,0,0,0,0
1790140795.9861038,-18,23,10,-23,1427,21602,13722,24857,2146344,2146345,2146341,2146342,0,0,0,0
1790140795.9891958,-18,28,20,-29,139,23037,14918,23495,2146404,2146405,2146401,2146402,0,0,0,0
1790140796.1240864,-9,15,7,-16,32115,24098,15827,22422,2146464,2146465,2146461,2146462,0,0,0,0
1790140796.1338873,-16,17,11,-14,31689,24511,16120,21988,2146494,2146495,2146491,2146492,0,0,0,0
1790140796.1872559,-23,30,29,-33,31177,25237,16640,21444,2146524,2146525,2146521,2146522,0,0,0,0
1790140796.3935244,-12,9,12,-18,29115,27923,18556,18708,2146644,2146645,2146641,2146642,0,0,0,0
1790140796.599621,-32,24,23,-24,27853,29265,19725,17344,2146704,2146705,2146701,2146702,0,0,0,0
1790140796.599621,-9,19,13,-31,26614,30976,21024,15772,2146764,2146765,2146761,2146762,0,0,0,0
1790140796.79064,-12,13,8,-20,26326,31476,21309,15158,2146794,2146795,2146791,2146792,0,0,0,0
1790140796.8065014,-30,22,25,-33,24221,1020,23268,12883,2146884,2146885,2146881,2146882,0,0,0,0
1790140796.9970658,-16,30,20,-30,23631,1843,23907,12103,2146914,2146915,2146911,2146912,0,0,0,0
1790140796.9970658,-14,19,9,-27,23328,2463,24298,11507,2146944,2146945,2146941,2146942,0,0,0,0
1790140796.9970658,-28,37,28,-20,22053,3896,25424,10213,2147004,2147005,2147001,2147002,0,0,0,0
1790140797.1234574,-22,35,25,-36,21230,4812,26244,9205,2147034,2147035,2147031,2147032,0,0,0,0
1790140797.2056446,-18,23,11,-25,20118,6397,27340,7597,2147094,2147095,2147091,2147092,0,0,0,0
1790140797.2056446,-18,21,24,-16,19615,6997,27822,6986,2147124,2147125,2147121,2147122,0,0,0,0
1790140797.4111726,-28,29,33,-37,18917,7827,28569,6213,2147154,2147155,2147151,2147152,0,0,0,0
1790140797.4111726,-33,36,26,-35,18206,8878,29347,5333,2147184,2147185,2147181,2147182,0,0,0,0
1790140797.4250548,-26,28,18,-39,17336,9756,30049,4328,2147214,2147215,2147211,2147212,0,0,0,0
1790140797.6159034,-34,46,32,-42,14701,12969,32640,1049,2147334,2147335,2147331,2147332,0,0,0,0
1790140797.6318324,-24,26,20,-34,13204,14929,1415,31903,2147394,2147395,2147391,2147392,0,0,0,0
1790140797.8243856,-31,34,35,-36,10164,18543,4416,28322,2147514,2147515,2147511,2147512,0,0,0,0
1790140798.0181718,-27,41,37,-44,7005,22149,7550,24877,2147634,2147635,2147631,2147632,0,0,0,0
1790140798.1294837,-37,28,33,-50,6006,23239,8462,23829,2147664,2147665,2147661,2147662,0,0,0,0
1790140798.1294837,-31,28,28,-33,5127,24173,9413,22892,2147694,2147695,2147691,2147692,0,0,0,0
1790140798.2261128,-27,37,24,-21,4469,24984,10181,22068,2147724,2147725,2147721,2147722,0,0,0,0
1790140798.4358785,-24,22,30,-20,136,29460,14452,17530,2147874,2147875,2147871,2147872,0,0,0,0
1790140798.6457534,-39,36,22,-34,32215,30271,15130,16853,2147904,2147905,2147901,2147902,0,0,0,0
1790140798.6457534,-29,37,33,-29,31366,31123,16010,16073,2147934,2147935,2147931,2147932,0,0,0,0
1790140798.6457534,-33,34,37,-31,29368,165,17811,14047,2147994,2147995,2147991,2147992,0,0,0,0
1790140798.8389523,-24,24,23,-18,27905,1622,19368,12567,2148054,2148055,2148051,2148052,0,0,0,0
1790140798.8389523,-34,28,32,-37,26215,3304,21056,10956,2148114,2148115,2148111,2148112,0,0,0,0
1790140799.0522087,-38,17,23,-38,22995,6072,24296,8048,2148234,2148235,2148231,2148232,0,0,0,0
1790140799.1302638,-36,29,34,-27,21181,7551,26067,6767,2148294,2148295,2148291,2148292,0,0,0,0
1790140799.2596323,-28,21,26,-23,19524,8869,27737,5343,2148354,2148355,2148351,2148352,0,0,0,0
1790140799.4572895,-33,31,35,-28,17177,10441,29986,3631,2148444,2148445,2148441,2148442,0,0,0,0
1790140799.468277,-25,20,31,-29,16319,11168,30971,2968,2148474,2148475,2148471,2148472,0,0,0,0
1790140799.6622972,-16,11,17,-18,14521,12738,120,1399,2148564,2148565,2148561,2148562,0,0,0,0
1790140799.6622972,-10,5,4,-4,14260,12937,376,1120,2148594,2148595,2148591,2148592,0,0,0,0
1790140799.8722334,-5,1,0,-2,14190,13021,467,1044,2148624,2148625,2148621,2148622,0,0,0,0
1790140799.8722334,7,-3,-1,4,14206,13012,461,1055,2148654,2148655,2148651,2148652,0,0,0,0
1790140799.8722334,5,-1,-4,3,14355,12847,302,1164,2148714,2148715,2148711,2148712,0,0,0,0
1790140799.8946102,3,-6,-1,5,14436,12754,203,1248,2148744,2148745,2148741,2148742,0,0,0,0
1790140800.0843654,3,-3,-1,-2,14508,12694,127,1318,2148774,2148775,2148771,2148772,0,0,0,0
1790140800.0843654,3,1,1,0,14552,12641,57,1357,2148834,2148835,2148831,2148832,0,0,0,0
1790140800.095093,-2,-2,6,4,14548,12644,58,1354,2148864,2148865,2148861,2148862,0,0,0,0
1790140800.1552303,2,-3,1,-3,14530,12670,82,1333,2148924,2148925,2148921,2148922,0,0,0,0
1790140800.282968,-5,2,5,-2,14519,12679,92,1322,2148954,2148955,2148951,2148952,0,0,0,0
1790140800.282968,8,4,-1,2,14513,12683,98,1317,2148984,2148985,2148981,2148982,0,0,0,0
1790140800.3469865,-3,-1,2,2,14516,12684,97,1316,2149014,2149015,2149011,2149012,0,0,0,0
1790140800.463677,1,0,-2,-2,14518,12679,92,1318,2149044,2149045,2149041,2149042,0,0,0,0
1790140800.4750214,0,1,-3,0,14524,12673,85,1325,2149104,2149105,2149101,2149102,0,0,0,0
1790140800.684434,2,-1,-3,-4,14538,12662,70,1338,2149224,2149225,2149221,2149222,0,0,0,0
1790140800.8940802,1,-1,-2,0,14518,12676,88,1321,2149254,2149255,2149251,2149252,0,0,0,0
1790140800.8940802,0,1,0,1,14501,12692,108,1304,2149344,2149345,2149341,2149342,0,0,0,0
1790140800.9109879,1,0,-1,-4,14505,12690,105,1308,2149374,2149375,2149371,2149372,0,0,0,0
1790140801.1059186,1,-1,-1,-3,14495,12676,70,1275,2149464,2149465,2149461,2149462,0,0,0,0
1790140801.11159,4,0,3,0,14518,12677,75,1299,2149494,2149495,2149491,2149492,0,0,0,0
1790140801.1673255,-5,-1,4,1,14522,12673,61,1300,2149524,2149525,2149521,2149522,0,0,0,0
1790140801.2158775,0,3,-1,3,14523,12669,58,1303,2149554,2149555,2149551,2149552,0,0,0,0
1790140801.2967165,2,1,0,-1,14521,12669,58,1302,2149584,2149585,2149581,2149582,0,0,0,0
1790140801.5130377,-1,-5,-4,-1,14516,12670,59,1297,2149614,2149615,2149611,2149612,0,0,0,0
1790140801.5130377,-3,2,-9,3,14497,12680,75,1282,2149704,2149705,2149701,2149702,0,0,0,0
1790140801.7187061,-5,-1,-4,-2,14504,12676,70,1288,2149794,2149795,2149791,2149792,0,0,0,0
1790140801.7316616,-3,0,-4,-3,14504,12675,70,1288,2149854,2149855,2149851,2149852,0,0,0,0
1790140801.9152646,-1,-4,1,-1,14505,12676,68,1288,2149884,2149885,2149881,2149882,0,0,0,0
1790140801.92518,1,0,2,2,14541,12651,36,1322,2149974,2149975,2149971,2149972,0,0,0,0
1790140802.102584,-2,1,3,-3,14538,12645,30,1318,2150004,2150005,2150001,2150002,0,0,0,0
1790140802.102584,2,-3,-4,-2,14530,12652,41,1308,2150064,2150065,2150061,2150062,0,0,0,0
1790140802.166002,0,-3,1,2,14528,12655,42,1306,2150094,2150095,2150091,2150092,0,0,0,0
1790140802.3292835,-4,-5,4,-2,14558,12627,13,1336,2150184,2150185,2150181,2150182,0,0,0,0
1790140802.3292835,-1,-3,-1,-1,14552,12635,18,1330,2150214,2150215,2150211,2150212,0,0,0,0
1790140802.539115,-3,0,2,-3,14515,12665,53,1291,2150304,2150305,2150301,2150302,0,0,0,0
1790140802.5530007,4,0,2,-1,14520,12661,48,1297,2150364,2150365,2150361,2150362,0,0,0,0
1790140802.7466397,-1,-1,-6,-1,14517,12663,50,1293,2150424,2150425,2150421,2150422,0,0,0,0
1790140802.7550244,-2,1,0,-1,14516,12664,51,1291,2150484,2150485,2150481,2150482,0,0,0,0
1790140802.9400601,-1,-3,-14,0,14525,12655,47,1306,2150514,2150515,2150511,2150512,0,0,0,0
1790140802.955848,-14,2,14,-13,14287,12714,153,1194,2150604,2150605,2150601,2150602,0,0,0,0
1790140803.150238,55,49,57,48,16715,15488,4574,3828,2150724,2150725,2150721,2150722,0,0,0,0
1790140803.3427622,34,46,10,30,20614,19224,7108,7165,2150814,2150815,2150811,2150812,0,0,0,0
1790140803.5531936,15,5,2,17,21901,19669,7438,8638,2150874,2150875,2150871,2150872,0,0,0,0
1790140803.5691097,-12,7,9,-6,22054,20367,7969,8688,2150964,2150965,2150961,2150962,0,0,0,0
1790140803.7631772,3,3,-5,-1,22060,20575,8263,8736,2151054,2151055,2151051,2151052,0,0,0,0
1790140803.7631772,-4,-9,0,6,22084,20559,8253,8768,2151084,2151085,2151081,2151082,0,0,0,0
1790140803.9401202,2,-2,-5,3,22118,20542,8243,8808,2151114,2151115,2151111,2151112,0,0,0,0
1790140803.9558737,-2,3,1,3,22158,20495,8212,8874,2151174,2151175,2151171,2151172,0,0,0,0
1790140804.169761,2,-2,2,2,22172,20478,8197,8893,2151204,2151205,2151201,2151202,0,0,0,0
1790140804.169761,-1,-2,1,-7,22240,20461,8184,8970,2151294,2151295,2151291,2151292,0,0,0,0
1790140804.197752,-10,-6,3,2,22253,20453,8177,8982,2151324,2151325,2151321,2151322,0,0,0,0
1790140804.3747032,-7,-3,0,2,22283,20428,8157,9023,2151444,2151445,2151441,2151442,0,0,0,0
1790140804.3966799,-7,-3,0,2,22283,20428,8157,9023,2151444,2151445,2151441,2151442,0,0,0,0
1790140804.5839465,-2,0,-2,0,22260,20472,8203,9002,2151564,2151565,2151561,2151562,0,0,0,0
1790140804.710626,1,7,2,1,22263,20472,8204,9011,2151594,2151595,2151591,2151592,0,0,0,0
1790140804.710626,2,-4,0,3,22276,20459,8193,9023,2151624,2151625,2151621,2151622,0,0,0,0
1790140804.737383,0,-2,3,-1,22293,20443,8179,9037,2151654,2151655,2151651,2151652,0,0,0,0
1790140804.7930095,3,0,1,3,22306,20428,8164,9050,2151684,2151685,2151681,2151682,0,0,0,0
1790140804.981646,0,2,1,0,22316,20415,8153,9062,2151714,2151715,2151711,2151712,0,0,0,0
1790140804.981646,4,-5,1,-1,22322,20409,8149,9071,2151744,2151745,2151741,2151742,0,0,0,0
1790140804.9974298,-1,3,2,-2,22330,20403,8143,9076,2151804,2151805,2151801,2151802,0,0,0,0
1790140805.013412,3,5,-2,1,22330,20398,8142,9078,2151834,2151835,2151831,2151832,0,0,0,0
1790140805.2043824,4,-1,2,0,22333,20396,8138,9080,2151864,2151865,2151861,2151862,0,0,0,0
1790140805.2043824,45,105,59,89,23129,21618,8733,9828,2151894,2151895,2151891,2151892,0,0,0,0
1790140805.2159588,48,44,49,48,26023,24457,11711,12941,2151954,2151955,2151951,2151952,0,0,0,0
1790140805.3946157,60,52,71,53,27535,25823,13257,14521,2151984,2151985,2151981,2151982,0,0,0,0
1790140805.4105365,48,59,48,54,30453,28808,16438,17596,2152044,2152045,2152041,2152042,0,0,0,0
1790140805.604118,63,57,69,54,32153,30344,17938,19073,2152074,2152075,2152071,2152072,0,0,0,0
1790140805.604118,44,65,52,61,958,31933,19484,20628,2152104,2152105,2152101,2152102,0,0,0,0
1790140805.604118,66,53,51,55,4222,2460,22587,23610,2152164,2152165,2152161,2152162,0,0,0,0
1790140805.8096924,58,68,61,67,5809,4069,24251,25196,2152194,2152195,2152191,2152192,0,0,0,0
1790140805.8096924,58,61,52,61,10615,8828,29174,30089,2152284,2152285,2152281,2152282,0,0,0,0
1790140806.0182974,60,52,64,58,12134,10360,30822,31653,2152314,2152315,2152311,2152312,0,0,0,0
1790140806.0182974,65,53,53,71,17198,15206,2921,3773,2152404,2152405,2152401,2152402,0,0,0,0
1790140806.195738,48,73,58,56,18765,16799,4498,5376,2152434,2152435,2152431,2152432,0,0,0,0
1790140806.195738,52,46,64,47,20374,18434,6109,6933,2152464,2152465,2152461,2152462,0,0,0,0
1790140806.2114298,18,15,19,26,22069,20138,7999,8676,2152524,2152525,2152521,2152522,0,0,0,0
1790140806.420983,4,2,-4,3,22513,20212,8362,9366,2152644,2152645,2152641,2152642,0,0,0,0
1790140806.5177348,0,-2,-4,-1,22664,20081,8228,9491,2152704,2152705,2152701,2152702,0,0,0,0
1790140806.5177348,4,-5,-5,4,22728,20022,8173,9550,2152734,2152735,2152731,2152732,0,0,0,0
1790140806.6258829,1,0,3,-5,22777,19984,8134,9594,2152764,2152765,2152761,2152762,0,0,0,0
1790140806.6258829,-3,-5,-6,3,22782,19941,8077,9588,2152794,2152795,2152791,2152792,0,0,0,0
1790140806.8359644,-4,2,5,-4,22780,19923,8005,9531,2152824,2152825,2152821,2152822,0,0,0,0
1790140806.8359644,-3,0,0,2,22733,19962,8040,9490,2152914,2152915,2152911,2152912,0,0,0,0
1790140807.0447242,1,1,-2,-2,22730,19965,8046,9486,2153004,2153005,2153001,2153002,0,0,0,0
1790140807.0447242,2,-1,0,5,22739,19957,8039,9492,2153034,2153035,2153031,2153032,0,0,0,0
1790140807.0476868,-3,-2,0,2,22766,19962,8039,9514,2153064,2153065,2153061,2153062,0,0,0,0
1790140807.211872,-5,-5,0,-4,22778,19907,7994,9527,2153154,2153155,2153151,2153152,0,0,0,0
1790140807.2535946,-7,0,2,-4,22775,19935,8013,9518,2153184,2153185,2153181,2153182,0,0,0,0
1790140807.333892,5,-3,-1,1,22752,19942,8020,9500,2153214,2153215,2153211,2153212,0,0,0,0
1790140807.3978007,-4,-4,-4,-4,22745,19945,8025,9492,2153244,2153245,2153241,2153242,0,0,0,0
1790140807.4499533,4,-2,-7,1,22785,19881,8004,9512,2153274,2153275,2153271,2153272,0,0,0,0
1790140807.5177834,25,-33,-13,16,23121,19450,7774,9806,2153304,2153305,2153301,2153302,0,0,0,0
1790140807.532112,75,-92,-46,41,24631,17881,6812,10578,2153334,2153335,2153331,2153332,0,0,0,0
1790140807.5914512,61,-63,-59,68,26781,15971,5295,12475,2153364,2153365,2153361,2153362,0,0,0,0
1790140807.6557903,80,-58,-75,87,28704,13941,3259,14430,2153394,2153395,2153391,2153392,0,0,0,0
1790140807.7045043,85,-64,-67,82,30846,11826,1003,16711,2153424,2153425,2153421,2153422,0,0,0,0
1790140807.7045043,68,-76,-68,76,145,9766,31591,18909,2153454,2153455,2153451,2153452,0,0,0,0
1790140807.83249,63,-53,-66,53,1951,7924,29650,20849,2153484,2153485,2153481,2153482,0,0,0,0
1790140807.9001582,48,-58,-50,49,3458,6469,28125,22332,2153514,2153515,2153511,2153512,0,0,0,0
1790140807.9120824,45,-45,-42,45,4766,5134,26775,23617,2153544,2153545,2153541,2153542,0,0,0,0
1790140807.9608269,43,-53,-42,44,5894,3969,25618,24771,2153574,2153575,2153571,2153572,0,0,0,0
1790140808.0244682,46,-47,-41,44,7095,2748,24366,25990,2153604,2153605,2153601,2153602,0,0,0,0
1790140808.0244682,59,-53,-59,63,8539,1208,23018,27457,2153634,2153635,2153631,2153632,0,0,0,0
1790140808.1534827,69,-57,-61,59,10148,32434,21375,29067,2153664,2153665,2153661,2153662,0,0,0,0
1790140808.1685274,75,-66,-59,72,11899,30657,19567,30859,2153694,2153695,2153691,2153692,0,0,0,0
1790140808.1846225,57,-60,-64,55,13790,28815,17631,32726,2153724,2153725,2153721,2153722,0,0,0,0
1790140808.232623,71,-64,-80,76,15526,26942,15907,1790,2153754,2153755,2153751,2153752,0,0,0,0
1790140808.300097,64,-57,-55,54,17178,25372,14215,3405,2153784,2153785,2153781,2153782,0,0,0,0
1790140808.35532,40,-65,-53,58,18649,23860,12643,5069,2153814,2153815,2153811,2153812,0,0,0,0
1790140808.4758942,62,-49,-59,50,22877,19621,8424,9254,2153904,2153905,2153901,2153902,0,0,0,0
1790140808.5565464,60,-56,-57,62,25931,16479,5330,12445,2153964,2153965,2153961,2153962,0,0,0,0
1790140808.6185439,63,-61,-60,62,27720,14807,3620,14181,2153994,2153995,2153991,2153992,0,0,0,0
1790140808.6988535,59,-78,-71,62,29339,13067,1845,15939,2154024,2154025,2154021,2154022,0,0,0,0
1790140808.7311256,57,-55,-60,51,31097,11530,191,17577,2154054,2154055,2154051,2154052,0,0,0,0
1790140808.795891,51,-60,-47,61,32685,9896,31398,19153,2154084,2154085,2154081,2154082,0,0,0,0
1790140808.816437,57,-63,-57,53,1331,8372,29858,20706,2154114,2154115,2154111,2154112,0,0,0,0
1790140808.876169,56,-42,-58,45,2858,6916,28417,22150,2154144,2154145,2154141,2154142,0,0,0,0
1790140808.924359,52,-57,-43,66,4387,5413,26814,23733,2154174,2154175,2154171,2154172,0,0,0,0
1790140809.0611973,69,-54,-64,51,7376,2354,23817,26776,2154234,2154235,2154231,2154232,0,0,0,0
1790140809.0847528,50,-57,-62,68,9028,677,22148,28434,2154264,2154265,2154261,2154262,0,0,0,0
1790140809.1218514,54,-64,-67,54,10657,31807,20561,30156,2154294,2154295,2154291,2154292,0,0,0,0
1790140809.1966126,67,-60,-54,64,12229,30276,18874,31713,2154324,2154325,2154321,2154322,0,0,0,0
1790140809.2286403,45,-60,-51,64,13854,28668,17267,644,2154354,2154355,2154351,2154352,0,0,0,0
1790140809.2624195,70,-55,-66,48,15373,26986,15720,2194,2154384,2154385,2154381,2154382,0,0,0,0
1790140809.372235,60,-51,-52,63,16972,25527,14218,3703,2154414,2154415,2154411,2154412,0,0,0,0
1790140809.5013294,45,-60,-53,53,18516,24015,12634,5316,2154444,2154445,2154441,2154442,0,0,0,0
1790140809.5013294,38,-37,-39,47,22870,19731,8189,9745,2154534,2154535,2154531,2154532,0,0,0,0
1790140809.695286,17,-36,-32,13,23638,18998,7622,10476,2154564,2154565,2154561,2154562,0,0,0,0
1790140809.695286,-2,2,9,-5,23770,18558,7228,10563,2154594,2154595,2154591,2154592,0,0,0,0
1790140809.695286,-3,15,6,0,23814,18529,7657,10518,2154624,2154625,2154621,2154622,0,0,0,0
1790140809.9058416,-3,2,12,4,23698,18718,7923,10519,2154654,2154655,2154651,2154652,0,0,0,0
1790140809.9058416,-8,1,6,-4,23425,19166,8390,10344,2154744,2154745,2154741,2154742,0,0,0,0
1790140810.126037,-2,1,2,-2,23394,19208,8428,10312,2154774,2154775,2154771,2154772,0,0,0,0
1790140810.129034,0,3,-3,-1,23414,19178,8408,10331,2154864,2154865,2154861,2154862,0,0,0,0
1790140810.1361232,-2,-1,1,-2,23433,19153,8385,10348,2154894,2154895,2154891,2154892,0,0,0,0
1790140810.2327402,9,-1,-5,-1,23446,19132,8366,10362,2154924,2154925,2154921,2154922,0,0,0,0
1790140810.2525823,6,-7,-4,3,23468,19109,8344,10374,2154954,2154955,2154951,2154952,0,0,0,0
1790140810.3132558,-4,-4,0,0,23488,19128,8347,10387,2154984,2154985,2154981,2154982,0,0,0,0
1790140810.3510387,-1,0,-4,1,23502,19125,8339,10396,2155014,2155015,2155011,2155012,0,0,0,0
1790140810.5221384,-2,-1,-8,-2,23505,19112,8332,10402,2155044,2155045,2155041,2155042,0,0,0,0
1790140810.5221384,11,3,-1,0,23510,19102,8325,10408,2155074,2155075,2155071,2155072,0,0,0,0
1790140810.5381048,2,0,-1,-4,23526,19087,8308,10419,2155134,2155135,2155131,2155132,0,0,0,0
1790140810.7048876,5,3,-1,-2,23528,19076,8301,10424,2155164,2155165,2155161,2155162,0,0,0,0
1790140810.7184184,-2,-3,0,-1,23538,19058,8288,10432,2155224,2155225,2155221,2155222,0,0,0,0
1790140810.9261174,3,3,-3,1,23543,19054,8284,10436,2155254,2155255,2155251,2155252,0,0,0,0
1790140810.9261174,4,-1,0,3,23612,18986,8226,10494,2155344,2155345,2155341,2155342,0,0,0,0
1790140810.9421277,1,0,2,-2,23632,18954,8201,10511,2155374,2155375,2155371,2155372,0,0,0,0
1790140811.1342597,5,-3,-1,-4,23670,18914,8165,10547,2155464,2155465,2155461,2155462,0,0,0,0
1790140811.1342597,-8,-3,-2,1,23677,18905,8158,10552,2155494,2155495,2155491,2155492,0,0,0,0
1790140811.198071,-1,0,0,-2,23680,18901,8155,10556,2155524,2155525,2155521,2155522,0,0,0,0
1790140811.2614825,0,-1,1,2,23681,18900,8154,10557,2155554,2155555,2155551,2155552,0,0,0,0
1790140811.5357578,0,-1,0,-4,23679,18896,8153,10553,2155584,2155585,2155581,2155582,0,0,0,0
1790140811.5357578,4,0,5,3,23685,18892,8144,10553,2155614,2155615,2155611,2155612,0,0,0,0
1790140811.5514648,-3,2,1,1,23716,18863,8127,10590,2155734,2155735,2155731,2155732,0,0,0,0
1790140811.7189274,-1,-1,3,2,23733,18850,8117,10604,2155824,2155825,2155821,2155822,0,0,0,0
1790140811.7286909,-1,-1,3,2,23733,18850,8117,10604,2155824,2155825,2155821,2155822,0,0,0,0
1790140811.953969,-1,-2,-3,-4,23761,18823,8098,10634,2155974,2155975,2155971,2155972,0,0,0,0
1790140812.1487129,1,-2,1,1,23799,18786,8068,10669,2156094,2156095,2156091,2156092,0,0,0,0
1790140812.1784441,-5,-4,-3,1,23808,18779,8060,10677,2156124,2156125,2156121,2156122,0,0,0,0
1790140812.260731,1,3,-2,3,23829,18757,8042,10696,2156184,2156185,2156181,2156182,0,0,0,0
1790140812.3579028,3,0,0,3,23915,18697,7988,10777,2156244,2156245,2156241,2156242,0,0,0,0
1790140812.535592,6,-7,4,0,23957,18654,7943,10824,2156304,2156305,2156301,2156302,0,0,0,0
1790140812.551265,6,0,-3,3,23975,18633,7923,10842,2156334,2156335,2156331,2156332,0,0,0,0
1790140812.7748957,0,-4,-5,-1,24092,18541,7824,10956,2156454,2156455,2156451,2156452,0,0,0,0
1790140812.9839082,-2,4,-4,4,24144,18498,7772,11012,2156574,2156575,2156571,2156572,0,0,0,0
1790140812.997132,1,0,1,-3,24145,18495,7771,11014,2156604,2156605,2156601,2156602,0,0,0,0
1790140813.1843092,2,-3,0,-2,24146,18497,7771,11014,2156694,2156695,2156691,2156692,0,0,0,0
1790140813.1884675,0,4,4,0,24145,18497,7771,11014,2156724,2156725,2156721,2156722,0,0,0,0
1790140813.2681577,5,-3,3,1,24146,18496,7770,11015,2156754,2156755,2156751,2156752,0,0,0,0
1790140813.384783,0,3,-2,2,24147,18495,7769,11017,2156784,2156785,2156781,2156782,0,0,0,0
1790140813.3958266,0,2,-2,2,24148,18494,7768,11018,2156814,2156815,2156811,2156812,0,0,0,0
1790140813.3958266,1,2,-2,1,24153,18490,7765,11022,2156844,2156845,2156841,2156842,0,0,0,0
1790140813.6028214,-2,-3,2,2,24166,18479,7752,11037,2156964,2156965,2156961,2156962,0,0,0,0
1790140813.7952082,-1,0,-3,2,24178,18468,7739,11050,2157084,2157085,2157081,2157082,0,0,0,0
1790140813.8164084,1,-6,3,-2,24179,18467,7738,11051,2157114,2157115,2157111,2157112,0,0,0,0
1790140814.0052724,-6,-1,-1,-4,24182,18464,7736,11053,2157144,2157145,2157141,2157142,0,0,0,0
1790140814.0052724,2,-2,-1,-2,24205,18444,7712,11079,2157234,2157235,2157231,2157232,0,0,0,0
1790140814.21547,2,-1,-1,0,24266,18415,7674,11142,2157324,2157325,2157321,2157322,0,0,0,0
1790140814.21547,-3,1,3,4,24268,18394,7660,11158,2157354,2157355,2157351,2157352,0,0,0,0
1790140814.2881992,0,4,0,-4,24275,18386,7649,11166,2157384,2157385,2157381,2157382,0,0,0,0
1790140814.3942888,18,-4,4,3,24282,18384,7644,11170,2157414,2157415,2157411,2157412,0,0,0,0
1790140814.408031,-7,2,-2,-3,24295,18378,7639,11185,2157474,2157475,2157471,2157472,0,0,0,0
1790140814.6163614,3,1,1,0,24307,18382,7640,11198,2157504,2157505,2157501,2157502,0,0,0,0
1790140814.6163614,6,-3,1,-3,24327,18361,7617,11218,2157564,2157565,2157561,2157562,0,0,0,0
1790140814.6321056,3,4,-4,0,24336,18352,7605,11228,2157594,2157595,2157591,2157592,0,0,0,0
1790140814.8296497,-4,-5,0,-1,24345,18345,7595,11239,2157624,2157625,2157621,2157622,0,0,0,0
1790140815.0179975,2,3,0,-5,24349,18334,7582,11242,2157774,2157775,2157771,2157772,0,0,0,0
1790140815.03559,-1,-1,-3,-1,24327,18379,7645,11224,2157834,2157835,2157831,2157832,0,0,0,0
1790140815.2285404,3,4,0,1,24326,18370,7641,11229,2157864,2157865,2157861,2157862,0,0,0,0
1790140815.2285404,-2,-1,-2,2,24356,18330,7603,11268,2157924,2157925,2157921,2157922,0,0,0,0
1790140815.3091404,-2,-4,4,0,24390,18308,7571,11302,2157984,2157985,2157981,2157982,0,0,0,0
1790140815.4381092,0,-3,-1,6,24395,18294,7558,11312,2158044,2158045,2158041,2158042,0,0,0,0
1790140815.4381092,1,-1,-1,0,24397,18294,7558,11313,2158074,2158075,2158071,2158072,0,0,0,0
1790140815.6414187,0,-3,-3,0,24391,18294,7556,11305,2158134,2158135,2158131,2158132,0,0,0,0
1790140815.6414187,-2,1,-2,6,24395,18301,7566,11309,2158194,2158195,2158191,2158192,0,0,0,0
1790140815.7551394,0,5,3,4,24391,18307,7572,11308,2158254,2158255,2158251,2158252,0,0,0,0
1790140815.8198805,-3,-5,-1,1,24386,18308,7573,11300,2158284,2158285,2158281,2158282,0,0,0,0
1790140815.835874,-6,1,-3,-3,24387,18306,7573,11301,2158314,2158315,2158311,2158312,0,0,0,0
1790140815.897917,3,-16,-5,-1,24446,18221,7543,11347,2158344,2158345,2158341,2158342,0,0,0,0
1790140816.013206,87,-76,-52,45,26836,15896,6226,12786,2158404,2158405,2158401,2158402,0,0,0,0
1790140816.0293722,87,-76,-52,45,26836,15896,6226,12786,2158404,2158405,2158401,2158402,0,0,0,0
1790140816.0778787,88,-77,-84,95,30773,12008,2415,16819,2158464,2158465,2158461,2158462,0,0,0,0
1790140816.097737,78,-86,-89,86,283,9866,236,19115,2158494,2158495,2158491,2158492,0,0,0,0
1790140816.1584244,72,-66,-83,87,2321,7746,30907,21300,2158524,2158525,2158521,2158522,0,0,0,0
1790140816.2549918,65,-68,-50,56,4117,5962,29029,23137,2158554,2158555,2158551,2158552,0,0,0,0
1790140816.3098536,48,-43,-55,44,5567,4547,27404,24633,2158584,2158585,2158581,2158582,0,0,0,0
1790140816.3190522,39,-34,-43,40,6777,3251,26196,25897,2158614,2158615,2158611,2158612,0,0,0,0
1790140816.3509793,38,-38,-39,45,7968,2166,25115,26984,2158644,2158645,2158641,2158642,0,0,0,0
1790140816.4190075,48,-43,-41,53,9155,883,23919,28245,2158674,2158675,2158671,2158672,0,0,0,0
1790140816.4790394,53,-65,-63,64,10554,32253,22478,29733,2158704,2158705,2158701,2158702,0,0,0,0
1790140816.5433207,55,-71,-71,75,13980,28724,18995,415,2158764,2158765,2158761,2158762,0,0,0,0
1790140816.6142604,74,-61,-65,67,15883,26864,17120,2305,2158794,2158795,2158791,2158792,0,0,0,0
1790140816.7207162,67,-67,-64,67,17656,25159,15230,4173,2158824,2158825,2158821,2158822,0,0,0,0
1790140816.7364275,62,-56,-59,51,19342,23531,13674,5841,2158854,2158855,2158851,2158852,0,0,0,0
1790140816.785082,49,-52,-53,53,20834,22018,12069,7373,2158884,2158885,2158881,2158882,0,0,0,0
1790140816.849505,46,-47,-49,59,22176,20663,10672,8714,2158914,2158915,2158911,2158912,0,0,0,0
1790140816.9141953,46,-58,-47,48,23507,19331,9382,10112,2158944,2158945,2158941,2158942,0,0,0,0
1790140816.9331033,60,-60,-47,49,24934,17885,7979,11445,2158974,2158975,2158971,2158972,0,0,0,0
1790140816.9943504,64,-49,-61,63,26477,16386,6403,12993,2159004,2159005,2159001,2159002,0,0,0,0
1790140817.0417175,53,-65,-54,60,28141,14650,4711,14662,2159034,2159035,2159031,2159032,0,0,0,0
1790140817.1059084,54,-59,-59,63,31542,11421,1299,18180,2159094,2159095,2159091,2159092,0,0,0,0
1790140817.2334654,61,-57,-62,53,440,9721,32450,19750,2159124,2159125,2159121,2159122,0,0,0,0
1790140817.249438,54,-50,-67,63,1999,8102,30839,21386,2159154,2159155,2159151,2159152,0,0,0,0
1790140817.265668,57,-53,-49,55,3518,6695,29268,22898,2159184,2159185,2159181,2159182,0,0,0,0
1790140817.3721151,55,-54,-54,46,4993,5201,27818,24365,2159214,2159215,2159211,2159212,0,0,0,0
1790140817.4266922,57,-60,-58,66,8052,2197,24862,27469,2159274,2159275,2159271,2159272,0,0,0,0
1790140817.4910424,53,-60,-62,54,9549,617,23240,29024,2159304,2159305,2159301,2159302,0,0,0,0
1790140817.5720313,60,-63,-63,59,11172,31710,21607,30641,2159334,2159335,2159331,2159332,0,0,0,0
1790140817.6201746,50,-56,-61,61,12805,30204,19910,32344,2159364,2159365,2159361,2159362,0,0,0,0
1790140817.6378627,65,-64,-64,59,14370,28459,18363,1126,2159394,2159395,2159391,2159392,0,0,0,0
1790140817.7529829,57,-54,-55,61,16049,26894,16788,2806,2159424,2159425,2159421,2159422,0,0,0,0
1790140817.8129203,53,-55,-49,42,17568,25404,15087,4466,2159454,2159455,2159451,2159452,0,0,0,0
1790140817.8286705,60,-57,-60,56,20595,22363,12079,7479,2159514,2159515,2159511,2159512,0,0,0,0
1790140817.8932362,46,-45,-55,55,22122,20796,10526,9026,2159544,2159545,2159541,2159542,0,0,0,0
1790140818.1045752,-3,15,0,-6,25555,17815,7974,11967,2159664,2159665,2159661,2159662,0,0,0,0
1790140818.307588,-25,39,22,-21,24503,18990,9055,10971,2159724,2159725,2159721,2159722,0,0,0,0
1790140818.3166418,-10,5,9,-10,23533,20011,10097,10082,2159784,2159785,2159781,2159782,0,0,0,0
1790140818.5100958,3,-3,4,-5,23238,20214,10351,9766,2159844,2159845,2159841,2159842,0,0,0,0
1790140818.5121026,-2,0,0,-1,23195,20265,10398,9714,2159874,2159875,2159871,2159872,0,0,0,0
1790140818.517491,3,-2,-2,-1,23162,20301,10429,9672,2159904,2159905,2159901,2159902,0,0,0,0
1790140818.517491,-2,0,0,0,23136,20328,10459,9642,2159934,2159935,2159931,2159932,0,0,0,0
1790140818.654535,-8,-2,2,-7,23114,20348,10479,9618,2159964,2159965,2159961,2159962,0,0,0,0
1790140818.6552076,-1,1,-5,-4,23088,20378,10506,9587,2160024,2160025,2160021,2160022,0,0,0,0
1790140818.7195086,2,-1,4,6,23082,20382,10512,9579,2160054,2160055,2160051,2160052,0,0,0,0
1790140818.887519,-1,3,-2,1,23081,20383,10512,9578,2160084,2160085,2160081,2160082,0,0,0,0
1790140818.888564,-1,-3,-1,-3,23082,20380,10513,9580,2160114,2160115,2160111,2160112,0,0,0,0
1790140818.8954024,-3,0,4,1,23085,20378,10509,9582,2160144,2160145,2160141,2160142,0,0,0,0
1790140818.895915,1,3,-3,-1,23085,20379,10510,9583,2160174,2160175,2160171,2160172,0,0,0,0
1790140819.1201367,-1,-6,-2,-4,23100,20385,10514,9586,2160204,2160205,2160201,2160202,0,0,0,0
1790140819.1201367,-12,-1,-3,-3,23109,20356,10487,9598,2160264,2160265,2160261,2160262,0,0,0,0
1790140819.1351452,-3,-1,-1,-1,23093,20373,10502,9582,2160294,2160295,2160291,2160292,0,0,0,0
1790140819.3415616,-8,1,-1,3,23078,20394,10520,9562,2160324,2160325,2160321,2160322,0,0,0,0
1790140819.343636,-6,-4,-5,-5,23035,20436,10562,9516,2160414,2160415,2160411,2160412,0,0,0,0
1790140819.343636,-1,-3,-3,-2,23027,20442,10569,9508,2160444,2160445,2160441,2160442,0,0,0,0
1790140819.5364866,-1,-1,2,2,23015,20450,10569,9484,2160534,2160535,2160531,2160532,0,0,0,0
1790140819.712648,5,-4,-7,-1,23017,20447,10568,9482,2160564,2160565,2160561,2160562,0,0,0,0
1790140819.712648,2,-3,-2,7,23017,20443,10566,9483,2160594,2160595,2160591,2160592,0,0,0,0
1790140819.7178862,-5,9,1,-3,23017,20444,10567,9482,2160624,2160625,2160621,2160622,0,0,0,0
1790140819.939248,0,-1,-2,-3,23016,20445,10568,9484,2160654,2160655,2160651,2160652,0,0,0,0
1790140819.939248,-2,5,5,-4,23016,20458,10577,9480,2160744,2160745,2160741,2160742,0,0,0,0
1790140819.9579968,-2,-4,-2,2,23012,20458,10579,9478,2160774,2160775,2160771,2160772,0,0,0,0
1790140820.1477947,2,-3,-3,-4,23012,20458,10579,9479,2160804,2160805,2160801,2160802,0,0,0,0
1790140820.1477947,1,7,2,2,23011,20455,10577,9479,2160864,2160865,2160861,2160862,0,0,0,0
1790140820.1477947,-1,-3,-2,-2,23011,20453,10575,9479,2160894,2160895,2160891,2160892,0,0,0,0
1790140820.326636,2,0,2,-4,23035,20411,10538,9499,2161014,2161015,2161011,2161012,0,0,0,0
1790140820.522792,-4,-3,-3,2,23056,20405,10529,9524,2161044,2161045,2161041,2161042,0,0,0,0
1790140820.522792,2,0,0,-3,23043,20428,10547,9508,2161104,2161105,2161101,2161102,0,0,0,0
1790140820.7623286,-3,-2,-4,-5,23048,20413,10531,9512,2161224,2161225,2161221,2161222,0,0,0,0
1790140820.7623286,-1,-1,2,-7,23049,20418,10531,9511,2161254,2161255,2161251,2161252,0,0,0,0
1790140820.7749784,-3,5,4,3,23034,20430,10543,9497,2161284,2161285,2161281,2161282,0,0,0,0
1790140820.9653063,-2,-3,1,-1,23006,20453,10568,9471,2161344,2161345,2161341,2161342,0,0,0,0
1790140820.9653063,0,0,0,0,23001,20457,10573,9467,2161374,2161375,2161371,2161372,0,0,0,0
1790140820.9653063,3,0,2,-1,23000,20457,10574,9465,2161404,2161405,2161401,2161402,0,0,0,0
1790140821.176555,-3,0,-1,6,23001,20454,10573,9467,2161434,2161435,2161431,2161432,0,0,0,0
1790140821.183006,-5,-1,-2,1,23001,20455,10573,9466,2161524,2161525,2161521,2161522,0,0,0,0
1790140821.2177432,-2,-2,-3,3,22999,20452,10571,9466,2161554,2161555,2161551,2161552,0,0,0,0
1790140821.3459516,-9,0,2,3,22999,20452,10573,9466,2161584,2161585,2161581,2161582,0,0,0,0
1790140821.3459516,-1,-2,4,3,22999,20454,10573,9465,2161614,2161615,2161611,2161612,0,0,0,0
1790140821.3579805,3,-1,0,0,23000,20452,10572,9466,2161644,2161645,2161641,2161642,0,0,0,0
1790140821.5778222,-4,0,0,3,23002,20449,10571,9466,2161674,2161675,2161671,2161672,0,0,0,0
1790140821.5778222,3,-2,-4,0,23002,20451,10571,9468,2161734,2161735,2161731,2161732,0,0,0,0
1790140821.5907125,-2,-1,3,-2,23001,20451,10572,9467,2161764,2161765,2161761,2161762,0,0,0,0
1790140821.7831194,0,-4,1,-3,23002,20449,10571,9469,2161794,2161795,2161791,2161792,0,0,0,0
1790140821.7831194,0,2,-6,-2,23007,20445,10567,9473,2161884,2161885,2161881,2161882,0,0,0,0
1790140821.9928563,1,1,2,-1,23006,20447,10567,9472,2161914,2161915,2161911,2161912,0,0,0,0
1790140822.1962953,-2,-4,1,1,23008,20434,10557,9475,2162124,2162125,2162121,2162122,0,0,0,0
1790140822.353626,-1,-5,2,0,23006,20444,10567,9472,2162154,2162155,2162151,2162152,0,0,0,0
1790140822.353626,1,-3,-5,-4,23001,20452,10572,9467,2162214,2162215,2162211,2162212,0,0,0,0
1790140822.60832,-1,-2,-4,2,23005,20449,10570,9471,2162244,2162245,2162241,2162242,0,0,0,0
1790140822.60832,-3,-3,2,3,23010,20449,10566,9475,2162364,2162365,2162361,2162362,0,0,0,0
1790140822.8058004,-2,1,-6,3,23010,20451,10568,9475,2162424,2162425,2162421,2162422,0,0,0,0
1790140822.8178592,0,1,1,1,23011,20451,10565,9475,2162484,2162485,2162481,2162482,0,0,0,0
1790140823.0114257,2,3,1,0,23007,20450,10567,9474,2162514,2162515,2162511,2162512,0,0,0,0
1790140823.0114257,-1,-4,1,3,23006,20451,10568,9472,2162604,2162605,2162601,2162602,0,0,0,0
1790140823.2174146,-3,4,-2,-4,23004,20449,10566,9471,2162754,2162755,2162751,2162752,0,0,0,0
1790140823.3625116,-1,1,0,-1,23002,20450,10569,9469,2162784,2162785,2162781,2162782,0,0,0,0
1790140823.3625116,-4,6,-2,3,23002,20446,10566,9470,2162844,2162845,2162841,2162842,0,0,0,0
1790140823.435341,0,-3,-1,4,23005,20442,10564,9472,2162874,2162875,2162871,2162872,0,0,0,0
1790140823.6195455,-2,-5,0,0,23007,20441,10562,9474,2162904,2162905,2162901,2162902,0,0,0,0
1790140823.6195455,1,-2,0,-1,23006,20442,10563,9473,2162964,2162965,2162961,2162962,0,0,0,0
1790140823.6364794,-4,1,0,-4,23004,20442,10564,9472,2162994,2162995,2162991,2162992,0,0,0,0
1790140823.8374865,-2,-4,1,2,23001,20447,10570,9468,2163084,2163085,2163081,2163082,0,0,0,0
1790140823.8395963,-5,3,1,1,23003,20445,10568,9470,2163114,2163115,2163111,2163112,0,0,0,0
1790140824.0383215,-2,-3,2,-1,23007,20442,10566,9473,2163144,2163145,2163141,2163142,0,0,0,0
1790140824.0383215,-4,-1,0,1,23003,20445,10567,9471,2163204,2163205,2163201,2163202,0,0,0,0
1790140824.0560563,1,-7,4,4,23002,20446,10569,9468,2163234,2163235,2163231,2163232,0,0,0,0
1790140824.0560563,0,5,1,-4,23001,20447,10571,9467,2163264,2163265,2163261,2163262,0,0,0,0
1790140824.2390637,0,-5,-4,-4,23002,20448,10571,9468,2163294,2163295,2163291,2163292,0,0,0,0
1790140824.253776,-1,-1,-2,-3,23004,20451,10572,9470,2163384,2163385,2163381,2163382,0,0,0,0
1790140824.3820329,0,-2,0,-5,23006,20450,10571,9472,2163444,2163445,2163441,2163442,0,0,0,0
1790140824.4464157,-1,1,0,0,23007,20451,10570,9473,2163474,2163475,2163471,2163472,0,0,0,0
1790140824.6565228,2,-5,3,0,23004,20453,10574,9469,2163564,2163565,2163561,2163562,0,0,0,0
1790140824.6565228,4,1,1,-4,23004,20454,10574,9469,2163594,2163595,2163591,2163592,0,0,0,0
1790140824.8623006,2,-2,-3,2,23007,20453,10571,9472,2163684,2163685,2163681,2163682,0,0,0,0
1790140825.0573065,-4,-3,-2,-3,23007,20456,10573,9471,2163744,2163745,2163741,2163742,0,0,0,0
1790140825.0573065,2,0,-2,1,23010,20457,10573,9471,2163804,2163805,2163801,2163802,0,0,0,0
1790140825.0573065,1,1,1,-4,23010,20456,10572,9471,2163834,2163835,2163831,2163832,0,0,0,0
1790140825.0730379,6,-2,-5,-1,23008,20458,10575,9470,2163864,2163865,2163861,2163862,0,0,0,0
1790140825.2686129,6,6,1,3,23003,20461,10576,9467,2163984,2163985,2163981,2163982,0,0,0,0
1790140825.3811228,2,-5,0,1,23006,20454,10570,9470,2164044,2164045,2164041,2164042,0,0,0,0
1790140825.4769328,3,3,0,-1,23010,20450,10566,9474,2164104,2164105,2164101,2164102,0,0,0,0
1790140825.669845,-2,0,0,-1,23006,20451,10567,9470,2164164,2164165,2164161,2164162,0,0,0,0
1790140825.6855462,-1,1,0,-4,23001,20457,10572,9467,2164194,2164195,2164191,2164192,0,0,0,0
1790140825.6855462,2,2,0,-4,22996,20458,10576,9463,2164224,2164225,2164221,2164222,0,0,0,0
1790140825.8769236,-4,0,1,0,23003,20451,10571,9468,2164284,2164285,2164281,2164282,0,0,0,0
1790140825.8769236,-1,-4,3,3,23007,20449,10566,9471,2164344,2164345,2164341,2164342,0,0,0,0
1790140826.0869398,2,5,4,-3,23003,20449,10567,9469,2164464,2164465,2164461,2164462,0,0,0,0
1790140826.2999978,1,7,-1,-1,23002,20446,10565,9468,2164584,2164585,2164581,2164582,0,0,0,0
1790140826.3860853,-3,-2,2,-3,23001,20445,10567,9468,2164614,2164615,2164611,2164612,0,0,0,0
1790140826.498052,0,-4,-2,-4,23004,20444,10567,9469,2164674,2164675,2164671,2164672,0,0,0,0
1790140826.498052,0,1,0,4,23008,20441,10562,9473,2164704,2164705,2164701,2164702,0,0,0,0
1790140826.7062733,2,2,-3,-6,23007,20439,10561,9474,2164764,2164765,2164761,2164762,0,0,0,0
1790140826.709546,-8,-17,1,7,23002,20446,10569,9468,2164824,2164825,2164821,2164822,0,0,0,0
1790140826.9030252,-4,3,1,5,23004,20443,10565,9471,2164884,2164885,2164881,2164882,0,0,0,0
1790140826.9030252,0,-1,-1,3,23005,20441,10563,9473,2164914,2164915,2164911,2164912,0,0,0,0
1790140826.9156406,3,4,-1,1,23002,20444,10566,9470,2164974,2164975,2164971,2164972,0,0,0,0
1790140827.1077297,1,1,3,0,23004,20445,10567,9470,2165064,2165065,2165061,2165062,0,0,0,0
1790140827.1077297,7,-1,0,-5,23005,20442,10564,9472,2165094,2165095,2165091,2165092,0,0,0,0
1790140827.3185325,1,0,-4,3,23005,20442,10565,9473,2165124,2165125,2165121,2165122,0,0,0,0
1790140827.3185325,-4,1,-1,-3,23007,20440,10562,9475,2165214,2165215,2165211,2165212,0,0,0,0
1790140827.416591,1,2,-18,-2,23004,20442,10564,9473,2165244,2165245,2165241,2165242,0,0,0,0
1790140827.416591,-3,-6,-1,-5,23003,20446,10569,9470,2165274,2165275,2165271,2165272,0,0,0,0
1790140827.5213168,-1,0,-2,5,23007,20445,10566,9473,2165334,2165335,2165331,2165332,0,0,0,0
1790140827.7292166,0,-3,5,-1,23011,20440,10563,9477,2165424,2165425,2165421,2165422,0,0,0,0
1790140827.7292166,3,-1,0,0,23011,20440,10561,9478,2165454,2165455,2165451,2165452,0,0,0,0
1790140827.9286125,-5,1,-2,-4,23011,20440,10562,9477,2165484,2165485,2165481,2165482,0,0,0,0
1790140827.9286125,-4,1,-2,0,23006,20447,10569,9471,2165544,2165545,2165541,2165542,0,0,0,0
1790140827.9286125,-1,-7,1,2,23003,20449,10570,9470,2165574,2165575,2165571,2165572,0,0,0,0
1790140828.1344597,-6,-4,3,-7,23007,20445,10569,9473,2165664,2165665,2165661,2165662,0,0,0,0
1790140828.1344597,-2,-1,-7,0,23011,20445,10566,9476,2165694,2165695,2165691,2165692,0,0,0,0
1790140828.3352804,-4,0,5,-1,23011,20446,10566,9475,2165724,2165725,2165721,2165722,0,0,0,0
1790140828.343859,-2,1,-4,0,23005,20450,10572,9471,2165814,2165815,2165811,2165812,0,0,0,0
1790140828.5472953,-3,-3,1,1,23008,20449,10571,9473,2165844,2165845,2165841,2165842,0,0,0,0
1790140828.5472953,-1,-4,-1,5,23011,20450,10569,9476,2165934,2165935,2165931,2165932,0,0,0,0
1790140828.7389219,-1,-1,-4,2,23012,20449,10568,9476,2165994,2165995,2165991,2165992,0,0,0,0
1790140828.7578902,-3,-1,-3,-1,23012,20451,10569,9476,2166024,2166025,2166021,2166022,0,0,0,0
1790140828.7590916,6,3,-2,-2,23011,20450,10570,9475,2166054,2166055,2166051,2166052,0,0,0,0
1790140828.9580493,1,5,-3,-4,23008,20453,10572,9474,2166114,2166115,2166111,2166112,0,0,0,0
1790140828.959049,-2,-3,-2,1,23012,20448,10567,9476,2166174,2166175,2166171,2166172,0,0,0,0
1790140829.1607084,-2,2,-4,-1,23014,20448,10565,9478,2166234,2166235,2166231,2166232,0,0,0,0
1790140829.167359,4,-2,-3,-1,23013,20448,10567,9478,2166294,2166295,2166291,2166292,0,0,0,0
1790140829.361276,-4,5,1,-5,23013,20449,10568,9477,2166324,2166325,2166321,2166322,0,0,0,0
1790140829.361276,-3,-3,2,5,23012,20451,10569,9476,2166354,2166355,2166351,2166352,0,0,0,0
1790140829.361276,-1,-5,3,-1,23011,20452,10571,9473,2166384,2166385,2166381,2166382,0,0,0,0
1790140829.3735867,-5,0,-1,-6,23014,20449,10569,9476,2166444,2166445,2166441,2166442,0,0,0,0
1790140829.436985,-5,-1,0,-1,23013,20448,10566,9478,2166474,2166475,2166471,2166472,0,0,0,0
1790140829.5616913,-3,-3,-4,-7,23013,20446,10566,9478,2166504,2166505,2166501,2166502,0,0,0,0
1790140829.5616913,-2,-6,0,-4,23014,20444,10565,9478,2166564,2166565,2166561,2166562,0,0,0,0
1790140829.7686746,-4,3,1,-1,23011,20446,10566,9476,2166624,2166625,2166621,2166622,0,0,0,0
1790140829.7686746,5,-4,-1,2,23023,20439,10557,9484,2166684,2166685,2166681,2166682,0,0,0,0
1790140829.9777813,-3,-22,2,-3,23033,20416,10534,9495,2166714,2166715,2166711,2166712,0,0,0,0
1790140829.9777813,7,8,0,-9,24282,21871,11881,10862,2166804,2166805,2166801,2166802,0,0,0,0
1790140830.1836212,20,25,35,37,24340,22042,12249,11168,2166834,2166835,2166831,2166832,0,0,0,0
1790140830.1836212,114,134,112,100,29628,27159,16996,16340,2166894,2166895,2166891,2166892,0,0,0,0
1790140830.1836212,93,105,122,104,32554,30234,20193,19368,2166924,2166925,2166921,2166922,0,0,0,0
1790140830.3458629,144,145,114,150,3063,550,23378,22519,2166954,2166955,2166951,2166952,0,0,0,0
1790140830.3458629,131,138,148,143,6984,4546,27106,26390,2166984,2166985,2166981,2166982,0,0,0,0
1790140830.3458629,189,177,154,146,15768,13560,3222,2339,2167044,2167045,2167041,2167042,0,0,0,0
1790140830.4299648,202,170,174,196,20655,18466,8183,7192,2167074,2167075,2167071,2167072,0,0,0,0
1790140830.5977387,239,277,264,348,1076,31729,21069,20366,2167134,2167135,2167131,2167132,0,0,0,0
1790140830.5977387,281,328,256,358,9313,7588,29257,28693,2167164,2167165,2167161,2167162,0,0,0,0
1790140830.7937436,304,359,361,339,18425,16692,5516,4944,2167194,2167195,2167191,2167192,0,0,0,0
1790140830.7937436,325,345,420,386,28238,26614,15627,14712,2167224,2167225,2167221,2167222,0,0,0,0
1790140830.7937436,350,433,386,437,5775,4155,25944,25006,2167254,2167255,2167251,2167252,0,0,0,0
1790140830.8106873,416,398,407,363,27055,25904,14348,13929,2167314,2167315,2167311,2167312,0,0,0,0
1790140831.0003543,400,381,436,482,6021,4428,26113,25201,2167344,2167345,2167341,2167342,0,0,0,0
1790140831.0195212,323,341,314,259,2737,1430,23152,22102,2167434,2167435,2167431,2167432,0,0,0,0
1790140831.2090933,242,203,275,257,25436,24378,13557,12451,2167524,2167525,2167521,2167522,0,0,0,0
1790140831.215118,239,240,228,237,31886,30795,20028,18883,2167554,2167555,2167551,2167552,0,0,0,0
1790140831.4148185,157,163,175,162,4655,3453,25721,24514,2167584,2167585,2167581,2167582,0,0,0,0
1790140831.4148185,136,141,159,142,9197,7969,30302,29110,2167614,2167615,2167611,2167612,0,0,0,0
1790140831.4148185,153,145,148,156,13277,12055,1690,429,2167644,2167645,2167641,2167642,0,0,0,0
1790140831.621089,160,124,119,125,17108,16030,5724,4466,2167674,2167675,2167671,2167672,0,0,0,0
1790140831.621089,124,123,147,141,24572,23369,13000,11724,2167734,2167735,2167731,2167732,0,0,0,0
1790140831.621089,126,126,126,144,28286,26995,16770,15461,2167764,2167765,2167761,2167762,0,0,0,0
1790140831.6369123,101,115,121,110,31548,30477,20012,18739,2167794,2167795,2167791,2167792,0,0,0,0
1790140831.8142767,132,125,133,120,2160,1085,23584,22107,2167824,2167825,2167821,2167822,0,0,0,0
1790140831.8299236,171,165,162,149,6281,5205,27478,26157,2167854,2167855,2167851,2167852,0,0,0,0
1790140831.8299236,158,150,143,141,14995,14126,3504,2290,2167914,2167915,2167911,2167912,0,0,0,0
1790140832.0282242,182,179,176,181,23660,22925,12399,10940,2167974,2167975,2167971,2167972,0,0,0,0
1790140832.0282242,212,175,164,198,28724,27894,17335,15997,2168004,2168005,2168001,2168002,0,0,0,0
1790140832.0391483,166,217,202,189,1173,591,22575,21237,2168034,2168035,2168031,2168032,0,0,0,0
1790140832.233997,183,233,212,201,6748,6191,28068,26897,2168064,2168065,2168061,2168062,0,0,0,0
1790140832.233997,216,170,212,226,24987,24291,13677,12310,2168154,2168155,2168151,2168152,0,0,0,0
1790140832.4392402,166,187,177,167,8172,7525,29499,28140,2168244,2168245,2168241,2168242,0,0,0,0
1790140832.4392402,156,166,170,175,12738,12151,1636,256,2168274,2168275,2168271,2168272,0,0,0,0
1790140832.6329484,191,200,185,164,17307,16857,6238,4825,2168304,2168305,2168301,2168302,0,0,0,0
1790140832.6599793,151,146,131,116,29841,29419,18872,17468,2168394,2168395,2168391,2168392,0,0,0,0
1790140832.8383553,123,139,146,159,1105,821,23106,21466,2168424,2168425,2168421,2168422,0,0,0,0
1790140832.8383553,122,103,108,114,4883,4556,26786,25471,2168454,2168455,2168451,2168452,0,0,0,0
1790140832.8541386,175,128,132,117,12299,11863,1370,32710,2168514,2168515,2168511,2168512,0,0,0,0
1790140833.0481164,138,106,118,96,22569,22240,11844,10285,2168604,2168605,2168601,2168602,0,0,0,0
1790140833.0481164,108,120,108,136,25780,25440,14972,13447,2168634,2168635,2168631,2168632,0,0,0,0
1790140833.2527514,119,108,114,140,87,32678,22222,20656,2168694,2168695,2168691,2168692,0,0,0,0
1790140833.2527514,167,169,178,172,7921,7677,29795,28312,2168754,2168755,2168751,2168752,0,0,0,0
1790140833.2861032,222,194,180,172,12449,12386,1615,139,2168784,2168785,2168781,2168782,0,0,0,0
1790140833.3182504,230,202,254,203,18300,18526,7294,5837,2168814,2168815,2168811,2168812,0,0,0,0
1790140833.4406545,197,232,204,190,24659,24965,14115,12624,2168844,2168845,2168841,2168842,0,0,0,0
1790140833.4406545,162,172,182,189,30196,30208,19376,17906,2168874,2168875,2168871,2168872,0,0,0,0
1790140833.6659021,182,166,173,214,2370,2322,24378,22832,2168904,2168905,2168901,2168902,0,0,0,0
1790140833.6659021,173,213,188,182,23512,23691,12842,11386,2169024,2169025,2169021,2169022,0,0,0,0
1790140833.868212,203,191,221,228,28938,29301,18183,16760,2169054,2169055,2169051,2169052,0,0,0,0
1790140833.868212,211,168,221,219,13506,13914,3099,1339,2169144,2169145,2169141,2169142,0,0,0,0
1790140834.0629494,157,201,174,167,29167,29679,18747,17289,2169234,2169235,2169231,2169232,0,0,0,0
1790140834.270012,198,207,218,163,6180,6530,28569,26775,2169294,2169295,2169291,2169292,0,0,0,0
1790140834.4432764,153,157,141,162,28864,29523,18707,16976,2169444,2169445,2169441,2169442,0,0,0,0
1790140834.4432764,131,142,152,124,32715,683,22639,20891,2169474,2169475,2169471,2169472,0,0,0,0
1790140834.6876857,96,86,95,96,9750,10524,32673,30709,2169564,2169565,2169561,2169562,0,0,0,0
1790140834.6876857,60,61,61,57,11770,12498,2042,46,2169594,2169595,2169591,2169592,0,0,0,0
1790140834.6876857,26,30,21,42,13187,13777,3412,1460,2169624,2169625,2169621,2169622,0,0,0,0
1790140834.895255,-40,-53,-39,-37,12744,13218,3179,1060,2169744,2169745,2169741,2169742,0,0,0,0
1790140835.1016605,-30,-30,-33,-35,11702,12203,2132,22,2169774,2169775,2169771,2169772,0,0,0,0
1790140835.1016605,-101,-131,-91,-110,8192,8469,31582,29342,2169834,2169835,2169831,2169832,0,0,0,0
1790140835.1016605,-135,-161,-155,-144,4580,4784,27873,25682,2169864,2169865,2169861,2169862,0,0,0,0
1790140835.3113647,-194,-195,-193,-196,22137,22072,12755,10508,2169954,2169955,2169951,2169952,0,0,0,0
1790140835.3201349,-284,-314,-271,-236,8544,8580,32090,30094,2170014,2170015,2170011,2170012,0,0,0,0
1790140835.3511915,-249,-278,-270,-302,1188,1202,24769,22374,2170044,2170045,2170041,2170042,0,0,0,0
1790140835.3991342,-262,-207,-245,-281,26915,26672,17620,15288,2170074,2170075,2170071,2170072,0,0,0,0
1790140835.4959867,-266,-241,-285,-305,20096,19902,10762,8505,2170104,2170105,2170101,2170102,0,0,0,0
1790140835.5119796,-263,-297,-247,-271,13296,13073,3676,1738,2170134,2170135,2170131,2170132,0,0,0,0
1790140835.5436203,-181,-225,-234,-197,6796,6640,29928,27959,2170164,2170165,2170161,2170162,0,0,0,0
1790140835.6108603,-209,-239,-249,-195,755,168,23804,21827,2170194,2170195,2170191,2170192,0,0,0,0
1790140835.6581588,-277,-194,-213,-239,27102,26616,17459,15184,2170224,2170225,2170221,2170222,0,0,0,0
1790140835.915234,-198,-285,-253,-222,13825,13345,4026,2006,2170284,2170285,2170281,2170282,0,0,0,0
1790140835.915234,-222,-296,-280,-244,6757,5910,29711,27731,2170314,2170315,2170311,2170312,0,0,0,0
1790140835.915234,-270,-202,-257,-285,24781,24263,15222,13188,2170374,2170375,2170371,2170372,0,0,0,0
1790140836.1240418,-178,-231,-239,-217,18403,17865,8713,6680,2170404,2170405,2170401,2170402,0,0,0,0
1790140836.1240418,-173,-180,-172,-145,3561,2958,26351,24370,2170494,2170495,2170491,2170492,0,0,0,0
1790140836.3163753,-163,-207,-218,-182,31403,30660,21348,19393,2170524,2170525,2170521,2170522,0,0,0,0
1790140836.3163753,-232,-227,-199,-256,20417,19458,10206,8431,2170584,2170585,2170581,2170582,0,0,0,0
1790140836.3321948,-243,-259,-224,-225,14253,13380,4173,2388,2170614,2170615,2170611,2170612,0,0,0,0
1790140836.4563196,-220,-222,-268,-223,8205,7175,30793,28810,2170644,2170645,2170641,2170642,0,0,0,0
1790140836.4716463,-262,-259,-238,-251,1309,552,24354,22211,2170674,2170675,2170671,2170672,0,0,0,0
1790140836.4716463,-272,-279,-263,-238,26829,25742,16855,15002,2170704,2170705,2170701,2170702,0,0,0,0
1790140836.539141,-308,-270,-259,-286,19316,18149,9184,7484,2170734,2170735,2170731,2170732,0,0,0,0
1790140836.7282343,-263,-269,-320,-250,3278,2136,25986,24269,2170794,2170795,2170791,2170792,0,0,0,0
1790140836.93647,-315,-298,-287,-302,22861,21036,12361,10681,2170974,2170975,2170971,2170972,0,0,0,0
1790140837.1429665,-255,-210,-206,-217,15306,13716,4445,3095,2171004,2171005,2171001,2171002,0,0,0,0
1790140837.1429665,-29,-39,-43,-37,6775,5362,28222,26877,2171094,2171095,2171091,2171092,0,0,0,0
1790140837.3498583,-28,-18,-21,-17,5845,4609,27365,26197,2171124,2171125,2171121,2171122,0,0,0,0
1790140837.3498583,-8,0,-3,-2,4961,3653,26534,25154,2171214,2171215,2171211,2171212,0,0,0,0
1790140837.4597902,-12,-18,-13,-19,4956,3500,26639,24993,2171274,2171275,2171271,2171272,0,0,0,0
1790140837.475837,-52,-46,-49,-39,4022,2618,25719,24154,2171304,2171305,2171301,2171302,0,0,0,0
1790140837.5550911,16,-14,-19,-9,3813,2174,24536,23332,2171334,2171335,2171331,2171332,0,0,0,0
1790140837.7633932,-13,16,5,-24,3569,2466,24524,23090,2171394,2171395,2171391,2171392,0,0,0,0
1790140837.7633932,-1,7,-9,-3,3437,2618,24503,22665,2171424,2171425,2171421,2171422,0,0,0,0
1790140837.779522,-1,-7,-6,1,3408,2672,24458,22552,2171454,2171455,2171451,2171452,0,0,0,0
1790140837.9578311,2,-1,0,0,3352,2583,24476,22581,2171484,2171485,2171481,2171482,0,0,0,0
1790140837.9578311,-1,-7,-3,0,3412,2487,24382,22633,2171544,2171545,2171541,2171542,0,0,0,0
1790140837.97933,1,-5,5,2,3434,2451,24334,22616,2171574,2171575,2171571,2171572,0,0,0,0
1790140838.1721816,-1,-4,-2,2,3456,2422,24302,22640,2171604,2171605,2171601,2171602,0,0,0,0
1790140838.1721816,3,-8,-5,1,3497,2385,24266,22690,2171664,2171665,2171661,2171662,0,0,0,0
1790140838.1721816,-5,-1,0,1,3510,2374,24253,22707,2171694,2171695,2171691,2171692,0,0,0,0
1790140838.368635,1,-5,2,1,3526,2363,24238,22725,2171754,2171755,2171751,2171752,0,0,0,0
1790140838.368635,1,-4,-2,-3,3530,2359,24233,22730,2171814,2171815,2171811,2171812,0,0,0,0
1790140838.4615345,-6,-1,1,0,3534,2356,24232,22733,2171844,2171845,2171841,2171842,0,0,0,0
1790140838.4775474,-3,-3,0,-3,3537,2356,24229,22737,2171874,2171875,2171871,2171872,0,0,0,0
1790140838.5759656,0,0,-5,2,3540,2355,24227,22740,2171904,2171905,2171901,2171902,0,0,0,0
1790140838.5899975,2,-2,0,-1,3546,2348,24221,22748,2171964,2171965,2171961,2171962,0,0,0,0
1790140838.7816935,7,-5,-2,3,3550,2346,24219,22752,2172024,2172025,2172021,2172022,0,0,0,0
1790140838.7816935,1,-4,-1,0,3554,2343,24215,22755,2172084,2172085,2172081,2172082,0,0,0,0
1790140838.9913766,-2,-3,0,-3,3555,2345,24214,22759,2172144,2172145,2172141,2172142,0,0,0,0
1790140838.9913766,-9,-2,5,-5,3556,2339,24214,22760,2172234,2172235,2172231,2172232,0,0,0,0
1790140839.198543,0,-4,5,1,3559,2334,24208,22763,2172354,2172355,2172351,2172352,0,0,0,0
1790140839.392568,-4,1,-1,-2,3563,2331,24205,22767,2172474,2172475,2172471,2172472,0,0,0,0
1790140839.4894962,-1,-2,0,0,3564,2332,24205,22769,2172504,2172505,2172501,2172502,0,0,0,0
1790140839.4894962,-2,-3,1,0,3566,2328,24202,22770,2172534,2172535,2172531,2172532,0,0,0,0
1790140839.6182263,-3,-3,-1,2,3569,2326,24201,22774,2172564,2172565,2172561,2172562,0,0,0,0
1790140839.6182263,6,-1,-7,1,3571,2326,24200,22775,2172594,2172595,2172591,2172592,0,0,0,0
1790140839.8102107,3,-4,-1,-1,3572,2326,24199,22776,2172624,2172625,2172621,2172622,0,0,0,0
1790140839.8191142,0,-1,-3,0,3576,2319,24194,22781,2172714,2172715,2172711,2172712,0,0,0,0
1790140840.0164578,-3,0,1,2,3581,2315,24189,22788,2172774,2172775,2172771,2172772,0,0,0,0
1790140840.0201569,-5,0,-6,0,3585,2312,24184,22792,2172834,2172835,2172831,2172832,0,0,0,0
1790140840.220723,6,0,2,-2,3595,2302,24176,22803,2172954,2172955,2172951,2172952,0,0,0,0
1790140840.4213183,-3,-4,-3,2,3599,2301,24172,22807,2173074,2173075,2173071,2173072,0,0,0,0
1790140840.4921064,0,4,7,2,3598,2302,24173,22805,2173104,2173105,2173101,2173102,0,0,0,0
1790140840.6245904,0,-3,-7,-1,3599,2301,24172,22806,2173164,2173165,2173161,2173162,0,0,0,0
1790140840.6379433,-3,-3,-1,-1,3599,2299,24172,22807,2173194,2173195,2173191,2173192,0,0,0,0
1790140840.8442388,-5,-2,0,-2,3606,2297,24168,22812,2173314,2173315,2173311,2173312,0,0,0,0
1790140841.0374665,-1,-4,0,2,3607,2295,24165,22815,2173374,2173375,2173371,2173372,0,0,0,0
1790140841.2416234,-2,0,-3,0,3612,2290,24162,22820,2173434,2173435,2173431,2173432,0,0,0,0
1790140841.2416234,-3,0,-2,3,3617,2283,24155,22826,2173554,2173555,2173551,2173552,0,0,0,0
1790140841.4508307,3,-1,-6,-3,3616,2284,24156,22824,2173614,2173615,2173611,2173612,0,0,0,0
1790140841.4508307,-3,-6,-2,0,3618,2282,24153,22827,2173674,2173675,2173671,2173672,0,0,0,0
1790140841.4995854,1,-2,1,1,3618,2282,24152,22828,2173704,2173705,2173701,2173702,0,0,0,0
1790140841.644659,-2,1,-1,1,3620,2282,24152,22830,2173734,2173735,2173731,2173732,0,0,0,0
1790140841.6589315,3,-1,-2,-7,3621,2277,24150,22831,2173794,2173795,2173791,2173792,0,0,0,0
1790140841.8533852,0,0,2,1,3622,2279,24152,22832,2173854,2173855,2173851,2173852,0,0,0,0
1790140841.8533852,-4,-4,2,3,3620,2280,24151,22830,2173884,2173885,2173881,2173882,0,0,0,0
1790140841.8692029,-2,1,0,-3,3618,2282,24154,22828,2173914,2173915,2173911,2173912,0,0,0,0
1790140842.062724,4,5,0,-1,3616,2286,24155,22826,2173944,2173945,2173941,2173942,0,0,0,0
1790140842.062724,1,-1,-1,0,3615,2286,24158,22823,2173974,2173975,2173971,2173972,0,0,0,0
1790140842.0788362,-3,-3,2,2,3615,2285,24156,22824,2174004,2174005,2174001,2174002,0,0,0,0
1790140842.0788362,3,2,0,1,3620,2282,24154,22829,2174034,2174035,2174031,2174032,0,0,0,0
1790140842.2697444,1,-2,-7,-1,3622,2280,24151,22831,2174064,2174065,2174061,2174062,0,0,0,0
1790140842.2697444,1,-2,3,1,3623,2281,24150,22832,2174094,2174095,2174091,2174092,0,0,0,0
1790140842.2697444,8,2,-1,-1,3618,2281,24153,22828,2174154,2174155,2174151,2174152,0,0,0,0
1790140842.472391,2,-2,3,-5,3620,2282,24152,22828,2174184,2174185,2174181,2174182,0,0,0,0
1790140842.472391,-3,-3,-1,1,3620,2281,24151,22830,2174214,2174215,2174211,2174212,0,0,0,0
1790140842.472391,0,-5,2,1,3626,2279,24147,22835,2174274,2174275,2174271,2174272,0,0,0,0
1790140842.4881754,-1,-3,0,0,3625,2278,24147,22832,2174304,2174305,2174301,2174302,0,0,0,0
1790140842.6822758,4,-2,3,0,3628,2276,24145,22837,2174424,2174425,2174421,2174422,0,0,0,0
1790140842.8713224,5,0,0,1,3628,2275,24143,22839,2174484,2174485,2174481,2174482,0,0,0,0
1790140842.8872771,2,-1,-1,0,3628,2275,24143,22837,2174574,2174575,2174571,2174572,0,0,0,0
1790140843.0804703,0,2,7,1,3626,2279,24145,22835,2174604,2174605,2174601,2174602,0,0,0,0
1790140843.0963252,-1,-1,0,-1,3624,2279,24148,22831,2174664,2174665,2174661,2174662,0,0,0,0
1790140843.0963252,-1,-4,-4,-2,3624,2278,24146,22833,2174694,2174695,2174691,2174692,0,0,0,0
1790140843.2890937,-1,2,2,3,3625,2277,24146,22834,2174724,2174725,2174721,2174722,0,0,0,0
1790140843.2890937,-3,-3,1,1,3627,2275,24145,22836,2174754,2174755,2174751,2174752,0,0,0,0
1790140843.2890937,1,0,1,1,3629,2273,24141,22838,2174814,2174815,2174811,2174812,0,0,0,0
1790140843.415253,-1,-2,-1,-1,3629,2273,24142,22839,2174844,2174845,2174841,2174842,0,0,0,0
1790140843.4387534,-2,-4,0,0,3628,2275,24143,22837,2174874,2174875,2174871,2174872,0,0,0,0
1790140843.4469113,-2,0,4,-2,3628,2276,24144,22836,2174904,2174905,2174901,2174902,0,0,0,0
1790140843.4943454,-2,2,-1,0,3626,2276,24145,22835,2174934,2174935,2174931,2174932,0,0,0,0
1790140843.7034945,-3,-1,2,0,3629,2273,24142,22838,2175054,2175055,2175051,2175052,0,0,0,0
1790140843.8943782,2,-4,3,-3,3628,2275,24142,22836,2175114,2175115,2175111,2175112,0,0,0,0
1790140843.9100575,1,4,5,-1,3631,2272,24140,22840,2175174,2175175,2175171,2175172,0,0,0,0
1790140844.1031911,2,0,-1,-2,3632,2270,24139,22843,2175204,2175205,2175201,2175202,0,0,0,0
1790140844.1031911,-1,-1,-5,0,3631,2273,24141,22841,2175294,2175295,2175291,2175292,0,0,0,0
1790140844.3182495,-1,-3,-2,-4,3630,2274,24142,22839,2175324,2175325,2175321,2175322,0,0,0,0
1790140844.321098,0,0,2,-2,3632,2273,24141,22841,2175414,2175415,2175411,2175412,0,0,0,0
1790140844.5006669,1,4,-2,2,3633,2271,24140,22842,2175444,2175445,2175441,2175442,0,0,0,0
1790140844.519713,3,0,0,-3,3630,2274,24143,22839,2175534,2175535,2175531,2175532,0,0,0,0
1790140844.7273076,2,-2,-4,-2,3635,2270,24138,22843,2175654,2175655,2175651,2175652,0,0,0,0
1790140844.9229748,-5,1,3,0,3637,2268,24137,22847,2175684,2175685,2175681,2175682,0,0,0,0
1790140844.9390285,-2,-2,0,-3,3633,2271,24141,22842,2175774,2175775,2175771,2175772,0,0,0,0
1790140845.129771,0,-3,-2,0,3632,2271,24141,22843,2175804,2175805,2175801,2175802,0,0,0,0
1790140845.129771,3,4,1,4,3633,2271,24141,22842,2175834,2175835,2175831,2175832,0,0,0,0
1790140845.139364,-2,-4,0,-1,3631,2271,24141,22842,2175894,2175895,2175891,2175892,0,0,0,0
1790140845.336289,0,2,5,3,3635,2267,24138,22847,2175954,2175955,2175951,2175952,0,0,0,0
1790140845.3520057,-3,-1,2,3,3635,2266,24137,22846,2175984,2175985,2175981,2175982,0,0,0,0
1790140845.5079165,-2,-1,-2,2,3630,2265,24137,22843,2176044,2176045,2176041,2176042,0,0,0,0
1790140845.5079165,-2,-2,-1,-3,3629,2263,24136,22842,2176134,2176135,2176131,2176132,0,0,0,0
1790140845.750684,-4,2,-3,1,3627,2262,24137,22840,2176224,2176225,2176221,2176222,0,0,0,0
1790140845.750684,4,-9,1,-3,3629,2263,24137,22841,2176254,2176255,2176251,2176252,0,0,0,0
1790140845.9549882,-3,-6,-1,-9,3628,2263,24136,22840,2176284,2176285,2176281,2176282,0,0,0,0
1790140845.9549882,-5,1,-3,-5,3631,2262,24135,22842,2176344,2176345,2176341,2176342,0,0,0,0
1790140845.9549882,-1,-2,1,-1,3632,2261,24134,22844,2176374,2176375,2176371,2176372,0,0,0,0
1790140846.1526098,-2,-3,-2,2,3632,2260,24132,22846,2176404,2176405,2176401,2176402,0,0,0,0
1790140846.1526098,1,2,-7,-3,3632,2261,24132,22844,2176434,2176435,2176431,2176432,0,0,0,0
1790140846.165206,-1,0,-4,0,3632,2262,24133,22844,2176464,2176465,2176461,2176462,0,0,0,0
1790140846.3641217,1,0,-3,1,3633,2260,24132,22845,2176494,2176495,2176491,2176492,0,0,0,0
1790140846.3641217,-6,2,0,-1,3636,2257,24127,22849,2176554,2176555,2176551,2176552,0,0,0,0
1790140846.3641217,0,-1,-4,-3,3634,2259,24128,22847,2176614,2176615,2176611,2176612,0,0,0,0
1790140846.5193703,-6,3,-1,2,3633,2264,24131,22845,2176644,2176645,2176641,2176642,0,0,0,0
1790140846.5193703,2,-1,5,-3,3629,2264,24134,22841,2176704,2176705,2176701,2176702,0,0,0,0
1790140846.531072,0,2,-1,3,3631,2264,24134,22841,2176734,2176735,2176731,2176732,0,0,0,0
1790140846.7719185,2,-1,6,0,3633,2264,24133,22843,2176764,2176765,2176761,2176762,0,0,0,0
1790140846.7719185,1,-1,-1,1,3633,2264,24132,22844,2176854,2176855,2176851,2176852,0,0,0,0
1790140846.9788191,0,-1,4,-1,3638,2261,24129,22848,2176974,2176975,2176971,2176972,0,0,0,0
1790140847.1702678,-1,-3,-1,0,3632,2266,24134,22843,2177064,2177065,2177061,2177062,0,0,0,0
1790140847.1862314,-1,2,1,1,3632,2267,24133,22844,2177094,2177095,2177091,2177092,0,0,0,0
1790140847.1862314,5,3,-7,2,3633,2268,24134,22844,2177124,2177125,2177121,2177122,0,0,0,0
1790140847.3808994,-2,0,4,0,3633,2268,24135,22844,2177154,2177155,2177151,2177152,0,0,0,0
1790140847.3808994,4,-3,4,4,3634,2266,24134,22844,2177184,2177185,2177181,2177182,0,0,0,0
1790140847.3985133,5,-1,-3,-2,3640,2263,24130,22850,2177244,2177245,2177241,2177242,0,0,0,0
1790140847.5266938,-3,3,2,2,3639,2264,24130,22849,2177274,2177275,2177271,2177272,0,0,0,0
1790140847.537757,1,-1,-5,1,3635,2266,24134,22846,2177334,2177335,2177331,2177332,0,0,0,0
1790140847.58681,0,1,-4,4,3639,2262,24130,22849,2177364,2177365,2177361,2177362,0,0,0,0
1790140847.7971988,1,1,2,0,3643,2260,24127,22853,2177394,2177395,2177391,2177392,0,0,0,0
1790140847.7971988,-4,-2,1,-1,3641,2264,24131,22852,2177484,2177485,2177481,2177482,0,0,0,0
1790140847.9915698,-3,-9,0,-1,3639,2266,24133,22848,2177574,2177575,2177571,2177572,0,0,0,0
1790140848.0126479,2,-1,-4,-1,3641,2266,24134,22851,2177634,2177635,2177631,2177632,0,0,0,0
1790140848.0807538,-1,-1,-1,-3,3641,2265,24132,22851,2177664,2177665,2177661,2177662,0,0,0,0
1790140848.2098293,1,0,-3,1,3641,2265,24131,22852,2177694,2177695,2177691,2177692,0,0,0,0
1790140848.2098293,-3,0,2,0,3641,2265,24131,22851,2177724,2177725,2177721,2177722,0,0,0,0
1790140848.2098293,-2,-1,0,-1,3640,2265,24133,22850,2177754,2177755,2177751,2177752,0,0,0,0
1790140848.407005,-1,5,0,-1,3645,2263,24130,22856,2177814,2177815,2177811,2177812,0,0,0,0
1790140848.4194872,-1,2,-1,3,3642,2266,24132,22852,2177874,2177875,2177871,2177872,0,0,0,0
1790140848.5006897,-10,-4,0,2,3640,2269,24135,22848,2177904,2177905,2177901,2177902,0,0,0,0
1790140848.5598245,2,1,-2,-2,3637,2271,24137,22847,2177934,2177935,2177931,2177932,0,0,0,0
1790140848.6106336,0,-3,-3,0,3638,2269,24137,22848,2177964,2177965,2177961,2177962,0,0,0,0
1790140848.6106336,-2,0,0,-1,3640,2267,24134,22850,2177994,2177995,2177991,2177992,0,0,0,0
1790140848.820431,-3,0,1,0,3641,2267,24134,22851,2178054,2178055,2178051,2178052,0,0,0,0
1790140848.820431,6,2,2,0,3641,2267,24134,22850,2178114,2178115,2178111,2178112,0,0,0,0
1790140848.9012363,2,1,4,-2,3642,2266,24133,22852,2178144,2178145,2178141,2178142,0,0,0,0
1790140849.0172668,-1,-4,-1,1,3643,2265,24132,22853,2178174,2178175,2178171,2178172,0,0,0,0
1790140849.0172668,-4,3,-1,-6,3641,2265,24133,22852,2178234,2178235,2178231,2178232,0,0,0,0
1790140849.2182786,-2,0,-1,0,3643,2265,24132,22853,2178294,2178295,2178291,2178292,0,0,0,0
1790140849.233948,0,5,2,-1,3642,2264,24132,22853,2178354,2178355,2178351,2178352,0,0,0,0
1790140849.3868446,0,-5,3,-1,3641,2264,24131,22854,2178384,2178385,2178381,2178382,0,0,0,0
1790140849.4007976,0,-2,0,1,3642,2265,24131,22852,2178444,2178445,2178441,2178442,0,0,0,0
1790140849.4399168,2,-5,4,3,3640,2265,24133,22851,2178474,2178475,2178471,2178472,0,0,0,0
1790140849.5466363,4,-6,-5,0,3642,2263,24133,22853,2178534,2178535,2178531,2178532,0,0,0,0
1790140849.642265,-1,-3,0,0,3643,2260,24129,22856,2178564,2178565,2178561,2178562,0,0,0,0
1790140849.6445675,-1,2,-2,0,3645,2260,24128,22857,2178594,2178595,2178591,2178592,0,0,0,0
1790140849.8412354,0,3,-4,0,3648,2256,24127,22860,2178714,2178715,2178711,2178712,0,0,0,0
1790140850.002074,-2,0,-3,-4,3652,2252,24121,22866,2178804,2178805,2178801,2178802,0,0,0,0
1790140850.018226,10,7,-1,2,3650,2253,24121,22864,2178834,2178835,2178831,2178832,0,0,0,0
1790140850.050094,0,0,0,3,3650,2252,24122,22863,2178864,2178865,2178861,2178862,0,0,0,0
1790140850.2553933,-5,-4,-2,1,3650,2251,24121,22864,2178954,2178955,2178951,2178952,0,0,0,0
1790140850.2553933,0,-5,-3,-1,3650,2251,24121,22863,2178984,2178985,2178981,2178982,0,0,0,0
1790140850.4499588,-2,-1,-4,-2,3651,2250,24119,22865,2179014,2179015,2179011,2179012,0,0,0,0
1790140850.4658873,0,-3,-5,-1,3656,2244,24113,22870,2179074,2179075,2179071,2179072,0,0,0,0
1790140850.546278,-4,-3,-5,-3,3653,2245,24117,22867,2179164,2179165,2179161,2179162,0,0,0,0
1790140850.6644127,-9,2,-1,-3,3655,2243,24114,22869,2179194,2179195,2179191,2179192,0,0,0,0
1790140850.678608,-3,-1,3,-5,3655,2244,24114,22869,2179224,2179225,2179221,2179222,0,0,0,0
1790140850.8682728,-5,-4,-4,-4,3658,2243,24113,22871,2179314,2179315,2179311,2179312,0,0,0,0
1790140850.8682728,-1,3,2,0,3659,2242,24113,22873,2179344,2179345,2179341,2179342,0,0,0,0
1790140851.0750153,-4,-3,-3,-1,3660,2241,24111,22874,2179374,2179375,2179371,2179372,0,0,0,0
1790140851.0766444,1,3,-2,0,3657,2242,24112,22871,2179434,2179435,2179431,2179432,0,0,0,0
1790140851.0766444,1,-1,-1,0,3656,2244,24114,22870,2179464,2179465,2179461,2179462,0,0,0,0
1790140851.276622,1,4,2,-2,3658,2243,24112,22872,2179524,2179525,2179521,2179522,0,0,0,0
1790140851.2830539,-3,-4,1,2,3660,2240,24111,22874,2179554,2179555,2179551,2179552,0,0,0,0
1790140851.484836,0,0,-2,-2,3660,2240,24110,22875,2179674,2179675,2179671,2179672,0,0,0,0
1790140851.4994197,3,-5,2,-5,3659,2241,24110,22873,2179704,2179705,2179701,2179702,0,0,0,0
1790140851.6870332,-2,5,-1,-6,3658,2245,24114,22871,2179794,2179795,2179791,2179792,0,0,0,0
1790140851.6997366,-4,0,2,-4,3655,2244,24114,22869,2179824,2179825,2179821,2179822,0,0,0,0
1790140851.8944159,-1,-3,1,-6,3660,2241,24111,22874,2179914,2179915,2179911,2179912,0,0,0,0
1790140851.8944159,8,5,-3,0,3661,2240,24109,22875,2179944,2179945,2179941,2179942,0,0,0,0
1790140852.0958982,-1,-6,1,-4,3662,2239,24108,22876,2179974,2179975,2179971,2179972,0,0,0,0
1790140852.0958982,-2,-1,1,2,3660,2242,24111,22874,2180034,2180035,2180031,2180032,0,0,0,0
1790140852.3035946,-3,-6,1,-2,3657,2240,24111,22871,2180094,2180095,2180091,2180092,0,0,0,0
1790140852.3035946,4,-4,-2,2,3657,2242,24112,22870,2180154,2180155,2180151,2180152,0,0,0,0
1790140852.3180377,1,2,-2,-2,3655,2245,24113,22867,2180184,2180185,2180181,2180182,0,0,0,0
1790140852.5055134,-2,3,4,-2,3653,2246,24115,22866,2180214,2180215,2180211,2180212,0,0,0,0
1790140852.5115547,-3,-2,-1,-4,3654,2244,24113,22866,2180274,2180275,2180271,2180272,0,0,0,0
1790140852.5193214,-2,-1,4,-1,3656,2240,24110,22869,2180334,2180335,2180331,2180332,0,0,0,0
1790140852.575353,-2,-3,-1,4,3656,2242,24110,22870,2180364,2180365,2180361,2180362,0,0,0,0
1790140852.7021556,1,-8,-5,-2,3647,2248,24117,22861,2180424,2180425,2180421,2180422,0,0,0,0
1790140852.717828,-5,1,-3,3,3647,2248,24117,22859,2180454,2180455,2180451,2180452,0,0,0,0
1790140852.9199696,0,-1,-4,-1,3649,2247,24117,22863,2180484,2180485,2180481,2180482,0,0,0,0
1790140853.126664,1,0,-1,-6,3655,2244,24112,22867,2180664,2180665,2180661,2180662,0,0,0,0
1790140853.126664,4,2,4,-4,3656,2243,24112,22868,2180694,2180695,2180691,2180692,0,0,0,0
1790140853.3308585,-2,-2,-2,1,3654,2245,24113,22867,2180784,2180785,2180781,2180782,0,0,0,0
1790140853.3308585,1,-2,-4,-3,3652,2246,24114,22865,2180814,2180815,2180811,2180812,0,0,0,0
1790140853.4251559,-6,-4,-2,2,3650,2249,24117,22863,2180874,2180875,2180871,2180872,0,0,0,0
1790140853.5402186,-3,0,5,1,3652,2247,24115,22865,2180904,2180905,2180901,2180902,0,0,0,0
1790140853.7369795,4,1,-3,2,3649,2248,24117,22862,2181054,2181055,2181051,2181052,0,0,0,0
1790140853.9425137,-1,6,3,3,3654,2244,24113,22866,2181114,2181115,2181111,2181112,0,0,0,0
1790140853.943439,-4,3,-1,-1,3655,2246,24112,22867,2181144,2181145,2181141,2181142,0,0,0,0
1790140853.956829,-4,-3,-6,-1,3651,2247,24115,22865,2181174,2181175,2181171,2181172,0,0,0,0
1790140854.1469307,1,-4,-2,-4,3652,2249,24117,22864,2181204,2181205,2181201,2181202,0,0,0,0
1790140854.1505065,5,0,1,0,3652,2248,24115,22865,2181234,2181235,2181231,2181232,0,0,0,0
1790140854.157404,-3,6,-4,-1,3651,2248,24115,22864,2181294,2181295,2181291,2181292,0,0,0,0
1790140854.3454468,4,2,-1,0,3650,2248,24115,22864,2181324,2181325,2181321,2181322,0,0,0,0
1790140854.352417,2,1,0,-5,3652,2248,24114,22864,2181384,2181385,2181381,2181382,0,0,0,0
1790140854.352417,2,5,1,2,3651,2247,24114,22863,2181414,2181415,2181411,2181412,0,0,0,0
1790140854.4359884,3,-2,-8,-3,3650,2247,24114,22863,2181474,2181475,2181471,2181472,0,0,0,0
1790140854.5597794,1,-3,-3,0,3653,2247,24114,22866,2181504,2181505,2181501,2181502,0,0,0,0
1790140854.5605767,-1,-4,-6,1,3654,2247,24113,22866,2181534,2181535,2181531,2181532,0,0,0,0
1790140854.7551978,0,6,-5,-4,3652,2248,24115,22865,2181564,2181565,2181561,2181562,0,0,0,0
1790140854.762379,-1,0,0,-3,3653,2249,24114,22866,2181654,2181655,2181651,2181652,0,0,0,0
1790140854.9635754,4,-2,-1,-2,3652,2251,24116,22865,2181684,2181685,2181681,2181682,0,0,0,0
1790140854.9635754,3,4,1,4,3651,2250,24116,22864,2181744,2181745,2181741,2181742,0,0,0,0
1790140854.9774406,-3,3,0,-2,3652,2248,24115,22865,2181774,2181775,2181771,2181772,0,0,0,0
1790140855.1649468,-3,1,1,-1,3652,2247,24114,22864,2181804,2181805,2181801,2181802,0,0,0,0
1790140855.1725645,-3,-3,-1,-1,3653,2245,24112,22866,2181864,2181865,2181861,2181862,0,0,0,0
1790140855.1790993,-2,-4,-2,-3,3656,2240,24110,22870,2181924,2181925,2181921,2181922,0,0,0,0
1790140855.373465,-2,-4,-2,-3,3656,2240,24110,22870,2181924,2181925,2181921,2181922,0,0,0,0
1790140855.373465,-3,5,-2,1,3655,2245,24111,22868,2181984,2181985,2181981,2181982,0,0,0,0
1790140855.373465,-3,5,-2,1,3655,2245,24111,22868,2181984,2181985,2181981,2181982,0,0,0,0
1790140855.373465,6,-1,6,-1,3659,2241,24108,22872,2182044,2182045,2182041,2182042,0,0,0,0
1790140855.4288838,-3,-3,-1,-2,3662,2239,24106,22876,2182074,2182075,2182071,2182072,0,0,0,0
1790140855.456672,4,3,3,-5,3663,2240,24106,22876,2182104,2182105,2182101,2182102,0,0,0,0
1790140855.597705,-3,4,-2,-3,3662,2239,24106,22874,2182134,2182135,2182131,2182132,0,0,0,0
1790140855.5997097,0,2,-4,0,3657,2244,24110,22869,2182194,2182195,2182191,2182192,0,0,0,0
1790140855.7761135,9,-9,-5,-1,3657,2244,24111,22869,2182224,2182225,2182221,2182222,0,0,0,0
1790140855.7761135,-1,0,4,4,3657,2245,24111,22869,2182254,2182255,2182251,2182252,0,0,0,0
1790140855.793329,-4,0,-7,5,3655,2247,24113,22868,2182314,2182315,2182311,2182312,0,0,0,0
1790140855.9758928,-3,2,-1,-4,3658,2247,24113,22870,2182344,2182345,2182341,2182342,0,0,0,0
1790140855.9917624,3,-3,3,1,3659,2246,24112,22871,2182374,2182375,2182371,2182372,0,0,0,0
1790140855.9944143,-3,0,2,4,3658,2246,24112,22871,2182434,2182435,2182431,2182432,0,0,0,0
1790140856.1847203,2,3,-1,1,3656,2247,24113,22868,2182464,2182465,2182461,2182462,0,0,0,0
1790140856.1946127,1,1,-2,3,3655,2250,24115,22868,2182494,2182495,2182491,2182492,0,0,0,0
1790140856.1946127,5,-1,2,0,3657,2249,24116,22869,2182524,2182525,2182521,2182522,0,0,0,0
1790140856.1946127,-1,0,6,2,3658,2248,24115,22869,2182554,2182555,2182551,2182552,0,0,0,0
1790140856.3952763,4,1,-1,-1,3658,2248,24114,22870,2182584,2182585,2182581,2182582,0,0,0,0
1790140856.3952763,0,2,-4,0,3659,2249,24113,22870,2182614,2182615,2182611,2182612,0,0,0,0
1790140856.409061,-1,0,-1,1,3660,2249,24114,22871,2182674,2182675,2182671,2182672,0,0,0,0
1790140856.5815992,-4,-4,-3,-2,3658,2249,24115,22870,2182704,2182705,2182701,2182702,0,0,0,0
1790140856.5979097,-1,-3,2,0,3659,2248,24115,22870,2182764,2182765,2182761,2182762,0,0,0,0
1790140856.8094878,0,2,0,-1,3662,2247,24114,22873,2182794,2182795,2182791,2182792,0,0,0,0
1790140856.8126006,-5,2,-3,-2,3666,2242,24109,22879,2182884,2182885,2182881,2182882,0,0,0,0
1790140856.8185167,2,1,-1,2,3665,2245,24112,22878,2182914,2182915,2182911,2182912,0,0,0,0
1790140857.0129714,1,2,2,-2,3661,2249,24115,22872,2182944,2182945,2182941,2182942,0,0,0,0
1790140857.0149446,1,2,-3,-2,3658,2250,24117,22870,2182974,2182975,2182971,2182972,0,0,0,0
1790140857.0189946,3,3,4,-4,3664,2244,24112,22876,2183034,2183035,2183031,2183032,0,0,0,0
1790140857.2142274,-1,-3,2,-2,3664,2244,24111,22877,2183064,2183065,2183061,2183062,0,0,0,0
1790140857.2142274,2,4,1,-3,3662,2244,24112,22874,2183094,2183095,2183091,2183092,0,0,0,0
1790140857.2142274,7,-3,-3,0,3662,2245,24113,22874,2183124,2183125,2183121,2183122,0,0,0,0
1790140857.2142274,-5,-2,-1,0,3662,2244,24113,22875,2183154,2183155,2183151,2183152,0,0,0,0
1790140857.4236858,-3,0,0,3,3663,2243,24111,22876,2183214,2183215,2183211,2183212,0,0,0,0
1790140857.4275956,1,2,0,-5,3660,2245,24112,22873,2183274,2183275,2183271,2183272,0,0,0,0
1790140857.60099,1,-9,1,-1,3660,2246,24114,22873,2183304,2183305,2183301,2183302,0,0,0,0
1790140857.622802,-2,-4,-1,1,3666,2240,24109,22879,2183364,2183365,2183361,2183362,0,0,0,0
1790140857.6361773,1,5,-1,4,3666,2242,24108,22881,2183394,2183395,2183391,2183392,0,0,0,0
1790140857.8319592,-3,-4,-1,-4,3662,2244,24112,22875,2183424,2183425,2183421,2183422,0,0,0,0
1790140857.8383725,-4,2,-5,-1,3659,2245,24114,22872,2183514,2183515,2183511,2183512,0,0,0,0
1790140858.0388749,-2,-6,1,1,3664,2238,24106,22878,2183604,2183605,2183601,2183602,0,0,0,0
1790140858.0388749,-2,-6,1,1,3664,2238,24106,22878,2183604,2183605,2183601,2183602,0,0,0,0
1790140858.2412128,1,-8,-2,-3,3660,2243,24111,22874,2183664,2183665,2183661,2183662,0,0,0,0
1790140858.2412128,6,-1,-2,-1,3657,2245,24114,22870,2183784,2183785,2183781,2183782,0,0,0,0
1790140858.4475758,6,-1,-2,-1,3657,2245,24114,22870,2183784,2183785,2183781,2183782,0,0,0,0
1790140858.4495132,0,-3,-1,-4,3663,2239,24108,22875,2183874,2183875,2183871,2183872,0,0,0,0
1790140858.6026602,1,-3,0,4,3664,2242,24108,22876,2183964,2183965,2183961,2183962,0,0,0,0
1790140858.6457162,-3,-2,-1,4,3661,2244,24110,22874,2183994,2183995,2183991,2183992,0,0,0,0
1790140858.6616948,-4,1,5,-1,3661,2242,24109,22874,2184024,2184025,2184021,2184022,0,0,0,0
1790140858.8612282,0,0,-2,1,3664,2240,24106,22876,2184054,2184055,2184051,2184052,0,0,0,0
1790140858.862234,-1,-2,0,2,3664,2239,24106,22877,2184084,2184085,2184081,2184082,0,0,0,0
1790140858.864339,-5,1,-2,-2,3662,2242,24107,22875,2184144,2184145,2184141,2184142,0,0,0,0
1790140859.0629435,4,0,-2,1,3662,2242,24108,22873,2184264,2184265,2184261,2184262,0,0,0,0
1790140859.2635365,0,3,-1,1,3660,2241,24108,22873,2184384,2184385,2184381,2184382,0,0,0,0
1790140859.4721558,-2,1,0,-3,3659,2243,24108,22871,2184414,2184415,2184411,2184412,0,0,0,0
1790140859.4788885,0,-3,3,0,3656,2246,24112,22869,2184504,2184505,2184501,2184502,0,0,0,0
1790140859.594621,6,2,1,-3,3659,2243,24110,22871,2184564,2184565,2184561,2184562,0,0,0,0
1790140859.6774318,1,-3,-4,2,3660,2243,24110,22873,2184594,2184595,2184591,2184592,0,0,0,0
1790140859.8740027,-1,-3,-3,-1,3660,2244,24111,22872,2184624,2184625,2184621,2184622,0,0,0,0
1790140859.8740027,-2,-2,1,0,3661,2244,24110,22872,2184714,2184715,2184711,2184712,0,0,0,0
1790140859.8857825,2,6,-1,0,3660,2242,24109,22872,2184744,2184745,2184741,2184742,0,0,0,0
1790140860.080774,0,1,3,-4,3661,2241,24108,22874,2184774,2184775,2184771,2184772,0,0,0,0
1790140860.080774,2,-2,-5,-2,3663,2240,24107,22875,2184804,2184805,2184801,2184802,0,0,0,0
1790140860.0915182,1,-1,0,0,3662,2240,24106,22875,2184864,2184865,2184861,2184862,0,0,0,0
1790140860.2795649,-2,4,2,-4,3661,2241,24108,22875,2184894,2184895,2184891,2184892,0,0,0,0
1790140860.2795649,0,-4,-2,-3,3662,2243,24109,22874,2184924,2184925,2184921,2184922,0,0,0,0
1790140860.2795649,-2,1,-2,-3,3662,2241,24108,22875,2184954,2184955,2184951,2184952,0,0,0,0
1790140860.2954555,-2,2,-2,1,3664,2239,24105,22877,2184984,2184985,2184981,2184982,0,0,0,0
1790140860.343485,-2,-2,-5,1,3664,2236,24103,22878,2185014,2185015,2185011,2185012,0,0,0,0
