unix_timestamp,yaw,pitch,roll
1790068928.3655753,4.89,-1.85,0.96
1790068928.5727186,4.89,-1.85,0.96
1790068928.7737894,4.89,-1.85,0.96
1790068928.950317,4.89,-1.85,0.96
1790068929.190682,4.89,-1.85,0.96
1790068929.3977494,4.89,-1.85,0.96
1790068929.5931904,4.89,-1.85,0.96
1790068929.794154,4.89,-1.85,0.96
1790068929.9556036,4.88,-1.86,0.96
1790068930.0988622,4.86,-1.86,0.95
1790068930.4208715,4.86,-1.86,0.95
1790068930.600768,4.86,-1.86,0.95
1790068930.8266158,4.86,-1.86,0.95
1790068930.9412837,4.86,-1.86,0.95
1790068931.1319523,4.86,-1.86,0.95
1790068931.4336724,4.86,-1.86,0.95
1790068931.6392887,4.87,-1.86,0.95
1790068931.8467124,4.88,-1.86,0.95
1790068931.9599557,4.86,-1.86,0.96
1790068932.2620194,4.89,-1.86,0.97
1790068932.4550772,4.87,-1.86,0.98
1790068932.673335,4.87,-1.86,0.99
1790068932.8724623,4.88,-1.86,1.0
1790068932.9689736,4.87,-1.86,1.0
1790068933.2778215,4.87,-1.86,1.0
1790068933.4854648,4.85,-1.85,1.0
1790068933.50141,4.88,-1.86,1.0
1790068933.6927288,4.87,-1.86,0.99
1790068933.902174,4.91,-1.86,1.0
1790068934.303103,4.93,-1.86,0.99
1790068934.3131788,4.94,-1.86,0.99
1790068934.5274265,4.96,-1.86,1.0
1790068934.7208378,4.98,-1.86,1.0
1790068934.925078,4.99,-1.86,1.0
1790068935.1655571,5.0,-1.86,1.0
1790068935.3415015,4.76,-1.74,1.08
1790068935.536812,4.84,-2.0,1.01
1790068935.7425203,4.92,-1.99,0.93
1790068935.9673083,4.94,-2.19,0.96
1790068936.1427464,4.92,-2.17,1.03
1790068936.3822086,4.92,-2.17,1.03
1790068936.559202,4.96,-2.04,1.0
1790068936.7833803,4.96,-2.08,1.01
1790068936.9599075,4.94,-2.12,0.98
1790068937.1845813,4.94,-2.13,1.03
1790068937.382279,5.48,-2.23,0.95
1790068937.599449,5.48,-2.19,0.98
1790068937.78987,5.49,-2.18,0.99
1790068937.9836862,5.5,-2.18,0.99
1790068938.1901433,5.51,-2.17,0.99
1790068938.3994014,5.53,-2.17,1.0
1790068938.6092563,5.54,-2.16,1.0
1790068938.819856,5.55,-2.16,0.99
1790068938.9812684,5.56,-2.16,0.99
1790068939.2223012,5.55,-2.16,0.99
1790068939.4321973,5.54,-2.16,0.99
1790068939.6366048,5.56,-2.17,0.99
1790068939.838158,5.59,-2.17,1.0
1790068940.0443428,5.6,-2.17,1.0
1790068940.253039,5.62,-2.17,1.0
1790068940.4473157,5.61,-2.18,1.0
1790068940.6234186,5.63,-2.17,0.99
1790068940.8648646,5.61,-2.17,0.99
1790068941.0739574,5.61,-2.17,0.99
1790068941.268575,5.59,-2.17,0.99
1790068941.4864414,5.63,-2.17,0.99
1790068941.6783278,5.63,-2.17,0.99
1790068941.8806603,5.64,-2.16,0.99
1790068942.05787,5.66,-2.16,1.0
1790068942.2516832,5.09,-2.0,1.04
1790068942.4646902,5.01,-2.22,1.08
1790068942.6343632,5.13,-2.24,1.0
1790068942.8428912,5.19,-2.14,0.98
1790068943.068766,5.19,-2.07,1.01
1790068943.2769523,5.21,-1.93,1.03
1790068943.4861138,5.22,-1.97,0.98
1790068943.679606,5.27,-2.01,0.93
1790068943.9205198,5.21,-2.12,0.88
1790068944.0660405,5.23,-2.17,0.93
1790068944.3410468,5.39,-2.29,0.88
1790068944.5504847,5.26,-2.24,0.94
1790068944.7431867,5.27,-2.22,0.95
1790068944.9607177,5.26,-2.22,0.96
1790068945.0890756,5.28,-2.23,0.96
1790068945.340998,5.28,-2.23,0.96
1790068945.5691247,5.28,-2.22,0.96
1790068945.7782335,5.27,-2.22,0.96
1790068945.9897816,5.27,-2.23,0.96
1790068946.1000645,5.26,-2.23,0.95
1790068946.3917134,5.26,-2.24,0.95
1790068946.6013696,5.27,-2.24,0.95
1790068946.795121,5.27,-2.25,0.94
1790068947.003933,5.26,-2.25,0.94
1790068947.1975918,5.26,-2.25,0.94
1790068947.409529,5.26,-2.25,0.94
1790068947.6011276,5.3,-2.25,0.94
1790068947.8225858,5.25,-2.24,0.95
1790068948.0342884,5.26,-2.24,0.96
1790068948.209034,5.29,-2.23,0.96
1790068948.43547,5.27,-2.23,0.96
1790068948.6465108,5.27,-2.22,0.97
1790068948.8524492,17.93,-2.46,0.54
1790068949.1119573,34.75,-2.6,-0.25
1790068949.2569869,52.34,-2.53,-1.02
1790068949.4675236,70.14,-2.18,-1.76
1790068949.670771,88.06,-1.7,-2.36
1790068949.862357,95.6,-1.38,-2.5
1790068950.072642,95.59,-1.36,-2.48
1790068950.284809,95.6,-1.34,-2.47
1790068950.4856396,95.58,-1.34,-2.46
1790068950.6923738,95.59,-1.34,-2.47
1790068950.9013863,95.64,-1.33,-2.46
1790068951.0457542,95.64,-1.3,-2.46
1790068951.2387369,95.55,-1.34,-2.35
1790068951.4149473,95.68,-1.5,-2.5
1790068951.6722517,95.75,-1.48,-2.54
1790068951.8793073,95.73,-1.7,-2.56
1790068952.0550544,95.73,-1.5,-2.51
1790068952.2633462,95.71,-1.4,-2.48
1790068952.5066586,95.76,-1.22,-2.53
1790068952.697547,95.82,-1.19,-2.52
1790068952.9033055,95.74,-1.27,-2.5
1790068953.1601639,95.72,-1.32,-2.47
1790068953.3532789,95.83,-1.36,-2.51
1790068953.5615606,95.82,-1.34,-2.49
1790068953.685125,95.84,-1.34,-2.49
1790068953.8819997,95.85,-1.34,-2.49
1790068954.1401393,95.87,-1.33,-2.49
1790068954.3818111,95.9,-1.33,-2.5
1790068954.5755663,95.92,-1.33,-2.5
1790068954.785246,95.93,-1.33,-2.51
1790068954.971591,95.94,-1.32,-2.51
1790068955.170028,95.94,-1.32,-2.5
1790068955.3952982,95.94,-1.33,-2.49
1790068955.609564,95.92,-1.34,-2.48
1790068955.8131104,95.92,-1.34,-2.48
1790068956.0106518,95.92,-1.34,-2.48
1790068956.201106,95.92,-1.34,-2.48
1790068956.3784175,95.96,-1.34,-2.48
1790068956.635214,95.95,-1.33,-2.48
1790068956.8271635,95.96,-1.33,-2.48
1790068957.0368278,95.99,-1.31,-2.48
1790068957.1484466,96.0,-1.31,-2.49
1790068957.4527738,96.02,-1.31,-2.49
1790068957.6465044,98.83,-1.2,-2.46
1790068957.8562315,114.47,-0.55,-2.76
1790068958.0639179,131.51,0.15,-2.85
1790068958.206532,149.18,0.89,-2.64
1790068958.4632232,167.01,1.5,-2.21
1790068958.671822,-175.0,2.01,-1.62
1790068958.8804684,-156.96,2.28,-0.9
1790068959.0896628,-139.04,2.34,-0.17
1790068959.2248924,-121.01,2.13,0.6
1790068959.4927597,-103.02,1.72,1.26
1790068959.701848,-86.93,1.24,1.7
1790068959.895642,-84.13,1.13,1.76
1790068960.023713,-84.11,1.15,1.78
1790068960.2295337,-84.12,1.17,1.79
1790068960.5125468,-84.12,1.17,1.79
1790068960.730446,-84.1,1.17,1.8
1790068960.9311616,-84.09,1.17,1.8
1790068961.1381109,-84.05,1.17,1.8
1790068961.2347064,-84.12,1.17,1.8
1790068961.459299,-84.12,1.29,1.81
1790068961.6343718,-84.29,1.1,1.82
1790068961.8456118,-84.12,0.96,1.71
1790068962.0152721,-84.08,0.98,1.7
1790068962.2229848,-84.11,1.13,1.71
1790068962.4793565,-84.15,1.32,1.73
1790068962.6557274,-84.1,1.44,1.73
1790068962.8632896,-84.08,1.39,1.76
1790068963.1035929,-84.08,1.32,1.71
1790068963.240789,-84.09,1.27,1.72
1790068963.5971382,-84.1,1.2,1.76
1790068963.7897656,-83.56,1.18,1.71
1790068963.9981458,-83.63,1.21,1.75
1790068964.0224621,-83.64,1.22,1.75
1790068964.221437,-83.66,1.22,1.75
1790068964.576599,-83.66,1.22,1.74
1790068964.8132334,-83.66,1.23,1.74
1790068965.0199225,-83.71,1.24,1.74
1790068965.2269554,-83.7,1.25,1.73
1790068965.38729,-83.68,1.25,1.72
1790068965.6436348,-83.7,1.25,1.72
1790068965.8369179,-83.73,1.25,1.71
1790068965.8663318,-83.73,1.26,1.71
1790068966.2533278,-83.73,1.26,1.7
1790068966.285782,-83.72,1.26,1.7
1790068966.6581452,-83.71,1.26,1.68
1790068966.855132,-83.72,1.27,1.68
1790068967.0103412,-83.74,1.27,1.67
1790068967.071936,-83.75,1.27,1.67
1790068967.2817917,-83.74,1.27,1.66
1790068967.4898996,-83.74,1.27,1.66
1790068967.682175,-83.74,1.28,1.66
1790068967.906943,-83.75,1.28,1.65
1790068968.0993679,-83.76,1.27,1.64
1790068968.3060412,-94.37,1.65,1.35
1790068968.514389,-111.1,2.07,0.77
1790068968.7193651,-128.61,2.21,0.14
1790068968.9134364,-146.4,2.28,-0.64
1790068969.1195476,-164.4,2.12,-1.38
1790068969.5325124,-173.33,1.9,-1.7
1790068969.5325124,-173.3,1.91,-1.72
1790068969.7362053,-173.2,1.93,-1.73
1790068969.9460678,-173.21,1.93,-1.73
1790068970.1394284,-173.22,1.93,-1.73
1790068970.3474877,-173.16,1.93,-1.72
1790068970.5561426,-173.1,2.05,-1.78
1790068970.7624686,-173.2,1.7,-1.75
1790068970.9542644,-173.15,1.77,-1.8
1790068971.1624305,-173.19,1.61,-1.77
1790068971.3709092,-173.16,1.59,-1.76
1790068971.5793693,-173.21,1.67,-1.76
1790068971.7866395,-173.11,1.78,-1.82
1790068972.0443525,-173.09,1.9,-1.83
1790068972.1728637,-173.18,1.86,-1.94
1790068972.3977137,-173.15,1.85,-1.88
1790068972.6062317,-172.78,1.79,-1.9
1790068972.8011649,-173.01,1.87,-1.92
1790068973.010621,-173.0,1.88,-1.93
1790068973.224172,-173.01,1.88,-1.93
1790068973.4166238,-172.99,1.88,-1.94
1790068973.5929017,-172.99,1.89,-1.95
1790068973.8326437,-172.99,1.88,-1.95
1790068974.0384297,-172.98,1.89,-1.95
1790068974.2455266,-172.97,1.89,-1.95
1790068974.422644,-172.97,1.89,-1.95
1790068974.6515675,-172.98,1.89,-1.94
1790068974.8568292,-172.97,1.88,-1.94
1790068975.0641446,-172.97,1.88,-1.93
1790068975.2722464,-172.97,1.88,-1.93
1790068975.4761024,-172.97,1.88,-1.94
1790068975.685607,-172.97,1.88,-1.93
1790068975.886397,-172.96,1.88,-1.94
1790068976.0599525,-172.94,1.88,-1.93
1790068976.2888536,-172.91,1.89,-1.93
1790068976.4902954,-172.88,1.89,-1.92
1790068976.6979148,-172.83,1.9,-1.92
1790068976.9042468,-172.85,1.9,-1.92
1790068977.0799825,-172.81,1.9,-1.92
1790068977.274055,-172.95,2.01,-1.91
1790068977.4792016,-173.18,1.82,-1.93
1790068977.6555226,-173.01,1.79,-1.98
1790068977.8624773,-173.0,1.79,-1.99
1790068978.1016548,-173.01,1.87,-1.92
1790068978.2958138,-172.94,1.91,-1.91
1790068978.5021145,-172.94,1.9,-1.94
1790068978.7597787,-172.92,1.91,-1.95
1790068978.8884406,-172.87,1.69,-2.02
1790068979.0808995,-172.89,1.66,-1.96
1790068979.368341,-172.67,1.59,-1.96
1790068979.5618708,-172.48,1.61,-1.95
1790068979.7704303,-172.47,1.64,-1.94
1790068979.9741879,-172.44,1.64,-1.94
1790068980.1016014,-172.41,1.64,-1.94
1790068980.3743303,-172.38,1.65,-1.93
1790068980.5985262,-172.37,1.65,-1.94
1790068980.7923496,-172.34,1.66,-1.94
1790068981.0041184,-172.32,1.66,-1.94
1790068981.1580906,-172.33,1.67,-1.95
1790068981.3818262,-172.29,1.67,-1.95
1790068981.6077726,-172.26,1.67,-1.96
1790068981.81598,-172.24,1.67,-1.95
1790068982.0249357,-172.21,1.67,-1.95
1790068982.233914,-172.18,1.67,-1.95
1790068982.3968842,-172.16,1.66,-1.95
1790068982.5560782,-172.14,1.66,-1.95
1790068982.845934,-172.18,1.66,-1.95
1790068982.9433777,-172.16,1.66,-1.94
1790068983.2493074,-172.11,1.67,-1.95
1790068983.3609083,-172.11,1.67,-1.95
1790068983.6654124,-172.08,1.67,-1.95
1790068983.8721187,-173.04,1.69,-2.02
1790068984.0648272,170.95,1.17,-2.46
1790068984.277723,153.82,0.52,-2.68
1790068984.4185197,136.07,-0.25,-2.79
1790068984.6872694,118.34,-0.95,-2.58
1790068984.8809884,101.56,-1.58,-2.18
1790068985.0893502,98.08,-1.66,-2.11
1790068985.2983441,98.09,-1.65,-2.12
1790068985.426082,98.11,-1.64,-2.11
1790068985.7089474,98.17,-1.64,-2.12
1790068985.9171722,98.18,-1.63,-2.12
1790068986.1102374,98.2,-1.63,-2.12
1790068986.225773,98.19,-1.64,-2.12
1790068986.367016,98.24,-1.58,-2.14
1790068986.6268034,98.22,-1.57,-2.18
1790068986.8624322,98.25,-1.68,-2.2
1790068986.99088,98.3,-1.56,-2.25
1790068987.199363,98.31,-1.68,-2.21
1790068987.440693,98.34,-1.54,-2.22
1790068987.6321898,98.37,-1.49,-2.22
1790068987.841971,98.4,-1.45,-2.2
1790068988.0194294,98.45,-1.42,-2.3
1790068988.2119815,98.43,-1.48,-2.29
1790068988.4523695,98.5,-1.55,-2.3
1790068988.77272,98.9,-1.51,-2.32
1790068988.9791648,98.69,-1.47,-2.33
1790068989.0264227,98.72,-1.47,-2.33
1790068989.3072968,98.75,-1.47,-2.32
1790068989.465514,98.76,-1.47,-2.33
1790068989.7987533,98.8,-1.46,-2.33
1790068990.0073633,98.83,-1.46,-2.33
1790068990.2170355,98.86,-1.46,-2.33
1790068990.3751068,98.88,-1.46,-2.34
1790068990.4858778,98.88,-1.46,-2.33
1790068990.8234243,98.85,-1.46,-2.32
1790068991.0356073,98.84,-1.47,-2.31
1790068991.2412531,98.84,-1.48,-2.31
1790068991.4493227,98.83,-1.48,-2.3
1790068991.481153,98.83,-1.48,-2.3
1790068991.8517213,98.78,-1.49,-2.3
1790068992.017859,98.81,-1.5,-2.29
1790068992.2653391,98.81,-1.5,-2.29
1790068992.4588053,98.8,-1.5,-2.29
1790068992.474748,98.79,-1.51,-2.28
1790068992.8757896,98.79,-1.51,-2.28
1790068992.9239702,98.76,-1.52,-2.27
1790068993.1963205,98.76,-1.52,-2.28
1790068993.3390594,98.75,-1.5,-2.27
1790068993.5153985,98.17,-1.46,-2.18
1790068993.7717092,98.43,-1.67,-2.21
1790068993.9648552,98.45,-1.57,-2.26
1790068994.156839,98.42,-1.55,-2.27
1790068994.3652918,98.4,-1.39,-2.22
1790068994.5421772,98.4,-1.21,-2.19
1790068994.732713,98.37,-1.09,-2.2
1790068994.94104,98.38,-1.18,-2.31
1790068995.1835747,98.33,-1.26,-2.36
1790068995.5172327,98.31,-1.37,-2.31
1790068995.5621138,98.86,-1.34,-2.34
1790068995.9473376,98.6,-1.33,-2.32
1790068995.9473376,98.57,-1.32,-2.33
1790068996.1679688,98.56,-1.31,-2.31
1790068996.3603666,98.56,-1.31,-2.29
1790068996.766083,98.48,-1.3,-2.25
1790068996.7766585,98.47,-1.31,-2.25
1790068996.985412,98.46,-1.31,-2.25
1790068997.1791573,98.46,-1.31,-2.25
1790068997.5330658,98.43,-1.32,-2.25
1790068997.597285,98.43,-1.33,-2.25
1790068997.7900004,98.43,-1.33,-2.25
1790068997.9988127,98.43,-1.33,-2.24
1790068998.2087374,98.43,-1.34,-2.24
1790068998.4020636,98.42,-1.33,-2.24
1790068998.6272323,98.4,-1.33,-2.24
1790068998.9503508,98.4,-1.33,-2.25
1790068999.030741,98.38,-1.32,-2.25
1790068999.2393856,98.38,-1.32,-2.24
1790068999.432189,98.34,-1.32,-2.24
1790068999.639551,98.35,-1.31,-2.25
1790068999.8309069,98.35,-1.3,-2.25
1790069000.0548756,91.44,-1.47,-2.18
1790069000.2485101,75.35,-1.95,-1.64
1790069000.4575145,58.01,-2.24,-0.94
1790069000.6666052,35.7,-2.33,-0.13
1790069000.8611968,17.77,-2.16,0.54
1790069001.0794284,8.73,-1.99,0.84
1790069001.27991,8.81,-1.97,0.84
1790069001.4864028,8.81,-1.95,0.83
1790069001.694445,8.8,-1.95,0.83
1790069001.8846972,8.9,-1.95,0.83
1790069002.0946286,8.9,-1.95,0.83
1790069002.3044279,8.87,-1.96,0.82
1790069002.4971194,8.9,-1.96,0.82
1790069002.6841285,8.64,-1.86,0.75
1790069002.9158294,8.68,-2.19,0.84
1790069003.1232097,8.86,-2.15,0.7
1790069003.3470328,8.84,-2.01,0.68
1790069003.5245385,8.79,-1.94,0.7
1790069003.7324219,8.78,-1.84,0.73
1790069003.9262743,8.82,-1.92,0.69
1790069004.1344233,8.82,-2.01,0.67
1790069004.359082,8.77,-2.1,0.65
1790069004.5675504,8.73,-2.17,0.64
1790069004.760305,8.67,-2.3,0.65
1790069004.9572666,8.66,-2.26,0.67
1790069005.2151787,8.65,-2.24,0.69
1790069005.3626266,8.65,-2.22,0.71
1790069005.5869415,8.66,-2.22,0.7
1790069005.7468884,8.63,-2.22,0.69
1790069005.9891033,8.62,-2.22,0.68
1790069006.1961741,8.61,-2.22,0.67
1790069006.400443,8.61,-2.22,0.66
1790069006.5967028,8.62,-2.23,0.66
1790069006.7981458,8.6,-2.23,0.66
1790069007.0072727,8.59,-2.23,0.66
1790069007.2170668,8.57,-2.24,0.66
1790069007.4115574,8.57,-2.24,0.66
1790069007.620772,8.58,-2.24,0.66
1790069007.8281546,8.58,-2.24,0.66
1790069008.005104,8.57,-2.24,0.66
1790069008.2295964,8.59,-2.24,0.67
1790069008.4476063,8.61,-2.23,0.68
1790069008.6462898,8.64,-2.22,0.68
1790069008.8551245,8.64,-2.22,0.69
1790069009.0643098,8.64,-2.22,0.7
1790069009.2577093,8.66,-2.22,0.71
1790069009.3802686,8.66,-2.22,0.72
1790069009.649966,8.41,-2.11,0.72
1790069009.8263826,8.3,-2.4,0.75
1790069010.0193543,8.48,-2.33,0.7
1790069010.2058163,8.59,-2.22,0.66
1790069010.4024704,8.57,-2.13,0.69
1790069010.643121,8.51,-1.95,0.77
1790069010.8355958,8.57,-2.02,0.78
1790069011.0272102,8.6,-2.06,0.78
1790069011.220456,8.54,-2.08,0.8
1790069011.4142601,8.57,-2.16,0.78
1790069011.6715047,8.49,-2.29,0.82
1790069011.928857,8.29,-2.23,0.89
1790069012.121782,8.31,-2.21,0.91
1790069012.3404353,8.31,-2.21,0.91
1790069012.436587,8.34,-2.2,0.91
1790069012.673296,8.36,-2.2,0.92
1790069012.866068,8.35,-2.2,0.93
1790069013.1557972,8.38,-2.18,0.94
1790069013.3484614,8.39,-2.17,0.94
1790069013.558061,8.42,-2.18,0.94
1790069013.6906116,8.4,-2.18,0.95
1790069013.977051,8.39,-2.17,0.95
1790069014.169835,8.38,-2.17,0.95
1790069014.3787858,8.38,-2.17,0.96
1790069014.5884783,8.38,-2.17,0.96
1790069014.7015147,8.38,-2.17,0.96
1790069015.0069973,8.37,-2.17,0.96
1790069015.1844344,8.42,-2.17,0.97
1790069015.4093513,8.4,-2.17,0.96
1790069015.600327,8.47,-2.17,0.97
1790069015.7120936,8.5,-2.16,0.97
1790069016.0157573,8.53,-2.15,0.97
1790069016.1321633,8.58,-2.15,0.97
1790069016.43414,12.21,-2.23,0.88
1790069016.6350574,28.12,-2.47,0.26
1790069016.7351935,45.44,-2.53,-0.52
1790069017.0460136,63.03,-2.36,-1.28
1790069017.2393293,81.03,-1.98,-1.97
1790069017.448474,98.99,-1.38,-2.41
1790069017.6577241,116.97,-0.7,-2.73
1790069017.739325,135.04,0.07,-2.83
1790069018.0712843,152.96,0.85,-2.68
1790069018.0712843,170.98,1.47,-2.33
1790069018.4719026,-172.35,1.96,-1.73
1790069018.5832758,-171.73,2.0,-1.68
1790069018.6913738,-171.75,2.0,-1.67
1790069018.8996632,-171.71,2.01,-1.66
1790069019.1065705,-171.67,2.01,-1.65
1790069019.2994924,-171.66,2.02,-1.65
1790069019.7016163,-171.67,2.02,-1.65
1790069019.717305,-171.69,2.02,-1.65
1790069019.9250636,-171.71,2.02,-1.65
1790069020.11777,-172.43,2.03,-1.58
1790069020.3109248,-171.91,1.82,-1.63
1790069020.5443053,-171.76,1.82,-1.71
1790069020.7603195,-171.8,1.72,-1.69
1790069020.966852,-171.77,1.68,-1.7
1790069021.1425867,-171.81,1.81,-1.66
1790069021.3553598,-171.84,1.94,-1.61
1790069021.5615067,-171.84,2.08,-1.66
1790069021.770348,-171.96,2.05,-1.62
1790069021.9628806,-171.95,1.98,-1.65
1790069022.1708817,-171.6,1.91,-1.61
1790069022.3793106,-171.64,1.97,-1.59
1790069022.5713,-171.66,1.98,-1.58
1790069022.7895663,-171.68,1.98,-1.58
1790069023.1908185,-171.7,1.99,-1.58
1790069023.1908185,-171.74,1.99,-1.58
1790069023.3640459,-171.77,1.99,-1.58
1790069023.5925484,-171.78,1.99,-1.58
1790069023.7857125,-171.8,1.99,-1.58
1790069024.0118454,-171.81,1.99,-1.59
1790069024.1727557,-171.87,2.0,-1.6
1790069024.4138868,-171.87,2.0,-1.61
1790069024.6237998,-171.89,2.0,-1.61
1790069024.8015947,-171.9,2.01,-1.61
1790069025.0270853,-171.92,2.01,-1.61
1790069025.2347538,-171.94,2.01,-1.61
1790069025.4462724,-171.97,2.0,-1.61
1790069025.6224785,-172.0,2.0,-1.62
1790069025.810735,-172.03,2.01,-1.63
1790069026.0506465,-172.05,2.01,-1.63
1790069026.2601247,-172.08,2.01,-1.64
1790069026.6619678,-172.07,2.02,-1.64
1790069026.6619678,-172.1,2.02,-1.65
1790069026.8383093,-167.7,2.11,-1.46
1790069027.07812,-152.28,2.34,-0.81
1790069027.2878463,-135.13,2.37,-0.11
1790069027.4821982,-113.03,2.1,0.77
1790069027.6916146,-95.12,1.67,1.31
1790069027.8526878,-82.92,1.29,1.67
1790069028.0931864,-81.76,1.24,1.69
1790069028.3027742,-81.78,1.26,1.71
1790069028.4871178,-81.8,1.27,1.72
1790069028.7143524,-81.84,1.28,1.72
1790069028.8579533,-81.85,1.28,1.73
1790069029.1296976,-81.87,1.29,1.73
1790069029.3041182,-81.93,1.29,1.73
1790069029.5418482,-81.67,1.39,1.77
1790069029.7021909,-81.89,1.14,1.81
1790069029.9470778,-81.87,1.11,1.66
1790069030.071488,-81.97,1.09,1.63
1790069030.327648,-82.08,1.23,1.61
1790069030.5364215,-82.04,1.4,1.65
1790069030.712734,-82.04,1.57,1.57
1790069030.9209902,-82.03,1.58,1.54
1790069031.0956342,-82.07,1.57,1.52
1790069031.306655,-82.19,1.55,1.56
1790069031.5780096,-81.61,1.46,1.59
1790069031.7956927,-81.81,1.56,1.6
1790069031.996486,-81.82,1.55,1.59
1790069032.1987317,-81.86,1.55,1.6
1790069032.3227546,-81.87,1.56,1.6
1790069032.613051,-81.89,1.56,1.59
1790069032.7826414,-81.91,1.56,1.59
1790069032.9325743,-81.94,1.56,1.59
1790069033.2217581,-81.95,1.57,1.58
1790069033.4263902,-81.96,1.57,1.58
1790069033.5836642,-82.0,1.58,1.57
1790069033.8560297,-82.02,1.58,1.55
1790069034.0328064,-82.02,1.58,1.55
1790069034.2418618,-82.03,1.57,1.55
1790069034.4495676,-82.05,1.57,1.55
1790069034.6564684,-82.08,1.57,1.54
1790069034.8658793,-82.11,1.57,1.54
1790069035.058532,-82.16,1.58,1.53
1790069035.2203307,-82.17,1.57,1.53
1790069035.477676,-82.19,1.57,1.53
1790069035.6719153,-82.21,1.57,1.53
1790069035.882712,-82.2,1.58,1.53
1790069035.9932091,-82.27,1.58,1.52
1790069036.2980804,-82.28,1.59,1.51
1790069036.5034413,-82.3,1.59,1.51
1790069036.7016435,-68.18,1.14,1.91
1790069036.9227087,-51.5,0.41,2.11
1790069037.1168914,-33.99,-0.37,2.03
1790069037.3182662,-16.19,-1.07,1.85
1790069037.519683,1.71,-1.74,1.42
1790069037.727612,19.62,-2.18,0.86
1790069037.9032147,37.63,-2.47,0.15
1790069038.1444106,55.6,-2.54,-0.64
1790069038.3377562,73.54,-2.33,-1.37
1790069038.5469534,91.51,-1.92,-2.04
1790069038.7570035,97.32,-1.73,-2.19
1790069038.8530679,97.28,-1.72,-2.18
1790069039.167878,97.2,-1.72,-2.18
1790069039.360179,97.17,-1.72,-2.18
1790069039.5689516,97.15,-1.72,-2.17
1790069039.7778597,97.15,-1.72,-2.17
1790069039.9298923,97.15,-1.71,-2.17
1790069040.0339618,97.08,-1.71,-2.17
1790069040.240861,96.95,-1.61,-2.15
1790069040.4801672,96.71,-1.8,-2.12
1790069040.686601,96.98,-1.84,-2.24
1790069040.8776078,97.03,-1.79,-2.26
1790069041.0543795,97.0,-1.67,-2.28
1790069041.2626414,97.01,-1.5,-2.2
1790069041.5064292,96.95,-1.36,-2.23
1790069041.6938548,96.97,-1.31,-2.3
1790069041.9059474,96.93,-1.41,-2.33
1790069042.0950253,96.91,-1.46,-2.38
1790069042.385069,96.97,-1.6,-2.36
1790069042.6428733,97.15,-1.55,-2.38
1790069042.8129413,97.14,-1.54,-2.38
1790069042.9440274,97.09,-1.54,-2.39
1790069043.2501583,97.09,-1.54,-2.39
1790069043.4111066,97.05,-1.54,-2.39
1790069043.6668444,96.99,-1.55,-2.4
1790069043.8759823,96.98,-1.55,-2.41
1790069043.956323,96.96,-1.54,-2.42
1790069044.276138,96.97,-1.55,-2.43
1790069044.2922704,96.91,-1.55,-2.44
1790069044.5004675,96.93,-1.55,-2.45
1790069044.6933494,96.89,-1.56,-2.45
1790069044.8999424,96.88,-1.56,-2.46
1790069045.3012626,96.87,-1.57,-2.47
1790069045.3169644,96.86,-1.58,-2.48
1790069045.5099545,96.84,-1.58,-2.48
1790069045.715893,96.8,-1.59,-2.5
1790069045.9731185,96.8,-1.59,-2.51
1790069046.1325204,96.79,-1.59,-2.51
1790069046.3260105,96.78,-1.59,-2.52
1790069046.5322723,96.73,-1.59,-2.53
1790069046.7391224,96.72,-1.6,-2.54
1790069046.9456382,96.71,-1.6,-2.55
1790069047.157646,103.27,-1.33,-2.67
1790069047.364462,119.1,-0.64,-3.0
1790069047.55903,136.37,0.14,-3.13
1790069047.765185,154.08,0.94,-2.92
1790069047.973568,171.94,1.67,-2.55
1790069048.166393,-173.91,2.1,-2.0
1790069048.3756344,-174.18,2.09,-1.98
1790069048.592173,-174.26,2.09,-1.98
1790069048.788939,-174.3,2.09,-1.97
1790069048.9951792,-174.32,2.08,-1.97
1790069049.1799924,-174.4,2.08,-1.98
1790069049.37893,-174.71,2.18,-1.94
1790069049.6038902,-174.53,1.92,-1.94
1790069049.7648346,-174.45,1.87,-2.07
1790069049.9570174,-174.42,1.79,-2.05
1790069050.2609928,-174.43,1.64,-2.08
1790069050.405156,-174.54,1.79,-2.01
1790069050.5978956,-174.51,1.84,-2.0
1790069050.7744513,-174.45,1.96,-2.1
1790069050.9817653,-174.54,2.0,-2.1
1790069051.2469523,-174.58,1.89,-2.11
1790069051.4604366,-174.32,1.74,-2.11
1790069051.653766,-174.21,1.79,-2.11
1790069051.8629906,-174.4,1.79,-2.1
1790069052.035264,-174.47,1.79,-2.1
1790069052.272313,-174.53,1.77,-2.11
1790069052.433627,-174.55,1.77,-2.12
1790069052.6806521,-174.66,1.77,-2.12
1790069052.8829627,-174.68,1.77,-2.13
1790069053.041505,-174.69,1.76,-2.13
1790069053.2667742,-174.73,1.76,-2.15
1790069053.4926782,-174.76,1.75,-2.14
1790069053.699434,-174.77,1.75,-2.13
1790069053.9085183,-174.77,1.75,-2.12
1790069054.1162372,-174.78,1.75,-2.12
1790069054.3135064,-174.78,1.75,-2.12
1790069054.5178792,-174.78,1.76,-2.12
1790069054.6953683,-174.81,1.75,-2.12
1790069054.9329436,-174.8,1.75,-2.1
1790069055.0609117,-174.78,1.75,-2.09
1790069055.3341694,-174.74,1.76,-2.08
1790069055.4628422,-174.78,1.76,-2.06
1790069055.7666814,-174.77,1.76,-2.06
1790069055.9592257,-173.04,1.81,-1.99
1790069056.151848,-157.09,2.22,-1.31
1790069056.3610501,-139.92,2.42,-0.65
1790069056.570226,-122.26,2.36,0.08
1790069056.7790177,-104.33,2.1,0.82
1790069056.971925,-87.9,1.66,1.37
1790069057.068324,-85.44,1.56,1.47
1790069057.295589,-85.42,1.57,1.51
1790069057.5883133,-85.42,1.57,1.53
1790069057.799964,-85.4,1.58,1.54
1790069057.90864,-85.35,1.58,1.56
1790069058.1010077,-85.37,1.67,1.57
1790069058.356614,-85.78,1.6,1.66
1790069058.502719,-85.35,1.4,1.57
1790069058.7577488,-85.25,1.36,1.54
1790069058.9352443,-85.29,1.45,1.54
1790069059.1263413,-85.27,1.62,1.65
1790069059.3821335,-85.26,1.76,1.61
1790069059.5264618,-85.25,1.92,1.57
1790069059.7176013,-85.23,1.89,1.56
1790069060.0442054,-85.23,1.85,1.52
1790069060.2482924,-85.22,1.72,1.54
1790069060.4578352,-84.81,1.75,1.58
1790069060.6663613,-84.79,1.76,1.6
1790069060.873518,-84.79,1.76,1.63
1790069060.9851692,-84.76,1.75,1.65
1790069061.2884223,-84.75,1.75,1.66
1790069061.4794185,-84.75,1.74,1.67
1790069061.6864965,-84.71,1.74,1.69
1790069061.89571,-84.69,1.74,1.7
1790069062.055929,-84.65,1.74,1.7
1790069062.2983468,-84.67,1.74,1.71
1790069062.5055914,-84.67,1.73,1.72
1790069062.7112417,-84.66,1.73,1.73
1790069062.922335,-84.64,1.72,1.75
1790069063.1234076,-84.62,1.72,1.76
1790069063.323812,-84.59,1.71,1.77
1790069063.4998822,-84.61,1.71,1.77
1790069063.7257679,-84.6,1.7,1.79
1790069063.9350643,-84.6,1.7,1.8
1790069064.144785,-84.58,1.7,1.81
1790069064.2580426,-84.56,1.7,1.82
1790069064.4624157,-84.55,1.69,1.84
1790069064.606694,-84.55,1.69,1.85
1790069064.8002694,-85.25,1.7,1.87
1790069065.0410118,-85.07,1.54,1.85
1790069065.234,-84.96,1.67,1.84
1790069065.4434762,-84.91,1.64,1.84
1790069065.6358871,-84.91,1.72,1.88
1790069065.8119812,-84.88,1.75,1.84
1790069066.0216718,-84.87,1.75,1.83
1790069066.261271,-84.86,1.78,1.83
1790069066.4531689,-84.83,1.78,1.81
1790069066.61471,-84.86,1.78,1.81
1790069066.8402958,-84.34,1.7,1.86
1790069067.1716645,-84.7,1.79,1.87
1790069067.2450929,-84.68,1.78,1.88
1790069067.4260695,-84.66,1.77,1.9
1790069067.6340015,-84.65,1.77,1.91
1790069067.8413553,-84.64,1.76,1.92
1790069068.0415769,-84.61,1.76,1.93
1790069068.4509213,-84.6,1.75,1.94
1790069068.4533257,-84.57,1.75,1.94
1790069068.6611314,-84.61,1.76,1.95
1790069068.853626,-84.61,1.76,1.95
1790069069.0634608,-84.62,1.77,1.96
1790069069.2727997,-84.62,1.78,1.96
1790069069.4817739,-84.62,1.78,1.96
1790069069.6749997,-84.63,1.78,1.96
1790069069.8845782,-84.63,1.78,1.96
1790069070.078734,-84.63,1.78,1.96
1790069070.4977202,-84.62,1.78,1.97
1790069070.4977202,-84.61,1.78,1.98
1790069070.6906195,-84.6,1.78,1.98
1790069070.9002316,-84.59,1.78,1.99
1790069071.112808,-84.58,1.78,1.99
1790069071.3216474,-84.57,1.78,2.0
1790069071.5155742,-84.56,1.78,2.0
1790069071.9287753,-84.54,1.78,2.01
1790069071.9444177,-84.53,1.78,2.01
1790069072.136176,-84.51,1.78,2.01
1790069072.3446145,-84.49,1.78,2.02
1790069072.5371609,-84.48,1.78,2.02
1790069072.7471821,-84.47,1.78,2.03
1790069072.9555125,-84.46,1.79,2.04
1790069073.1642947,-84.44,1.78,2.04
1790069073.3801634,-84.42,1.78,2.05
1790069073.5732477,-84.4,1.79,2.05
1790069073.7667615,-84.39,1.79,2.06
1790069073.9758308,-84.37,1.78,2.07
1790069074.184153,-84.36,1.78,2.08
1790069074.403484,-84.33,1.78,2.09
1790069074.5950177,-84.31,1.78,2.09
1790069074.7999542,-84.31,1.79,2.1
1790069075.017119,-84.3,1.79,2.11
1790069075.2179997,-84.29,1.79,2.12
1790069075.4183178,-84.27,1.79,2.13
1790069075.6261363,-84.25,1.8,2.14
1790069075.8241315,-84.23,1.8,2.14
1790069076.0306098,-84.21,1.8,2.15
1790069076.2311523,-84.2,1.8,2.15
1790069076.4390569,-84.2,1.8,2.15
1790069076.6497533,-84.18,1.8,2.15
1790069077.050428,-84.17,1.81,2.16
1790069077.2582822,-84.12,1.81,2.17
1790069077.4588416,-84.12,1.81,2.18
1790069077.668574,-84.11,1.81,2.18
1790069077.8082094,-84.1,1.81,2.19
1790069078.0713475,-84.07,1.81,2.2
1790069078.283005,-84.05,1.81,2.21
1790069078.4784055,-84.04,1.81,2.21
1790069078.6994634,-84.04,1.82,2.22
1790069078.9051766,-84.02,1.82,2.23
1790069079.1046476,-83.99,1.82,2.24
1790069079.2726974,-83.97,1.82,2.24
1790069079.5140796,-83.98,1.82,2.25
1790069079.715657,-83.97,1.82,2.25
1790069079.9207757,-83.94,1.82,2.25
1790069080.1247897,-83.92,1.82,2.26
1790069080.2865596,-83.93,1.82,2.26
1790069080.5318735,-83.91,1.82,2.27
1790069080.7253666,-83.87,1.82,2.28
1790069080.94286,-83.87,1.83,2.28
1790069081.1436214,-83.86,1.83,2.29
1790069081.3043387,-83.83,1.83,2.3
1790069081.549409,-83.82,1.83,2.31
1790069081.758937,-83.83,1.83,2.31
1790069081.9682326,-83.82,1.83,2.31
1790069082.1733534,-83.8,1.84,2.32
1790069082.3023193,-83.78,1.84,2.33
1790069082.5801144,-83.8,1.84,2.34
1790069082.7876484,-83.78,1.84,2.35
1790069082.9931,-83.76,1.84,2.35
1790069083.1968782,-83.75,1.84,2.35
1790069083.3056386,-83.76,1.84,2.36
1790069083.607772,-83.73,1.84,2.36
1790069083.813315,-83.7,1.84,2.37
1790069084.0162165,-83.72,1.84,2.37
1790069084.2215397,-83.69,1.84,2.38
1790069084.4239488,-83.66,1.84,2.39
1790069084.6313393,-83.68,1.85,2.4
1790069084.8343916,-83.66,1.85,2.4
1790069085.0244563,-83.63,1.85,2.41
1790069085.2433226,-83.65,1.85,2.41
1790069085.3270972,-83.62,1.85,2.42
1790069085.6523445,-83.6,1.85,2.43
1790069085.8610716,-83.61,1.85,2.44
1790069086.0283415,-83.58,1.85,2.44
1790069086.2637894,-83.56,1.86,2.45
1790069086.326411,-83.58,1.85,2.46
1790069086.677805,-83.54,1.85,2.47
1790069086.8838062,-83.54,1.85,2.47
1790069087.0379694,-83.54,1.86,2.48
1790069087.2912996,-83.5,1.86,2.49
1790069087.494649,-83.51,1.86,2.5
1790069087.7012208,-83.49,1.86,2.51
1790069087.8868887,-83.47,1.85,2.51
1790069088.0172174,-83.48,1.86,2.52
1790069088.17654,-83.43,1.86,2.53
1790069088.3360436,-83.44,1.86,2.53
1790069088.6018515,-83.44,1.86,2.54
1790069088.7452686,-83.4,1.86,2.55
1790069089.0415242,-83.41,1.86,2.56
1790069089.198063,-83.39,1.87,2.56
1790069089.3635945,-83.37,1.87,2.57
1790069089.651584,-83.38,1.87,2.57
1790069089.8004785,-83.34,1.87,2.58
1790069090.0060272,-83.35,1.87,2.58
1790069090.2560875,-83.35,1.88,2.59
1790069090.401751,-83.31,1.88,2.6
1790069090.5852847,-83.32,1.88,2.6
1790069090.8432794,-83.3,1.88,2.6
1790069090.9780056,-83.27,1.88,2.61
1790069091.2549896,-83.29,1.88,2.61
1790069091.4013472,-83.25,1.88,2.63
1790069091.5897307,-83.24,1.89,2.64
1790069091.8119094,-83.26,1.89,2.64
1790069091.9854224,-83.22,1.89,2.65
1790069092.2356663,-83.22,1.89,2.66
1790069092.4015596,-83.23,1.89,2.66
1790069092.639992,-83.18,1.89,2.67
1790069092.7835,-83.2,1.88,2.67
1790069093.0618227,-83.18,1.89,2.68
1790069093.1941237,-83.17,1.89,2.69
1790069093.478464,-83.18,1.89,2.69
1790069093.6241925,-83.16,1.89,2.7
1790069093.8318832,-83.14,1.89,2.71
1790069094.05734,-83.16,1.89,2.71
1790069094.2559824,-83.14,1.89,2.72
1790069094.4643798,-83.11,1.88,2.72
1790069094.66634,-83.14,1.88,2.73
1790069094.8719103,-83.09,1.88,2.73
1790069095.0765684,-83.11,1.88,2.73
1790069095.2826214,-83.09,1.88,2.74
1790069095.484889,-83.07,1.89,2.75
1790069095.6864636,-83.08,1.89,2.75
1790069095.901705,-83.05,1.89,2.76
1790069096.1030202,-83.05,1.89,2.76
1790069096.304873,-83.04,1.89,2.77
1790069096.50562,-83.02,1.89,2.78
1790069096.714325,-83.03,1.89,2.78
1790069096.9153452,-83.01,1.89,2.79
1790069097.1243331,-82.99,1.89,2.79
1790069097.3250146,-83.0,1.89,2.8
1790069097.5321646,-82.97,1.89,2.81
1790069097.739714,-82.97,1.89,2.82
1790069097.9549923,-82.98,1.9,2.81
1790069098.1443005,-82.94,1.9,2.82
1790069098.351448,-82.96,1.9,2.83
1790069098.555105,-82.92,1.9,2.84
1790069098.7628822,-82.94,1.91,2.84
1790069098.9776266,-82.91,1.91,2.85
1790069099.1793666,-82.89,1.91,2.86
1790069099.3806434,-82.91,1.91,2.86
1790069099.5817764,-82.87,1.91,2.87
1790069099.7871587,-82.9,1.91,2.87
1790069099.9905093,-82.88,1.91,2.87
1790069100.1926658,-82.86,1.91,2.88
1790069100.4006035,-82.87,1.91,2.89
1790069100.6027694,-82.82,1.92,2.9
1790069100.8110197,-82.85,1.92,2.91
1790069101.0126724,-82.81,1.92,2.92
1790069101.2191136,-82.82,1.92,2.92
1790069101.413802,-82.78,1.92,2.94
1790069101.630599,-82.79,1.91,2.94
1790069101.8321645,-82.76,1.91,2.93
1790069102.038651,-82.76,1.91,2.94
1790069102.241744,-82.76,1.91,2.94
1790069102.4216373,-82.72,1.91,2.95
1790069102.651443,-82.74,1.92,2.96
1790069102.8581243,-82.71,1.91,2.97
1790069103.0607128,-82.72,1.91,2.97
1790069103.269165,-82.69,1.91,2.98
1790069103.4216375,-82.69,1.91,2.99
1790069103.677491,-82.68,1.91,2.99
1790069103.8801713,-82.65,1.91,3.0
1790069104.0862405,-82.67,1.92,3.01
1790069104.2904377,-82.62,1.91,3.01
1790069104.422382,-82.64,1.92,3.02
1790069104.6998281,-82.6,1.92,3.03
1790069104.9015627,-82.62,1.92,3.03
1790069105.109843,-82.58,1.91,3.03
1790069105.3116615,-82.59,1.91,3.04
1790069105.4347773,-82.59,1.91,3.04
1790069105.7204278,-82.55,1.91,3.05
1790069105.9290657,-82.58,1.91,3.06
1790069106.1300914,-82.54,1.91,3.06
1790069106.338235,-82.55,1.91,3.07
1790069106.4350011,-82.53,1.91,3.07
1790069106.7477894,-82.51,1.91,3.08
1790069106.9488022,-82.52,1.91,3.08
1790069107.1576705,-82.48,1.91,3.09
1790069107.3642666,-82.51,1.91,3.09
1790069107.4423451,-82.48,1.91,3.1
1790069107.7740946,-82.49,1.91,3.1
1790069107.976735,-82.48,1.91,3.1
1790069108.1791658,-82.45,1.91,3.11
1790069108.3863587,-82.48,1.91,3.11
1790069108.5875418,-82.49,1.91,3.11
1790069108.796553,-82.47,1.91,3.12
1790069109.000626,-82.48,1.91,3.13
1790069109.2061725,-82.5,1.91,3.14
1790069109.3172534,-82.52,1.91,3.14
1790069109.614571,-82.54,1.92,3.14
1790069109.8296695,-82.57,1.92,3.14
1790069110.0237603,-82.6,1.92,3.15
1790069110.2358525,-82.63,1.93,3.15
1790069110.434959,-82.64,1.93,3.16
1790069110.8429673,-82.64,1.93,3.16
1790069110.8429673,-82.65,1.93,3.16
1790069111.0516367,-82.63,1.93,3.17
1790069111.2533216,-82.6,1.93,3.17
1790069111.3929708,-82.59,1.93,3.18
1790069111.6629636,-82.59,1.93,3.18
1790069111.865173,-82.58,1.93,3.2
1790069112.0726924,-82.55,1.93,3.2
1790069112.4617746,-82.53,1.93,3.21
1790069112.6911428,-82.52,1.93,3.22
1790069112.8924444,-82.49,1.93,3.23
1790069113.0932784,-82.48,1.92,3.23
1790069113.3017373,-82.48,1.92,3.24
1790069113.461849,-82.46,1.92,3.25
1790069113.7108543,-82.43,1.92,3.27
1790069113.9120827,-82.43,1.92,3.27
1790069114.1209688,-82.42,1.93,3.28
1790069114.321788,-82.39,1.92,3.29
1790069114.4681022,-82.37,1.93,3.3
1790069114.7338948,-82.39,1.93,3.3
1790069114.9398596,-82.36,1.93,3.31
1790069115.1432383,-82.33,1.93,3.32
1790069115.1580186,-82.33,1.93,3.32
1790069115.4741457,-82.34,1.93,3.33
1790069115.7589798,-82.3,1.93,3.34
1790069115.9632034,-82.28,1.92,3.35
1790069116.1686804,-82.29,1.93,3.35
1790069116.372836,-82.28,1.93,3.36
1790069116.470284,-82.23,1.93,3.37
1790069116.7822073,-82.24,1.93,3.37
1790069116.9841251,-82.25,1.94,3.38
1790069117.00384,-82.21,1.94,3.39
1790069117.3958561,-82.19,1.94,3.4
1790069117.4829154,-82.2,1.94,3.41
1790069117.8053377,-82.2,1.94,3.41
1790069117.81472,-82.16,1.93,3.42
1790069118.0143378,-82.16,1.93,3.43
1790069118.222571,-82.17,1.94,3.43
1790069118.4243157,-82.14,1.93,3.44
1790069118.8297436,-82.11,1.93,3.45
1790069118.833714,-82.11,1.94,3.45
1790069119.0433204,-82.11,1.93,3.46
1790069119.243751,-82.07,1.93,3.47
1790069119.4642563,-82.07,1.93,3.47
1790069119.6632571,-82.08,1.93,3.48
1790069119.8643105,-82.05,1.93,3.49
1790069120.0663133,-82.02,1.94,3.5
1790069120.2739446,-82.02,1.94,3.5
1790069120.4764106,-82.03,1.94,3.51
1790069120.6835546,-81.98,1.94,3.52
1790069120.8852162,-81.97,1.94,3.52
1790069121.2878242,-81.99,1.94,3.53
1790069121.2878242,-81.97,1.94,3.53
1790069121.5031998,-81.93,1.94,3.54
1790069121.703999,-81.93,1.94,3.54
1790069121.9039922,-81.93,1.94,3.55
1790069122.1122904,-81.93,1.95,3.55
1790069122.3152478,-81.9,1.95,3.55
1790069122.5238545,-81.88,1.95,3.56
1790069122.7261984,-81.91,1.95,3.56
1790069122.9455168,-81.89,1.95,3.57
1790069123.1412544,-81.86,1.95,3.58
1790069123.343632,-81.86,1.96,3.58
1790069123.5246866,-81.88,1.96,3.59
1790069123.7520297,-81.88,1.96,3.59
1790069123.9541829,-81.85,1.96,3.59
1790069124.1557138,-81.82,1.95,3.6
1790069124.3637364,-81.83,1.96,3.6
1790069124.5241637,-81.84,1.96,3.61
1790069124.772928,-81.82,1.96,3.61
1790069124.9799042,-81.79,1.96,3.62
1790069125.1830063,-81.8,1.96,3.62
1790069125.3844597,-81.82,1.96,3.63
1790069125.5910075,-81.81,1.96,3.63
1790069125.7943177,-81.77,1.96,3.64
1790069126.0019403,-81.75,1.96,3.64
1790069126.2037427,-81.76,1.96,3.65
1790069126.411513,-81.76,1.97,3.65
1790069126.6204402,-81.75,1.97,3.66
1790069126.8210206,-81.72,1.97,3.66
1790069127.023199,-81.72,1.96,3.67
1790069127.224751,-81.72,1.97,3.67
1790069127.418814,-81.73,1.97,3.68
1790069127.6406186,-81.74,1.97,3.68
1790069127.8435493,-81.75,1.97,3.68
1790069128.0508316,-81.76,1.98,3.69
1790069128.2531095,-81.78,1.98,3.69
1790069128.4546883,-81.82,1.98,3.69
1790069128.6614153,-81.88,1.99,3.68
1790069128.8681426,-81.94,2.0,3.68
1790069129.0840743,-81.98,2.0,3.68
1790069129.2729886,-82.0,2.01,3.69
1790069129.4810495,-82.02,2.01,3.69
1790069129.682554,-82.03,2.01,3.7
1790069129.890666,-82.03,2.01,3.7
1790069130.0012062,-82.03,2.01,3.7
1790069130.2996948,-82.02,2.01,3.72
1790069130.5016725,-82.01,2.01,3.72
1790069130.7090623,-82.0,2.02,3.73
1790069130.9112453,-81.99,2.02,3.74
1790069131.118923,-81.97,2.02,3.74
1790069131.32067,-81.97,2.02,3.74
1790069131.5289655,-81.95,2.02,3.75
1790069131.7304406,-81.94,2.02,3.76
1790069131.9389303,-81.93,2.02,3.77
1790069132.1397095,-81.93,2.02,3.77
1790069132.3494506,-81.92,2.03,3.78
1790069132.5623598,-81.91,2.03,3.78
1790069132.7578,-81.9,2.03,3.78
1790069132.9593234,-81.89,2.03,3.78
1790069133.1672187,-81.88,2.03,3.79
1790069133.3686848,-81.87,2.03,3.8
1790069133.557117,-81.85,2.04,3.81
1790069133.7794554,-81.82,2.04,3.82
1790069133.9863226,-81.8,2.04,3.82
1790069134.190139,-81.78,2.04,3.83
1790069134.3962424,-81.77,2.04,3.84
1790069134.5621257,-81.76,2.04,3.85
1790069134.8050709,-81.77,2.04,3.86
1790069135.0076332,-81.76,2.04,3.87
1790069135.2148113,-81.75,2.04,3.88
1790069135.4178405,-81.74,2.05,3.88
1790069135.5632312,-81.73,2.05,3.88
1790069135.8274229,-81.72,2.05,3.89
1790069136.0348253,-81.71,2.05,3.89
1790069136.2371316,-81.69,2.05,3.9
1790069136.443741,-81.68,2.05,3.9
1790069136.5702844,-81.67,2.06,3.91
1790069136.8534293,-81.66,2.06,3.92
1790069137.0564535,-81.65,2.06,3.92
1790069137.2630606,-81.65,2.06,3.92
1790069137.4664233,-81.64,2.06,3.93
1790069137.5832024,-81.64,2.07,3.93
1790069137.8765786,-81.64,2.07,3.94
1790069138.084185,-81.64,2.07,3.94
1790069138.2854562,-81.64,2.07,3.94
1790069138.4931526,-81.63,2.07,3.95
1790069138.5836372,-81.62,2.07,3.95
1790069138.9016755,-81.62,2.07,3.96
1790069139.1056745,-81.61,2.08,3.96
1790069139.3059256,-81.6,2.08,3.97
1790069139.514412,-81.59,2.08,3.97
1790069139.5827804,-81.58,2.08,3.98
1790069139.9240565,-81.57,2.09,3.98
1790069140.126142,-81.56,2.09,3.99
1790069140.3357275,-81.55,2.09,3.99
1790069140.5392535,-81.53,2.09,4.0
1790069140.7431593,-81.52,2.09,4.0
1790069140.9513996,-81.51,2.09,4.0
1790069141.1534011,-81.5,2.09,4.01
1790069141.3542383,-81.49,2.09,4.01
1790069141.562908,-81.48,2.09,4.02
1790069141.7637048,-81.46,2.09,4.02
1790069141.9722607,-81.44,2.09,4.02
1790069142.0626383,-81.43,2.09,4.02
1790069142.38216,-81.41,2.09,4.02
1790069142.5837526,-81.4,2.09,4.03
1790069142.7919667,-81.39,2.1,4.04
1790069142.9929662,-81.37,2.1,4.04
1790069143.2013233,-81.35,2.1,4.05
1790069143.4037414,-81.34,2.09,4.06
1790069143.5348523,-81.32,2.09,4.07
1790069143.8126447,-81.31,2.09,4.07
1790069144.0205822,-81.29,2.1,4.08
1790069144.2221086,-81.28,2.1,4.08
1790069144.4303539,-81.26,2.1,4.09
1790069144.6038876,-81.25,2.1,4.09
1790069144.840033,-81.25,2.11,4.1
1790069145.041009,-81.24,2.1,4.1
1790069145.2496994,-81.24,2.11,4.11
1790069145.4509978,-81.23,2.11,4.11
1790069145.6032345,-81.22,2.11,4.12
1790069145.860865,-81.21,2.11,4.12
1790069146.068793,-81.21,2.12,4.12
1790069146.2704303,-81.21,2.12,4.13
1790069146.4787123,-81.2,2.12,4.14
1790069146.6149924,-81.19,2.13,4.14
1790069146.881796,-81.18,2.13,4.15
1790069147.0819025,-81.17,2.13,4.15
1790069147.2857997,-81.15,2.13,4.16
1790069147.499771,-81.13,2.14,4.17
1790069147.6724355,-81.12,2.14,4.17
1790069148.1169536,-81.1,2.14,4.18
1790069148.1169536,-81.09,2.14,4.19
1790069148.3182304,-81.08,2.14,4.19
1790069148.5137,-81.06,2.14,4.2
1790069148.675509,-81.05,2.15,4.2
1790069148.9305058,-81.05,2.15,4.21
1790069149.1402352,-81.03,2.16,4.22
1790069149.3462045,-81.02,2.16,4.23
1790069149.5463214,-81.0,2.16,4.23
1790069149.6802652,-80.99,2.16,4.23
1790069149.9586418,-80.98,2.16,4.23
1790069150.1639438,-80.98,2.16,4.25
1790069150.3670592,-80.97,2.17,4.25
1790069150.573709,-80.96,2.17,4.25
1790069150.685352,-80.96,2.18,4.25
1790069150.9843671,-80.96,2.18,4.26
1790069151.1875687,-80.95,2.18,4.26
1790069151.3919787,-80.94,2.18,4.27
1790069151.5957167,-80.93,2.18,4.28
1790069151.6851237,-80.92,2.19,4.29
1790069152.0066926,-80.91,2.19,4.3
1790069152.212737,-80.9,2.19,4.3
1790069152.4168355,-80.9,2.19,4.31
1790069152.7001538,-80.88,2.19,4.31
1790069152.7001538,-80.87,2.2,4.31
1790069152.9523647,-80.87,2.2,4.32
1790069153.2368314,-80.86,2.21,4.32
1790069153.4411983,-80.86,2.21,4.33
1790069153.6497407,-80.85,2.21,4.33
1790069153.7054534,-80.84,2.21,4.34
1790069154.0526562,-80.84,2.21,4.34
1790069154.2610364,-80.83,2.22,4.35
1790069154.4650652,-80.82,2.22,4.35
1790069154.668574,-80.81,2.22,4.35
1790069154.702527,-80.79,2.23,4.36
1790069155.0800967,-80.78,2.23,4.37
1790069155.285176,-80.77,2.23,4.38
1790069155.4884481,-80.77,2.23,4.38
1790069155.6842215,-80.76,2.23,4.38
1790069155.7156038,-80.76,2.23,4.39
1790069156.09536,-80.75,2.23,4.39
1790069156.3127468,-80.75,2.23,4.4
1790069156.49994,-80.75,2.24,4.41
1790069156.7069383,-80.74,2.24,4.42
1790069156.9171424,-80.74,2.24,4.42
1790069157.1213946,-80.73,2.24,4.43
1790069157.1285233,-80.72,2.24,4.44
1790069157.3439465,-80.71,2.24,4.44
1790069157.5383446,-80.71,2.24,4.45
1790069157.7327683,-80.7,2.24,4.45
1790069157.948438,-80.69,2.24,4.46
1790069158.154332,-80.69,2.24,4.46
1790069158.3585489,-80.7,2.24,4.47
1790069158.5599053,-80.69,2.25,4.48
1790069158.962414,-80.69,2.25,4.48
1790069158.962414,-80.68,2.25,4.49
1790069159.181096,-80.67,2.26,4.49
1790069159.3717678,-80.67,2.26,4.5
1790069159.5840948,-80.67,2.26,4.51
1790069159.7625034,-80.66,2.27,4.52
1790069159.994983,-80.65,2.27,4.53
1790069160.2020812,-80.64,2.27,4.54
1790069160.4053273,-80.62,2.27,4.55
1790069160.602889,-80.61,2.27,4.55
1790069160.811623,-80.59,2.27,4.56
1790069161.0197268,-80.58,2.28,4.57
1790069161.2249198,-80.56,2.29,4.57
1790069161.4405262,-80.55,2.29,4.57
1790069161.6426618,-80.53,2.29,4.58
1790069161.8428707,-80.51,2.29,4.59
1790069162.0521138,-80.51,2.29,4.59
1790069162.2567542,-80.49,2.29,4.6
1790069162.459454,-80.49,2.29,4.61
1790069162.6577556,-80.48,2.29,4.62
1790069162.857815,-80.47,2.29,4.62
1790069163.0693755,-80.47,2.29,4.63
1790069163.2672715,-80.45,2.3,4.64
1790069163.4670722,-80.44,2.3,4.64
1790069163.675634,-80.44,2.3,4.65
1790069163.8822298,-80.43,2.3,4.66
1790069164.0880797,-80.41,2.31,4.67
1790069164.3009546,-80.4,2.31,4.67
1790069164.4995635,-80.38,2.31,4.68
1790069164.7133126,-80.37,2.31,4.68
1790069164.9129665,-80.34,2.31,4.69
1790069165.1214063,-80.33,2.31,4.7
1790069165.3220315,-80.32,2.31,4.71
1790069165.5301852,-80.32,2.31,4.71
1790069165.739272,-80.3,2.31,4.72
1790069165.934762,-80.28,2.31,4.72
1790069166.1304188,-80.27,2.31,4.73
1790069166.3433142,-80.26,2.31,4.73
1790069166.54979,-80.25,2.31,4.73
1790069166.7578692,-80.24,2.31,4.74
1790069166.948979,-80.24,2.31,4.75
1790069167.162228,-80.23,2.32,4.76
1790069167.3474107,-80.22,2.32,4.77
1790069167.573526,-80.2,2.32,4.77
1790069167.7789516,-80.18,2.32,4.78
1790069167.9821951,-80.18,2.33,4.79
1790069168.1823556,-80.17,2.33,4.79
1790069168.391675,-80.16,2.34,4.8
1790069168.5919204,-80.15,2.34,4.8
1790069168.793519,-80.14,2.34,4.81
1790069168.997399,-80.14,2.34,4.81
1790069169.210065,-80.13,2.34,4.82
1790069169.414251,-80.11,2.35,4.83
1790069169.620775,-80.1,2.34,4.84
1790069169.8073583,-80.09,2.34,4.84
1790069170.029667,-80.08,2.34,4.85
1790069170.231015,-80.06,2.34,4.86
1790069170.4406366,-80.05,2.34,4.87
1790069170.644474,-80.05,2.34,4.88
1790069170.813912,-80.04,2.34,4.89
1790069171.0509846,-80.02,2.34,4.89
1790069171.2586875,-80.02,2.34,4.9
1790069171.4694848,-80.01,2.34,4.91
1790069171.66955,-80.0,2.35,4.91
1790069171.8221436,-79.99,2.35,4.92
1790069172.081702,-79.98,2.35,4.93
1790069172.2834785,-79.98,2.35,4.93
1790069172.4890184,-79.97,2.35,4.93
1790069172.692289,-79.97,2.35,4.94
1790069172.893844,-79.99,2.35,4.95
1790069173.0998309,-79.98,2.36,4.95
1790069173.307933,-79.99,2.36,4.96
1790069173.5082176,-80.0,2.36,4.96
1790069173.7174535,-80.01,2.36,4.96
1790069173.917832,-80.01,2.36,4.96
1790069174.1258245,-80.02,2.36,4.97
1790069174.330871,-80.02,2.38,4.98
1790069174.5356421,-80.02,2.37,4.98
1790069174.735123,-80.02,2.37,4.99
1790069174.9428718,-80.03,2.37,4.99
1790069175.1535268,-80.03,2.38,4.99
1790069175.3553674,-80.01,2.38,5.0
1790069175.5565126,-80.0,2.38,5.01
1790069175.7578313,-79.99,2.38,5.02
1790069175.9618425,-79.99,2.38,5.02
1790069176.1684399,-79.98,2.38,5.03
1790069176.3714106,-79.97,2.38,5.04
1790069176.5703473,-79.96,2.38,5.04
1790069176.7893088,-79.95,2.39,5.05
1790069176.9886413,-79.97,2.39,5.05
1790069177.4037864,-79.97,2.4,5.05
1790069177.4063368,-79.96,2.4,5.06
1790069177.611581,-79.96,2.41,5.06
1790069177.8129823,-79.96,2.41,5.07
1790069178.0147479,-79.95,2.42,5.08
1790069178.216579,-79.94,2.42,5.08
1790069178.424095,-79.94,2.43,5.08
1790069178.6184173,-79.94,2.43,5.08
1790069178.8327966,-79.93,2.44,5.09
1790069179.033786,-79.91,2.44,5.1
1790069179.2407885,-79.9,2.43,5.11
1790069179.4500804,-79.88,2.43,5.11
1790069179.6425655,-79.87,2.43,5.12
1790069179.8673065,-79.86,2.44,5.12
1790069180.0604546,-79.86,2.44,5.13
1790069180.2693002,-79.85,2.44,5.13
1790069180.461615,-79.85,2.44,5.14
1790069180.6719844,-79.84,2.44,5.14
1790069180.864411,-79.83,2.44,5.15
1790069181.0878446,-79.81,2.44,5.15
1790069181.2963274,-79.81,2.44,5.16
1790069181.4908144,-79.81,2.44,5.16
1790069181.699065,-79.8,2.44,5.17
1790069181.8737047,-79.8,2.45,5.17
1790069182.3172324,-79.79,2.45,5.18
1790069182.510506,-79.78,2.44,5.19
1790069182.7198558,-79.77,2.45,5.2
1790069182.8801234,-79.75,2.45,5.2
1790069183.133382,-79.75,2.45,5.21
1790069183.3407605,-79.74,2.45,5.22
1790069183.5327392,-79.74,2.45,5.22
1790069183.7513225,-79.72,2.45,5.23
1790069183.9057395,-79.72,2.45,5.24
1790069184.162253,-79.7,2.45,5.23
1790069184.3624394,-79.69,2.45,5.24
1790069184.5709445,-79.68,2.45,5.25
1790069184.767602,-79.67,2.45,5.25
1790069184.9060133,-79.66,2.45,5.25
1790069185.1712549,-79.64,2.45,5.26
1790069185.3808308,-79.63,2.45,5.27
1790069185.5947993,-79.63,2.46,5.28
1790069185.7991056,-79.62,2.46,5.29
1790069185.9180052,-79.61,2.46,5.29
1790069186.2101636,-79.6,2.46,5.3
1790069186.4097176,-79.59,2.46,5.3
1790069186.6173103,-79.58,2.46,5.31
1790069186.8225129,-79.57,2.46,5.31
1790069186.92401,-79.56,2.46,5.31
1790069187.2318268,-79.55,2.46,5.32
1790069187.437121,-79.54,2.46,5.32
1790069187.639659,-79.53,2.47,5.33
1790069187.8476238,-79.53,2.46,5.33
1790069187.9334478,-79.53,2.47,5.34
1790069188.255993,-79.53,2.47,5.34
1790069188.4512503,-79.52,2.47,5.35
1790069188.8702054,-79.52,2.47,5.35
1790069188.8702054,-79.52,2.48,5.37
1790069188.9611363,-79.51,2.48,5.37
1790069189.2793567,-79.49,2.48,5.38
1790069189.4839067,-79.48,2.48,5.39
1790069189.687369,-79.47,2.49,5.4
1790069189.8888757,-79.45,2.48,5.4
1790069189.9709895,-79.45,2.48,5.4
1790069190.2987113,-79.44,2.48,5.41
1790069190.3190775,-79.42,2.48,5.41
1790069190.5199127,-79.4,2.48,5.42
1790069190.9170177,-79.38,2.48,5.43
1790069190.9725578,-79.36,2.48,5.43
1790069191.3255153,-79.34,2.48,5.44
1790069191.3418505,-79.33,2.48,5.45
1790069191.7430973,-79.33,2.48,5.45
1790069191.7572935,-79.32,2.48,5.46
1790069191.9776266,-79.31,2.48,5.46
1790069192.1585596,-79.32,2.48,5.47
1790069192.55469,-79.31,2.48,5.47
1790069192.7606666,-79.31,2.48,5.47
1790069192.9652462,-79.3,2.48,5.47
1790069192.975306,-79.29,2.48,5.47
1790069193.1809583,-79.28,2.48,5.48
1790069193.373436,-79.25,2.48,5.49
1790069193.781134,-79.23,2.48,5.5
1790069193.7970662,-79.22,2.47,5.49
1790069193.9928925,-79.2,2.48,5.5
1790069194.1981082,-79.19,2.47,5.51
1790069194.5972593,-79.17,2.48,5.52
1790069194.6172285,-79.16,2.48,5.52
1790069194.8225005,-79.16,2.48,5.53
1790069195.0253353,-79.15,2.48,5.54
1790069195.2190988,-79.15,2.48,5.55
1790069195.4256897,-79.15,2.49,5.55
1790069195.6344018,-79.14,2.49,5.56
1790069195.827502,-79.14,2.49,5.57
1790069196.2292514,-79.13,2.49,5.57
1790069196.438171,-79.13,2.5,5.57
1790069196.6469965,-79.12,2.5,5.57
1790069196.855175,-79.1,2.5,5.58
1790069197.0154843,-79.08,2.5,5.59
1790069197.255348,-79.06,2.5,5.59
1790069197.2709908,-79.06,2.5,5.6
1790069197.4782848,-79.04,2.5,5.61
1790069197.6696503,-79.03,2.5,5.61
1790069198.0201871,-79.03,2.51,5.62
1790069198.275327,-79.04,2.51,5.63
1790069198.2912953,-79.05,2.51,5.63
1790069198.497777,-79.05,2.52,5.64
1790069198.6912203,-79.05,2.52,5.65
1790069198.9124749,-79.04,2.52,5.65
1790069199.1140468,-79.05,2.52,5.65
1790069199.3210814,-79.05,2.53,5.66
1790069199.5194364,-79.05,2.54,5.66
1790069199.7187743,-79.04,2.54,5.67
1790069199.9417481,-79.04,2.54,5.68
1790069200.1340475,-79.03,2.54,5.68
1790069200.3408563,-79.01,2.54,5.68
1790069200.546128,-79.0,2.53,5.69
1790069200.7460194,-78.99,2.53,5.69
1790069200.9611335,-78.98,2.53,5.7
1790069201.1619473,-78.98,2.53,5.71
1790069201.375527,-78.98,2.53,5.71
1790069201.5688348,-78.96,2.53,5.72
1790069201.775548,-78.94,2.53,5.73
1790069201.9777796,-78.94,2.53,5.73
1790069202.1865633,-78.94,2.52,5.74
1790069202.3867302,-78.94,2.52,5.74
1790069202.5952475,-78.94,2.52,5.74
1790069202.801183,-78.94,2.53,5.75
1790069203.004393,-78.93,2.53,5.76
1790069203.4140103,-78.92,2.53,5.77
1790069203.4208767,-78.91,2.53,5.77
1790069203.615756,-78.91,2.53,5.77
1790069203.8168406,-78.9,2.53,5.78
1790069204.0297909,-78.9,2.53,5.79
1790069204.2322235,-78.89,2.53,5.79
1790069204.4307053,-78.88,2.54,5.79
1790069204.6425385,-78.87,2.54,5.8
1790069205.0257778,-78.86,2.54,5.81
1790069205.03246,-78.85,2.54,5.81
1790069205.2541203,-78.85,2.54,5.82
1790069205.4570715,-78.84,2.55,5.83
1790069205.6650748,-78.82,2.55,5.84
1790069205.8791122,-78.81,2.55,5.85
1790069206.0458465,-78.8,2.55,5.86
1790069206.2765174,-78.78,2.55,5.87
1790069206.4859827,-78.76,2.56,5.87
1790069206.6933722,-78.75,2.56,5.88
1790069206.8874521,-78.73,2.56,5.88
1790069207.0485265,-78.71,2.57,5.89
1790069207.3044102,-78.7,2.57,5.9
1790069207.5140777,-78.69,2.57,5.91
1790069207.7075386,-78.69,2.57,5.91
1790069207.8395061,-78.69,2.57,5.91
1790069208.060307,-78.69,2.57,5.91
1790069208.327841,-78.69,2.57,5.92
1790069208.5266862,-78.68,2.57,5.92
1790069208.735876,-78.66,2.58,5.93
1790069208.9425673,-78.64,2.58,5.94
1790069209.1114345,-78.62,2.58,5.94
1790069209.3440952,-78.6,2.57,5.95
1790069209.5453668,-78.6,2.58,5.96
1790069209.755237,-78.61,2.58,5.97
1790069209.9637494,-78.62,2.58,5.97
1790069210.1289108,-78.62,2.59,5.98
1790069210.3626795,-78.62,2.59,5.98
1790069210.5760217,-78.61,2.59,5.99
1790069210.780206,-78.58,2.59,6.0
1790069210.989127,-78.58,2.6,6.01
1790069211.1344233,-78.58,2.6,6.02
1790069211.3909645,-78.59,2.6,6.02
1790069211.599353,-78.59,2.61,6.03
1790069211.806092,-78.6,2.62,6.03
1790069212.0129995,-78.63,2.62,6.04
1790069212.1425006,-78.64,2.62,6.05
1790069212.4133565,-78.65,2.62,6.05
1790069212.6220298,-78.64,2.62,6.06
1790069212.8319774,-78.62,2.62,6.06
1790069213.0245876,-78.62,2.63,6.07
1790069213.1611445,-78.6,2.63,6.07
1790069213.4416559,-78.59,2.62,6.08
1790069213.6520846,-78.58,2.63,6.08
1790069213.8508606,-78.58,2.63,6.09
1790069214.0606039,-78.58,2.63,6.09
1790069214.16501,-78.57,2.63,6.1
1790069214.4655015,-78.57,2.64,6.1
1790069214.6724987,-78.56,2.64,6.11
1790069214.8782966,-78.55,2.64,6.12
1790069215.0714538,-78.54,2.64,6.12
1790069215.1680927,-78.54,2.65,6.13
1790069215.4861639,-78.53,2.65,6.13
1790069215.6926386,-78.51,2.66,6.15
1790069215.8997123,-78.49,2.66,6.16
1790069216.09302,-78.47,2.66,6.16
1790069216.1888466,-78.44,2.66,6.17
1790069216.5103405,-78.42,2.66,6.18
1790069216.7191815,-78.41,2.66,6.19
1790069216.928868,-78.41,2.67,6.19
1790069217.1173098,-78.4,2.66,6.19
1790069217.19696,-78.4,2.66,6.2
1790069217.5353131,-78.4,2.66,6.2
1790069217.7449093,-78.39,2.66,6.21
1790069217.9378629,-78.39,2.66,6.22
1790069218.1481366,-78.37,2.67,6.23
1790069218.2125442,-78.36,2.66,6.23
1790069218.4197488,-78.36,2.66,6.24
1790069218.7585526,-78.34,2.66,6.24
1790069218.9681175,-78.33,2.66,6.25
1790069219.1781955,-78.32,2.66,6.25
1790069219.2105372,-78.32,2.66,6.26
1790069219.5886078,-78.31,2.67,6.26
1790069219.7950256,-78.31,2.67,6.27
1790069219.9957964,-78.31,2.67,6.28
1790069220.1921158,-78.31,2.67,6.28
1790069220.402417,-78.3,2.67,6.29
1790069220.6110675,-78.29,2.67,6.29
1790069220.8183708,-78.26,2.67,6.29
1790069221.0219436,-78.24,2.67,6.3
1790069221.222105,-78.23,2.68,6.31
1790069221.4308288,-78.24,2.68,6.32
1790069221.6234722,-78.24,2.68,6.32
1790069221.829615,-78.23,2.68,6.33
1790069222.0370772,-78.22,2.69,6.33
1790069222.245331,-78.22,2.69,6.34
1790069222.4550383,-78.22,2.69,6.34
1790069222.6488242,-78.22,2.69,6.34
1790069222.8573701,-78.21,2.69,6.35
1790069222.8735175,-78.2,2.69,6.35
1790069223.082846,-78.19,2.69,6.36
1790069223.2755747,-78.18,2.69,6.36
1790069223.4690971,-78.17,2.69,6.37
1790069223.8217208,-78.15,2.69,6.37
1790069223.9053752,-78.12,2.69,6.37
1790069224.0945435,-78.11,2.69,6.37
1790069224.4968333,-78.1,2.69,6.37
1790069224.7097442,-78.07,2.7,6.39
1790069224.9132805,-78.06,2.7,6.39
1790069225.2959902,-78.06,2.7,6.4
1790069225.5209212,-78.06,2.7,6.4
1790069225.5209212,-78.07,2.7,6.41
1790069225.729841,-78.07,2.7,6.42
1790069225.9375415,-78.07,2.7,6.42
1790069226.1451287,-78.07,2.7,6.42
1790069226.4338536,-78.07,2.7,6.42
1790069226.5466743,-78.06,2.7,6.42
1790069226.7555044,-78.04,2.7,6.43
1790069226.9489632,-78.02,2.7,6.43
1790069227.1573274,-78.0,2.7,6.44
1790069227.381077,-77.99,2.7,6.45
1790069227.5720224,-77.97,2.7,6.46
1790069227.781506,-77.96,2.7,6.47
1790069227.974817,-77.95,2.7,6.47
1790069228.1990206,-77.94,2.7,6.48
1790069228.3924835,-77.94,2.7,6.49
1790069228.6023602,-77.94,2.7,6.49
1790069228.8189442,-77.93,2.69,6.49
1790069229.0147388,-77.93,2.7,6.5
1790069229.226166,-77.92,2.7,6.5
1790069229.4186864,-77.92,2.7,6.51
1790069229.6252842,-77.91,2.7,6.52
1790069229.821793,-77.89,2.7,6.53
1790069230.0328078,-77.86,2.7,6.53
1790069230.2293153,-77.83,2.7,6.54
1790069230.6431649,-77.83,2.7,6.55
1790069230.659532,-77.82,2.7,6.55
1790069230.852028,-77.82,2.71,6.57
1790069231.0443969,-77.81,2.71,6.57
1790069231.333862,-77.81,2.72,6.58
1790069231.4563713,-77.81,2.72,6.58
1790069231.6806455,-77.81,2.72,6.59
1790069231.873894,-77.8,2.73,6.59
1790069232.0826352,-77.78,2.73,6.6
1790069232.2764075,-77.77,2.73,6.61
1790069232.4850368,-77.75,2.73,6.62
1790069232.9026058,-77.72,2.73,6.62
1790069232.9026058,-77.71,2.73,6.63
1790069233.0945966,-77.71,2.73,6.63
1790069233.3030076,-77.72,2.73,6.63
1790069233.5120733,-77.71,2.74,6.64
1790069233.719022,-77.7,2.74,6.64
1790069233.9256434,-77.69,2.74,6.65
1790069234.1311653,-77.66,2.74,6.66
1790069234.3356364,-77.63,2.74,6.66
1790069234.5371008,-77.62,2.74,6.67
1790069234.7382042,-77.61,2.74,6.67
1790069234.9483912,-77.61,2.74,6.68
1790069235.156055,-77.61,2.75,6.68
1790069235.3500202,-77.61,2.75,6.68
1790069235.5590959,-77.59,2.76,6.68
1790069235.7647223,-77.56,2.75,6.69
1790069235.9744167,-77.55,2.75,6.7
1790069236.1799603,-77.53,2.75,6.71
1790069236.3919451,-77.52,2.75,6.71
1790069236.6028013,-77.53,2.76,6.71
1790069236.7981837,-77.53,2.76,6.71
1790069236.9997478,-77.51,2.77,6.72
1790069237.2020636,-77.48,2.77,6.72
1790069237.3824394,-77.46,2.78,6.73
1790069237.6123693,-77.44,2.78,6.73
1790069237.803922,-77.43,2.78,6.74
1790069238.0285873,-77.44,2.78,6.74
1790069238.2303207,-77.45,2.79,6.75
1790069238.4312649,-77.44,2.79,6.75
1790069238.6413941,-77.43,2.8,6.75
1790069238.8414958,-77.4,2.8,6.76
1790069239.0331585,-77.37,2.8,6.77
1790069239.2425506,-77.37,2.8,6.78
1790069239.4518964,-77.38,2.8,6.78
1790069239.6559246,-77.38,2.81,6.79
1790069239.8526707,-77.38,2.81,6.79
1790069240.0723627,-77.38,2.82,6.8
1790069240.2715328,-77.37,2.82,6.8
1790069240.3966107,-77.34,2.82,6.8
1790069240.6831384,-77.32,2.83,6.81
1790069240.8867857,-77.3,2.82,6.82
1790069241.0930438,-77.29,2.83,6.82
1790069241.2931817,-77.29,2.83,6.82
1790069241.4055781,-77.3,2.83,6.83
1790069241.7058825,-77.3,2.83,6.84
1790069241.911171,-77.27,2.83,6.85
1790069242.117165,-77.25,2.83,6.85
1790069242.3260615,-77.25,2.84,6.86
1790069242.5266151,-77.24,2.84,6.87
1790069242.7288628,-77.25,2.84,6.87
1790069242.9260902,-77.26,2.84,6.87
1790069243.1296668,-77.26,2.85,6.88
1790069243.3339698,-77.23,2.85,6.89
1790069243.540259,-77.2,2.85,6.9
1790069243.7492504,-77.2,2.85,6.91
1790069243.956539,-77.2,2.85,6.91
1790069244.155939,-77.2,2.85,6.92
1790069244.3542025,-77.21,2.86,6.93
1790069244.574793,-77.2,2.86,6.93
1790069244.7773035,-77.18,2.86,6.94
1790069244.9860194,-77.16,2.86,6.94
1790069245.18817,-77.13,2.86,6.95
1790069245.393073,-77.11,2.85,6.96
1790069245.5964825,-77.11,2.85,6.96
1790069245.7953572,-77.11,2.85,6.96
1790069246.00178,-77.11,2.85,6.96
1790069246.2102501,-77.1,2.85,6.97
1790069246.4038687,-77.07,2.85,6.98
1790069246.6126165,-77.05,2.86,6.99
1790069246.8228784,-77.05,2.86,6.99
1790069247.0324166,-77.06,2.86,7.0
1790069247.2366538,-77.06,2.87,7.0
1790069247.431551,-77.03,2.87,7.01
1790069247.6446676,-77.02,2.87,7.02
1790069247.852915,-77.0,2.88,7.03
1790069248.056735,-77.0,2.88,7.03
1790069248.261636,-77.0,2.89,7.04
1790069248.4421442,-76.98,2.89,7.05
1790069248.6719725,-76.95,2.89,7.06
1790069248.8733976,-76.93,2.88,7.06
1790069249.082277,-76.93,2.89,7.06
1790069249.2834818,-76.94,2.89,7.06
1790069249.4433968,-76.93,2.89,7.07
1790069249.6903572,-76.91,2.89,7.07
1790069249.8999212,-76.88,2.89,7.07
1790069250.103256,-76.87,2.89,7.08
1790069250.3080883,-76.88,2.89,7.08
1790069250.4435549,-76.87,2.89,7.08
1790069250.7142966,-76.84,2.89,7.09
1790069250.9158711,-76.81,2.89,7.1
1790069251.1252813,-76.81,2.9,7.11
1790069251.3266788,-76.82,2.91,7.11
1790069251.4510574,-76.81,2.91,7.11
1790069251.742738,-76.77,2.91,7.13
1790069251.948034,-76.76,2.91,7.13
1790069252.144767,-76.77,2.91,7.13
1790069252.3574731,-76.76,2.91,7.14
1790069252.45402,-76.73,2.91,7.15
1790069252.7541237,-76.71,2.92,7.16
1790069252.9618955,-76.71,2.92,7.17
1790069253.172151,-76.73,2.92,7.17
1790069253.3670144,-76.72,2.92,7.17
1790069253.463777,-76.68,2.92,7.18
1790069253.7767687,-76.66,2.92,7.18
1790069253.995798,-76.67,2.92,7.19
1790069254.1929338,-76.67,2.92,7.19
1790069254.391467,-76.64,2.92,7.2
1790069254.4713073,-76.6,2.93,7.21
1790069254.8118854,-76.61,2.93,7.22
1790069255.0191622,-76.63,2.93,7.23
1790069255.2089307,-76.6,2.93,7.24
1790069255.4226556,-76.57,2.93,7.24
1790069255.4871078,-76.57,2.93,7.25
1790069255.8355844,-76.58,2.93,7.26
1790069255.8897107,-76.56,2.93,7.27
1790069256.2492177,-76.53,2.93,7.28
1790069256.2589765,-76.53,2.94,7.28
1790069256.4544055,-76.54,2.94,7.28
1790069256.8520076,-76.51,2.94,7.29
1790069256.9022098,-76.49,2.93,7.3
1790069257.077591,-76.48,2.94,7.31
1790069257.47651,-76.49,2.94,7.31
1790069257.5085545,-76.5,2.94,7.31
1790069257.8737767,-76.48,2.94,7.32
1790069258.0827127,-76.46,2.95,7.33
1790069258.288159,-76.46,2.95,7.33
1790069258.4919713,-76.48,2.95,7.34
1790069258.523644,-76.46,2.95,7.35
1790069258.896478,-76.43,2.94,7.36
1790069258.9125087,-76.43,2.94,7.36
1790069259.318217,-76.44,2.95,7.37
1790069259.5238304,-76.39,2.94,7.38
1790069259.7182348,-76.38,2.94,7.38
1790069259.7403414,-76.4,2.95,7.39
1790069259.9357355,-76.39,2.95,7.4
1790069260.142551,-76.36,2.95,7.4
1790069260.3473074,-76.35,2.95,7.41
1790069260.5521674,-76.36,2.95,7.42
1790069260.7665718,-76.38,2.96,7.42
1790069260.9506168,-76.35,2.96,7.42
1790069261.366464,-76.33,2.96,7.43
1790069261.3722293,-76.34,2.95,7.43
1790069261.7689466,-76.36,2.96,7.43
1790069261.7689466,-76.37,2.96,7.44
1790069261.979203,-76.38,2.96,7.44
1790069262.1999283,-76.4,2.96,7.44
1790069262.3979251,-76.41,2.96,7.44
1790069262.5915842,-76.42,2.97,7.45
1790069263.0043352,-76.43,2.97,7.45
1790069263.0043352,-76.44,2.98,7.45
1790069263.2211814,-76.45,2.98,7.46
1790069263.4217253,-76.43,2.98,7.46
1790069263.8094406,-76.4,2.98,7.46
1790069263.8094406,-76.41,2.98,7.46
1790069264.0357504,-76.39,2.98,7.47
1790069264.2436557,-76.37,2.98,7.48
1790069264.4426224,-76.38,2.98,7.48
1790069264.8495803,-76.35,2.98,7.49
1790069264.8563027,-76.34,2.98,7.5
1790069265.0490448,-76.35,2.98,7.51
1790069265.2605991,-76.32,2.97,7.51
1790069265.5665064,-76.34,2.98,7.52
1790069265.6620042,-76.36,2.98,7.52
1790069265.882263,-76.37,2.98,7.53
1790069266.0753753,-76.34,2.98,7.54
1790069266.2848527,-76.32,2.97,7.55
1790069266.5773828,-76.35,2.98,7.56
1790069266.6951678,-76.35,2.99,7.56
1790069267.1026835,-76.35,2.99,7.56
1790069267.1026835,-76.32,2.99,7.57
1790069267.5027637,-76.31,3.0,7.58
1790069267.5186052,-76.3,3.0,7.58
1790069267.7087908,-76.27,3.0,7.59
1790069267.9189608,-76.27,3.0,7.6
1790069268.5170462,-76.28,3.01,7.6
1790069268.53304,-76.31,3.01,7.61
1790069268.53304,-76.32,3.01,7.62
1790069268.7436454,-76.32,3.02,7.62
1790069268.9421868,-76.35,3.02,7.63
1790069269.15185,-76.37,3.04,7.63
1790069269.3628204,-76.34,3.04,7.64
1790069269.5495687,-76.33,3.04,7.65
1790069269.9592268,-76.32,3.04,7.66
1790069269.9592268,-76.3,3.04,7.67
1790069270.1627681,-76.31,3.04,7.66
1790069270.378214,-76.31,3.05,7.68
1790069270.580144,-76.31,3.05,7.68
1790069270.774807,-76.32,3.05,7.69
1790069270.9843144,-76.28,3.05,7.7
1790069271.1883893,-76.29,3.05,7.7
1790069271.4048553,-76.29,3.06,7.7
1790069271.6057758,-76.29,3.06,7.71
1790069271.8164222,-76.29,3.06,7.72
1790069272.0094995,-76.26,3.05,7.73
1790069272.2222629,-76.25,3.06,7.74
1790069272.4242368,-76.24,3.06,7.75
1790069272.6407368,-76.23,3.06,7.75
1790069272.8306656,-76.23,3.06,7.76
1790069273.0397608,-76.23,3.07,7.77
1790069273.2592905,-76.22,3.07,7.77
1790069273.4601514,-76.22,3.07,7.78
1790069273.6517115,-76.21,3.08,7.79
1790069273.8607366,-76.18,3.07,7.79
1790069274.0594826,-76.17,3.07,7.8
1790069274.2683206,-76.15,3.07,7.81
1790069274.4753337,-76.15,3.07,7.81
1790069274.6670966,-76.15,3.07,7.82
1790069274.8770437,-76.14,3.07,7.82
1790069275.1014154,-76.13,3.07,7.83
1790069275.2928925,-76.15,3.07,7.82
1790069275.4977844,-76.13,3.07,7.83
1790069275.7047226,-76.12,3.08,7.84
1790069275.901711,-76.11,3.08,7.84
1790069276.1235073,-76.1,3.07,7.84
1790069276.3148007,-76.09,3.07,7.85
1790069276.51868,-76.11,3.08,7.85
1790069276.7124364,-76.09,3.08,7.86
1790069276.9256566,-76.08,3.08,7.86
1790069277.13536,-76.08,3.08,7.87
1790069277.3401988,-76.07,3.08,7.88
1790069277.5321214,-76.06,3.08,7.89
1790069277.7088501,-76.04,3.07,7.89
1790069277.9543421,-76.05,3.08,7.9
1790069278.1478384,-76.04,3.09,7.91
1790069278.3617153,-76.05,3.09,7.91
1790069278.5689797,-76.05,3.09,7.92
1790069278.7150035,-76.04,3.09,7.93
1790069278.9810474,-76.02,3.09,7.94
1790069279.1795907,-76.01,3.09,7.95
1790069279.3846,-75.99,3.09,7.95
1790069279.5927196,-75.99,3.1,7.96
1790069279.7208807,-75.99,3.1,7.96
1790069280.0002873,-75.97,3.11,7.97
1790069280.208572,-75.97,3.11,7.98
1790069280.4082403,-75.95,3.11,7.99
1790069280.6183121,-75.94,3.12,7.99
1790069280.7317586,-75.94,3.12,8.0
1790069281.0282178,-75.92,3.12,8.0
1790069281.2203026,-75.91,3.12,8.01
1790069281.4341283,-75.88,3.12,8.01
1790069281.6424453,-75.93,3.13,8.02
1790069281.7485814,-75.88,3.13,8.02
1790069282.043153,-75.87,3.15,8.03
1790069282.2508929,-77.78,3.78,6.11
1790069282.459157,-88.31,4.11,5.17
1790069282.652981,-106.47,3.57,3.7
1790069282.754401,-126.68,3.29,5.79
1790069283.074839,-150.36,12.86,0.91
1790069283.2743285,-176.48,20.38,-9.29
1790069283.364913,169.45,17.65,-10.74
1790069283.685968,161.21,13.44,-11.99
1790069283.759693,150.84,10.96,-11.11
1790069284.0870104,142.92,13.53,-8.66
1790069284.291986,135.25,11.4,-11.11
1790069284.4986532,131.8,3.76,-13.73
1790069284.5146885,133.19,5.18,-14.45
1790069284.7649455,136.76,10.67,-15.04
1790069285.115313,144.78,8.43,-11.96
1790069285.1310656,152.12,5.77,-7.33
1790069285.344367,158.39,8.01,-2.11
1790069285.5294764,160.4,13.32,-0.66
1790069285.7722392,170.6,14.99,1.24
1790069286.1385283,-169.55,8.43,3.36
1790069286.1385283,-155.77,9.81,8.04
1790069286.5496109,-151.24,16.48,4.93
1790069286.6946764,-148.18,16.69,2.4
1790069286.7783706,-152.42,13.56,2.54
1790069287.1649685,-158.54,14.11,4.5
1790069287.3654046,-167.89,17.07,4.05
1790069287.5677555,-176.52,14.37,-0.02
1790069287.782361,-174.39,12.9,1.61
1790069287.7982843,-166.7,14.23,3.7
1790069288.1842926,-161.61,10.56,3.22
1790069288.2001748,-159.95,11.08,3.36
1790069288.6038797,-157.33,12.69,0.76
1790069288.6200438,-155.69,8.65,-2.58
1790069289.0012496,-158.51,10.32,-3.54
1790069289.0129173,-159.75,12.96,-3.68
1790069289.2153635,-159.55,7.21,-4.9
1790069289.4255176,-157.85,6.31,-3.58
1790069289.6294644,-157.43,9.24,-3.29
1790069289.8499424,-157.93,8.96,-2.92
1790069290.0409324,-165.16,8.76,-3.5
1790069290.213382,-170.44,8.39,-4.17
1790069290.458917,-171.93,8.39,-4.28
1790069290.6605976,-170.71,8.61,-4.1
1790069290.8182821,-161.72,8.99,-2.72
1790069291.0598466,-168.54,8.52,-3.91
1790069291.2803483,-171.43,8.4,-4.3
1790069291.4813943,-172.02,8.37,-4.38
1790069291.6824899,-172.47,8.36,-4.44
1790069291.8758664,-172.97,8.31,-4.5
1790069292.0856283,-173.27,8.3,-4.52
1790069292.2982566,-173.22,8.31,-4.51
1790069292.490865,-173.22,8.31,-4.5
1790069292.697944,-173.22,8.31,-4.49
1790069292.856537,-173.19,8.32,-4.48
1790069293.113789,-173.16,8.32,-4.47
1790069293.312809,-173.16,8.32,-4.47
1790069293.5201101,-173.15,8.33,-4.46
1790069293.7259653,-173.13,8.33,-4.45
1790069293.918247,-173.11,8.34,-4.44
1790069294.1277702,-173.09,8.35,-4.44
1790069294.3348196,-173.09,8.35,-4.44
1790069294.5378845,-173.07,8.35,-4.43
1790069294.7524369,-173.05,8.36,-4.42
1790069294.9483368,-173.04,8.36,-4.42
1790069295.1551712,-173.03,8.36,-4.41
1790069295.351852,-173.02,8.37,-4.4
1790069295.5805798,-172.99,8.37,-4.39
1790069295.7786016,-172.99,8.38,-4.38
1790069295.965731,-172.98,8.38,-4.38
1790069296.1750393,-172.96,8.38,-4.37
1790069296.3923688,-172.95,8.39,-4.37
1790069296.5997248,-172.95,8.39,-4.36
1790069296.80081,-172.92,8.4,-4.35
1790069297.0021873,-172.91,8.4,-4.34
1790069297.2053466,-172.89,8.41,-4.34
1790069297.41339,-172.89,8.41,-4.33
1790069297.6199477,-172.87,8.41,-4.32
1790069297.8112776,-172.86,8.42,-4.32
1790069298.0198667,-172.86,8.42,-4.32
1790069298.2431169,-172.86,8.42,-4.32
1790069298.439325,-172.86,8.42,-4.32
1790069298.6271403,-172.86,8.42,-4.32
1790069298.8505337,-172.86,8.42,-4.32
1790069299.0434625,-172.86,8.42,-4.32
1790069299.2550933,-172.86,8.42,-4.32
1790069299.4552126,-172.86,8.42,-4.32
1790069299.6656337,-172.86,8.42,-4.31
1790069299.8684556,-172.86,8.42,-4.32
1790069300.0651586,-172.86,8.42,-4.32
1790069300.2796717,-172.86,8.42,-4.32
1790069300.488878,-172.87,8.42,-4.32
1790069300.6821682,-172.86,8.42,-4.32
1790069300.8900743,-172.86,8.42,-4.32
1790069301.0977228,-172.86,8.42,-4.32
1790069301.293761,-172.86,8.42,-4.32
1790069301.5039456,-172.87,8.42,-4.32
1790069301.712138,-172.87,8.42,-4.32
1790069301.9261458,-172.86,8.42,-4.32
1790069302.118107,-172.86,8.42,-4.32
1790069302.3277993,-172.86,8.41,-4.32
1790069302.5410433,-172.86,8.42,-4.32
1790069302.7410784,-172.86,8.42,-4.32
1790069302.929591,-172.86,8.42,-4.32
1790069303.1424842,-172.87,8.42,-4.32
1790069303.3597126,-172.86,8.42,-4.32
1790069303.5491776,-172.86,8.42,-4.32
1790069303.7609446,-172.86,8.41,-4.32
1790069303.9966176,-172.86,8.42,-4.32
1790069304.1573231,-172.86,8.41,-4.32
1790069304.3741066,-172.86,8.42,-4.32
1790069304.578433,-172.86,8.42,-4.32
1790069304.958124,-172.86,8.42,-4.32
1790069304.9625943,-172.86,8.42,-4.32
1790069305.186025,-172.87,8.42,-4.32
1790069305.3974762,-172.86,8.41,-4.32
1790069305.6086318,-172.86,8.42,-4.32
1790069305.7941225,-172.86,8.42,-4.32
1790069305.9560223,-172.87,8.42,-4.32
1790069306.2212029,-172.86,8.42,-4.32
1790069306.4273427,-172.86,8.42,-4.32
1790069306.627863,-172.86,8.42,-4.32
1790069306.8319938,-172.86,8.42,-4.32
1790069306.9738717,-172.86,8.42,-4.32
1790069307.240265,-172.86,8.42,-4.32
1790069307.448431,-172.86,8.42,-4.32
1790069307.6567044,-172.86,8.42,-4.32
1790069307.858499,-172.86,8.42,-4.32
1790069308.051054,-172.86,8.42,-4.32
1790069308.2728589,-172.86,8.42,-4.32
1790069308.467999,-172.86,8.41,-4.32
1790069308.6743455,-172.86,8.42,-4.32
1790069308.8657482,-172.86,8.42,-4.32
1790069309.0743527,-172.86,8.42,-4.32
1790069309.3019402,-172.86,8.42,-4.32
1790069309.4962852,-172.86,8.42,-4.32
1790069309.7021666,-172.86,8.42,-4.32
1790069309.9050572,-172.87,8.42,-4.32
1790069310.094636,-172.86,8.42,-4.32
1790069310.2992094,-172.86,8.42,-4.32
1790069310.5220425,-172.86,8.42,-4.31
1790069310.7197142,-172.86,8.42,-4.32
1790069310.9274766,-172.86,8.42,-4.32
1790069311.1286356,-172.86,8.42,-4.32
1790069311.3365376,-172.86,8.42,-4.32
1790069311.5307777,-172.86,8.41,-4.32
1790069311.747495,-172.87,8.42,-4.32
1790069311.941258,-172.87,8.43,-4.32
1790069312.15798,-172.88,8.43,-4.31
1790069312.361322,-172.89,8.44,-4.31
1790069312.561528,-172.89,8.45,-4.31
1790069312.768886,-172.89,8.45,-4.31
1790069312.9692557,-172.9,8.46,-4.31
1790069313.1767411,-172.9,8.46,-4.31
1790069313.3812199,-172.9,8.47,-4.31
1790069313.5849519,-172.9,8.48,-4.31
1790069313.7836454,-172.9,8.49,-4.31
1790069313.9979382,-172.9,8.5,-4.31
1790069314.191745,-172.9,8.51,-4.31
1790069314.4051485,-172.9,8.51,-4.31
1790069314.608725,-172.9,8.52,-4.31
1790069314.8177624,-172.9,8.52,-4.3
1790069315.0247548,-172.9,8.53,-4.3
1790069315.2150154,-172.9,8.53,-4.3
1790069315.4343905,-172.9,8.53,-4.3
1790069315.6349635,-172.9,8.54,-4.3
1790069315.843155,-172.9,8.55,-4.3
1790069316.0518966,-172.91,8.55,-4.3
1790069316.2537045,-172.91,8.56,-4.3
1790069316.45441,-172.91,8.56,-4.29
1790069316.6638973,-172.91,8.57,-4.29
1790069316.8669415,-172.92,8.57,-4.29
1790069316.9414318,-172.92,8.58,-4.29
1790069317.274289,-172.92,8.58,-4.29
1790069317.4778817,-172.93,8.6,-4.29
1790069317.6799226,-172.93,8.61,-4.29
1790069317.8868468,-172.94,8.61,-4.29
1790069318.047285,-172.94,8.62,-4.28
1790069318.2961562,-172.95,8.62,-4.29
1790069318.504288,-172.95,8.63,-4.29
1790069318.7102482,-172.95,8.63,-4.29
1790069318.9029224,-172.95,8.64,-4.28
1790069319.0626285,-172.94,8.64,-4.28
1790069319.3243072,-172.94,8.65,-4.27
1790069319.517511,-172.93,8.65,-4.27
1790069319.7324743,-172.93,8.65,-4.26
1790069319.9361773,-172.94,8.66,-4.26
1790069320.0323591,-172.94,8.67,-4.25
1790069320.3410532,-172.94,8.68,-4.25
1790069320.5485556,-172.95,8.69,-4.25
1790069320.7548335,-172.96,8.69,-4.25
1790069320.9568195,-172.97,8.7,-4.25
1790069320.9727492,-172.98,8.71,-4.25
1790069321.169051,-173.0,8.72,-4.24
1790069321.3798637,-173.0,8.72,-4.24
1790069321.5734136,-173.01,8.72,-4.25
1790069321.7963655,-173.02,8.73,-4.24
1790069321.9970222,-173.01,8.74,-4.24
1790069322.1899688,-173.01,8.75,-4.24
1790069322.4043293,-173.02,8.75,-4.23
1790069322.6042197,-173.03,8.76,-4.23
1790069322.8204434,-173.04,8.77,-4.23
1790069323.010653,-173.04,8.78,-4.23
1790069323.2074842,-173.05,8.79,-4.22
1790069323.416212,-173.06,8.79,-4.22
1790069323.626327,-173.08,8.8,-4.22
1790069323.8211668,-173.09,8.8,-4.21
1790069324.040823,-173.1,8.81,-4.21
1790069324.2311592,-173.1,8.81,-4.21
1790069324.4575105,-173.1,8.82,-4.21
1790069324.6439633,-173.1,8.83,-4.21
1790069324.852874,-173.1,8.83,-4.2
1790069325.0313826,-173.1,8.84,-4.2
1790069325.2617385,-173.1,8.84,-4.19
1790069325.4535158,-173.11,8.85,-4.19
1790069325.667291,-173.13,8.86,-4.19
1790069325.8762083,-173.15,8.87,-4.19
1790069326.0458584,-173.16,8.88,-4.19
1790069326.2908776,-173.16,8.88,-4.19
1790069326.4969718,-173.16,8.89,-4.18
1790069326.6970916,-173.16,8.89,-4.18
1790069326.903051,-173.15,8.89,-4.18
1790069327.0575607,-173.15,8.9,-4.18
1790069327.3206644,-173.15,8.91,-4.18
1790069327.5223167,-173.17,8.92,-4.18
1790069327.7172265,-173.18,8.92,-4.18
1790069327.9253852,-173.2,8.93,-4.17
1790069328.069662,-173.21,8.94,-4.18
1790069328.334403,-173.22,8.94,-4.17
1790069328.5388067,-173.22,8.95,-4.17
1790069328.7472198,-173.23,8.95,-4.17
1790069328.9535809,-173.22,8.96,-4.16
1790069329.1368394,-173.22,8.97,-4.16
1790069329.353361,-173.22,8.97,-4.16
1790069329.5616674,-173.24,8.98,-4.16
1790069329.769198,-173.26,8.98,-4.16
1790069329.9629989,-173.27,8.99,-4.16
1790069330.1554873,-173.29,8.99,-4.16
1790069330.3794856,-173.3,9.0,-4.16
1790069330.586549,-173.31,9.01,-4.16
1790069330.7937205,-173.31,9.01,-4.16
1790069330.9857192,-173.3,9.02,-4.15
1790069331.160304,-173.3,9.03,-4.15
1790069331.3997083,-173.3,9.03,-4.15
1790069331.6086748,-173.31,9.04,-4.14
1790069331.817924,-173.34,9.05,-4.14
1790069332.0244622,-173.36,9.06,-4.15
1790069332.1529849,-173.38,9.06,-4.15
1790069332.4249558,-173.39,9.06,-4.15
1790069332.6370444,-173.39,9.07,-4.14
1790069332.8386374,-173.39,9.08,-4.14
1790069333.045791,-173.39,9.09,-4.14
1790069333.1578467,-173.39,9.09,-4.14
1790069333.4529676,-173.42,9.1,-4.14
1790069333.6537712,-173.44,9.1,-4.15
1790069333.863978,-173.45,9.1,-4.14
1790069334.0572553,-173.45,9.11,-4.15
1790069334.1669896,-173.45,9.11,-4.15
1790069334.46985,-173.45,9.12,-4.15
1790069334.6770847,-173.44,9.12,-4.15
1790069334.889429,-173.44,9.13,-4.15
1790069335.0941296,-173.46,9.13,-4.15
1790069335.173614,-173.47,9.14,-4.14
1790069335.494973,-173.48,9.14,-4.14
1790069335.7062747,-173.5,9.15,-4.14
1790069335.9126937,-173.52,9.15,-4.14
1790069336.1212165,-173.53,9.16,-4.14
1790069336.2018907,-173.54,9.17,-4.15
1790069336.5233188,-173.55,9.18,-4.15
1790069336.731623,-173.55,9.18,-4.15
1790069336.9240484,-173.55,9.19,-4.15
1790069337.1394145,-173.55,9.2,-4.14
1790069337.2019842,-173.55,9.2,-4.14
1790069337.5491612,-173.56,9.21,-4.13
1790069337.7570233,-173.56,9.22,-4.13
1790069337.9495053,-173.57,9.22,-4.12
1790069338.1635354,-173.59,9.22,-4.12
1790069338.2122169,-173.6,9.22,-4.12
1790069338.573236,-173.62,9.22,-4.12
1790069338.779447,-173.61,9.23,-4.12
1790069338.9755318,-173.6,9.23,-4.12
1790069338.9883974,-173.59,9.24,-4.11
1790069339.1961129,-173.59,9.25,-4.11
1790069339.3882859,-173.61,9.25,-4.11
1790069339.789835,-173.63,9.25,-4.11
1790069339.8056052,-173.65,9.25,-4.11
1790069340.0189047,-173.66,9.26,-4.12
1790069340.208925,-173.66,9.26,-4.12
1790069340.415982,-173.65,9.27,-4.11
1790069340.6244884,-173.65,9.27,-4.11
1790069340.8159256,-173.64,9.28,-4.11
1790069341.0395505,-173.66,9.29,-4.11
1790069341.2327092,-173.68,9.29,-4.11
1790069341.4405308,-173.71,9.29,-4.11
1790069341.651112,-173.72,9.29,-4.11
1790069341.847512,-173.74,9.29,-4.11
1790069342.0490935,-173.74,9.3,-4.11
1790069342.2474535,-173.74,9.31,-4.11
1790069342.4715223,-173.73,9.32,-4.11
1790069342.6643445,-173.73,9.32,-4.11
1790069342.8730211,-173.74,9.32,-4.1
1790069343.0812142,-173.76,9.33,-4.11
1790069343.2740924,-173.79,9.33,-4.11
1790069343.480133,-173.81,9.34,-4.12
1790069343.6862216,-173.83,9.34,-4.12
1790069343.8963318,-173.83,9.35,-4.11
1790069344.1017685,-173.83,9.35,-4.11
1790069344.2773194,-173.83,9.36,-4.11
1790069344.5025146,-173.85,9.36,-4.11
1790069344.711062,-173.88,9.36,-4.11
1790069344.9193058,-173.89,9.36,-4.11
1790069345.128058,-173.88,9.37,-4.11
1790069345.2721405,-173.87,9.38,-4.1
1790069345.5284507,-173.87,9.38,-4.1
1790069345.7377737,-173.89,9.39,-4.1
1790069345.9454932,-173.92,9.39,-4.1
1790069346.153727,-173.93,9.4,-4.11
1790069346.2989268,-173.92,9.41,-4.11
1790069346.553076,-173.9,9.42,-4.11
1790069346.7758815,-173.92,9.43,-4.11
1790069346.9350712,-173.95,9.44,-4.11
1790069347.1745174,-173.96,9.44,-4.12
1790069347.3659356,-173.95,9.45,-4.12
1790069347.5893457,-173.95,9.45,-4.11
1790069347.798328,-173.95,9.46,-4.11
1790069347.989765,-173.98,9.46,-4.11
1790069348.1971767,-174.0,9.46,-4.12
1790069348.4040658,-174.0,9.46,-4.11
1790069348.6149337,-173.99,9.47,-4.11
1790069348.8176248,-173.98,9.48,-4.11
1790069349.015824,-174.0,9.49,-4.11
1790069349.22,-174.03,9.49,-4.11
1790069349.4269779,-174.03,9.49,-4.11
1790069349.6347384,-174.02,9.5,-4.11
1790069349.8270524,-174.02,9.51,-4.11
1790069350.0355031,-174.04,9.51,-4.11
1790069350.2418263,-174.06,9.52,-4.12
1790069350.447384,-174.06,9.52,-4.11
1790069350.6560802,-174.04,9.53,-4.11
1790069350.8645082,-174.04,9.54,-4.11
1790069351.0556169,-174.07,9.54,-4.12
1790069351.2662437,-174.09,9.54,-4.12
1790069351.4717236,-174.09,9.55,-4.12
1790069351.6805766,-174.07,9.56,-4.11
1790069351.8759773,-174.08,9.56,-4.11
1790069352.082625,-174.1,9.57,-4.12
1790069352.2917194,-174.13,9.57,-4.12
1790069352.4990914,-174.12,9.58,-4.12
1790069352.706966,-174.11,9.59,-4.11
1790069352.8989203,-174.12,9.6,-4.11
1790069353.1067262,-174.15,9.6,-4.11
1790069353.3155951,-174.17,9.6,-4.11
1790069353.5244043,-174.16,9.61,-4.11
1790069353.7266903,-174.16,9.61,-4.11
1790069353.9376814,-174.19,9.62,-4.11
1790069354.1377292,-174.2,9.63,-4.11
1790069354.3526134,-174.17,9.63,-4.1
1790069354.5448563,-174.19,9.64,-4.1
1790069354.7516813,-174.21,9.65,-4.09
1790069354.9577339,-174.19,9.66,-4.09
1790069355.163929,-174.2,9.66,-4.09
1790069355.2952545,-174.22,9.66,-4.09
1790069355.5741568,-174.19,9.67,-4.09
1790069355.7642715,-174.2,9.67,-4.09
1790069355.9744449,-174.22,9.68,-4.09
1790069356.182824,-174.2,9.69,-4.08
1790069356.3443565,-174.22,9.69,-4.08
1790069356.5839117,-174.23,9.69,-4.09
1790069356.7912405,-174.21,9.71,-4.08
1790069357.007411,-174.24,9.71,-4.08
1790069357.2071779,-174.25,9.73,-4.07
1790069357.352264,-174.23,9.73,-4.06
1790069357.6110926,-174.26,9.74,-4.07
1790069357.8272293,-174.24,9.74,-4.06
1790069358.0304277,-174.26,9.74,-4.07
1790069358.2338693,-174.27,9.75,-4.07
1790069358.3580556,-174.26,9.76,-4.07
1790069358.6440954,-174.29,9.76,-4.07
1790069358.8465047,-174.28,9.76,-4.07
1790069359.0545914,-174.29,9.77,-4.06
1790069359.2560515,-174.32,9.77,-4.07
1790069359.3559666,-174.3,9.79,-4.07
1790069359.6688285,-174.33,9.78,-4.06
1790069359.8597682,-174.33,9.79,-4.06
1790069360.0782056,-174.32,9.79,-4.05
1790069360.2831116,-174.35,9.79,-4.06
1790069360.3791907,-174.32,9.8,-4.05
1790069360.6916265,-174.36,9.8,-4.06
1790069360.851235,-174.37,9.81,-4.05
1790069361.0957956,-174.35,9.82,-4.04
1790069361.305261,-174.38,9.82,-4.05
1790069361.368799,-174.36,9.83,-4.04
1790069361.717068,-174.39,9.83,-4.04
1790069361.9160464,-174.38,9.84,-4.04
1790069361.9160464,-174.38,9.85,-4.04
1790069362.135088,-174.41,9.85,-4.03
1790069362.3370855,-174.39,9.86,-4.03
1790069362.5382147,-174.41,9.87,-4.03
1790069362.7466235,-174.42,9.87,-4.03
1790069362.955781,-174.4,9.88,-4.02
1790069363.1471334,-174.44,9.88,-4.03
1790069363.3548014,-174.41,9.89,-4.02
1790069363.546496,-174.44,9.89,-4.03
1790069363.775411,-174.45,9.9,-4.03
1790069363.977083,-174.43,9.91,-4.02
1790069364.1766412,-174.46,9.91,-4.03
1790069364.3828173,-174.43,9.92,-4.02
1790069364.593978,-174.47,9.92,-4.02
1790069364.7944515,-174.45,9.93,-4.02
1790069364.9898841,-174.48,9.93,-4.02
1790069365.201218,-174.47,9.94,-4.02
1790069365.4053273,-174.47,9.95,-4.02
1790069365.6149237,-174.5,9.96,-4.02
1790069365.8161843,-174.48,9.97,-4.02
1790069366.018068,-174.51,9.97,-4.02
1790069366.2247868,-174.49,9.98,-4.02
1790069366.4137292,-174.53,9.99,-4.01
1790069366.6354506,-174.5,10.0,-4.01
1790069366.8392496,-174.54,10.0,-4.0
1790069367.0386531,-174.53,10.01,-4.0
1790069367.2475736,-174.55,10.02,-3.99
1790069367.4204524,-174.56,10.02,-4.0
1790069367.6560457,-174.55,10.03,-3.99
1790069367.8574965,-174.58,10.03,-3.99
1790069368.0657544,-174.56,10.04,-3.98
1790069368.245501,-174.59,10.03,-3.99
1790069368.4201689,-174.57,10.04,-3.99
1790069368.677758,-174.61,10.04,-3.99
1790069368.8851752,-174.6,10.05,-3.98
1790069369.0865164,-174.62,10.06,-3.98
1790069369.2948756,-174.64,10.06,-3.98
1790069369.4965174,-174.62,10.07,-3.97
1790069369.704414,-174.66,10.08,-3.97
1790069369.9059765,-174.63,10.08,-3.97
1790069370.1157267,-174.8,10.07,-3.99
1790069370.3156998,-174.8,10.09,-3.98
1790069370.7251425,-174.84,10.09,-3.98
1790069370.7251425,-174.82,10.1,-3.98
1790069370.9416575,-174.83,10.1,-3.97
1790069371.1415973,-174.83,10.11,-3.97
1790069371.3436723,-174.83,10.12,-3.97
1790069371.5445764,-174.85,10.13,-3.97
1790069371.7530022,-174.83,10.14,-3.96
1790069371.961078,-174.86,10.14,-3.96
1790069372.172369,-174.84,10.15,-3.96
1790069372.374872,-174.86,10.16,-3.95
1790069372.5709941,-174.85,10.17,-3.94
1790069372.7740014,-174.85,10.17,-3.94
1790069372.980854,-174.87,10.18,-3.94
1790069373.1868386,-174.85,10.19,-3.93
1790069373.391931,-174.88,10.19,-3.93
1790069373.593065,-174.86,10.2,-3.93
1790069373.8003604,-174.88,10.21,-3.93
1790069374.0027025,-174.88,10.22,-3.93
1790069374.210016,-174.88,10.23,-3.93
1790069374.412724,-174.9,10.23,-3.93
1790069374.6204607,-174.87,10.24,-3.92
1790069374.8232236,-174.91,10.24,-3.93
1790069375.030479,-174.89,10.25,-3.92
1790069375.2322724,-174.91,10.25,-3.92
1790069375.4387403,-174.91,10.26,-3.92
1790069375.6422963,-174.91,10.27,-3.92
1790069375.8486981,-174.92,10.27,-3.92
1790069376.051602,-174.91,10.28,-3.91
1790069376.253758,-174.94,10.28,-3.91
1790069376.4545074,-174.93,10.29,-3.9
1790069376.6677556,-174.95,10.29,-3.9
1790069376.8708005,-174.94,10.3,-3.89
1790069376.9544673,-174.96,10.3,-3.89
1790069377.2809558,-174.96,10.31,-3.89
1790069377.4540823,-174.96,10.32,-3.88
1790069377.6939802,-174.99,10.32,-3.88
1790069377.8984034,-174.97,10.33,-3.87
1790069378.10002,-175.0,10.34,-3.87
1790069378.3089705,-174.99,10.35,-3.87
1790069378.4615626,-175.02,10.35,-3.87
1790069378.717215,-175.01,10.35,-3.87
1790069378.919873,-175.01,10.37,-3.87
1790069379.1203825,-175.03,10.37,-3.87
1790069379.3295126,-175.01,10.37,-3.87
1790069379.4614162,-175.03,10.38,-3.87
1790069379.7393,-175.05,10.38,-3.87
1790069379.9404671,-175.03,10.38,-3.86
1790069380.1489606,-175.07,10.39,-3.87
1790069380.3495996,-175.07,10.39,-3.87
1790069380.4684405,-175.07,10.4,-3.86
1790069380.7600324,-175.09,10.4,-3.87
1790069380.9678254,-175.11,10.41,-3.87
1790069381.16962,-175.1,10.41,-3.86
1790069381.3777783,-175.13,10.42,-3.87
1790069381.4807165,-175.11,10.42,-3.86
1790069381.7875574,-175.13,10.42,-3.86
1790069381.988918,-175.26,10.42,-3.89
1790069382.1954343,-175.27,10.43,-3.89
1790069382.3990045,-175.35,10.43,-3.9
1790069382.4749966,-175.4,10.43,-3.91
1790069382.8129764,-175.43,10.44,-3.91
1790069383.015363,-175.44,10.44,-3.92
1790069383.2171142,-175.45,10.45,-3.92
1790069383.425191,-175.49,10.45,-3.93
1790069383.481895,-175.53,10.46,-3.93
1790069383.8354676,-175.56,10.46,-3.94
1790069384.0423696,-175.56,10.46,-3.94
1790069384.2437944,-175.56,10.47,-3.94
1790069384.280231,-175.58,10.48,-3.94
1790069384.4999113,-175.57,10.49,-3.94
1790069384.8567991,-175.59,10.49,-3.94
1790069385.0643532,-175.6,10.49,-3.94
1790069385.267553,-175.59,10.5,-3.94
1790069385.4745243,-175.61,10.51,-3.94
1790069385.6753297,-175.6,10.51,-3.94
1790069385.8820217,-175.6,10.53,-3.93
1790069386.085606,-175.63,10.53,-3.93
1790069386.2922728,-175.61,10.54,-3.93
1790069386.4872093,-175.63,10.54,-3.93
1790069386.7033453,-175.63,10.55,-3.92
1790069386.904218,-175.63,10.55,-3.91
1790069387.1117938,-175.65,10.56,-3.91
1790069387.313541,-175.63,10.56,-3.91
1790069387.50032,-175.65,10.57,-3.91
1790069387.7233846,-175.65,10.57,-3.9
1790069387.930833,-175.64,10.57,-3.9
1790069388.13249,-175.66,10.58,-3.89
1790069388.339985,-175.64,10.58,-3.89
1790069388.501767,-175.67,10.59,-3.89
1790069388.7511175,-175.65,10.6,-3.89
1790069388.7579577,-175.66,10.61,-3.88
1790069389.159627,-175.67,10.61,-3.88
1790069389.3617134,-175.65,10.62,-3.87
1790069389.3685155,-175.67,10.63,-3.87
1790069389.5771682,-175.66,10.63,-3.87
1790069389.9788165,-175.69,10.64,-3.87
1790069390.1811373,-175.67,10.64,-3.87
1790069390.1959925,-175.69,10.65,-3.87
1790069390.3970397,-175.68,10.66,-3.87
1790069390.5978162,-175.7,10.66,-3.87
1790069390.7989285,-175.68,10.67,-3.87
1790069391.0080595,-175.7,10.67,-3.87
1790069391.21447,-175.69,10.68,-3.87
1790069391.4172556,-175.72,10.69,-3.88
1790069391.6182108,-175.7,10.69,-3.87
1790069391.8203387,-175.73,10.7,-3.87
1790069392.0353675,-175.71,10.71,-3.87
1790069392.236032,-175.74,10.71,-3.87
1790069392.437514,-175.72,10.72,-3.87
1790069392.6410327,-175.74,10.73,-3.87
1790069392.8464284,-175.74,10.74,-3.87
1790069393.0613446,-175.75,10.74,-3.87
1790069393.2573533,-175.75,10.74,-3.87
1790069393.4653323,-175.76,10.75,-3.87
1790069393.86851,-175.75,10.75,-3.86
1790069393.8754823,-175.77,10.76,-3.87
1790069394.0766115,-175.75,10.76,-3.86
1790069394.278218,-175.77,10.76,-3.86
1790069394.4869275,-175.76,10.77,-3.86
1790069394.7009664,-175.77,10.77,-3.86
1790069394.9009528,-175.84,10.78,-3.87
1790069395.0975626,-175.83,10.78,-3.88
1790069395.305595,-175.85,10.79,-3.88
1790069395.513332,-175.94,10.79,-3.91
1790069395.7206767,-175.9,10.79,-3.9
1790069395.9165878,-175.92,10.8,-3.91
1790069396.132292,-175.92,10.8,-3.91
1790069396.3336031,-175.91,10.8,-3.91
1790069396.534591,-175.93,10.8,-3.91
1790069396.7361686,-175.91,10.81,-3.9
1790069396.9371676,-175.94,10.81,-3.91
1790069397.1453848,-175.92,10.82,-3.91
1790069397.3467302,-175.93,10.83,-3.91
1790069397.541446,-175.94,10.83,-3.91
1790069397.7633467,-175.92,10.83,-3.9
1790069397.9655492,-175.95,10.83,-3.91
1790069398.16643,-175.93,10.83,-3.9
1790069398.3759878,-175.96,10.85,-3.9
1790069398.5537612,-175.93,10.85,-3.9
1790069398.7848768,-175.95,10.85,-3.9
1790069398.999984,-175.94,10.85,-3.89
1790069399.2002826,-175.94,10.86,-3.89
1790069399.3592322,-175.95,10.85,-3.89
1790069399.560488,-175.94,10.86,-3.89
1790069399.8118708,-175.96,10.86,-3.9
1790069400.020331,-175.94,10.87,-3.89
1790069400.2146614,-175.97,10.88,-3.9
1790069400.4221854,-175.94,10.88,-3.89
1790069400.5609143,-175.97,10.88,-3.89
1790069400.833261,-175.94,10.88,-3.88
1790069401.0346303,-176.07,10.87,-3.9
1790069401.2424402,-176.05,10.88,-3.9
1790069401.4511178,-176.04,10.89,-3.9
1790069401.651479,-176.07,10.9,-3.9
1790069401.8593202,-176.05,10.91,-3.89
1790069402.063229,-176.05,10.91,-3.89
1790069402.2708383,-176.08,10.91,-3.9
1790069402.4714983,-176.05,10.92,-3.89
1790069402.6741111,-176.07,10.92,-3.9
1790069402.881525,-176.07,10.92,-3.9
1790069403.0824082,-176.18,10.92,-3.92
1790069403.2912233,-176.12,10.94,-3.91
1790069403.4920974,-176.13,10.95,-3.91
1790069403.7002058,-176.15,10.95,-3.9
1790069403.9012372,-176.13,10.96,-3.9
1790069404.1099203,-176.15,10.96,-3.9
1790069404.312053,-176.15,10.97,-3.91
1790069404.5669022,-176.15,10.98,-3.91
1790069404.7207558,-176.18,10.98,-3.91
1790069404.9301872,-176.15,10.98,-3.9
1790069405.1380844,-176.16,10.99,-3.9
1790069405.3393264,-176.18,11.0,-3.9
1790069405.5399752,-176.15,11.0,-3.9
1790069405.7476835,-176.18,11.0,-3.9
1790069405.9555902,-176.22,11.0,-3.91
1790069406.158679,-176.26,11.0,-3.92
1790069406.3711338,-176.27,11.01,-3.91
1790069406.5679169,-176.28,11.01,-3.91
1790069406.7689648,-176.26,11.02,-3.9
1790069406.952125,-176.29,11.02,-3.91
1790069407.1792789,-176.27,11.03,-3.9
1790069407.3874059,-176.27,11.03,-3.9
1790069407.5882628,-176.31,11.04,-3.91
1790069407.7978377,-176.28,11.04,-3.9
1790069407.998721,-176.29,11.05,-3.91
1790069408.205062,-176.32,11.06,-3.91
1790069408.4080136,-176.29,11.07,-3.91
1790069408.588651,-176.31,11.07,-3.91
1790069408.8173141,-176.33,11.08,-3.91
1790069409.0245187,-176.3,11.09,-3.9
1790069409.2270546,-176.34,11.09,-3.9
1790069409.435784,-176.32,11.1,-3.9
1790069409.5893679,-176.33,11.11,-3.9
1790069409.84374,-176.35,11.11,-3.91
1790069410.0471096,-176.32,11.12,-3.9
1790069410.2490087,-176.35,11.13,-3.9
1790069410.4571812,-176.34,11.13,-3.9
1790069410.596658,-176.33,11.14,-3.9
1790069410.8669662,-176.37,11.13,-3.91
1790069410.8809593,-176.33,11.15,-3.9
1790069411.2765393,-176.37,11.15,-3.9
1790069411.4778674,-176.35,11.16,-3.9
1790069411.4897394,-176.35,11.16,-3.9
1790069411.685808,-176.37,11.16,-3.9
1790069411.8941543,-176.35,11.17,-3.9
1790069412.1004775,-176.38,11.17,-3.91
1790069412.5056965,-176.36,11.18,-3.91
1790069412.5181022,-176.37,11.19,-3.91
1790069412.7115312,-176.39,11.19,-3.91
1790069412.915175,-176.36,11.19,-3.9
1790069413.122193,-176.4,11.19,-3.9
1790069413.331931,-176.37,11.2,-3.9
1790069413.532464,-176.4,11.2,-3.9
1790069413.7347255,-176.39,11.21,-3.9
1790069413.9423144,-176.38,11.22,-3.89
1790069414.1569316,-176.4,11.22,-3.9
1790069414.3643885,-176.38,11.23,-3.89
1790069414.5602782,-176.42,11.23,-3.9
1790069414.761372,-176.38,11.24,-3.89
1790069414.9632616,-176.41,11.24,-3.89
1790069415.1696055,-176.4,11.24,-3.88
1790069415.3788364,-176.41,11.25,-3.88
1790069415.579906,-176.43,11.24,-3.89
1790069415.9864042,-176.41,11.25,-3.88
1790069415.9904957,-176.45,11.25,-3.88
1790069416.1988814,-176.42,11.26,-3.87
1790069416.6018035,-176.53,11.25,-3.89
1790069416.6068006,-176.59,11.26,-3.9
1790069416.8164074,-176.62,11.26,-3.9
1790069417.0172908,-176.61,11.26,-3.9
1790069417.2195463,-176.61,11.27,-3.9
1790069417.4279716,-176.64,11.27,-3.91
1790069417.6355188,-176.65,11.28,-3.91
1790069417.8375866,-176.64,11.29,-3.91
1790069418.03224,-176.66,11.29,-3.91
1790069418.2403724,-176.7,11.29,-3.91
1790069418.447996,-176.67,11.3,-3.9
1790069418.6357198,-176.68,11.31,-3.91
1790069418.858112,-176.73,11.31,-3.91
1790069419.0599446,-176.72,11.32,-3.91
1790069419.2672038,-176.7,11.32,-3.9
1790069419.4700048,-176.72,11.33,-3.91
1790069419.6710196,-176.75,11.33,-3.91
1790069419.8797584,-176.73,11.34,-3.9
1790069420.0923946,-176.73,11.35,-3.89
1790069420.2963665,-176.76,11.35,-3.89
1790069420.4969573,-176.78,11.35,-3.9
1790069420.699525,-176.78,11.36,-3.89
1790069420.9002883,-176.78,11.37,-3.89
1790069421.1091065,-176.81,11.37,-3.89
1790069421.3154094,-176.83,11.38,-3.89
1790069421.5188065,-176.81,11.38,-3.89
1790069421.7189317,-176.81,11.39,-3.89
1790069421.9279094,-176.84,11.39,-3.89
1790069422.1320088,-176.84,11.39,-3.89
1790069422.3365777,-176.82,11.4,-3.89
1790069422.5445514,-176.83,11.41,-3.88
1790069422.761006,-176.86,11.41,-3.89
1790069422.954493,-176.86,11.41,-3.89
1790069423.156569,-176.84,11.42,-3.89
1790069423.3698764,-176.86,11.42,-3.89
1790069423.5720458,-176.88,11.43,-3.89
1790069423.77292,-176.88,11.43,-3.89
1790069423.9824083,-176.87,11.43,-3.89
1790069424.1821716,-176.9,11.44,-3.89
1790069424.384765,-176.9,11.44,-3.89
1790069424.5864816,-176.89,11.45,-3.89
1790069424.7933712,-176.91,11.45,-3.9
1790069424.9966133,-176.92,11.46,-3.91
1790069425.2041254,-176.9,11.47,-3.9
1790069425.4185252,-176.93,11.47,-3.91
1790069425.6199472,-176.93,11.47,-3.91
1790069425.814943,-176.91,11.48,-3.91
1790069426.0309625,-176.94,11.48,-3.91
1790069426.2321258,-176.95,11.49,-3.91
1790069426.4389381,-176.93,11.5,-3.91
1790069426.6342921,-176.95,11.51,-3.91
1790069426.8560781,-176.97,11.52,-3.91
1790069427.0592885,-176.95,11.53,-3.9
1790069427.2538085,-176.97,11.53,-3.9
1790069427.4596853,-177.0,11.53,-3.9
1790069427.6630871,-176.99,11.53,-3.9
1790069427.870178,-176.99,11.54,-3.91
1790069428.072008,-177.01,11.54,-3.9
1790069428.2732933,-177.05,11.54,-3.91
1790069428.481595,-177.04,11.55,-3.91
1790069428.6763136,-177.02,11.55,-3.91
1790069428.8917162,-177.04,11.56,-3.91
1790069429.0933957,-177.07,11.56,-3.92
1790069429.3006036,-177.07,11.57,-3.92
1790069429.5026395,-177.05,11.58,-3.92
1790069429.6762934,-177.08,11.58,-3.92
1790069429.9122686,-177.1,11.59,-3.92
1790069430.1205885,-177.09,11.59,-3.92
1790069430.3215482,-177.08,11.6,-3.91
1790069430.5290122,-177.1,11.6,-3.91
1790069430.6831207,-177.13,11.6,-3.92
1790069430.9403858,-177.12,11.61,-3.91
1790069431.1413007,-177.16,11.61,-3.92
1790069431.3485196,-177.23,11.61,-3.92
1790069431.5509038,-177.23,11.62,-3.92
1790069431.6829877,-177.25,11.62,-3.92
1790069431.9606643,-177.28,11.63,-3.92
1790069432.1671655,-177.28,11.63,-3.93
1790069432.3702905,-177.26,11.64,-3.92
1790069432.5713542,-177.27,11.65,-3.92
1790069432.6893048,-177.29,11.64,-3.92
1790069432.9883072,-177.3,11.65,-3.92
1790069433.1908355,-177.29,11.65,-3.92
1790069433.395345,-177.29,11.65,-3.91
1790069433.598677,-177.31,11.65,-3.92
1790069433.6966224,-177.33,11.66,-3.92
1790069434.0084183,-177.31,11.67,-3.91
1790069434.210015,-177.3,11.68,-3.91
1790069434.418422,-177.33,11.68,-3.91
1790069434.6201024,-177.35,11.69,-3.92
1790069434.7033496,-177.34,11.69,-3.91
1790069435.036561,-177.33,11.7,-3.91
1790069435.2382345,-177.35,11.7,-3.91
1790069435.4444895,-177.38,11.7,-3.91
1790069435.6478457,-177.39,11.71,-3.91
1790069435.7169979,-177.39,11.71,-3.91
1790069436.0573814,-177.38,11.72,-3.9
1790069436.2587323,-177.41,11.72,-3.9
1790069436.4655786,-177.43,11.73,-3.91
1790069436.673574,-177.41,11.73,-3.91
1790069436.87695,-177.41,11.74,-3.9
1790069436.9598613,-177.42,11.75,-3.9
1790069437.2862449,-177.45,11.75,-3.9
1790069437.4879744,-177.47,11.75,-3.9
1790069437.6953769,-177.46,11.76,-3.9
1790069437.7369478,-177.45,11.77,-3.9
1790069438.1052005,-177.46,11.77,-3.9
1790069438.3066673,-177.49,11.78,-3.9
1790069438.5144453,-177.52,11.78,-3.91
1790069438.7169285,-177.5,11.79,-3.91
1790069438.9253328,-177.5,11.79,-3.91
1790069439.1265624,-177.52,11.8,-3.91
1790069439.3344615,-177.55,11.79,-3.91
1790069439.5359,-177.56,11.8,-3.92
1790069439.7304344,-177.55,11.81,-3.91
1790069439.9483166,-177.54,11.81,-3.91
1790069440.1528645,-177.57,11.81,-3.92
1790069440.3554404,-177.58,11.82,-3.92
1790069440.562567,-177.57,11.83,-3.92
1790069440.7339761,-177.57,11.83,-3.92
1790069440.9733162,-177.6,11.84,-3.92
1790069441.1783764,-177.62,11.84,-3.92
1790069441.3829281,-177.61,11.85,-3.92
1790069441.5842626,-177.6,11.85,-3.92
1790069441.7372124,-177.64,11.85,-3.93
1790069441.9956641,-177.65,11.86,-3.93
1790069442.2004585,-177.63,11.86,-3.92
1790069442.4035559,-177.63,11.87,-3.91
1790069442.6115732,-177.66,11.87,-3.92
1790069442.7405474,-177.67,11.88,-3.92
1790069443.0206218,-177.66,11.89,-3.92
1790069443.222591,-177.66,11.89,-3.91
1790069443.4298441,-177.68,11.9,-3.91
1790069443.6347253,-177.7,11.9,-3.92
1790069443.736843,-177.68,11.91,-3.91
1790069444.0417488,-177.67,11.91,-3.9
1790069444.243962,-177.7,11.91,-3.9
1790069444.4513562,-177.72,11.91,-3.9
1790069444.658581,-177.7,11.92,-3.9
1790069444.7570345,-177.69,11.93,-3.9
1790069445.0421164,-177.71,11.93,-3.9
1790069445.270759,-177.73,11.93,-3.9
1790069445.4727051,-177.71,11.94,-3.89
1790069445.6813855,-177.7,11.94,-3.89
1790069445.6954925,-177.73,11.95,-3.89
1790069445.8954134,-177.75,11.95,-3.9
1790069446.2970874,-177.74,11.95,-3.9
1790069446.4999993,-177.73,11.96,-3.89
1790069446.7068644,-177.74,11.97,-3.9
1790069446.7140012,-177.77,11.98,-3.9
1790069446.916536,-177.79,11.98,-3.9
1790069447.1180418,-177.77,11.99,-3.9
1790069447.3336322,-177.76,11.99,-3.89
1790069447.5337512,-177.78,12.0,-3.9
1790069447.7345622,-177.81,12.0,-3.9
1790069447.9369142,-177.82,12.0,-3.91
1790069448.34555,-177.91,12.0,-3.93
1790069448.354298,-177.93,12.01,-3.93
1790069448.5551775,-177.95,12.01,-3.94
1790069448.7566102,-177.94,12.02,-3.93
1790069448.965257,-177.93,12.02,-3.93
1790069449.1668158,-177.91,12.03,-3.92
1790069449.576605,-177.92,12.03,-3.93
1790069449.576605,-177.93,12.03,-3.93
1790069449.7766068,-177.95,12.04,-3.93
1790069449.9852135,-177.96,12.04,-3.93
1790069450.1935794,-177.96,12.05,-3.93
1790069450.395879,-177.94,12.05,-3.93
1790069450.596789,-177.93,12.06,-3.93
1790069450.7771332,-177.95,12.06,-3.93
1790069451.0083473,-177.98,12.07,-3.93
1790069451.2131672,-177.99,12.07,-3.93
1790069451.4162629,-178.0,12.07,-3.94
1790069451.6256065,-177.99,12.08,-3.94
1790069451.8263285,-177.98,12.08,-3.94
1790069452.034628,-177.97,12.09,-3.94
1790069452.240798,-177.99,12.1,-3.94
1790069452.445614,-178.01,12.09,-3.94
1790069452.6460292,-178.04,12.1,-3.94
1790069452.7977676,-178.04,12.1,-3.94
1790069453.0548692,-178.02,12.11,-3.94
1790069453.2735293,-178.01,12.12,-3.94
1790069453.6731367,-178.01,12.12,-3.93
1790069453.6731367,-178.02,12.13,-3.93
1790069453.873533,-178.04,12.13,-3.93
1790069454.0893734,-178.07,12.13,-3.93
1790069454.2908864,-178.08,12.13,-3.94
1790069454.4916308,-178.06,12.13,-3.93
1790069454.6939456,-178.05,12.13,-3.93
1790069454.8953,-178.05,12.15,-3.93
1790069455.1087103,-178.06,12.15,-3.93
1790069455.3168602,-178.09,12.16,-3.92
1790069455.5132377,-178.11,12.16,-3.93
1790069455.7195697,-178.13,12.17,-3.93
1790069455.9215498,-178.12,12.17,-3.94
1790069456.1239083,-178.11,12.18,-3.94
1790069456.3319113,-178.11,12.19,-3.93
1790069456.5340538,-178.13,12.19,-3.94
1790069456.7421236,-178.15,12.19,-3.94
1790069456.9433856,-178.17,12.2,-3.94
1790069457.1517956,-178.17,12.2,-3.95
1790069457.353023,-178.16,12.21,-3.95
1790069457.5613148,-178.15,12.22,-3.94
1790069457.7624679,-178.16,12.22,-3.95
1790069457.9710333,-178.18,12.23,-3.95
1790069458.1714706,-178.21,12.23,-3.96
1790069458.3804593,-178.21,12.24,-3.96
1790069458.588578,-178.2,12.24,-3.96
1790069458.805165,-178.18,12.25,-3.95
1790069458.9939325,-178.19,12.26,-3.94
1790069459.1968431,-178.2,12.27,-3.94
1790069459.404435,-178.23,12.27,-3.94
1790069459.603094,-178.25,12.27,-3.95
1790069459.8144882,-178.26,12.28,-3.95
1790069460.0096889,-178.26,12.29,-3.94
1790069460.2211244,-178.25,12.29,-3.94
1790069460.4284263,-178.25,12.3,-3.94
1790069460.631646,-178.24,12.31,-3.94
1790069460.8319623,-178.26,12.31,-3.94
1790069461.0399506,-178.28,12.32,-3.94
1790069461.2501907,-178.3,12.33,-3.95
1790069461.441278,-178.31,12.33,-3.95
1790069461.6442852,-178.32,12.33,-3.95
1790069461.838301,-178.31,12.34,-3.95
1790069462.0598125,-178.3,12.34,-3.95
1790069462.2623687,-178.29,12.35,-3.95
1790069462.4759414,-178.3,12.35,-3.95
1790069462.6843677,-178.31,12.36,-3.94
1790069462.846407,-178.33,12.37,-3.94
1790069463.0891328,-178.34,12.37,-3.94
1790069463.2955003,-178.36,12.37,-3.95
1790069463.499069,-178.38,12.38,-3.96
1790069463.7062247,-178.39,12.38,-3.96
1790069463.859348,-178.39,12.39,-3.96
1790069464.1156728,-178.39,12.39,-3.96
1790069464.3195944,-178.38,12.4,-3.96
1790069464.5035868,-178.37,12.41,-3.96
1790069464.7280698,-178.37,12.41,-3.96
1790069464.8614492,-178.38,12.42,-3.95
1790069465.1368854,-178.4,12.42,-3.95
1790069465.3451774,-178.42,12.42,-3.95
1790069465.5517914,-178.44,12.43,-3.95
1790069465.7518997,-178.45,12.43,-3.96
1790069465.858834,-178.45,12.44,-3.96
1790069466.1617904,-178.43,12.45,-3.95
1790069466.3624458,-178.42,12.45,-3.95
1790069466.5742302,-178.42,12.46,-3.95
1790069466.7757933,-178.42,12.47,-3.95
1790069466.8655314,-178.43,12.48,-3.95
1790069467.1866462,-178.45,12.48,-3.95
1790069467.3867786,-178.47,12.49,-3.95
1790069467.595523,-178.49,12.49,-3.96
1790069467.803276,-178.51,12.5,-3.96
1790069467.8709445,-178.51,12.5,-3.96
1790069468.2118702,-178.52,12.5,-3.97
1790069468.4137821,-178.52,12.51,-3.97
1790069468.6205523,-178.51,12.51,-3.97
1790069468.8245683,-178.5,12.52,-3.97
1790069468.879026,-178.5,12.52,-3.96
1790069469.233161,-178.51,12.53,-3.96
1790069469.3180654,-178.51,12.54,-3.96
1790069469.6426003,-178.53,12.54,-3.97
1790069469.830211,-178.55,12.54,-3.98
1790069470.0526166,-178.56,12.54,-3.98
1790069470.2541673,-178.57,12.55,-3.99
1790069470.4620335,-178.58,12.55,-3.99
1790069470.6630113,-178.6,12.56,-3.99
1790069470.870948,-178.6,12.57,-3.99
1790069471.0735626,-178.62,12.57,-4.0
1790069471.2817204,-178.62,12.58,-4.0
1790069471.4834673,-178.64,12.59,-4.01
1790069471.6908135,-178.65,12.6,-4.01
1790069471.8790855,-178.65,12.6,-4.01
1790069472.100551,-178.66,12.61,-4.01
1790069472.1135168,-178.67,12.61,-4.02
1790069472.316426,-178.67,12.62,-4.02
1790069472.5174994,-178.69,12.63,-4.02
1790069472.8876703,-178.69,12.63,-4.01
1790069473.1214256,-178.69,12.63,-4.02
1790069473.135477,-178.7,12.64,-4.02
1790069473.3376544,-178.7,12.65,-4.02
1790069473.5389428,-178.71,12.66,-4.02
1790069473.7460709,-178.72,12.66,-4.02
1790069473.9546201,-178.72,12.67,-4.02
1790069474.1561613,-178.72,12.68,-4.01
1790069474.3575053,-178.73,12.69,-4.01
1790069474.564958,-178.74,12.69,-4.01
1790069474.7798734,-178.75,12.7,-4.02
1790069474.9768004,-178.75,12.7,-4.02
1790069475.178269,-178.76,12.7,-4.02
1790069475.3782077,-178.77,12.71,-4.02
1790069475.59306,-178.77,12.71,-4.02
1790069475.7874882,-178.78,12.71,-4.03
1790069475.9964774,-178.79,12.72,-4.03
1790069476.1974952,-178.8,12.73,-4.03
1790069476.418597,-178.8,12.73,-4.03
1790069476.8093662,-178.81,12.73,-4.04
1790069476.8163023,-178.83,12.74,-4.04
1790069477.016403,-178.83,12.74,-4.03
1790069477.2186232,-178.84,12.75,-4.04
1790069477.4401052,-178.84,12.75,-4.04
1790069477.6347766,-178.85,12.76,-4.04
1790069477.8360922,-178.86,12.76,-4.04
1790069478.037929,-178.86,12.77,-4.04
1790069478.245603,-178.87,12.78,-4.04
1790069478.4466949,-178.88,12.79,-4.04
1790069478.6556852,-178.89,12.79,-4.04
1790069478.8623793,-178.89,12.8,-4.04
1790069479.0782404,-178.9,12.8,-4.04
1790069479.278949,-178.9,12.81,-4.04
1790069479.475675,-178.89,12.81,-4.04
1790069479.6909244,-178.89,12.82,-4.04
1790069479.8981051,-178.9,12.83,-4.04
1790069480.0992668,-178.9,12.83,-4.04
1790069480.29402,-178.91,12.85,-4.04
1790069480.4957771,-178.92,12.85,-4.04
1790069480.7037854,-178.92,12.86,-4.03
1790069480.912376,-178.93,12.87,-4.03
1790069481.112401,-178.94,12.87,-4.03
1790069481.3170824,-178.95,12.88,-4.03
1790069481.5225,-178.96,12.88,-4.04
1790069481.725098,-178.96,12.89,-4.03
1790069481.9409013,-178.97,12.9,-4.03
1790069482.1337345,-178.98,12.9,-4.03
1790069482.3415842,-178.99,12.91,-4.03
1790069482.7517464,-179.0,12.91,-4.04
1790069482.9324944,-179.01,12.93,-4.03
1790069483.1613233,-179.01,12.94,-4.03
1790069483.3628197,-179.01,12.95,-4.03
1790069483.5699847,-179.03,12.95,-4.03
1790069483.780003,-179.03,12.96,-4.02
1790069483.932388,-179.04,12.96,-4.02
1790069484.184065,-179.05,12.97,-4.02
1790069484.3897595,-179.07,12.97,-4.02
1790069484.5923147,-179.07,12.98,-4.02
1790069484.7932215,-179.08,12.98,-4.03
1790069484.9386656,-179.1,12.99,-4.04
1790069485.2095833,-179.12,12.99,-4.03
1790069485.4131138,-179.13,13.0,-4.03
1790069485.6192715,-179.14,13.0,-4.03
1790069485.8215542,-179.15,13.0,-4.04
1790069485.938835,-179.17,13.01,-4.03
1790069486.232436,-179.18,13.02,-4.03
1790069486.4331362,-179.19,13.03,-4.04
1790069486.640821,-179.19,13.03,-4.04
1790069486.8424141,-179.19,13.03,-4.04
1790069486.9523444,-179.21,13.04,-4.04
1790069487.2569635,-179.21,13.04,-4.04
1790069487.4597776,-179.22,13.05,-4.03
1790069487.6682308,-179.21,13.06,-4.03
1790069487.869869,-179.2,13.06,-4.03
1790069487.9539747,-179.2,13.07,-4.03
1790069488.4808702,-179.21,13.08,-4.03
1790069488.4876225,-179.22,13.08,-4.03
1790069488.8906357,-179.23,13.09,-4.04
1790069488.8972256,-179.25,13.09,-4.05
1790069488.9582386,-179.28,13.1,-4.05
1790069489.2999215,-179.3,13.1,-4.06
1790069489.5079505,-179.31,13.11,-4.06
1790069489.7115169,-179.33,13.11,-4.07
1790069489.9175475,-179.34,13.12,-4.06
1790069489.9527855,-179.35,13.13,-4.06
1790069490.327648,-179.35,13.13,-4.07
1790069490.5291,-179.34,13.14,-4.07
1790069490.7370899,-179.34,13.15,-4.07
1790069490.93815,-179.34,13.15,-4.07
1790069491.1406841,-179.34,13.16,-4.07
1790069491.3477538,-179.34,13.17,-4.07
1790069491.5557888,-179.34,13.18,-4.07
1790069491.7583365,-179.35,13.18,-4.07
1790069491.7648947,-179.36,13.19,-4.08
1790069491.9670413,-179.38,13.19,-4.08
1790069492.1729388,-179.38,13.2,-4.07
1790069492.3829138,-179.4,13.21,-4.08
1790069492.591327,-179.42,13.21,-4.08
1790069492.7912118,-179.43,13.21,-4.08
1790069493.194933,-179.44,13.22,-4.08
1790069493.403396,-179.47,13.23,-4.09
1790069493.6051111,-179.48,13.23,-4.09
1790069493.818606,-179.48,13.22,-4.1
1790069494.0134666,-179.48,13.24,-4.1
1790069494.220916,-179.49,13.24,-4.1
1790069494.4307117,-179.48,13.25,-4.09
1790069494.6324832,-179.48,13.25,-4.09
1790069494.8398733,-179.48,13.26,-4.09
1790069495.0351143,-179.48,13.27,-4.09
1790069495.244193,-179.48,13.27,-4.09
1790069495.4577541,-179.48,13.27,-4.09
1790069495.658628,-179.49,13.27,-4.09
1790069495.8598657,-179.49,13.28,-4.09
1790069496.2640338,-179.49,13.29,-4.09
1790069496.2696133,-179.5,13.3,-4.09
1790069496.4724946,-179.51,13.3,-4.08
1790069496.6742237,-179.51,13.31,-4.08
1790069496.8840654,-179.52,13.32,-4.09
1790069497.083043,-179.54,13.32,-4.09
1790069497.291499,-179.55,13.33,-4.09
1790069497.4926877,-179.58,13.33,-4.1
1790069497.9043407,-179.59,13.33,-4.1
1790069497.9043407,-179.62,13.33,-4.11
1790069498.1176038,-179.63,13.33,-4.11
1790069498.3140097,-179.65,13.34,-4.12
1790069498.5271306,-179.66,13.35,-4.13
1790069498.72961,-179.65,13.35,-4.13
1790069498.9370253,-179.66,13.36,-4.13
1790069499.1319332,-179.68,13.36,-4.14
1790069499.339989,-179.68,13.36,-4.15
1790069499.5540955,-179.68,13.37,-4.15
1790069499.756751,-179.7,13.38,-4.15
1790069499.9566524,-179.71,13.38,-4.15
1790069500.1588283,-179.73,13.39,-4.16
1790069500.367244,-179.77,13.39,-4.17
1790069500.5685158,-179.82,13.38,-4.18
1790069500.7699783,-179.87,13.39,-4.2
1790069500.9782493,-179.92,13.39,-4.21
1790069501.1811988,-179.97,13.39,-4.23
1790069501.3878722,179.97,13.39,-4.25
1790069501.5901608,179.93,13.39,-4.26
1790069501.799305,179.9,13.4,-4.27
1790069501.999985,179.86,13.4,-4.28
1790069502.2074077,179.8,13.4,-4.3
1790069502.4087596,179.75,13.41,-4.32
1790069502.6158602,179.71,13.42,-4.32
1790069502.8183982,179.68,13.42,-4.34
1790069503.0334902,179.66,13.43,-4.34
1790069503.2285085,179.64,13.43,-4.35
1790069503.4293604,179.62,13.44,-4.35
1790069503.6393123,179.6,13.44,-4.35
1790069503.8448417,179.58,13.44,-4.36
1790069504.020656,179.56,13.45,-4.36
1790069504.2544744,179.53,13.46,-4.37
1790069504.4604008,179.52,13.46,-4.37
1790069504.6642957,179.52,13.47,-4.37
1790069504.8674219,179.51,13.48,-4.37
1790069505.0270338,179.51,13.48,-4.37
1790069505.2769432,179.52,13.49,-4.37
1790069505.4835584,179.51,13.49,-4.37
1790069505.686668,179.5,13.49,-4.37
1790069505.888184,179.48,13.5,-4.38
1790069506.0270777,179.46,13.51,-4.38
1790069506.2974596,179.45,13.51,-4.39
1790069506.5052361,179.45,13.52,-4.39
1790069506.707177,179.46,13.53,-4.39
1790069506.915347,179.46,13.53,-4.39
1790069507.0333471,179.46,13.54,-4.4
1790069507.3256366,179.46,13.54,-4.4
1790069507.5267372,179.43,13.55,-4.4
1790069507.7356067,179.41,13.56,-4.4
1790069507.9359002,179.39,13.57,-4.41
1790069508.0330913,179.38,13.57,-4.4
1790069508.352482,179.39,13.57,-4.4
1790069508.5540452,179.39,13.58,-4.4
1790069508.7626257,179.4,13.59,-4.4
1790069508.9640796,179.4,13.59,-4.4
1790069509.038633,179.39,13.6,-4.4
1790069509.3733943,179.37,13.6,-4.4
1790069509.575329,179.36,13.61,-4.41
1790069509.7894998,179.34,13.61,-4.41
1790069509.983966,179.32,13.62,-4.41
1790069510.0536692,179.31,13.62,-4.41
1790069510.3945522,179.32,13.63,-4.41
1790069510.603161,179.32,13.63,-4.41
1790069510.8074465,179.33,13.64,-4.4
1790069511.0126252,179.33,13.64,-4.41
1790069511.0576544,179.32,13.65,-4.41
1790069511.4221256,179.31,13.66,-4.41
1790069511.6228697,179.3,13.66,-4.42
1790069511.831834,179.27,13.67,-4.42
1790069512.038281,179.26,13.67,-4.43
1790069512.2409532,179.25,13.68,-4.42
1790069512.448294,179.25,13.69,-4.42
1790069512.61672,179.25,13.69,-4.43
1790069512.8521783,179.25,13.7,-4.43
1790069513.0468628,179.26,13.71,-4.42
1790069513.2626998,179.26,13.72,-4.42
1790069513.469618,179.24,13.72,-4.43
1790069513.6721623,179.23,13.73,-4.43
1790069513.8790812,179.21,13.73,-4.43
1790069514.0536191,179.2,13.74,-4.43
1790069514.2896094,179.17,13.74,-4.43
1790069514.4905672,179.18,13.75,-4.43
1790069514.6982043,179.19,13.76,-4.43
1790069514.9032898,179.19,13.77,-4.43
1790069515.0604887,179.2,13.78,-4.43
1790069515.3102648,179.17,13.78,-4.43
1790069515.518421,179.14,13.78,-4.44
1790069515.7223089,179.12,13.79,-4.44
1790069515.8521075,179.1,13.79,-4.45
1790069516.0603108,179.09,13.8,-4.45
1790069516.3358467,179.1,13.81,-4.45
1790069516.5389278,179.1,13.81,-4.45
1790069516.7464812,179.1,13.82,-4.45
1790069516.948488,179.11,13.83,-4.45
1790069517.0671048,179.11,13.84,-4.45
1790069517.3580647,179.1,13.85,-4.45
1790069517.566246,179.08,13.85,-4.46
1790069517.7678125,179.06,13.86,-4.47
1790069517.969466,179.04,13.86,-4.47
1790069518.0731163,179.03,13.87,-4.47
1790069518.3846977,179.03,13.87,-4.47
1790069518.3984957,179.04,13.88,-4.47
1790069518.594426,179.04,13.89,-4.47
1790069518.79632,179.01,13.89,-4.48
1790069519.0103877,178.98,13.89,-4.48
1790069519.2125623,178.96,13.9,-4.48
1790069519.413478,178.96,13.9,-4.48
1790069519.6150134,178.98,13.91,-4.48
1790069519.8225985,178.99,13.92,-4.48
1790069520.0247848,178.99,13.93,-4.48
1790069520.2331402,178.97,13.93,-4.48
1790069520.434397,178.95,13.94,-4.49
1790069520.6387637,178.92,13.94,-4.49
1790069520.8457184,178.92,13.95,-4.49
1790069521.05215,178.93,13.96,-4.48
1790069521.2536623,178.94,13.97,-4.48
1790069521.469352,178.94,13.97,-4.48
1790069521.6745033,178.93,13.98,-4.48
1790069521.877231,178.9,13.98,-4.49
1790069522.0732265,178.87,13.99,-4.5
1790069522.2747083,178.87,13.99,-4.49
1790069522.489945,178.89,14.0,-4.49
1790069522.690873,178.9,14.01,-4.49
1790069522.8924024,178.88,14.02,-4.49
1790069523.0979702,178.86,14.02,-4.49
1790069523.3166285,178.83,14.03,-4.5
1790069523.5162818,178.82,14.03,-4.51
1790069523.7119498,178.82,14.04,-4.5
1790069523.9132972,178.84,14.05,-4.5
1790069524.1077654,178.86,14.05,-4.5
1790069524.3281987,178.85,14.05,-4.5
1790069524.5310268,178.82,14.05,-4.51
1790069524.7322938,178.79,14.06,-4.52
1790069524.9474854,178.79,14.06,-4.51
1790069525.3437986,178.8,14.07,-4.51
1790069525.5593338,178.81,14.08,-4.52
1790069525.7603343,178.8,14.08,-4.53
1790069525.9619477,178.77,14.09,-4.53
1790069526.1631994,178.74,14.09,-4.54
1790069526.3711262,178.72,14.1,-4.54
1790069526.578002,178.7,14.11,-4.54
1790069526.7804606,178.7,14.12,-4.54
1790069526.9682121,178.71,14.12,-4.54
1790069527.1964293,178.71,14.13,-4.54
1790069527.3889012,178.7,14.13,-4.54
1790069527.5997252,178.67,14.14,-4.55
1790069527.8018765,178.65,14.14,-4.56
1790069528.0157607,178.64,14.14,-4.55
1790069528.21093,178.63,14.14,-4.55
1790069528.432023,178.63,14.15,-4.55
1790069528.6283293,178.64,14.16,-4.56
1790069528.8298247,178.65,14.16,-4.55
1790069529.034743,178.64,14.16,-4.56
1790069529.23835,178.63,14.17,-4.56
1790069529.4408224,178.61,14.18,-4.57
1790069529.648921,178.59,14.18,-4.57
1790069529.8557222,178.57,14.18,-4.58
1790069530.057671,178.56,14.19,-4.58
1790069530.258629,178.56,14.19,-4.57
1790069530.464593,178.57,14.2,-4.57
1790069530.6709468,178.57,14.2,-4.57
1790069530.8763103,178.57,14.2,-4.58
1790069531.0702877,178.53,14.2,-4.59
1790069531.278763,178.51,14.21,-4.59
1790069531.4844987,178.49,14.21,-4.6
1790069531.8995023,178.47,14.21,-4.59
1790069531.9053,178.47,14.21,-4.6
1790069532.1130588,178.49,14.21,-4.6
1790069532.3123717,178.49,14.22,-4.6
1790069532.5163605,178.48,14.23,-4.6
1790069532.7087803,178.46,14.23,-4.6
1790069532.9233465,178.43,14.23,-4.6
1790069533.134253,178.41,14.24,-4.6
1790069533.335834,178.4,14.23,-4.6
1790069533.5432756,178.4,14.24,-4.6
1790069533.746054,178.42,14.24,-4.59
1790069533.9511154,178.43,14.25,-4.59
1790069534.1547515,178.41,14.25,-4.6
1790069534.3593245,178.39,14.26,-4.6
1790069534.565341,178.36,14.26,-4.6
1790069534.9748719,178.34,14.26,-4.61
1790069534.9815385,178.34,14.26,-4.61
1790069535.1832862,178.34,14.27,-4.61
1790069535.3826563,178.35,14.28,-4.61
1790069535.5857973,178.35,14.29,-4.61
1790069535.7939997,178.34,14.3,-4.62
1790069536.002035,178.31,14.3,-4.62
1790069536.182827,178.28,14.3,-4.63
1790069536.4099503,178.26,14.31,-4.63
1790069536.6115124,178.26,14.32,-4.63
1790069536.8142908,178.26,14.32,-4.63
1790069537.0209165,178.27,14.32,-4.63
1790069537.1896524,178.26,14.32,-4.63
1790069537.4306767,178.24,14.32,-4.64
1790069537.6333582,178.21,14.32,-4.65
1790069537.8403852,178.19,14.33,-4.66
1790069538.1962004,178.18,14.33,-4.66
1790069538.4530668,178.21,14.35,-4.65
1790069538.6607623,178.2,14.35,-4.65
1790069538.8624353,178.17,14.35,-4.66
1790069539.0704138,178.14,14.35,-4.67
1790069539.2026055,178.12,14.35,-4.68
1790069539.4943607,178.09,14.35,-4.69
1790069539.682381,178.08,14.36,-4.68
1790069539.890349,178.08,14.37,-4.69
1790069540.0922008,178.07,14.37,-4.69
1790069540.2092178,178.06,14.38,-4.69
1790069540.501698,178.06,14.38,-4.7
1790069540.708601,178.06,14.38,-4.69
1790069540.9110305,178.05,14.38,-4.69
1790069541.1177056,178.04,14.39,-4.7
1790069541.209658,178.02,14.39,-4.71
1790069541.5271792,178.01,14.4,-4.71
1790069541.7304878,178.0,14.4,-4.7
1790069541.9323046,177.98,14.41,-4.71
1790069542.1399522,177.96,14.41,-4.7
1790069542.223271,177.95,14.41,-4.71
1790069542.549622,177.95,14.42,-4.71
1790069542.7507625,177.94,14.42,-4.71
1790069542.9603782,177.95,14.42,-4.71
1790069543.1610537,177.95,14.42,-4.72
1790069543.2171428,177.95,14.43,-4.72
1790069543.571064,177.94,14.44,-4.72
1790069543.7778423,177.94,14.44,-4.72
1790069543.983673,177.93,14.44,-4.72
1790069543.9937024,177.93,14.45,-4.72
1790069544.2231498,177.91,14.45,-4.73
1790069544.5969088,177.9,14.46,-4.73
1790069544.6049838,177.89,14.46,-4.74
1790069544.8134224,177.87,14.47,-4.74
1790069545.0147276,177.86,14.47,-4.74
1790069545.235668,177.85,14.47,-4.74
1790069545.6182394,177.84,14.47,-4.74
1790069545.6250212,177.83,14.47,-4.75
1790069545.8334901,177.82,14.47,-4.75
1790069546.0350182,177.82,14.48,-4.75
1790069546.250687,177.81,14.49,-4.76
1790069546.4571958,177.81,14.49,-4.76
1790069546.6530335,177.81,14.49,-4.76
1790069546.8547482,177.82,14.5,-4.76
1790069547.0631564,177.82,14.5,-4.76
1790069547.4646318,177.81,14.5,-4.76
1790069547.4666378,177.81,14.51,-4.76
1790069547.6752698,177.8,14.51,-4.76
1790069547.8764534,177.79,14.51,-4.76
1790069548.077113,177.78,14.51,-4.76
1790069548.2920759,177.77,14.51,-4.77
1790069548.6935952,177.75,14.52,-4.78
1790069548.8964248,177.74,14.52,-4.78
1790069548.9100595,177.72,14.52,-4.77
1790069549.2506027,177.7,14.52,-4.78
1790069549.5130754,177.69,14.53,-4.78
1790069549.7156074,177.69,14.53,-4.78
1790069549.7287467,177.69,14.54,-4.78
1790069549.9360871,177.69,14.54,-4.78
1790069550.2500858,177.69,14.54,-4.78
1790069550.5369842,177.7,14.55,-4.78
1790069550.741694,177.7,14.55,-4.78
1790069550.9448566,177.69,14.56,-4.79
1790069551.1526446,177.69,14.56,-4.78
1790069551.2573526,177.68,14.56,-4.79
1790069551.5614986,177.67,14.57,-4.79
1790069551.5677378,177.67,14.57,-4.79
1790069551.7759519,177.66,14.57,-4.8
1790069552.174161,177.64,14.58,-4.8
1790069552.1802983,177.62,14.58,-4.81
1790069552.3956952,177.6,14.59,-4.81
1790069552.5977294,177.59,14.59,-4.82
1790069552.9927351,177.58,14.59,-4.82
1790069553.1997764,177.57,14.6,-4.82
1790069553.4162798,177.56,14.61,-4.82
1790069553.6175532,177.56,14.61,-4.81
1790069553.8118076,177.56,14.61,-4.81
1790069554.0205567,177.58,14.62,-4.81
1790069554.2211196,177.58,14.63,-4.82
1790069554.4371533,177.58,14.64,-4.81
1790069554.6351175,177.56,14.64,-4.82
1790069554.8464115,177.55,14.65,-4.82
1790069555.0542948,177.53,14.66,-4.83
1790069555.2496128,177.5,14.66,-4.84
1790069555.4560885,177.49,14.66,-4.84
1790069555.6643016,177.48,14.66,-4.84
1790069555.8661532,177.47,14.67,-4.84
1790069556.068342,177.47,14.68,-4.84
1790069556.2848036,177.47,14.68,-4.83
1790069556.6800623,177.48,14.69,-4.83
1790069556.8863468,177.48,14.69,-4.84
1790069557.0906878,177.47,14.69,-4.84
1790069557.2882237,177.45,14.69,-4.85
1790069557.498419,177.43,14.7,-4.85
1790069557.9087226,177.41,14.7,-4.85
1790069557.9154804,177.4,14.7,-4.86
1790069558.115372,177.4,14.7,-4.86
1790069558.2878313,177.39,14.71,-4.86
1790069558.525876,177.39,14.71,-4.86
1790069558.7345846,177.4,14.72,-4.86
1790069558.934742,177.41,14.72,-4.86
1790069559.1436212,177.41,14.73,-4.85
1790069559.290178,177.41,14.73,-4.85
1790069559.547497,177.4,14.73,-4.86
1790069559.7541814,177.39,14.74,-4.86
1790069559.9566872,177.37,14.74,-4.87
1790069560.164737,177.36,14.75,-4.88
1790069560.2972882,177.35,14.75,-4.88
1790069560.5752754,177.34,14.75,-4.88
1790069560.7815735,177.34,14.76,-4.89
1790069560.9819646,177.32,14.76,-4.9
1790069561.1882741,177.3,14.76,-4.9
1790069561.2958796,177.3,14.76,-4.89
1790069561.596025,177.3,14.77,-4.89
1790069561.803429,177.29,14.77,-4.89
1790069562.0061667,177.29,14.77,-4.89
1790069562.2109513,177.3,14.77,-4.89
1790069562.4147143,177.3,14.78,-4.89
1790069562.616719,177.3,14.78,-4.89
1790069562.8244872,177.31,14.79,-4.89
1790069563.0264375,177.3,14.8,-4.9
1790069563.2349067,177.29,14.8,-4.91
1790069563.4359858,177.28,14.81,-4.92
1790069563.6453469,177.26,14.81,-4.92
1790069564.0554197,177.24,14.82,-4.92
1790069564.2586021,177.21,14.82,-4.93
1790069564.4567611,177.21,14.82,-4.93
1790069564.6629808,177.21,14.83,-4.93
1790069564.868047,177.21,14.84,-4.93
1790069565.0594063,177.22,14.84,-4.92
1790069565.2808921,177.23,14.85,-4.92
1790069565.486134,177.23,14.85,-4.92
1790069565.6916475,177.23,14.86,-4.92
1790069565.8989518,177.21,14.86,-4.93
1790069566.0761373,177.2,14.86,-4.94
1790069566.1958132,177.16,14.86,-4.94
1790069566.5082893,177.15,14.87,-4.95
1790069566.710401,177.14,14.87,-4.94
1790069566.913394,177.13,14.87,-4.95
1790069567.0894098,177.14,14.88,-4.95
1790069567.3252444,177.16,14.89,-4.94
1790069567.53474,177.17,14.89,-4.95
1790069567.9426498,177.17,14.9,-4.95
1790069568.087155,177.14,14.91,-4.96
1790069568.3437364,177.11,14.91,-4.97
1790069568.5589147,177.09,14.91,-4.97
1790069568.7602777,177.07,14.92,-4.97
1790069568.9705513,177.06,14.92,-4.97
1790069569.1722946,177.08,14.92,-4.97
1790069569.3439412,177.09,14.93,-4.97
1790069569.57963,177.1,14.94,-4.97
1790069569.7881198,177.09,14.94,-4.97
1790069569.9895318,177.06,14.94,-4.98
1790069570.1973548,177.02,14.94,-4.99
1790069570.3482456,177.0,14.95,-4.99
1790069570.6070397,176.98,14.96,-5.0
1790069570.8095005,176.98,14.97,-5.0
1790069571.0072887,176.98,14.97,-5.0
1790069571.2079067,176.99,14.98,-5.0
1790069571.3511388,177.0,14.98,-5.0
1790069571.6272793,176.97,14.98,-5.02
1790069572.0392847,176.95,14.99,-5.02
1790069572.0392847,176.92,14.99,-5.03
1790069572.0552585,176.91,14.99,-5.03
1790069572.253145,176.91,15.0,-5.03
1790069572.6515718,176.93,15.01,-5.02
1790069572.8444474,176.94,15.02,-5.02
1790069572.8700976,176.94,15.02,-5.03
1790069573.061216,176.93,15.03,-5.03
1790069573.2753177,176.92,15.03,-5.04
1790069573.6670964,176.89,15.03,-5.04
1790069573.682808,176.86,15.03,-5.05
1790069573.8896,176.84,15.03,-5.05
1790069574.0932136,176.84,15.04,-5.05
1790069574.2832427,176.85,15.04,-5.05
1790069574.499136,176.86,15.05,-5.05
1790069574.7066631,176.83,15.06,-5.07
1790069574.9187224,176.81,15.06,-5.07
1790069575.1134493,176.77,15.06,-5.09
1790069575.3909724,176.76,15.06,-5.09
1790069575.7244997,176.75,15.07,-5.09
1790069575.732438,176.75,15.08,-5.09
1790069576.1352582,176.77,15.08,-5.08
1790069576.341635,176.78,15.09,-5.09
1790069576.5475028,176.76,15.1,-5.1
1790069576.7465358,176.73,15.1,-5.1
1790069576.9528308,176.71,15.1,-5.11
1790069577.3619268,176.69,15.1,-5.11
1790069577.3688133,176.7,15.1,-5.11
1790069577.5688577,176.71,15.11,-5.11
1790069577.7851157,176.71,15.12,-5.11
1790069577.9914088,176.72,15.12,-5.11
1790069578.182543,176.7,15.12,-5.12
1790069578.3846617,176.69,15.13,-5.12
1790069578.5910547,176.66,15.13,-5.13
1790069578.8081577,176.62,15.13,-5.14
1790069579.0148296,176.61,15.14,-5.15
1790069579.206142,176.6,15.14,-5.15
1790069579.406573,176.61,15.14,-5.15
1790069579.613606,176.62,15.15,-5.15
1790069579.820936,176.63,15.16,-5.14
1790069580.0240288,176.62,15.16,-5.15
1790069580.2315638,176.59,15.16,-5.16
1790069580.421191,176.57,15.17,-5.16
1790069580.6437674,176.55,15.17,-5.17
1790069580.843859,176.53,15.18,-5.17
1790069581.0442681,176.52,15.18,-5.17
1790069581.244752,176.53,15.19,-5.16
1790069581.4453633,176.55,15.19,-5.16
1790069581.6665072,176.55,15.19,-5.17
1790069581.8731108,176.53,15.2,-5.18
1790069582.0743253,176.5,15.2,-5.19
1790069582.215434,176.46,15.21,-5.2
1790069582.4468002,176.45,15.22,-5.21
1790069582.6751158,176.45,15.22,-5.2
1790069582.9034357,176.45,15.23,-5.2
1790069583.0986748,176.46,15.23,-5.2
1790069583.305653,176.48,15.24,-5.19
1790069583.5010576,176.48,15.24,-5.19
1790069583.7130368,176.46,15.25,-5.2
1790069583.9240985,176.44,15.25,-5.21
1790069584.1260576,176.41,15.25,-5.22
1790069584.275517,176.38,15.26,-5.23
1790069584.4752204,176.37,15.26,-5.23
1790069584.7367272,176.37,15.27,-5.24
1790069584.9439714,176.37,15.27,-5.24
1790069585.1472778,176.38,15.28,-5.23
1790069585.4806647,176.38,15.29,-5.23
1790069585.4865432,176.38,15.29,-5.23
1790069585.758322,176.36,15.3,-5.24
1790069585.9668233,176.34,15.3,-5.24
1790069586.160747,176.31,15.3,-5.26
1790069586.3763833,176.29,15.31,-5.27
1790069586.4812083,176.27,15.31,-5.27
1790069586.7812989,176.26,15.32,-5.27
1790069586.9636834,176.27,15.32,-5.26
1790069587.1968725,176.28,15.33,-5.27
1790069587.3966098,176.28,15.33,-5.27
1790069587.493513,176.27,15.33,-5.27
1790069587.8067768,176.26,15.34,-5.27
1790069588.0143025,176.25,15.34,-5.28
1790069588.2168293,176.23,15.34,-5.28
1790069588.424624,176.2,15.35,-5.29
1790069588.5150774,176.17,15.34,-5.3
1790069588.835535,176.15,15.35,-5.3
1790069589.035594,176.15,15.35,-5.3
1790069589.2429962,176.16,15.35,-5.29
1790069589.4582448,176.16,15.36,-5.3
1790069589.649838,176.17,15.36,-5.3
1790069589.8359463,176.17,15.37,-5.3
1790069590.0604475,176.16,15.37,-5.31
1790069590.2607186,176.14,15.37,-5.31
1790069590.4607747,176.1,15.38,-5.32
1790069590.6644287,176.07,15.39,-5.33
1790069590.882988,176.06,15.39,-5.33
1790069591.0834491,176.06,15.4,-5.33
1790069591.2917304,176.06,15.4,-5.32
1790069591.4965513,176.07,15.4,-5.32
1790069591.699752,176.08,15.41,-5.32
1790069591.9064343,176.08,15.41,-5.32
1790069592.1107736,176.08,15.41,-5.32
1790069592.3134704,176.06,15.42,-5.33
1790069592.5202918,176.06,15.42,-5.33
1790069592.725373,176.03,15.42,-5.34
1790069592.9309604,176.01,15.43,-5.35
1790069593.1322749,175.98,15.43,-5.36
1790069593.3342252,175.98,15.43,-5.36
1790069593.5281167,175.98,15.44,-5.36
1790069593.7434938,176.0,15.44,-5.35
1790069593.9519005,176.0,15.45,-5.35
1790069594.1535342,175.98,15.45,-5.36
1790069594.3618608,175.96,15.46,-5.37
1790069594.534694,175.92,15.46,-5.38
1790069594.7784445,175.89,15.47,-5.39
1790069594.97305,175.87,15.46,-5.39
1790069595.1807585,175.89,15.48,-5.38
1790069595.387918,175.9,15.49,-5.39
1790069595.5608542,175.88,15.49,-5.4
1790069595.7987177,175.85,15.49,-5.4
1790069596.000145,175.83,15.49,-5.41
1790069596.2077966,175.8,15.5,-5.42
1790069596.4134157,175.81,15.51,-5.41
1790069596.555587,175.83,15.52,-5.41
1790069596.819791,175.83,15.53,-5.42
1790069597.0290885,175.83,15.53,-5.43
1790069597.2293317,175.81,15.54,-5.43
1790069597.430842,175.8,15.54,-5.44
1790069597.5675437,175.76,15.54,-5.44
1790069597.8404717,175.74,15.55,-5.45
1790069598.0484543,175.74,15.55,-5.45
1790069598.2536454,175.76,15.56,-5.44
1790069598.459349,175.77,15.57,-5.44
1790069598.5802186,175.77,15.57,-5.44
1790069598.8695912,175.76,15.59,-5.44
1790069599.0716805,175.73,15.59,-5.46
1790069599.4845083,175.7,15.59,-5.46
1790069599.4865754,175.69,15.59,-5.47
1790069599.5799274,175.69,15.6,-5.47
1790069599.8964946,175.7,15.6,-5.47
1790069600.0996509,175.71,15.61,-5.47
1790069600.3029876,175.72,15.62,-5.47
1790069600.508672,175.7,15.63,-5.47
1790069600.7096224,175.69,15.64,-5.48
1790069600.917551,175.65,15.64,-5.49
1790069601.1232698,175.63,15.65,-5.5
1790069601.3266864,175.63,15.65,-5.5
1790069601.53315,175.63,15.66,-5.5
1790069601.595376,175.65,15.66,-5.49
1790069601.9372597,175.65,15.67,-5.5
1790069602.145157,175.64,15.67,-5.51
1790069602.3468783,175.63,15.68,-5.51
1790069602.5548794,175.6,15.68,-5.52
1790069602.756338,175.58,15.68,-5.52
1790069602.9648204,175.56,15.69,-5.53
1790069603.166268,175.56,15.69,-5.53
1790069603.3744113,175.55,15.7,-5.53
1790069603.5774522,175.55,15.71,-5.54
1790069603.7844248,175.57,15.72,-5.53
1790069603.985504,175.59,15.72,-5.53
1790069604.1924767,175.58,15.72,-5.53
1790069604.3957996,175.58,15.73,-5.54
1790069604.589619,175.56,15.73,-5.55
1790069604.8047588,175.53,15.74,-5.55
1790069605.0128648,175.51,15.75,-5.55
1790069605.2203648,175.49,15.75,-5.56
1790069605.4227235,175.48,15.75,-5.56
1790069605.5963633,175.46,15.76,-5.56
1790069605.8322494,175.47,15.76,-5.56
1790069606.0342128,175.47,15.76,-5.56
1790069606.24142,175.48,15.76,-5.56
1790069606.3722217,175.48,15.77,-5.56
1790069606.5959792,175.48,15.78,-5.56
1790069606.85317,175.47,15.78,-5.56
1790069607.0603378,175.44,15.78,-5.56
1790069607.2632904,175.41,15.78,-5.56
1790069607.4701135,175.39,15.79,-5.57
1790069607.603982,175.38,15.8,-5.57
1790069607.881113,175.36,15.8,-5.57
1790069607.8945568,175.36,15.81,-5.57
1790069608.0948544,175.38,15.81,-5.57
1790069608.4929252,175.38,15.82,-5.57
1790069608.609896,175.39,15.83,-5.57
1790069608.901249,175.38,15.83,-5.57
1790069608.908058,175.36,15.84,-5.58
1790069609.1157844,175.34,15.84,-5.59
1790069609.3112726,175.3,15.84,-5.6
1790069609.5330775,175.28,15.85,-5.61
1790069609.7350616,175.27,15.86,-5.61
1790069609.9290442,175.26,15.86,-5.61
1790069610.338897,175.27,15.86,-5.61
1790069610.338897,175.27,15.86,-5.6
1790069610.6171026,175.27,15.87,-5.61
1790069610.754382,175.26,15.87,-5.61
1790069610.9558818,175.25,15.87,-5.62
1790069611.157875,175.23,15.88,-5.62
1790069611.3660264,175.2,15.88,-5.63
1790069611.5757957,175.17,15.88,-5.65
1790069611.7751222,175.16,15.88,-5.65
1790069611.9853692,175.13,15.89,-5.65
1790069612.1864097,175.13,15.9,-5.65
1790069612.3944821,175.13,15.9,-5.65
1790069612.59473,175.13,15.91,-5.65
1790069612.8101678,175.12,15.91,-5.65
1790069613.0060115,175.11,15.91,-5.65
1790069613.2070577,175.1,15.91,-5.65
1790069613.4083054,175.1,15.92,-5.66
1790069613.6149528,175.08,15.92,-5.67
1790069613.818255,175.06,15.92,-5.67
1790069614.0253232,175.04,15.92,-5.68
1790069614.2280734,175.03,15.93,-5.68
1790069614.4351106,175.02,15.94,-5.68
1790069614.6446438,175.01,15.94,-5.69
1790069614.852902,175.01,15.94,-5.69
1790069615.053995,175.0,15.94,-5.69
1790069615.2548747,174.99,15.95,-5.69
1790069615.469668,174.99,15.95,-5.69
1790069615.6437192,174.97,15.96,-5.69
1790069615.866619,174.97,15.96,-5.69
1790069616.0744727,174.96,15.97,-5.7
1790069616.2763124,174.95,15.97,-5.7
1790069616.4822917,174.93,15.98,-5.7
1790069616.6505682,174.92,15.98,-5.71
1790069616.8946488,174.91,15.99,-5.71
1790069617.0960276,174.9,16.0,-5.71
1790069617.302696,174.89,16.0,-5.72
1790069617.512052,174.88,16.0,-5.72
1790069617.6716652,174.87,16.0,-5.72
1790069617.9157937,174.87,16.01,-5.72
1790069618.1304092,174.86,16.02,-5.73
1790069618.3311977,174.84,16.02,-5.73
1790069618.53223,174.82,16.03,-5.74
1790069618.6713054,174.82,16.04,-5.74
1790069618.9416075,174.82,16.05,-5.75
1790069619.1432235,174.81,16.06,-5.75
1790069619.3519394,174.8,16.06,-5.75
1790069619.552889,174.8,16.07,-5.76
1790069619.7545702,174.8,16.08,-5.76
1790069619.9696321,174.8,16.08,-5.76
1790069620.1709714,174.79,16.08,-5.76
1790069620.3717182,174.78,16.09,-5.76
1790069620.5804253,174.77,16.09,-5.76
1790069620.7820945,174.76,16.09,-5.76
1790069620.9887233,174.75,16.1,-5.76
1790069621.1914306,174.74,16.1,-5.77
1790069621.3982677,174.73,16.11,-5.77
1790069621.6017435,174.73,16.11,-5.77
1790069621.8097913,174.72,16.12,-5.78
1790069622.0140166,174.71,16.12,-5.78
1790069622.2126362,174.72,16.12,-5.78
1790069622.4209254,174.71,16.12,-5.78
1790069622.6260378,174.7,16.13,-5.79
1790069622.8305006,174.7,16.13,-5.79
1790069623.0316722,174.69,16.13,-5.8
1790069623.240497,174.69,16.14,-5.8
1790069623.441586,174.69,16.14,-5.8
1790069623.6496246,174.68,16.15,-5.8
1790069623.850873,174.67,16.15,-5.81
1790069624.0593321,174.67,16.16,-5.81
1790069624.2609951,174.67,16.16,-5.81
1790069624.4693136,174.66,16.16,-5.81
1790069624.6702523,174.66,16.17,-5.81
1790069624.878188,174.66,16.18,-5.81
1790069625.0175927,174.65,16.18,-5.81
1790069625.2884812,174.66,16.19,-5.81
1790069625.6974523,174.66,16.2,-5.8
1790069625.8991294,174.66,16.21,-5.8
1790069626.1067507,174.66,16.21,-5.79
1790069626.308377,174.65,16.22,-5.8
1790069626.5173023,174.65,16.23,-5.8
1790069626.704169,174.66,16.23,-5.79
1790069626.9269636,174.65,16.24,-5.79
1790069627.1279955,174.65,16.24,-5.79
1790069627.337562,174.65,16.24,-5.79
1790069627.5393503,174.65,16.24,-5.79
1790069628.3569982,174.64,16.24,-5.79
1790069628.5642226,174.64,16.24,-5.79
1790069628.7045863,174.65,16.24,-5.79
1790069628.9736118,174.67,16.24,-5.78
1790069629.1762064,174.66,16.25,-5.79
1790069629.3844404,174.65,16.26,-5.79
1790069629.5863216,174.65,16.26,-5.8
1790069629.7169793,174.65,16.25,-5.8
1790069629.9961216,174.65,16.26,-5.8
1790069630.2028127,174.65,16.26,-5.8
1790069630.4057739,174.65,16.26,-5.8
1790069630.6142082,174.65,16.26,-5.8
