unix_timestamp,esc_data
1790157965.4858437,4,-2,1,3,6782,19747,11318,4422,1940688,1940689,1940685,1940686,0,0,0,0
1790157965.4858437,-1,-6,2,3,6782,19747,11316,4421,1940718,1940719,1940715,1940716,0,0,0,0
1790157965.6856234,-1,3,0,-1,6780,19747,11317,4421,1940748,1940749,1940745,1940746,0,0,0,0
1790157965.6856234,-2,4,1,-2,6780,19748,11320,4421,1940808,1940809,1940805,1940806,0,0,0,0
1790157965.6986363,-1,0,1,-4,6779,19749,11320,4419,1940838,1940839,1940835,1940836,0,0,0,0
1790157965.6986363,-1,0,-2,-1,6780,19749,11320,4420,1940868,1940869,1940865,1940866,0,0,0,0
1790157965.8929396,1,1,-1,1,6782,19748,11319,4423,1940958,1940959,1940955,1940956,0,0,0,0
1790157965.9082253,-4,7,8,-1,6781,19747,11317,4421,1940988,1940989,1940985,1940986,0,0,0,0
1790157966.0864677,2,-4,3,-2,6782,19746,11318,4422,1941018,1941019,1941015,1941016,0,0,0,0
1790157966.2801118,1,-1,-4,-3,6783,19746,11316,4422,1941108,1941109,1941105,1941106,0,0,0,0
1790157966.2801118,0,3,-3,0,6781,19748,11318,4421,1941168,1941169,1941165,1941166,0,0,0,0
1790157966.5027764,-1,1,1,-3,6780,19748,11319,4422,1941318,1941319,1941315,1941316,0,0,0,0
1790157966.7152245,-1,-4,-2,0,6783,19745,11316,4424,1941408,1941409,1941405,1941406,0,0,0,0
1790157966.7152245,-1,-2,-2,1,6781,19746,11317,4422,1941468,1941469,1941465,1941466,0,0,0,0
1790157966.9070373,4,0,-5,0,6780,19748,11319,4421,1941498,1941499,1941495,1941496,0,0,0,0
1790157966.9070373,-2,-3,-3,-3,6780,19747,11318,4420,1941528,1941529,1941525,1941526,0,0,0,0
1790157966.9070373,-3,-5,3,0,6781,19747,11317,4422,1941558,1941559,1941555,1941556,0,0,0,0
1790157966.9227364,2,1,-6,0,6781,19747,11318,4422,1941588,1941589,1941585,1941586,0,0,0,0
1790157967.1179388,-8,1,-1,-2,6779,19748,11319,4420,1941648,1941649,1941645,1941646,0,0,0,0
1790157967.1179388,2,-3,-4,-4,6779,19749,11321,4419,1941678,1941679,1941675,1941676,0,0,0,0
1790157967.29614,3,-2,1,-3,6779,19749,11321,4419,1941708,1941709,1941705,1941706,0,0,0,0
1790157967.29614,-2,2,-5,4,6780,19748,11319,4421,1941798,1941799,1941795,1941796,0,0,0,0
1790157967.5241456,3,-4,1,-2,6782,19750,11319,4422,1941888,1941889,1941885,1941886,0,0,0,0
1790157967.5384316,-4,1,2,1,6778,19746,11317,4421,1941948,1941949,1941945,1941946,0,0,0,0
1790157967.5402398,-8,-1,-1,6,6779,19747,11319,4421,1941978,1941979,1941975,1941976,0,0,0,0
1790157967.7361696,-2,-3,-2,5,6780,19749,11320,4420,1942038,1942039,1942035,1942036,0,0,0,0
1790157967.7361696,1,2,1,-3,6781,19747,11318,4422,1942098,1942099,1942095,1942096,0,0,0,0
1790157967.9336243,-1,0,0,-5,6780,19747,11317,4421,1942158,1942159,1942155,1942156,0,0,0,0
1790157967.9336243,3,-1,2,-5,6781,19747,11319,4421,1942188,1942189,1942185,1942186,0,0,0,0
1790157967.9464264,3,-2,-3,-3,6782,19747,11317,4422,1942218,1942219,1942215,1942216,0,0,0,0
1790157968.0481262,5,-2,-3,2,6781,19745,11315,4423,1942278,1942279,1942275,1942276,0,0,0,0
1790157968.1441338,1,-4,0,3,6775,19750,11323,4417,1942338,1942339,1942335,1942336,0,0,0,0
1790157968.3054266,-2,3,-1,0,6777,19749,11321,4419,1942398,1942399,1942395,1942396,0,0,0,0
1790157968.3271382,-4,0,1,-3,6780,19747,11318,4421,1942428,1942429,1942425,1942426,0,0,0,0
1790157968.537798,-1,5,-2,-1,6780,19747,11317,4420,1942548,1942549,1942545,1942546,0,0,0,0
1790157968.5455441,-3,-1,6,4,6781,19746,11317,4422,1942578,1942579,1942575,1942576,0,0,0,0
1790157968.750371,-3,0,-2,1,6776,19750,11322,4418,1942668,1942669,1942665,1942666,0,0,0,0
1790157968.750371,-2,-6,2,1,6778,19748,11319,4419,1942698,1942699,1942695,1942696,0,0,0,0
1790157968.8776546,-9,0,1,-5,6779,19748,11318,4420,1942758,1942759,1942755,1942756,0,0,0,0
1790157968.96221,-6,-9,1,0,6779,19749,11321,4419,1942788,1942789,1942785,1942786,0,0,0,0
1790157968.968499,1,-1,2,1,6777,19749,11320,4419,1942818,1942819,1942815,1942816,0,0,0,0
1790157969.044863,-4,-1,4,4,6777,19749,11320,4419,1942848,1942849,1942845,1942846,0,0,0,0
1790157969.1704645,0,-1,-1,-3,6775,19751,11322,4416,1942878,1942879,1942875,1942876,0,0,0,0
1790157969.1704645,2,5,1,-3,6786,19757,11331,4425,1942908,1942909,1942905,1942906,0,0,0,0
1790157969.1903262,-4,-1,3,-4,6792,19734,11306,4433,1942938,1942939,1942935,1942936,0,0,0,0
1790157969.3166757,-2,6,3,-3,6792,19736,11305,4435,1942968,1942969,1942965,1942966,0,0,0,0
1790157969.3166757,3,-1,3,2,6764,19761,11332,4407,1943028,1943029,1943025,1943026,0,0,0,0
1790157969.3724797,-3,-2,-3,1,6758,19766,11339,4402,1943058,1943059,1943055,1943056,0,0,0,0
1790157969.579675,-1,0,0,0,6768,19759,11331,4412,1943148,1943149,1943145,1943146,0,0,0,0
1790157969.5864842,-4,0,0,0,6766,19759,11330,4409,1943178,1943179,1943175,1943176,0,0,0,0
1790157969.7534127,-4,-2,-5,-8,6753,19751,11320,4395,1943208,1943209,1943205,1943206,0,0,0,0
1790157969.7534127,-5,0,23,-1,6760,19752,11315,4396,1943268,1943269,1943265,1943266,0,0,0,0
1790157969.7681546,-3,-1,-4,2,6763,19748,11312,4398,1943298,1943299,1943295,1943296,0,0,0,0
1790157969.9903045,-4,-4,4,-2,6770,19757,11318,4401,1943388,1943389,1943385,1943386,0,0,0,0
1790157970.1951985,6,2,-3,0,6764,19760,11319,4395,1943418,1943419,1943415,1943416,0,0,0,0
1790157970.1951985,2,1,2,-4,6777,19747,11308,4408,1943538,1943539,1943535,1943536,0,0,0,0
1790157970.3248806,-1,1,1,-6,6771,19752,11312,4403,1943598,1943599,1943595,1943596,0,0,0,0
1790157970.341036,2,-1,-1,-2,6764,19739,11301,4396,1943628,1943629,1943625,1943626,0,0,0,0
1790157970.4058712,3,5,-5,0,6794,19720,11276,4420,1943658,1943659,1943655,1943656,0,0,0,0
1790157970.522555,-3,3,-4,1,6795,19720,11280,4425,1943718,1943719,1943715,1943716,0,0,0,0
1790157970.6008246,0,-1,-2,0,6784,19737,11295,4415,1943748,1943749,1943745,1943746,0,0,0,0
1790157970.6008246,0,3,-4,-4,6778,19742,11304,4407,1943778,1943779,1943775,1943776,0,0,0,0
1790157970.8130884,-1,-1,2,-2,6801,19716,11264,4427,1943868,1943869,1943865,1943866,0,0,0,0
1790157970.828766,-6,-3,-3,4,6771,19747,11298,4397,1943928,1943929,1943925,1943926,0,0,0,0
1790157971.013979,-6,-3,-3,4,6771,19747,11298,4397,1943928,1943929,1943925,1943926,0,0,0,0
1790157971.013979,3,0,1,-5,6773,19743,11297,4399,1944018,1944019,1944015,1944016,0,0,0,0
1790157971.2174733,2,-5,-2,-1,6767,19746,11300,4396,1944138,1944139,1944135,1944136,0,0,0,0
1790157971.2174733,-4,7,1,4,6770,19745,11298,4398,1944168,1944169,1944165,1944166,0,0,0,0
1790157971.331669,-3,-6,4,-5,6774,19741,11293,4401,1944228,1944229,1944225,1944226,0,0,0,0
1790157971.41719,-3,-4,-3,3,6773,19741,11294,4402,1944258,1944259,1944255,1944256,0,0,0,0
1790157971.41719,-8,1,-2,-1,6773,19741,11295,4402,1944288,1944289,1944285,1944286,0,0,0,0
1790157971.6287127,-4,-1,-6,3,6776,19740,11293,4402,1944318,1944319,1944315,1944316,0,0,0,0
1790157971.6287127,1,3,-4,-3,6774,19742,11295,4400,1944408,1944409,1944405,1944406,0,0,0,0
1790157971.8334458,-5,0,3,4,6774,19740,11293,4401,1944498,1944499,1944495,1944496,0,0,0,0
1790157971.8491402,2,-3,-4,5,6777,19739,11292,4404,1944528,1944529,1944525,1944526,0,0,0,0
1790157972.0288067,3,0,-3,-2,6778,19738,11290,4405,1944588,1944589,1944585,1944586,0,0,0,0
1790157972.0288067,-3,-2,-1,0,6778,19738,11289,4404,1944618,1944619,1944615,1944616,0,0,0,0
1790157972.0447145,0,0,-6,-1,6778,19737,11289,4405,1944648,1944649,1944645,1944646,0,0,0,0
1790157972.239043,4,5,3,3,6784,19740,11291,4410,1944678,1944679,1944675,1944676,0,0,0,0
1790157972.239043,3,-1,-2,2,6789,19741,11292,4412,1944708,1944709,1944705,1944706,0,0,0,0
1790157972.239043,0,7,3,-2,6775,19735,11290,4406,1944738,1944739,1944735,1944736,0,0,0,0
1790157972.239043,1,-3,3,3,6776,19738,11289,4403,1944768,1944769,1944765,1944766,0,0,0,0
1790157972.3534417,1,2,-3,1,6780,19736,11292,4406,1944828,1944829,1944825,1944826,0,0,0,0
1790157972.4241207,0,-2,1,2,6786,19736,11289,4410,1944858,1944859,1944855,1944856,0,0,0,0
1790157972.4345145,3,2,4,-3,6788,19737,11288,4411,1944888,1944889,1944885,1944886,0,0,0,0
1790157972.652986,-3,5,0,-3,6786,19736,11285,4409,1944978,1944979,1944975,1944976,0,0,0,0
1790157972.6657367,0,1,0,0,6794,19731,11280,4417,1945008,1945009,1945005,1945006,0,0,0,0
1790157972.8575823,-7,-1,0,-1,6801,19729,11276,4423,1945068,1945069,1945065,1945066,0,0,0,0
1790157972.8575823,0,0,-3,-2,6799,19729,11275,4421,1945098,1945099,1945095,1945096,0,0,0,0
1790157972.8575823,3,1,-1,-3,6798,19730,11276,4420,1945128,1945129,1945125,1945126,0,0,0,0
1790157973.0566432,0,0,-3,-2,6798,19731,11277,4419,1945158,1945159,1945155,1945156,0,0,0,0
1790157973.0666783,2,-4,-2,-4,6779,19730,11276,4407,1945218,1945219,1945215,1945216,0,0,0,0
1790157973.0666783,7,3,-1,2,6761,19762,11307,4386,1945248,1945249,1945245,1945246,0,0,0,0
1790157973.2622724,0,1,0,4,6762,19760,11313,4388,1945278,1945279,1945275,1945276,0,0,0,0
1790157973.2622724,-7,0,-1,1,6803,19733,11282,4424,1945368,1945369,1945365,1945366,0,0,0,0
1790157973.3693302,0,3,-2,2,6788,19744,11290,4412,1945428,1945429,1945425,1945426,0,0,0,0
1790157973.4723291,2,1,-1,-4,6779,19750,11298,4403,1945458,1945459,1945455,1945456,0,0,0,0
1790157973.4723291,-7,-2,-2,-1,6778,19750,11300,4402,1945488,1945489,1945485,1945486,0,0,0,0
1790157973.5039124,-2,-1,-1,1,6783,19747,11298,4406,1945518,1945519,1945515,1945516,0,0,0,0
1790157973.6760068,-6,-2,1,-3,6787,19742,11292,4411,1945548,1945549,1945545,1945546,0,0,0,0
1790157973.6760068,-1,-2,7,1,6785,19739,11288,4409,1945608,1945609,1945605,1945606,0,0,0,0
1790157973.6853259,-1,-2,7,1,6785,19739,11288,4409,1945608,1945609,1945605,1945606,0,0,0,0
1790157973.796671,2,-3,3,-3,6783,19743,11295,4408,1945638,1945639,1945635,1945636,0,0,0,0
1790157973.8034432,4,2,-2,-1,6792,19742,11289,4413,1945728,1945729,1945725,1945726,0,0,0,0
1790157973.884799,3,-4,-1,5,6800,19732,11285,4418,1945758,1945759,1945755,1945756,0,0,0,0
1790157973.9174395,19,-12,-9,3,6960,19548,11179,4524,1945788,1945789,1945785,1945786,0,0,0,0
1790157973.9975958,54,-62,-28,46,8243,18396,10510,5062,1945818,1945819,1945815,1945816,0,0,0,0
1790157974.0441344,52,-61,-73,53,10198,16354,9152,6933,1945848,1945849,1945845,1945846,0,0,0,0
1790157974.0864205,57,-72,-79,89,11802,14608,7154,8884,1945878,1945879,1945875,1945876,0,0,0,0
1790157974.2055101,72,-75,-69,70,15771,10695,3115,12811,1945938,1945939,1945935,1945936,0,0,0,0
1790157974.2610643,72,-71,-72,63,17728,8835,1122,14879,1945968,1945969,1945965,1945966,0,0,0,0
1790157974.2665422,60,-57,-62,62,19465,7105,32048,16521,1945998,1945999,1945995,1945996,0,0,0,0
1790157974.3296175,45,-48,-46,53,20865,5638,30556,18063,1946028,1946029,1946025,1946026,0,0,0,0
1790157974.3647168,48,-44,-38,49,22250,4356,29214,19374,1946058,1946059,1946055,1946056,0,0,0,0
1790157974.4831154,43,-51,-49,48,23446,3088,28002,20666,1946088,1946089,1946085,1946086,0,0,0,0
1790157974.488206,62,-52,-42,48,24880,1776,26649,22000,1946118,1946119,1946115,1946116,0,0,0,0
1790157974.5447779,70,-62,-65,58,26351,239,25135,23426,1946148,1946149,1946145,1946146,0,0,0,0
1790157974.6083944,45,-55,-62,73,28006,31248,23480,25132,1946178,1946179,1946175,1946176,0,0,0,0
1790157974.6496868,71,-72,-62,59,29777,29572,21678,26859,1946208,1946209,1946205,1946206,0,0,0,0
1790157974.7117717,56,-51,-61,66,31523,27840,19868,28747,1946238,1946239,1946235,1946236,0,0,0,0
1790157974.7608109,61,-54,-69,50,472,26151,18233,30446,1946268,1946269,1946265,1946266,0,0,0,0
1790157974.816526,50,-61,-56,73,2074,24570,16544,32048,1946298,1946299,1946295,1946296,0,0,0,0
1790157974.8294976,57,-52,-51,50,3509,23079,15052,804,1946328,1946329,1946325,1946326,0,0,0,0
1790157974.8738573,51,-49,-49,44,4957,21653,13649,2238,1946358,1946359,1946355,1946356,0,0,0,0
1790157975.0033576,57,-59,-53,55,6398,20163,12244,3618,1946388,1946389,1946385,1946386,0,0,0,0
1790157975.0675628,52,-54,-49,62,7885,18741,10678,5164,1946418,1946419,1946415,1946416,0,0,0,0
1790157975.087037,76,-75,-66,69,11044,15454,7596,8333,1946478,1946479,1946475,1946476,0,0,0,0
1790157975.1488879,62,-56,-53,60,12694,13869,5833,10097,1946508,1946509,1946505,1946506,0,0,0,0
1790157975.2668936,51,-63,-65,60,14348,12225,4185,11751,1946538,1946539,1946535,1946536,0,0,0,0
1790157975.3115168,51,-59,-60,71,16046,10610,2539,13368,1946568,1946569,1946565,1946566,0,0,0,0
1790157975.3115168,52,-42,-53,49,17589,9115,988,15012,1946598,1946599,1946595,1946596,0,0,0,0
1790157975.3438964,55,-58,-61,59,19068,7527,32244,16484,1946628,1946629,1946625,1946626,0,0,0,0
1790157975.4088182,53,-53,-63,65,20541,6044,30766,18038,1946658,1946659,1946655,1946656,0,0,0,0
1790157975.4569387,55,-52,-49,47,22082,4524,29221,19521,1946688,1946689,1946685,1946686,0,0,0,0
1790157975.521597,61,-63,-59,78,25194,1469,26168,22642,1946748,1946749,1946745,1946746,0,0,0,0
1790157975.6096585,62,-54,-69,59,28330,30918,22882,25947,1946808,1946809,1946805,1946806,0,0,0,0
1790157975.6674018,58,-68,-59,63,30002,29312,21241,27574,1946838,1946839,1946835,1946836,0,0,0,0
1790157975.742861,55,-55,-48,50,31543,27780,19579,29155,1946868,1946869,1946865,1946866,0,0,0,0
1790157975.7811882,58,-56,-59,55,313,26241,18073,30696,1946898,1946899,1946895,1946896,0,0,0,0
1790157975.8459513,62,-52,-57,61,1887,24667,16540,32287,1946928,1946929,1946925,1946926,0,0,0,0
1790157975.870613,53,-50,-52,50,3369,23178,15002,1089,1946958,1946959,1946955,1946956,0,0,0,0
1790157975.9434762,66,-61,-61,61,5012,21642,13392,2650,1946988,1946989,1946985,1946986,0,0,0,0
1790157976.043604,23,-19,-6,12,7472,19209,11109,5120,1947048,1947049,1947045,1947046,0,0,0,0
1790157976.086228,10,-10,-5,17,7912,18762,11399,5432,1947078,1947079,1947075,1947076,0,0,0,0
1790157976.1674333,9,-16,-3,7,8193,18483,11041,5722,1947108,1947109,1947105,1947106,0,0,0,0
1790157976.2635555,3,-6,-4,5,8364,18314,10870,5868,1947138,1947139,1947135,1947136,0,0,0,0
1790157976.2635555,0,0,-5,3,8444,18233,10786,5934,1947168,1947169,1947165,1947166,0,0,0,0
1790157976.2955816,-1,-1,-2,-4,8465,18209,10761,5951,1947198,1947199,1947195,1947196,0,0,0,0
1790157976.379237,-1,-1,-3,1,8445,18227,10774,5930,1947228,1947229,1947225,1947226,0,0,0,0
1790157976.4079778,-4,-1,3,-1,8375,18294,10846,5860,1947288,1947289,1947285,1947286,0,0,0,0
1790157976.509155,1,3,-3,0,8358,18310,10865,5844,1947318,1947319,1947315,1947316,0,0,0,0
1790157976.509155,0,1,2,5,8356,18311,10868,5841,1947348,1947349,1947345,1947346,0,0,0,0
1790157976.5994916,1,-2,1,0,8374,18295,10851,5857,1947408,1947409,1947405,1947406,0,0,0,0
1790157976.6488757,0,-2,1,1,8380,18291,10848,5863,1947438,1947439,1947435,1947436,0,0,0,0
1790157976.7269857,-1,0,-3,-2,8383,18293,10848,5862,1947468,1947469,1947465,1947466,0,0,0,0
1790157976.7492065,-3,2,-2,-2,8377,18293,10847,5857,1947498,1947499,1947495,1947496,0,0,0,0
1790157976.846434,1,2,0,2,8378,18291,10847,5858,1947558,1947559,1947555,1947556,0,0,0,0
1790157976.9468224,1,1,-1,1,8382,18290,10844,5860,1947588,1947589,1947585,1947586,0,0,0,0
1790157976.9688768,1,5,1,-1,8382,18289,10844,5860,1947618,1947619,1947615,1947616,0,0,0,0
1790157977.0858965,1,-2,3,-1,8380,18291,10846,5860,1947648,1947649,1947645,1947646,0,0,0,0
1790157977.0994368,-3,3,-1,-3,8376,18294,10850,5855,1947708,1947709,1947705,1947706,0,0,0,0
1790157977.2656007,3,5,-4,1,8395,18296,10853,5869,1947738,1947739,1947735,1947736,0,0,0,0
1790157977.2656007,0,-1,-3,2,8406,18266,10824,5880,1947768,1947769,1947765,1947766,0,0,0,0
1790157977.2656007,-1,0,-2,-3,8406,18263,10821,5883,1947798,1947799,1947795,1947796,0,0,0,0
1790157977.3003566,3,-1,0,-5,8392,18282,10837,5870,1947828,1947829,1947825,1947826,0,0,0,0
1790157977.3975337,-5,-7,-1,1,8381,18297,10852,5856,1947858,1947859,1947855,1947856,0,0,0,0
1790157977.3975337,-1,0,-2,0,8372,18301,10859,5849,1947888,1947889,1947885,1947886,0,0,0,0
1790157977.5294287,5,0,0,0,8375,18297,10856,5852,1947918,1947919,1947915,1947916,0,0,0,0
1790157977.5453546,0,-2,-2,4,8382,18290,10848,5858,1947948,1947949,1947945,1947946,0,0,0,0
1790157977.5641744,5,-1,-6,-2,8385,18287,10846,5860,1947978,1947979,1947975,1947976,0,0,0,0
1790157977.6827378,2,1,5,-2,8370,18287,10841,5843,1948038,1948039,1948035,1948036,0,0,0,0
1790157977.72626,6,-2,3,4,8373,18287,10834,5844,1948068,1948069,1948065,1948066,0,0,0,0
1790157977.8353374,-3,2,-5,2,8379,18283,10833,5848,1948098,1948099,1948095,1948096,0,0,0,0
1790157977.850392,0,5,0,0,8379,18281,10833,5850,1948128,1948129,1948125,1948126,0,0,0,0
1790157977.870616,0,-2,-1,-6,8377,18285,10837,5846,1948158,1948159,1948155,1948156,0,0,0,0
1790157977.9763157,-1,-4,-2,-1,8383,18297,10850,5854,1948188,1948189,1948185,1948186,0,0,0,0
1790157977.9763157,-2,-6,-4,0,8376,18298,10852,5845,1948218,1948219,1948215,1948216,0,0,0,0
1790157978.105555,1,1,0,-1,8372,18296,10852,5842,1948248,1948249,1948245,1948246,0,0,0,0
1790157978.1213064,11,2,0,-1,8376,18298,10851,5843,1948278,1948279,1948275,1948276,0,0,0,0
1790157978.2518353,5,0,8,3,8375,18291,10845,5844,1948368,1948369,1948365,1948366,0,0,0,0
1790157978.2875443,1,2,-5,-3,8375,18293,10846,5844,1948398,1948399,1948395,1948396,0,0,0,0
1790157978.4036267,2,-2,0,1,8374,18293,10848,5844,1948428,1948429,1948425,1948426,0,0,0,0
1790157978.411884,-4,4,1,2,8376,18291,10846,5845,1948458,1948459,1948455,1948456,0,0,0,0
1790157978.447825,-2,-4,-3,-2,8373,18281,10835,5837,1948488,1948489,1948485,1948486,0,0,0,0
1790157978.57343,-2,-2,1,-4,8405,18259,10810,5865,1948578,1948579,1948575,1948576,0,0,0,0
1790157978.605648,-1,-1,3,0,8389,18277,10827,5853,1948608,1948609,1948605,1948606,0,0,0,0
1790157978.7186346,-2,-6,-7,-3,8410,18262,10810,5864,1948668,1948669,1948665,1948666,0,0,0,0
1790157978.7352045,-3,0,-2,1,8409,18259,10805,5865,1948698,1948699,1948695,1948696,0,0,0,0
1790157978.866154,-1,3,3,3,8392,18273,10819,5853,1948728,1948729,1948725,1948726,0,0,0,0
1790157978.866154,4,-4,1,-2,8375,18288,10835,5837,1948758,1948759,1948755,1948756,0,0,0,0
1790157978.898597,0,-3,1,-1,8369,18294,10843,5832,1948788,1948789,1948785,1948786,0,0,0,0
1790157979.0108,-1,2,-1,-2,8371,18291,10841,5835,1948818,1948819,1948815,1948816,0,0,0,0
1790157979.0269685,-2,2,-4,1,8377,18286,10835,5838,1948848,1948849,1948845,1948846,0,0,0,0
1790157979.1553152,0,1,3,-3,8380,18283,10831,5842,1948878,1948879,1948875,1948876,0,0,0,0
1790157979.1553152,-7,1,4,0,8381,18283,10830,5842,1948908,1948909,1948905,1948906,0,0,0,0
1790157979.1675062,-3,-3,-3,1,8378,18285,10832,5840,1948938,1948939,1948935,1948936,0,0,0,0
1790157979.286822,-3,-2,-1,-3,8376,18286,10834,5838,1948968,1948969,1948965,1948966,0,0,0,0
1790157979.286822,-5,-1,1,-3,8377,18286,10833,5839,1948998,1948999,1948995,1948996,0,0,0,0
1790157979.3014684,0,-2,1,-1,8378,18286,10834,5839,1949028,1949029,1949025,1949026,0,0,0,0
1790157979.4137776,2,6,-3,15,8377,18285,10833,5840,1949088,1949089,1949085,1949086,0,0,0,0
1790157979.5253496,1,0,-5,-1,8377,18285,10833,5839,1949118,1949119,1949115,1949116,0,0,0,0
1790157979.5253496,-3,-2,1,-4,8378,18283,10832,5841,1949148,1949149,1949145,1949146,0,0,0,0
1790157979.5583184,2,4,-3,-4,8381,18284,10832,5841,1949178,1949179,1949175,1949176,0,0,0,0
1790157979.6725981,6,-4,-1,0,8382,18282,10831,5842,1949208,1949209,1949205,1949206,0,0,0,0
1790157979.6867037,5,-4,0,-1,8382,18281,10830,5843,1949238,1949239,1949235,1949236,0,0,0,0
1790157979.719153,-1,-7,-1,2,8384,18280,10828,5844,1949268,1949269,1949265,1949266,0,0,0,0
1790157979.8146102,0,5,-3,3,8384,18281,10829,5844,1949298,1949299,1949295,1949296,0,0,0,0
1790157979.8306851,-3,-5,0,1,8382,18280,10830,5843,1949328,1949329,1949325,1949326,0,0,0,0
1790157979.9283245,2,-2,2,0,8384,18281,10830,5845,1949358,1949359,1949355,1949356,0,0,0,0
1790157979.9447646,-4,0,-1,1,8386,18275,10826,5846,1949388,1949389,1949385,1949386,0,0,0,0
1790157979.964202,0,1,-2,-3,8389,18274,10823,5850,1949418,1949419,1949415,1949416,0,0,0,0
1790157980.0576525,-2,-3,-1,-2,8389,18275,10824,5849,1949478,1949479,1949475,1949476,0,0,0,0
1790157980.186486,-1,5,-5,-1,8388,18278,10825,5848,1949508,1949509,1949505,1949506,0,0,0,0
1790157980.202705,1,5,3,0,8404,18287,10831,5857,1949538,1949539,1949535,1949536,0,0,0,0
1790157980.2188091,-1,-2,-1,-6,8391,18281,10828,5845,1949568,1949569,1949565,1949566,0,0,0,0
1790157980.3311968,0,4,-1,-2,8388,18291,10841,5846,1949628,1949629,1949625,1949626,0,0,0,0
1790157980.4442463,2,0,5,2,8392,18287,10835,5847,1949658,1949659,1949655,1949656,0,0,0,0
1790157980.4442463,-4,-1,1,0,8394,18281,10830,5850,1949688,1949689,1949685,1949686,0,0,0,0
1790157980.476085,3,-3,-4,2,8402,18283,10832,5857,1949718,1949719,1949715,1949716,0,0,0,0
1790157980.572282,0,-4,-4,1,8402,18266,10818,5857,1949778,1949779,1949775,1949776,0,0,0,0
1790157980.7015102,3,2,-1,2,8400,18266,10819,5857,1949808,1949809,1949805,1949806,0,0,0,0
1790157980.7015102,-3,-3,3,1,8395,18272,10823,5853,1949838,1949839,1949835,1949836,0,0,0,0
1790157980.7492595,-1,-1,-2,1,8392,18275,10827,5850,1949868,1949869,1949865,1949866,0,0,0,0
1790157980.8297722,0,0,2,-3,8392,18274,10827,5850,1949898,1949899,1949895,1949896,0,0,0,0
1790157980.8458383,-8,-5,-1,0,8394,18273,10825,5851,1949928,1949929,1949925,1949926,0,0,0,0
1790157980.8781862,-3,0,-1,-1,8395,18271,10824,5852,1949958,1949959,1949955,1949956,0,0,0,0
1790157980.9418309,3,-2,-1,2,8381,18270,10821,5840,1949988,1949989,1949985,1949986,0,0,0,0
1790157980.9895966,2,-9,4,0,8362,18299,10846,5824,1950018,1950019,1950015,1950016,0,0,0,0
1790157981.0369332,1,-6,-4,0,8367,18295,10859,5829,1950048,1950049,1950045,1950046,0,0,0,0
1790157981.0840023,0,-3,-5,-3,8378,18289,10851,5835,1950078,1950079,1950075,1950076,0,0,0,0
1790157981.1495583,-5,2,-2,6,8385,18280,10841,5845,1950108,1950109,1950105,1950106,0,0,0,0
1790157981.2108767,1,-2,-4,-5,8388,18283,10841,5847,1950138,1950139,1950135,1950136,0,0,0,0
1790157981.2424688,-4,0,-3,0,8384,18289,10848,5846,1950168,1950169,1950165,1950166,0,0,0,0
1790157981.3059905,1,-5,-3,-3,8385,18291,10850,5844,1950228,1950229,1950225,1950226,0,0,0,0
1790157981.3377235,1,-5,-3,-3,8385,18291,10850,5844,1950228,1950229,1950225,1950226,0,0,0,0
1790157981.4015307,-32,-72,-1,-1,8341,18144,10849,5845,1950258,1950259,1950255,1950256,0,0,0,0
1790157981.4389052,-53,-48,-44,-45,5345,15246,8031,3204,1950318,1950319,1950315,1950316,0,0,0,0
1790157981.5088394,-58,-49,-55,-54,4102,14001,6659,1807,1950348,1950349,1950345,1950346,0,0,0,0
1790157981.5504036,-58,-49,-55,-54,4102,14001,6659,1807,1950348,1950349,1950345,1950346,0,0,0,0
1790157981.5991027,-46,-59,-49,-50,1205,11090,3534,31400,1950408,1950409,1950405,1950406,0,0,0,0
1790157981.6474893,-46,-59,-49,-50,1205,11090,3534,31400,1950408,1950409,1950405,1950406,0,0,0,0
1790157981.6957796,-60,-52,-59,-56,30963,8096,520,28344,1950468,1950469,1950465,1950466,0,0,0,0
1790157981.751257,-60,-58,-50,-49,29376,6484,31649,26760,1950498,1950499,1950495,1950496,0,0,0,0
1790157981.8084173,-45,-66,-54,-67,27814,4771,30160,25340,1950528,1950529,1950525,1950526,0,0,0,0
1790157981.8492982,-64,-50,-53,-60,26064,3171,28608,23643,1950558,1950559,1950555,1950556,0,0,0,0
1790157981.9018276,-58,-71,-60,-49,24454,1580,26992,22081,1950588,1950589,1950585,1950586,0,0,0,0
1790157981.9447684,-57,-48,-66,-64,22902,32740,25509,20517,1950618,1950619,1950615,1950616,0,0,0,0
1790157982.0086195,-51,-56,-54,-66,21239,31090,23853,18878,1950648,1950649,1950645,1950646,0,0,0,0
1790157982.0412328,-56,-68,-63,-51,19767,29579,22132,17336,1950678,1950679,1950675,1950676,0,0,0,0
1790157982.1069565,-68,-48,-64,-62,18194,27863,20537,15631,1950708,1950709,1950705,1950706,0,0,0,0
1790157982.1395218,-56,-60,-62,-67,16535,26355,18917,14021,1950738,1950739,1950735,1950736,0,0,0,0
1790157982.2043338,-59,-60,-51,-52,14866,24748,17346,12361,1950768,1950769,1950765,1950766,0,0,0,0
1790157982.2368622,-74,-59,-57,-72,13242,23175,15773,10690,1950798,1950799,1950795,1950796,0,0,0,0
1790157982.3020415,-59,-59,-58,-51,11626,21534,14175,9217,1950828,1950829,1950825,1950826,0,0,0,0
1790157982.3505967,-56,-52,-54,-59,9987,19768,12531,7608,1950858,1950859,1950855,1950856,0,0,0,0
1790157982.3993475,-64,-67,-58,-64,8332,18202,10887,5952,1950888,1950889,1950885,1950886,0,0,0,0
1790157982.4476106,-54,-57,-69,-45,6796,16578,9275,4394,1950918,1950919,1950915,1950916,0,0,0,0
1790157982.496277,-65,-48,-64,-65,5104,14944,7628,2781,1950948,1950949,1950945,1950946,0,0,0,0
1790157982.5610728,-54,-60,-50,-52,3471,13393,5913,1111,1950978,1950979,1950975,1950976,0,0,0,0
1790157982.6097808,-66,-50,-67,-68,1905,11685,4269,32241,1951008,1951009,1951005,1951006,0,0,0,0
1790157982.6630242,-61,-61,-60,-55,247,10142,2649,30618,1951038,1951039,1951035,1951036,0,0,0,0
1790157982.707474,-52,-62,-55,-55,31409,8503,1046,28875,1951068,1951069,1951065,1951066,0,0,0,0
1790157982.7564158,-71,-66,-69,-71,29793,6861,32160,27175,1951098,1951099,1951095,1951096,0,0,0,0
1790157982.8837695,-61,-57,-60,-51,28094,5251,30479,25684,1951128,1951129,1951125,1951126,0,0,0,0
1790157982.8837695,-64,-64,-54,-58,26469,3468,28925,24048,1951158,1951159,1951155,1951156,0,0,0,0
1790157983.0947673,-67,-62,-69,-68,24818,1936,27319,22501,1951188,1951189,1951185,1951186,0,0,0,0
1790157983.0947673,-47,-57,-56,-49,23208,215,25767,20856,1951218,1951219,1951215,1951216,0,0,0,0
1790157983.0947673,-61,-65,-67,-50,20097,29836,22306,17565,1951278,1951279,1951275,1951276,0,0,0,0
1790157983.290417,-49,-56,-60,-58,18519,28031,20738,15965,1951308,1951309,1951305,1951306,0,0,0,0
1790157983.3063195,-65,-65,-59,-53,15099,24897,17551,12664,1951368,1951369,1951365,1951366,0,0,0,0
1790157983.3063195,-74,-52,-55,-67,13519,23297,16014,11157,1951398,1951399,1951395,1951396,0,0,0,0
1790157983.420089,-46,-58,-61,-57,11846,21678,14353,9468,1951428,1951429,1951425,1951426,0,0,0,0
1790157983.420089,-43,-48,-44,-43,10301,20062,12782,7885,1951458,1951459,1951455,1951456,0,0,0,0
1790157983.420089,-17,-26,-29,-23,9523,19274,11807,6977,1951488,1951489,1951485,1951486,0,0,0,0
1790157983.5011096,-20,-15,-28,-24,9030,18697,11160,6435,1951518,1951519,1951515,1951516,0,0,0,0
1790157983.711071,-11,-7,-17,-32,8652,18340,10577,5932,1951548,1951549,1951545,1951546,0,0,0,0
1790157983.711071,-1,4,1,1,8555,18275,10398,5719,1951608,1951609,1951605,1951606,0,0,0,0
1790157983.711071,-1,-3,2,4,8529,18308,10434,5706,1951638,1951639,1951635,1951636,0,0,0,0
1790157983.8071647,-2,3,-1,1,8499,18338,10459,5680,1951668,1951669,1951665,1951666,0,0,0,0
1790157983.8306007,-1,2,0,-1,8477,18355,10476,5663,1951698,1951699,1951695,1951696,0,0,0,0
1790157983.9178686,-3,-2,-1,1,8471,18358,10480,5660,1951728,1951729,1951725,1951726,0,0,0,0
1790157983.9178686,1,3,-3,4,8481,18353,10476,5670,1951758,1951759,1951755,1951756,0,0,0,0
1790157984.1158748,-4,-4,6,1,8489,18371,10491,5682,1951788,1951789,1951785,1951786,0,0,0,0
1790157984.1158748,4,-2,0,2,8497,18353,10482,5685,1951878,1951879,1951875,1951876,0,0,0,0
1790157984.327065,-7,0,-6,-1,8511,18343,10472,5697,1951908,1951909,1951905,1951906,0,0,0,0
1790157984.328069,2,-1,0,3,8501,18354,10479,5689,1952028,1952029,1952025,1952026,0,0,0,0
1790157984.4324546,4,1,5,5,8510,18347,10473,5697,1952088,1952089,1952085,1952086,0,0,0,0
1790157984.4466462,1,11,0,-4,8511,18348,10472,5697,1952118,1952119,1952115,1952116,0,0,0,0
1790157984.5291548,4,-4,0,1,8507,18352,10475,5694,1952148,1952149,1952145,1952146,0,0,0,0
1790157984.5500422,-4,2,-5,-1,8504,18354,10478,5692,1952178,1952179,1952175,1952176,0,0,0,0
1790157984.737475,1,0,4,1,8504,18354,10479,5693,1952208,1952209,1952205,1952206,0,0,0,0
1790157984.737475,2,-2,-2,-1,8506,18352,10478,5695,1952268,1952269,1952265,1952266,0,0,0,0
1790157984.750792,-1,-3,-1,-2,8504,18355,10479,5692,1952298,1952299,1952295,1952296,0,0,0,0
1790157984.9450352,1,1,2,-3,8460,18412,10522,5660,1952358,1952359,1952355,1952356,0,0,0,0
1790157984.9450352,2,-3,-4,0,8446,18385,10509,5653,1952388,1952389,1952385,1952386,0,0,0,0
1790157985.0507066,1,2,-1,-5,8470,18376,10505,5672,1952418,1952419,1952415,1952416,0,0,0,0
1790157985.1131752,-3,-4,2,3,8502,18360,10484,5696,1952478,1952479,1952475,1952476,0,0,0,0
1790157985.1465747,2,8,1,-1,8497,18361,10486,5692,1952508,1952509,1952505,1952506,0,0,0,0
1790157985.2260325,59,-58,-28,33,9471,17181,10077,6241,1952568,1952569,1952565,1952566,0,0,0,0
1790157985.3553846,58,-63,-71,81,11468,15234,8508,7551,1952598,1952599,1952595,1952596,0,0,0,0
1790157985.370998,71,-62,-84,68,15055,11677,4965,11554,1952658,1952659,1952655,1952656,0,0,0,0
1790157985.4366899,80,-81,-73,80,17133,9672,2847,13679,1952688,1952689,1952685,1952686,0,0,0,0
1790157985.4852667,73,-75,-72,76,19197,7642,715,15695,1952718,1952719,1952715,1952716,0,0,0,0
1790157985.5482588,55,-60,-59,58,20881,5890,31607,17538,1952748,1952749,1952745,1952746,0,0,0,0
1790157985.5973928,51,-51,-51,45,22544,4403,30104,19083,1952778,1952779,1952775,1952776,0,0,0,0
1790157985.727161,50,-53,-50,45,25115,1854,27534,21736,1952838,1952839,1952835,1952836,0,0,0,0
1790157985.742922,54,-51,-50,44,26371,534,26238,23041,1952868,1952869,1952865,1952866,0,0,0,0
1790157985.8067107,49,-64,-61,49,27856,31740,24719,24436,1952898,1952899,1952895,1952896,0,0,0,0
1790157985.8556707,60,-54,-58,65,29425,30258,23193,26130,1952928,1952929,1952925,1952926,0,0,0,0
1790157985.9205234,64,-70,-66,54,31210,28444,21407,27865,1952958,1952959,1952955,1952956,0,0,0,0
1790157985.952654,65,-58,-63,75,177,26647,19524,29680,1952988,1952989,1952985,1952986,0,0,0,0
1790157986.049528,69,-76,-70,53,1917,25012,17811,31411,1953018,1953019,1953015,1953016,0,0,0,0
1790157986.0698924,56,-50,-51,60,3498,23388,16223,322,1953048,1953049,1953045,1953046,0,0,0,0
1790157986.1301572,51,-50,-53,56,5025,21902,14712,1896,1953078,1953079,1953075,1953076,0,0,0,0
1790157986.1626985,52,-64,-59,48,6495,20404,13295,3279,1953108,1953109,1953105,1953106,0,0,0,0
1790157986.2440906,48,-55,-58,47,7911,18972,11791,4702,1953138,1953139,1953135,1953136,0,0,0,0
1790157986.323977,45,-50,-48,58,9404,17487,10367,6194,1953168,1953169,1953165,1953166,0,0,0,0
1790157986.3401859,58,-56,-53,68,14269,12681,5549,11174,1953258,1953259,1953255,1953256,0,0,0,0
1790157986.4370527,58,-56,-53,68,14269,12681,5549,11174,1953258,1953259,1953255,1953256,0,0,0,0
1790157986.4370527,50,-60,-56,70,17549,9459,2191,14468,1953318,1953319,1953315,1953316,0,0,0,0
1790157986.5815148,56,-49,-60,53,19080,7924,634,16020,1953348,1953349,1953345,1953346,0,0,0,0
1790157986.5815148,52,-71,-64,48,20571,6424,31841,17587,1953378,1953379,1953375,1953376,0,0,0,0
1790157986.5999556,57,-53,-43,57,22085,4845,30329,19087,1953408,1953409,1953405,1953406,0,0,0,0
1790157986.7004175,53,-52,-49,63,23507,3376,28845,20624,1953438,1953439,1953435,1953436,0,0,0,0
1790157986.7102642,67,-60,-65,48,25125,1933,27326,22111,1953468,1953469,1953465,1953466,0,0,0,0
1790157986.8252225,60,-64,-60,65,26676,309,25801,23647,1953498,1953499,1953495,1953496,0,0,0,0
1790157986.8430142,59,-52,-56,61,28244,31387,24129,25321,1953528,1953529,1953525,1953526,0,0,0,0
1790157986.887381,64,-66,-59,59,29925,29820,22386,26959,1953558,1953559,1953555,1953556,0,0,0,0
1790157986.903469,52,-58,-52,62,31510,28151,20820,28607,1953588,1953589,1953585,1953586,0,0,0,0
1790157986.9702132,65,-52,-59,57,330,26610,19217,30211,1953618,1953619,1953615,1953616,0,0,0,0
1790157987.0170722,59,-58,-57,57,1887,25117,17671,31648,1953648,1953649,1953645,1953646,0,0,0,0
1790157987.17836,59,-62,-59,55,6547,20488,13045,3602,1953738,1953739,1953735,1953736,0,0,0,0
1790157987.4063823,34,-44,-37,45,7887,19142,11618,5054,1953768,1953769,1953765,1953766,0,0,0,0
1790157987.4063823,2,31,5,-1,8698,18960,10428,5767,1953828,1953829,1953825,1953826,0,0,0,0
1790157987.4063823,-9,2,8,2,8752,19359,10630,5810,1953858,1953859,1953855,1953856,0,0,0,0
1790157987.4385083,0,9,1,-1,8650,19457,10749,5726,1953888,1953889,1953885,1953886,0,0,0,0
1790157987.600073,0,4,5,-3,8587,19512,10827,5672,1953918,1953919,1953915,1953916,0,0,0,0
1790157987.6060739,4,2,-4,3,8552,19532,10859,5646,1953948,1953949,1953945,1953946,0,0,0,0
1790157987.6060739,-2,1,-5,-1,8554,19531,10865,5650,1953978,1953979,1953975,1953976,0,0,0,0
1790157987.8069541,1,0,-4,-2,8573,19515,10849,5662,1954008,1954009,1954005,1954006,0,0,0,0
1790157987.8112228,-3,-5,1,3,8635,19470,10801,5711,1954098,1954099,1954095,1954096,0,0,0,0
1790157988.0098665,-1,-1,-7,-1,8676,19471,10804,5743,1954188,1954189,1954185,1954186,0,0,0,0
1790157988.0177429,-2,0,-1,0,8684,19479,10808,5747,1954218,1954219,1954215,1954216,0,0,0,0
1790157988.0177429,1,-18,2,1,8683,19481,10808,5747,1954248,1954249,1954245,1954246,0,0,0,0
1790157988.1254582,-6,2,-3,-2,8679,19479,10807,5743,1954308,1954309,1954305,1954306,0,0,0,0
1790157988.2110658,1,0,1,2,8676,19475,10805,5742,1954338,1954339,1954335,1954336,0,0,0,0
1790157988.3823323,-1,-3,1,-2,8675,19473,10805,5739,1954368,1954369,1954365,1954366,0,0,0,0
1790157988.3823323,-5,-7,-3,-4,8674,19473,10808,5741,1954428,1954429,1954425,1954426,0,0,0,0
1790157988.3823323,-1,-1,2,-1,8677,19474,10809,5745,1954458,1954459,1954455,1954456,0,0,0,0
1790157988.4453735,-1,-3,1,-6,8679,19475,10809,5745,1954488,1954489,1954485,1954486,0,0,0,0
1790157988.6259203,0,1,-3,-1,8724,19458,10801,5788,1954548,1954549,1954545,1954546,0,0,0,0
1790157988.6259203,3,6,-1,3,8724,19456,10798,5792,1954578,1954579,1954575,1954576,0,0,0,0
1790157988.8312268,2,1,-1,-2,8682,19488,10834,5756,1954668,1954669,1954665,1954666,0,0,0,0
1790157988.8334124,-3,-3,-1,0,8678,19491,10839,5753,1954698,1954699,1954695,1954696,0,0,0,0
1790157988.8493638,2,0,0,-1,8679,19489,10837,5754,1954728,1954729,1954725,1954726,0,0,0,0
1790157989.034952,-4,1,-1,1,8703,19481,10825,5776,1954848,1954849,1954845,1954846,0,0,0,0
1790157989.049044,3,0,-7,8,8708,19480,10833,5783,1954878,1954879,1954875,1954876,0,0,0,0
1790157989.2150636,0,2,0,-1,8700,19481,10841,5782,1954908,1954909,1954905,1954906,0,0,0,0
1790157989.2346737,-1,1,0,-3,8692,19489,10854,5776,1954968,1954969,1954965,1954966,0,0,0,0
1790157989.4464207,-6,-1,-2,3,8690,19506,10888,5788,1955088,1955089,1955085,1955086,0,0,0,0
1790157989.4464207,-4,-1,4,1,8686,19506,10890,5786,1955118,1955119,1955115,1955116,0,0,0,0
1790157989.6437368,-4,-1,-2,0,8687,19506,10888,5785,1955148,1955149,1955145,1955146,0,0,0,0
1790157989.6437368,-2,0,-2,1,8690,19505,10888,5787,1955178,1955179,1955175,1955176,0,0,0,0
1790157989.6437368,1,0,2,0,8691,19504,10887,5790,1955208,1955209,1955205,1955206,0,0,0,0
1790157989.8549962,-2,2,0,-1,8691,19504,10887,5790,1955238,1955239,1955235,1955236,0,0,0,0
1790157989.8549962,1,2,-8,-2,8716,19472,10855,5808,1955328,1955329,1955325,1955326,0,0,0,0
1790157989.8707104,-5,1,-2,-4,8741,19467,10849,5829,1955358,1955359,1955355,1955356,0,0,0,0
1790157990.0348604,-2,-4,0,-9,8719,19493,10873,5813,1955418,1955419,1955415,1955416,0,0,0,0
1790157990.051893,-4,1,2,2,8704,19507,10891,5801,1955448,1955449,1955445,1955446,0,0,0,0
1790157990.265286,-3,-3,-2,0,8695,19514,10900,5793,1955478,1955479,1955475,1955476,0,0,0,0
1790157990.2670417,-1,4,3,-3,8728,19481,10860,5821,1955568,1955569,1955565,1955566,0,0,0,0
1790157990.2670417,1,-1,-3,-2,8715,19489,10869,5810,1955598,1955599,1955595,1955596,0,0,0,0
1790157990.4733856,2,0,0,-1,8668,19523,10911,5773,1955688,1955689,1955685,1955686,0,0,0,0
1790157990.4908109,1,-4,4,0,8670,19524,10915,5773,1955718,1955719,1955715,1955716,0,0,0,0
1790157990.6718402,-4,-1,0,2,8675,19520,10909,5778,1955748,1955749,1955745,1955746,0,0,0,0
1790157990.6718402,-3,1,0,-1,8680,19517,10904,5780,1955808,1955809,1955805,1955806,0,0,0,0
1790157990.6916008,1,6,-1,-5,8679,19518,10905,5780,1955838,1955839,1955835,1955836,0,0,0,0
1790157990.8800273,3,-2,12,1,8676,19517,10906,5778,1955928,1955929,1955925,1955926,0,0,0,0
1790157990.8800273,0,0,2,0,8678,19515,10903,5780,1955958,1955959,1955955,1955956,0,0,0,0
1790157991.0790808,-2,-3,0,2,8681,19515,10902,5782,1955988,1955989,1955985,1955986,0,0,0,0
1790157991.0790808,3,-4,-1,-3,8682,19513,10901,5783,1956048,1956049,1956045,1956046,0,0,0,0
1790157991.0909686,-2,0,6,0,8683,19513,10900,5784,1956078,1956079,1956075,1956076,0,0,0,0
1790157991.2850924,-1,1,0,2,8688,19509,10897,5788,1956168,1956169,1956165,1956166,0,0,0,0
1790157991.4792023,2,-4,6,0,8695,19505,10891,5793,1956258,1956259,1956255,1956256,0,0,0,0
1790157991.4792023,0,-1,-1,-5,8693,19505,10892,5792,1956288,1956289,1956285,1956286,0,0,0,0
1790157991.6987066,-2,-4,-5,5,8708,19511,10897,5795,1956438,1956439,1956435,1956436,0,0,0,0
1790157991.7064865,-4,-3,0,2,8709,19520,10909,5803,1956468,1956469,1956465,1956466,0,0,0,0
1790157991.8746567,4,-1,-4,0,8710,19525,10918,5805,1956498,1956499,1956495,1956496,0,0,0,0
1790157991.8746567,0,2,3,-2,8704,19529,10923,5799,1956528,1956529,1956525,1956526,0,0,0,0
1790157991.8877873,-2,-1,3,2,8696,19530,10925,5795,1956558,1956559,1956555,1956556,0,0,0,0
1790157992.1124396,0,-3,-5,0,8700,19524,10925,5801,1956678,1956679,1956675,1956676,0,0,0,0
1790157992.3067021,-1,0,-2,0,8704,19524,10925,5804,1956708,1956709,1956705,1956706,0,0,0,0
1790157992.3067021,-2,1,0,-1,8701,19530,10929,5801,1956798,1956799,1956795,1956796,0,0,0,0
1790157992.3282752,-2,-2,-1,0,8701,19532,10931,5801,1956828,1956829,1956825,1956826,0,0,0,0
1790157992.4688177,2,-2,1,1,8700,19533,10932,5799,1956858,1956859,1956855,1956856,0,0,0,0
1790157992.4688177,3,-3,2,-1,8676,19532,10926,5786,1956888,1956889,1956885,1956886,0,0,0,0
1790157992.4931924,1,-1,1,0,8654,19559,10955,5771,1956918,1956919,1956915,1956916,0,0,0,0
1790157992.5986373,-5,3,1,-3,8673,19558,10978,5787,1956978,1956979,1956975,1956976,0,0,0,0
1790157992.7167478,-2,-1,-4,-4,8675,19559,10978,5791,1957008,1957009,1957005,1957006,0,0,0,0
1790157992.7167478,-4,-2,-4,-6,8680,19561,10980,5794,1957038,1957039,1957035,1957036,0,0,0,0
1790157992.7284265,-2,2,1,-1,8682,19562,10981,5795,1957068,1957069,1957065,1957066,0,0,0,0
1790157992.9051254,0,2,1,2,8683,19562,10978,5796,1957098,1957099,1957095,1957096,0,0,0,0
1790157992.9051254,-2,-4,1,-1,8678,19562,10977,5792,1957158,1957159,1957155,1957156,0,0,0,0
1790157992.924953,-3,1,0,-12,8675,19562,10978,5789,1957188,1957189,1957185,1957186,0,0,0,0
1790157993.1312535,49,52,48,64,11475,22749,13671,8476,1957278,1957279,1957275,1957276,0,0,0,0
1790157993.3262465,50,57,52,51,14254,25436,16401,11325,1957338,1957339,1957335,1957336,0,0,0,0
1790157993.3262465,51,90,54,56,17310,28317,19598,14416,1957398,1957399,1957395,1957396,0,0,0,0
1790157993.3422878,48,64,54,55,18728,29916,21128,15844,1957428,1957429,1957425,1957426,0,0,0,0
1790157993.4723082,60,55,72,46,20330,31424,22767,17403,1957458,1957459,1957455,1957456,0,0,0,0
1790157993.4723082,71,63,48,58,21917,313,24264,18892,1957488,1957489,1957485,1957486,0,0,0,0
1790157993.4880962,53,57,54,66,23498,1920,25949,20477,1957518,1957519,1957515,1957516,0,0,0,0
1790157993.553285,66,53,68,52,25223,3490,27487,22030,1957548,1957549,1957545,1957546,0,0,0,0
1790157993.7487772,66,57,67,49,29934,8344,32437,26855,1957638,1957639,1957635,1957636,0,0,0,0
1790157993.7525058,51,62,54,60,31523,9905,1327,28462,1957668,1957669,1957665,1957666,0,0,0,0
1790157993.9456732,56,67,55,64,2074,13081,4576,31667,1957728,1957729,1957725,1957726,0,0,0,0
1790157993.9456732,71,56,63,58,3700,14760,6138,639,1957758,1957759,1957755,1957756,0,0,0,0
1790157994.1538885,40,49,57,63,7024,18018,9434,3799,1957818,1957819,1957815,1957816,0,0,0,0
1790157994.172647,7,12,12,12,9100,20009,11687,6002,1957908,1957909,1957905,1957906,0,0,0,0
1790157994.3503594,2,-1,2,2,9206,20161,11924,6202,1957938,1957939,1957935,1957936,0,0,0,0
1790157994.3503594,-1,2,3,-6,9129,20142,11918,6120,1957968,1957969,1957965,1957966,0,0,0,0
1790157994.3661263,3,-2,-2,-4,9071,20210,11971,6038,1958028,1958029,1958025,1958026,0,0,0,0
1790157994.480109,4,1,-3,1,9033,20248,12014,5991,1958118,1958119,1958115,1958116,0,0,0,0
1790157994.5711498,-2,2,-1,1,9035,20245,12012,5992,1958148,1958149,1958145,1958146,0,0,0,0
1790157994.7693012,3,3,0,-3,9039,20239,12006,5997,1958178,1958179,1958175,1958176,0,0,0,0
1790157994.7693012,2,-3,-8,-2,9042,20234,12001,6000,1958208,1958209,1958205,1958206,0,0,0,0
1790157994.7693012,4,-1,1,0,9040,20237,12002,5995,1958268,1958269,1958265,1958266,0,0,0,0
1790157994.9724033,3,-5,1,-1,9037,20239,12006,5993,1958298,1958299,1958295,1958296,0,0,0,0
1790157994.9724033,5,-1,-4,-1,9038,20238,12005,5992,1958328,1958329,1958325,1958326,0,0,0,0
1790157994.9724033,-2,-3,-4,-2,9027,20217,11963,5956,1958358,1958359,1958355,1958356,0,0,0,0
1790157994.9885533,0,2,-1,-7,9021,20214,11946,5939,1958448,1958449,1958445,1958446,0,0,0,0
1790157995.1831753,1,-2,4,1,9023,20216,11947,5939,1958508,1958509,1958505,1958506,0,0,0,0
1790157995.3822167,-3,-3,-5,0,9026,20211,11941,5942,1958568,1958569,1958565,1958566,0,0,0,0
1790157995.3822167,-3,-1,-4,-3,9066,20169,11909,5979,1958658,1958659,1958655,1958656,0,0,0,0
1790157995.493262,2,3,-1,3,9058,20140,11872,5969,1958688,1958689,1958685,1958686,0,0,0,0
1790157995.493262,1,5,-1,-5,9053,20125,11864,5970,1958718,1958719,1958715,1958716,0,0,0,0
1790157995.513135,-4,-1,0,-3,9054,20131,11870,5970,1958748,1958749,1958745,1958746,0,0,0,0
1790157995.5482776,-2,-7,-1,-2,9056,20126,11876,5966,1958778,1958779,1958775,1958776,0,0,0,0
1790157995.6106663,14,-21,-6,10,9220,19880,11772,6084,1958808,1958809,1958805,1958806,0,0,0,0
1790157995.6728892,92,-58,-49,35,10559,18748,11118,6701,1958838,1958839,1958835,1958836,0,0,0,0
1790157995.7287061,60,-72,-72,86,12463,16847,9629,8346,1958868,1958869,1958865,1958866,0,0,0,0
1790157995.8263717,50,-53,-68,61,14036,15012,7568,10165,1958898,1958899,1958895,1958896,0,0,0,0
1790157995.8329456,69,-84,-58,82,15881,13112,5601,12114,1958928,1958929,1958925,1958926,0,0,0,0
1790157995.8884096,70,-75,-63,64,17825,11163,3496,14189,1958958,1958959,1958955,1958956,0,0,0,0
1790157995.9387047,60,-64,-70,63,19781,9163,1582,16150,1958988,1958989,1958985,1958986,0,0,0,0
1790157996.007286,64,-62,-55,69,21441,7379,32568,17890,1959018,1959019,1959015,1959016,0,0,0,0
1790157996.013338,50,-53,-56,45,22984,5862,30947,19395,1959048,1959049,1959045,1959046,0,0,0,0
1790157996.1052642,45,-41,-50,41,24304,4517,29538,20787,1959078,1959079,1959075,1959076,0,0,0,0
1790157996.1121838,36,-43,-47,43,25570,3239,28294,22022,1959108,1959109,1959105,1959106,0,0,0,0
1790157996.204153,44,-61,-47,40,26921,1880,26910,23345,1959138,1959139,1959135,1959136,0,0,0,0
1790157996.226797,57,-62,-54,67,28310,373,25500,24766,1959168,1959169,1959165,1959166,0,0,0,0
1790157996.3074088,64,-55,-67,61,29977,31436,23828,26464,1959198,1959199,1959195,1959196,0,0,0,0
1790157996.3597107,62,-73,-53,61,31681,29823,22033,28126,1959228,1959229,1959225,1959226,0,0,0,0
1790157996.3729522,70,-54,-71,64,687,28023,20291,29961,1959258,1959259,1959255,1959256,0,0,0,0
1790157996.4860678,54,-59,-53,57,2364,26294,18615,31561,1959288,1959289,1959285,1959286,0,0,0,0
1790157996.5054405,68,-65,-61,61,3977,24714,16940,541,1959318,1959319,1959315,1959316,0,0,0,0
1790157996.5708508,51,-47,-52,46,5498,23231,15390,2105,1959348,1959349,1959345,1959346,0,0,0,0
1790157996.6122775,50,-48,-52,53,7035,21771,13938,3508,1959378,1959379,1959375,1959376,0,0,0,0
1790157996.6773183,63,-59,-58,55,8491,20171,12496,4991,1959408,1959409,1959405,1959406,0,0,0,0
1790157996.6932354,58,-50,-65,59,10027,18723,10967,6529,1959438,1959439,1959435,1959436,0,0,0,0
1790157996.8236887,57,-51,-64,52,11548,17170,9371,7996,1959468,1959469,1959465,1959466,0,0,0,0
1790157996.8236887,59,-53,-62,61,14740,13972,6093,11373,1959528,1959529,1959525,1959526,0,0,0,0
1790157996.888327,50,-58,-60,61,16325,12298,4500,12931,1959558,1959559,1959555,1959556,0,0,0,0
1790157996.9533465,58,-57,-63,71,17979,10681,2847,14638,1959588,1959589,1959585,1959586,0,0,0,0
1790157996.9853318,54,-55,-52,53,19544,9174,1256,16171,1959618,1959619,1959615,1959616,0,0,0,0
1790157997.0830815,56,-62,-52,47,22599,6085,30971,19332,1959678,1959679,1959675,1959676,0,0,0,0
1790157997.1480896,55,-44,-58,48,24122,4499,29365,20903,1959708,1959709,1959705,1959706,0,0,0,0
1790157997.2120605,45,-59,-56,59,25661,2958,27836,22402,1959738,1959739,1959735,1959736,0,0,0,0
1790157997.2632637,64,-60,-51,60,27362,1383,26285,23989,1959768,1959769,1959765,1959766,0,0,0,0
1790157997.3291352,56,-45,-56,63,28938,32631,24586,25624,1959798,1959799,1959795,1959796,0,0,0,0
1790157997.3897808,57,-52,-54,67,30503,30952,23059,27166,1959828,1959829,1959825,1959826,0,0,0,0
1790157997.4066238,65,-61,-56,51,32152,29305,21412,28882,1959858,1959859,1959855,1959856,0,0,0,0
1790157997.4713068,49,-46,-56,48,929,27798,19751,30434,1959888,1959889,1959885,1959886,0,0,0,0
1790157997.4861567,49,-55,-55,67,2456,26238,18298,31934,1959918,1959919,1959915,1959916,0,0,0,0
1790157997.6321354,64,-55,-61,55,4039,24693,16747,746,1959948,1959949,1959945,1959946,0,0,0,0
1790157997.6526387,53,-54,-51,65,7045,21690,13674,3802,1960008,1960009,1960005,1960006,0,0,0,0
1790157997.8270562,-7,-8,15,-1,8495,20099,12358,5390,1960068,1960069,1960065,1960066,0,0,0,0
1790157997.8439994,-4,-4,1,6,8871,20273,12534,5682,1960128,1960129,1960125,1960126,0,0,0,0
1790157998.038681,0,0,0,4,8887,20173,12506,5710,1960188,1960189,1960185,1960186,0,0,0,0
1790157998.038681,1,-3,1,3,8943,20115,12458,5753,1960248,1960249,1960245,1960246,0,0,0,0
1790157998.2561982,-2,-1,-3,2,8985,20067,12416,5789,1960308,1960309,1960305,1960306,0,0,0,0
1790157998.2561982,2,-1,0,-4,9009,20044,12395,5808,1960368,1960369,1960365,1960366,0,0,0,0
1790157998.271886,6,0,-2,-1,9015,20038,12390,5812,1960398,1960399,1960395,1960396,0,0,0,0
1790157998.444813,4,-7,4,6,9021,20037,12389,5820,1960428,1960429,1960425,1960426,0,0,0,0
1790157998.444813,-7,-1,-2,5,9010,19992,12375,5820,1960518,1960519,1960515,1960516,0,0,0,0
1790157998.556138,-10,5,-2,0,9020,19991,12370,5826,1960548,1960549,1960545,1960546,0,0,0,0
1790157998.6512764,-1,2,-1,1,9027,19988,12366,5830,1960578,1960579,1960575,1960576,0,0,0,0
1790157998.6686015,0,5,-4,1,9031,19986,12362,5834,1960608,1960609,1960605,1960606,0,0,0,0
1790157998.8188565,0,-1,-4,-4,9034,19983,12363,5838,1960638,1960639,1960635,1960636,0,0,0,0
1790157998.8188565,5,-5,4,2,9037,19976,12351,5838,1960668,1960669,1960665,1960666,0,0,0,0
1790157998.8333294,-4,-3,-2,-2,9045,19962,12341,5848,1960728,1960729,1960725,1960726,0,0,0,0
1790157999.0706422,0,-4,1,-3,9049,19962,12340,5850,1960758,1960759,1960755,1960756,0,0,0,0
1790157999.0706422,1,0,1,4,9068,19950,12336,5873,1960788,1960789,1960785,1960786,0,0,0,0
1790157999.2769234,-1,-1,2,1,9093,19920,12297,5895,1960878,1960879,1960875,1960876,0,0,0,0
1790157999.2769234,-1,-2,-1,6,9077,19937,12318,5879,1960968,1960969,1960965,1960966,0,0,0,0
1790157999.291488,5,-11,-4,0,9080,19933,12315,5881,1960998,1960999,1960995,1960996,0,0,0,0
1790157999.4785845,1,1,5,1,9084,19929,12310,5885,1961028,1961029,1961025,1961026,0,0,0,0
1790157999.4852896,-4,4,-1,-2,9099,19927,12308,5902,1961118,1961119,1961115,1961116,0,0,0,0
1790157999.6567273,-6,-1,-2,4,9098,19922,12300,5896,1961148,1961149,1961145,1961146,0,0,0,0
1790157999.6567273,1,0,-2,3,9096,19915,12299,5898,1961178,1961179,1961175,1961176,0,0,0,0
1790157999.6567273,-1,1,0,1,9095,19911,12297,5899,1961208,1961209,1961205,1961206,0,0,0,0
1790157999.880462,1,-2,0,2,9097,19918,12302,5901,1961268,1961269,1961265,1961266,0,0,0,0
1790157999.880462,5,2,-4,3,9088,19926,12319,5895,1961388,1961389,1961385,1961386,0,0,0,0
1790158000.081849,-4,-4,-5,-2,9101,19919,12308,5906,1961448,1961449,1961445,1961446,0,0,0,0
1790158000.097981,-3,4,-1,3,9101,19918,12308,5908,1961478,1961479,1961475,1961476,0,0,0,0
1790158000.097981,-6,-1,5,-3,9098,19920,12310,5904,1961508,1961509,1961505,1961506,0,0,0,0
1790158000.3003278,-4,-1,2,-1,9096,19922,12314,5902,1961538,1961539,1961535,1961536,0,0,0,0
1790158000.3043213,-1,-2,-3,-5,9093,19917,12311,5898,1961568,1961569,1961565,1961566,0,0,0,0
1790158000.32024,3,0,1,9,9109,19891,12283,5913,1961598,1961599,1961595,1961596,0,0,0,0
1790158000.32024,-2,-5,2,-1,9134,19881,12271,5940,1961628,1961629,1961625,1961626,0,0,0,0
1790158000.481899,0,1,5,-3,9135,19883,12270,5943,1961658,1961659,1961655,1961656,0,0,0,0
1790158000.5140917,-1,4,-1,-4,9121,19897,12283,5927,1961718,1961719,1961715,1961716,0,0,0,0
1790158000.531986,3,0,8,-1,9116,19895,12284,5922,1961748,1961749,1961745,1961746,0,0,0,0
1790158000.708623,5,0,-1,-4,9148,19852,12236,5957,1961838,1961839,1961835,1961836,0,0,0,0
1790158000.908742,-1,-2,2,-2,9116,19887,12277,5920,1961928,1961929,1961925,1961926,0,0,0,0
1790158001.1157548,-4,1,1,-1,9126,19875,12262,5931,1962048,1962049,1962045,1962046,0,0,0,0
1790158001.1317847,-3,-2,-4,0,9125,19878,12264,5929,1962078,1962079,1962075,1962076,0,0,0,0
1790158001.3102565,-2,0,-1,0,9123,19879,12266,5927,1962108,1962109,1962105,1962106,0,0,0,0
1790158001.3263807,-1,-4,2,1,9124,19877,12266,5928,1962228,1962229,1962225,1962226,0,0,0,0
1790158001.5380406,0,2,-1,1,9123,19877,12266,5927,1962258,1962259,1962255,1962256,0,0,0,0
1790158001.5380406,-5,1,-1,-4,9127,19874,12263,5932,1962348,1962349,1962345,1962346,0,0,0,0
1790158001.5380406,3,1,-2,-1,9124,19876,12264,5929,1962378,1962379,1962375,1962376,0,0,0,0
1790158001.7346876,-1,2,0,2,9123,19878,12268,5927,1962408,1962409,1962405,1962406,0,0,0,0
1790158001.7346876,-3,-3,-3,0,9124,19876,12266,5928,1962468,1962469,1962465,1962466,0,0,0,0
1790158001.928083,0,1,-1,-1,9128,19873,12260,5933,1962498,1962499,1962495,1962496,0,0,0,0
1790158001.928083,2,0,-2,2,9132,19869,12256,5937,1962588,1962589,1962585,1962586,0,0,0,0
1790158001.9486306,-2,-4,1,2,9132,19868,12255,5938,1962618,1962619,1962615,1962616,0,0,0,0
1790158002.1394317,-3,1,-1,0,9134,19867,12254,5939,1962648,1962649,1962645,1962646,0,0,0,0
1790158002.1394317,-5,-9,2,-5,9149,19874,12260,5952,1962678,1962679,1962675,1962676,0,0,0,0
1790158002.1394317,-2,-2,3,-4,9139,19862,12250,5942,1962708,1962709,1962705,1962706,0,0,0,0
1790158002.318169,-3,0,0,2,9135,19867,12259,5941,1962768,1962769,1962765,1962766,0,0,0,0
1790158002.3341155,-5,-1,1,-3,9125,19864,12257,5932,1962828,1962829,1962825,1962826,0,0,0,0
1790158002.5301576,-3,2,0,0,9125,19862,12257,5933,1962858,1962859,1962855,1962856,0,0,0,0
1790158002.5301576,-3,0,2,5,9132,19857,12252,5942,1962918,1962919,1962915,1962916,0,0,0,0
1790158002.5459783,2,-2,-2,-5,9139,19857,12249,5947,1962948,1962949,1962945,1962946,0,0,0,0
1790158002.756479,1,-4,1,1,9141,19858,12248,5948,1962978,1962979,1962975,1962976,0,0,0,0
1790158002.756479,0,-4,4,-1,9137,19859,12250,5944,1963068,1963069,1963065,1963066,0,0,0,0
1790158002.772407,5,-5,-2,2,9138,19859,12250,5945,1963098,1963099,1963095,1963096,0,0,0,0
1790158002.9591923,0,5,4,-1,9136,19860,12250,5943,1963128,1963129,1963125,1963126,0,0,0,0
1790158002.9591923,1,0,1,-4,9098,19885,12287,5904,1963218,1963219,1963215,1963216,0,0,0,0
1790158003.163336,-4,-1,5,-2,9134,19864,12257,5944,1963338,1963339,1963335,1963336,0,0,0,0
1790158003.3590515,-5,3,0,7,9127,19868,12262,5936,1963368,1963369,1963365,1963366,0,0,0,0
1790158003.377735,-5,2,0,-3,9119,19870,12269,5928,1963428,1963429,1963425,1963426,0,0,0,0
1790158003.5410051,1,1,1,-5,9124,19867,12264,5933,1963488,1963489,1963485,1963486,0,0,0,0
1790158003.5410051,1,-2,1,3,9123,19868,12264,5937,1963518,1963519,1963515,1963516,0,0,0,0
1790158003.5410051,3,0,1,-1,9122,19865,12260,5937,1963548,1963549,1963545,1963546,0,0,0,0
1790158003.6593626,4,0,0,0,9125,19863,12259,5933,1963608,1963609,1963605,1963606,0,0,0,0
1790158003.7185142,4,-5,3,-1,9124,19866,12262,5933,1963638,1963639,1963635,1963636,0,0,0,0
1790158003.7185142,0,0,3,-3,9124,19869,12267,5933,1963668,1963669,1963665,1963666,0,0,0,0
1790158003.782812,10,-7,-11,5,9196,19784,12236,5976,1963698,1963699,1963695,1963696,0,0,0,0
1790158003.8630397,59,-53,-23,27,9900,19121,11870,6387,1963728,1963729,1963725,1963726,0,0,0,0
1790158003.9222705,69,-58,-65,88,11830,17293,10669,7608,1963758,1963759,1963755,1963756,0,0,0,0
1790158003.9297795,64,-82,-80,60,13659,15547,8768,9579,1963788,1963789,1963785,1963786,0,0,0,0
1790158004.0273001,75,-67,-63,68,15404,13712,6865,11494,1963818,1963819,1963815,1963816,0,0,0,0
1790158004.081866,73,-68,-87,78,17436,11690,4850,13625,1963848,1963849,1963845,1963846,0,0,0,0
1790158004.0887566,72,-74,-76,77,19375,9728,2802,15610,1963878,1963879,1963875,1963876,0,0,0,0
1790158004.2001822,62,-59,-63,50,21100,7919,933,17439,1963908,1963909,1963905,1963906,0,0,0,0
1790158004.2067842,61,-64,-61,57,22772,6373,31995,19070,1963938,1963939,1963935,1963936,0,0,0,0
1790158004.248397,43,-48,-45,56,24137,4902,30609,20491,1963968,1963969,1963965,1963966,0,0,0,0
1790158004.3121815,41,-51,-44,45,25456,3654,29291,21742,1963998,1963999,1963995,1963996,0,0,0,0
1790158004.3948956,49,-46,-53,40,26719,2389,28105,23068,1964028,1964029,1964025,1964026,0,0,0,0
1790158004.4087796,67,-71,-73,65,29657,32201,25095,26041,1964088,1964089,1964085,1964086,0,0,0,0
1790158004.478703,67,-71,-73,65,29657,32201,25095,26041,1964088,1964089,1964085,1964086,0,0,0,0
1790158004.5203083,73,-59,-73,70,337,28602,21578,29481,1964148,1964149,1964145,1964146,0,0,0,0
1790158004.5545812,55,-64,-57,54,2195,26886,19784,31235,1964178,1964179,1964175,1964176,0,0,0,0
1790158004.631434,58,-52,-65,58,3836,25364,18137,137,1964208,1964209,1964205,1964206,0,0,0,0
1790158004.6875317,58,-52,-65,58,3836,25364,18137,137,1964208,1964209,1964205,1964206,0,0,0,0
1790158004.7427533,50,-52,-56,45,6838,22259,15129,3219,1964268,1964269,1964265,1964266,0,0,0,0
1790158004.7427533,45,-51,-49,49,8232,20911,13750,4630,1964298,1964299,1964295,1964296,0,0,0,0
1790158004.8071828,57,-52,-57,60,9719,19442,12259,6072,1964328,1964329,1964325,1964326,0,0,0,0
1790158004.8732545,67,-67,-53,51,11223,17885,10713,7601,1964358,1964359,1964355,1964356,0,0,0,0
1790158004.9207966,54,-52,-63,52,12786,16336,9134,9256,1964388,1964389,1964385,1964386,0,0,0,0
1790158005.051633,51,-68,-50,50,16108,12911,5790,12618,1964448,1964449,1964445,1964446,0,0,0,0
1790158005.0674481,54,-57,-68,67,17735,11359,4094,14268,1964478,1964479,1964475,1964476,0,0,0,0
1790158005.1322656,61,-66,-57,61,19289,9790,2553,15858,1964508,1964509,1964505,1964506,0,0,0,0
1790158005.1834204,52,-54,-48,51,20835,8222,1025,17443,1964538,1964539,1964535,1964536,0,0,0,0
1790158005.311114,63,-56,-61,65,23836,5250,30825,20515,1964598,1964599,1964595,1964596,0,0,0,0
1790158005.3272262,51,-60,-55,55,25406,3720,29214,21991,1964628,1964629,1964625,1964626,0,0,0,0
1790158005.3925772,60,-58,-57,53,26942,2217,27746,23484,1964658,1964659,1964655,1964656,0,0,0,0
1790158005.4423885,69,-60,-57,68,28483,542,26173,25125,1964688,1964689,1964685,1964686,0,0,0,0
1790158005.5098035,48,-59,-55,53,30158,31617,24439,26737,1964718,1964719,1964715,1964716,0,0,0,0
1790158005.5538235,63,-51,-68,65,31756,30143,22808,28375,1964748,1964749,1964745,1964746,0,0,0,0
1790158005.5700033,60,-60,-57,59,614,28454,21186,30098,1964778,1964779,1964775,1964776,0,0,0,0
1790158005.634113,56,-55,-50,57,2166,26908,19607,31556,1964808,1964809,1964805,1964806,0,0,0,0
1790158005.7103088,62,-56,-60,62,3667,25422,18135,382,1964838,1964839,1964835,1964836,0,0,0,0
1790158005.827377,61,-59,-57,54,5196,23871,16593,1963,1964868,1964869,1964865,1964866,0,0,0,0
1790158005.827377,47,-46,-48,49,8216,20994,13583,4941,1964928,1964929,1964925,1964926,0,0,0,0
1790158006.01312,21,-15,-19,20,9645,19553,12168,6543,1964988,1964989,1964985,1964986,0,0,0,0
1790158006.2327728,1,-7,-5,4,10143,19059,11740,7008,1965048,1965049,1965045,1965046,0,0,0,0
1790158006.248862,0,2,0,-1,10140,19064,11730,7000,1965168,1965169,1965165,1965166,0,0,0,0
1790158006.434731,-3,4,7,3,10085,19136,11797,6941,1965198,1965199,1965195,1965196,0,0,0,0
1790158006.434731,-6,5,0,-8,10036,19197,11858,6892,1965228,1965229,1965225,1965226,0,0,0,0
1790158006.4498885,-2,-2,-1,-1,9996,19245,11914,6851,1965288,1965289,1965285,1965286,0,0,0,0
1790158006.568615,0,0,-1,5,10003,19238,11909,6855,1965318,1965319,1965315,1965316,0,0,0,0
1790158006.568615,5,-6,-3,-2,10019,19221,11892,6868,1965348,1965349,1965345,1965346,0,0,0,0
1790158006.5842948,-4,-1,-4,-2,10033,19204,11874,6880,1965378,1965379,1965375,1965376,0,0,0,0
1790158006.6520107,0,2,-2,-6,10040,19200,11868,6885,1965408,1965409,1965405,1965406,0,0,0,0
1790158006.7620566,-2,-1,2,1,10028,19213,11880,6875,1965468,1965469,1965465,1965466,0,0,0,0
1790158006.7620566,1,-5,2,1,10024,19217,11886,6870,1965498,1965499,1965495,1965496,0,0,0,0
1790158006.8597946,-5,-6,0,2,10043,19207,11885,6892,1965558,1965559,1965555,1965556,0,0,0,0
1790158006.92401,8,4,0,0,10050,19191,11859,6897,1965588,1965589,1965585,1965586,0,0,0,0
1790158007.2625291,-4,3,0,-1,10026,19224,11893,6874,1965648,1965649,1965645,1965646,0,0,0,0
1790158007.2625291,-2,0,-1,-1,10009,19243,11915,6859,1965708,1965709,1965705,1965706,0,0,0,0
1790158007.2625291,3,-3,0,4,10010,19240,11914,6859,1965738,1965739,1965735,1965736,0,0,0,0
1790158007.2687094,-2,-2,0,1,10013,19236,11909,6861,1965768,1965769,1965765,1965766,0,0,0,0
1790158007.4701781,-4,-4,-3,2,10016,19233,11905,6864,1965798,1965799,1965795,1965796,0,0,0,0
1790158007.4701781,-2,-2,-3,-4,10017,19233,11905,6865,1965828,1965829,1965825,1965826,0,0,0,0
1790158007.4775383,2,1,-7,-1,10031,19236,11909,6876,1965888,1965889,1965885,1965886,0,0,0,0
1790158007.580854,7,-2,1,-1,10028,19235,11900,6874,1965918,1965919,1965915,1965916,0,0,0,0
1790158007.580854,1,2,5,1,10023,19234,11904,6873,1965948,1965949,1965945,1965946,0,0,0,0
1790158007.5881076,4,2,-1,-6,10021,19233,11904,6871,1965978,1965979,1965975,1965976,0,0,0,0
1790158007.6516814,-1,2,1,3,10020,19232,11905,6870,1966008,1966009,1966005,1966006,0,0,0,0
1790158007.8774364,-3,-6,-2,-3,10024,19240,11922,6881,1966098,1966099,1966095,1966096,0,0,0,0
1790158007.8861055,3,-2,3,1,10020,19251,11928,6874,1966158,1966159,1966155,1966156,0,0,0,0
1790158008.0830941,0,-2,-3,0,10022,19243,11923,6879,1966248,1966249,1966245,1966246,0,0,0,0
1790158008.0830941,-3,-2,3,6,10023,19243,11923,6879,1966278,1966279,1966275,1966276,0,0,0,0
1790158008.275305,2,1,-1,2,10019,19229,11909,6872,1966368,1966369,1966365,1966366,0,0,0,0
1790158008.2913065,4,8,2,-1,10051,19217,11895,6903,1966398,1966399,1966395,1966396,0,0,0,0
1790158008.470169,2,-1,-3,5,10046,19210,11886,6899,1966428,1966429,1966425,1966426,0,0,0,0
1790158008.470169,-4,2,-1,-2,10031,19226,11906,6888,1966488,1966489,1966485,1966486,0,0,0,0
1790158008.5892,-4,-1,-3,0,10026,19240,11926,6879,1966548,1966549,1966545,1966546,0,0,0,0
1790158008.5892,2,0,-9,-1,10039,19221,11903,6888,1966578,1966579,1966575,1966576,0,0,0,0
1790158008.6979945,0,-1,-3,-3,10057,19206,11886,6908,1966608,1966609,1966605,1966606,0,0,0,0
1790158008.6979945,0,1,-1,-4,10029,19238,11915,6883,1966668,1966669,1966665,1966666,0,0,0,0
1790158008.901413,-1,1,-5,-5,9997,19273,11955,6855,1966758,1966759,1966755,1966756,0,0,0,0
1790158008.9091415,-5,-1,1,0,10001,19270,11952,6857,1966788,1966789,1966785,1966786,0,0,0,0
1790158008.9730983,0,-1,-3,-3,10006,19264,11945,6861,1966818,1966819,1966815,1966816,0,0,0,0
1790158009.0050132,2,0,2,4,10008,19260,11941,6865,1966848,1966849,1966845,1966846,0,0,0,0
1790158009.0693123,-2,1,-3,-3,10007,19262,11942,6863,1966878,1966879,1966875,1966876,0,0,0,0
1790158009.1023269,-1,-4,0,-3,10003,19266,11948,6859,1966908,1966909,1966905,1966906,0,0,0,0
1790158009.264074,0,-1,-1,-1,10004,19264,11946,6860,1966998,1966999,1966995,1966996,0,0,0,0
1790158009.508154,0,3,-1,0,10005,19264,11946,6861,1967028,1967029,1967025,1967026,0,0,0,0
1790158009.508154,-1,2,2,1,10004,19265,11947,6859,1967118,1967119,1967115,1967116,0,0,0,0
1790158009.5239809,-3,-4,5,0,10005,19264,11946,6861,1967148,1967149,1967145,1967146,0,0,0,0
1790158009.5893695,3,0,1,5,10006,19263,11946,6861,1967178,1967179,1967175,1967176,0,0,0,0
1790158009.7177906,5,0,5,-3,10008,19261,11943,6862,1967208,1967209,1967205,1967206,0,0,0,0
1790158009.7177906,0,-4,4,3,10013,19253,11935,6868,1967268,1967269,1967265,1967266,0,0,0,0
1790158009.913465,3,0,3,3,10013,19251,11933,6869,1967298,1967299,1967295,1967296,0,0,0,0
1790158009.913465,5,0,0,3,10014,19253,11933,6868,1967358,1967359,1967355,1967356,0,0,0,0
1790158009.9293222,-4,-2,10,1,10011,19257,11939,6866,1967388,1967389,1967385,1967386,0,0,0,0
1790158010.1243794,0,0,-5,-5,10017,19265,11945,6869,1967478,1967479,1967475,1967476,0,0,0,0
1790158010.302623,1,1,-1,-1,10000,19254,11940,6861,1967508,1967509,1967505,1967506,0,0,0,0
1790158010.302623,-1,1,-3,-4,10005,19260,11940,6859,1967538,1967539,1967535,1967536,0,0,0,0
1790158010.321391,-2,-1,-1,3,10009,19258,11945,6866,1967598,1967599,1967595,1967596,0,0,0,0
1790158010.5399516,0,-4,0,1,10015,19260,11945,6868,1967628,1967629,1967625,1967626,0,0,0,0
1790158010.5399516,-1,0,-4,2,10023,19252,11932,6873,1967718,1967719,1967715,1967716,0,0,0,0
1790158010.5485392,-1,1,-5,2,10029,19246,11924,6879,1967748,1967749,1967745,1967746,0,0,0,0
1790158010.6105716,-1,0,3,4,10032,19244,11925,6881,1967778,1967779,1967775,1967776,0,0,0,0
1790158010.7409477,-5,-4,-6,-4,10028,19250,11930,6878,1967838,1967839,1967835,1967836,0,0,0,0
1790158010.7409477,-3,-3,-4,1,10026,19256,11933,6875,1967868,1967869,1967865,1967866,0,0,0,0
1790158010.9519022,-1,4,2,1,10007,19269,11943,6857,1967958,1967959,1967955,1967956,0,0,0,0
1790158010.9519022,-3,1,7,1,9996,19302,11985,6848,1967988,1967989,1967985,1967986,0,0,0,0
1790158011.0915844,1,2,2,-3,10002,19279,11962,6858,1968048,1968049,1968045,1968046,0,0,0,0
1790158011.1454568,0,3,2,1,10010,19268,11954,6866,1968078,1968079,1968075,1968076,0,0,0,0
1790158011.3572743,-3,-6,3,-1,10014,19269,11953,6870,1968108,1968109,1968105,1968106,0,0,0,0
1790158011.3642526,0,3,2,0,10017,19272,11955,6870,1968228,1968229,1968225,1968226,0,0,0,0
1790158011.4087086,-1,-1,-1,2,10013,19276,11959,6867,1968288,1968289,1968285,1968286,0,0,0,0
1790158011.5652196,58,62,64,64,11997,21480,13696,8942,1968348,1968349,1968345,1968346,0,0,0,0
1790158011.5715165,60,51,41,40,13483,22912,15118,10292,1968378,1968379,1968375,1968376,0,0,0,0
1790158011.608993,46,50,59,40,14876,24237,16428,11571,1968408,1968409,1968405,1968406,0,0,0,0
1790158011.769324,52,68,57,54,17891,27249,19524,14513,1968468,1968469,1968465,1968466,0,0,0,0
1790158011.769324,71,60,47,55,19352,28716,21040,16018,1968498,1968499,1968495,1968496,0,0,0,0
1790158011.9737375,49,50,64,54,20850,30257,22681,17535,1968528,1968529,1968525,1968526,0,0,0,0
1790158011.9737375,63,50,48,58,22471,31674,24207,19090,1968558,1968559,1968555,1968556,0,0,0,0
1790158011.9737375,63,59,22,50,24037,596,25849,20724,1968588,1968589,1968585,1968586,0,0,0,0
1790158011.9737375,46,54,68,61,25709,2123,27453,22264,1968618,1968619,1968615,1968616,0,0,0,0
1790158012.1782813,62,58,52,64,27277,3729,29013,23821,1968648,1968649,1968645,1968646,0,0,0,0
1790158012.1782813,66,55,71,58,30512,6940,32326,26971,1968708,1968709,1968705,1968706,0,0,0,0
1790158012.1855896,67,41,56,64,32186,8571,1266,28606,1968738,1968739,1968735,1968736,0,0,0,0
1790158012.3829546,46,54,62,54,1019,10184,2874,30252,1968768,1968769,1968765,1968766,0,0,0,0
1790158012.3829546,63,55,54,70,2637,11738,4517,31804,1968798,1968799,1968795,1968796,0,0,0,0
1790158012.3829546,48,71,62,60,4416,13375,6149,761,1968828,1968829,1968825,1968826,0,0,0,0
1790158012.3829546,59,53,54,62,5938,14951,7770,2374,1968858,1968859,1968855,1968856,0,0,0,0
1790158012.5908382,24,11,24,26,9762,18832,11754,6274,1968948,1968949,1968945,1968946,0,0,0,0
1790158012.5908382,13,21,28,18,10288,19439,12476,6859,1968978,1968979,1968975,1968976,0,0,0,0
1790158012.6070206,7,6,6,6,10564,19740,12909,7213,1969008,1969009,1969005,1969006,0,0,0,0
1790158012.7918632,-2,9,5,-3,10313,19880,13222,7063,1969098,1969099,1969095,1969096,0,0,0,0
1790158012.9960473,1,6,0,2,10185,20037,13402,6913,1969188,1969189,1969185,1969186,0,0,0,0
1790158013.0157712,6,-6,3,1,10205,20007,13380,6933,1969218,1969219,1969215,1969216,0,0,0,0
1790158013.1987433,-1,1,2,1,10293,19900,13265,7026,1969308,1969309,1969305,1969306,0,0,0,0
1790158013.2084475,2,3,2,1,10289,19904,13267,7023,1969338,1969339,1969335,1969336,0,0,0,0
1790158013.39881,1,4,1,-3,10272,19926,13289,7006,1969368,1969369,1969365,1969366,0,0,0,0
1790158013.6086986,-1,-1,-4,-5,10246,19944,13306,6965,1969488,1969489,1969485,1969486,0,0,0,0
1790158013.6086986,-1,3,-3,-4,10250,19934,13293,6969,1969578,1969579,1969575,1969576,0,0,0,0
1790158013.8172228,1,-1,0,-3,10267,19921,13291,6986,1969698,1969699,1969695,1969696,0,0,0,0
1790158013.8172228,-4,2,-6,-4,10282,19879,13246,7002,1969728,1969729,1969725,1969726,0,0,0,0
1790158013.929053,-3,-4,0,-2,10281,19893,13257,7006,1969758,1969759,1969755,1969756,0,0,0,0
1790158013.9347095,2,-2,0,-5,10266,19903,13264,6990,1969788,1969789,1969785,1969786,0,0,0,0
1790158013.9837174,3,2,-6,0,10247,19912,13275,6969,1969818,1969819,1969815,1969816,0,0,0,0
1790158014.0391476,1,-2,-2,-6,10257,19887,13280,6972,1969848,1969849,1969845,1969846,0,0,0,0
1790158014.0540972,22,-26,-21,17,10470,19596,13090,7139,1969878,1969879,1969875,1969876,0,0,0,0
1790158014.1442978,79,-76,-41,55,12031,18180,12363,8115,1969908,1969909,1969905,1969906,0,0,0,0
1790158014.1500235,63,-53,-69,73,14157,16344,10601,9929,1969938,1969939,1969935,1969936,0,0,0,0
1790158014.2136822,58,-70,-65,71,15996,14647,8992,11990,1969968,1969969,1969965,1969966,0,0,0,0
1790158014.3108597,74,-67,-83,70,17940,12721,7026,13984,1969998,1969999,1969995,1969996,0,0,0,0
1790158014.3664987,66,-76,-73,71,19893,10786,4953,16024,1970028,1970029,1970025,1970026,0,0,0,0
1790158014.372453,70,-58,-64,81,21765,8960,3023,17990,1970058,1970059,1970055,1970056,0,0,0,0
1790158014.435065,46,-54,-56,47,23402,7162,1308,19647,1970088,1970089,1970085,1970086,0,0,0,0
1790158014.4915876,57,-51,-49,44,24884,5766,32608,21202,1970118,1970119,1970115,1970116,0,0,0,0
1790158014.5396612,53,-39,-40,48,26201,4449,31278,22508,1970148,1970149,1970145,1970146,0,0,0,0
1790158014.637966,51,-59,-55,62,28862,1847,28605,25144,1970208,1970209,1970205,1970206,0,0,0,0
1790158014.7230835,53,-62,-60,47,30402,218,27041,26633,1970238,1970239,1970235,1970236,0,0,0,0
1790158014.7344978,66,-60,-62,64,32091,31256,25495,28348,1970268,1970269,1970265,1970266,0,0,0,0
1790158014.7929053,60,-79,-57,57,1048,29579,23683,30167,1970298,1970299,1970295,1970296,0,0,0,0
1790158014.8522553,66,-51,-61,80,2805,27825,21799,31872,1970328,1970329,1970325,1970326,0,0,0,0
1790158014.9128935,49,-62,-66,61,4553,26159,20075,855,1970358,1970359,1970355,1970356,0,0,0,0
1790158014.9289765,63,-53,-53,56,6068,24506,18556,2425,1970388,1970389,1970385,1970386,0,0,0,0
1790158014.9945679,54,-52,-50,60,7610,23072,17065,3923,1970418,1970419,1970415,1970416,0,0,0,0
1790158015.0425591,52,-50,-56,52,9077,21637,15561,5421,1970448,1970449,1970445,1970446,0,0,0,0
1790158015.1070397,36,-60,-46,41,10410,20104,14129,6863,1970478,1970479,1970475,1970476,0,0,0,0
1790158015.1790671,53,-50,-50,52,11906,18647,12679,8255,1970508,1970509,1970505,1970506,0,0,0,0
1790158015.1935894,70,-55,-60,60,13459,17108,11145,9899,1970538,1970539,1970535,1970536,0,0,0,0
1790158015.251563,55,-77,-66,55,15047,15485,9545,11528,1970568,1970569,1970565,1970566,0,0,0,0
1790158015.315588,70,-60,-60,68,16683,13835,7853,13133,1970598,1970599,1970595,1970596,0,0,0,0
1790158015.3648577,53,-62,-63,55,18394,12187,6103,14965,1970628,1970629,1970625,1970626,0,0,0,0
1790158015.4294844,58,-64,-61,68,20040,10570,4517,16543,1970658,1970659,1970655,1970656,0,0,0,0
1790158015.444675,60,-53,-53,59,21573,8996,2962,18158,1970688,1970689,1970685,1970686,0,0,0,0
1790158015.5094664,54,-66,-59,42,23132,7438,1443,19628,1970718,1970719,1970715,1970716,0,0,0,0
1790158015.558194,55,-53,-60,56,24573,5944,32659,21148,1970748,1970749,1970745,1970746,0,0,0,0
1790158015.5744016,60,-50,-49,57,26068,4420,31140,22639,1970778,1970779,1970775,1970776,0,0,0,0
1790158015.6232448,52,-58,-67,53,27692,2900,29556,24217,1970808,1970809,1970805,1970806,0,0,0,0
1790158015.7036445,51,-59,-62,46,29193,1273,28064,25799,1970838,1970839,1970835,1970836,0,0,0,0
1790158015.7517421,62,-54,-48,66,30789,32556,26507,27335,1970868,1970869,1970865,1970866,0,0,0,0
1790158015.7677813,58,-60,-68,55,32407,30857,24783,28943,1970898,1970899,1970895,1970896,0,0,0,0
1790158015.8323739,51,-67,-55,54,1199,29271,23238,30542,1970928,1970929,1970925,1970926,0,0,0,0
1790158015.8973384,62,-56,-59,65,2817,27638,21562,32256,1970958,1970959,1970955,1970956,0,0,0,0
1790158016.0754368,58,-58,-57,58,7582,23024,16848,4203,1971048,1971049,1971045,1971046,0,0,0,0
1790158016.263071,44,-45,-50,35,9000,21667,15415,5586,1971078,1971079,1971075,1971076,0,0,0,0
1790158016.263071,11,-16,-19,17,10312,20214,14205,6995,1971138,1971139,1971135,1971136,0,0,0,0
1790158016.2690022,6,-6,-14,3,10588,19917,13918,7330,1971168,1971169,1971165,1971166,0,0,0,0
1790158016.48005,-1,-3,0,3,10682,19787,13831,7401,1971198,1971199,1971195,1971196,0,0,0,0
1790158016.48005,0,-2,1,4,10751,19735,13781,7464,1971258,1971259,1971255,1971256,0,0,0,0
1790158016.4847813,4,-2,-2,-1,10780,19708,13754,7488,1971318,1971319,1971315,1971316,0,0,0,0
1790158016.625783,3,-2,3,1,10805,19692,13739,7509,1971378,1971379,1971375,1971376,0,0,0,0
1790158016.692011,-7,3,1,0,10815,19684,13731,7518,1971408,1971409,1971405,1971406,0,0,0,0
1790158016.692011,2,1,1,3,10843,19661,13706,7542,1971468,1971469,1971465,1971466,0,0,0,0
1790158016.882244,0,0,-2,-1,10896,19638,13680,7591,1971528,1971529,1971525,1971526,0,0,0,0
1790158016.882244,1,-3,0,-2,10929,19605,13649,7616,1971588,1971589,1971585,1971586,0,0,0,0
1790158017.0117722,2,1,1,0,10972,19578,13618,7651,1971648,1971649,1971645,1971646,0,0,0,0
1790158017.0930367,3,1,3,-1,10997,19562,13605,7673,1971678,1971679,1971675,1971676,0,0,0,0
1790158017.2618496,1,0,-3,-3,11024,19547,13584,7689,1971708,1971709,1971705,1971706,0,0,0,0
1790158017.2618496,-5,1,-1,-4,11066,19505,13536,7727,1971768,1971769,1971765,1971766,0,0,0,0
1790158017.275958,3,0,-1,9,11089,19487,13516,7746,1971798,1971799,1971795,1971796,0,0,0,0
1790158017.5035577,4,-5,-4,0,11115,19470,13495,7764,1971828,1971829,1971825,1971826,0,0,0,0
1790158017.5035577,2,-1,1,1,11218,19389,13408,7851,1971918,1971919,1971915,1971916,0,0,0,0
1790158017.5132785,-2,2,1,-1,11223,19390,13408,7854,1971948,1971949,1971945,1971946,0,0,0,0
1790158017.6422179,-5,-2,2,-2,11203,19408,13426,7837,1972008,1972009,1972005,1972006,0,0,0,0
1790158017.7050517,1,-2,-6,3,11200,19411,13430,7834,1972038,1972039,1972035,1972036,0,0,0,0
1790158017.7146518,-2,-1,-1,-3,11202,19408,13429,7835,1972068,1972069,1972065,1972066,0,0,0,0
1790158017.913965,-2,0,6,-2,11205,19405,13425,7838,1972098,1972099,1972095,1972096,0,0,0,0
1790158017.913965,-2,1,1,2,11207,19404,13424,7839,1972128,1972129,1972125,1972126,0,0,0,0
1790158017.9154997,-3,5,-5,0,11222,19409,13433,7851,1972188,1972189,1972185,1972186,0,0,0,0
1790158018.0982435,-3,-5,0,0,11218,19398,13421,7849,1972278,1972279,1972275,1972276,0,0,0,0
1790158018.3256927,0,0,-1,2,11224,19399,13431,7859,1972398,1972399,1972395,1972396,0,0,0,0
1790158018.3256927,-2,1,3,1,11223,19402,13430,7854,1972428,1972429,1972425,1972426,0,0,0,0
1790158018.519581,0,-2,0,1,11221,19402,13434,7855,1972518,1972519,1972515,1972516,0,0,0,0
1790158018.5296185,2,5,0,1,11222,19402,13432,7854,1972548,1972549,1972545,1972546,0,0,0,0
1790158018.632722,-5,1,-2,5,11225,19401,13431,7856,1972608,1972609,1972605,1972606,0,0,0,0
1790158018.7303896,2,-3,3,1,11257,19379,13404,7881,1972668,1972669,1972665,1972666,0,0,0,0
1790158018.9073265,0,2,1,4,11242,19374,13403,7874,1972728,1972729,1972725,1972726,0,0,0,0
1790158018.9314325,1,-6,0,-7,11242,19389,13420,7868,1972788,1972789,1972785,1972786,0,0,0,0
1790158019.0684216,-2,-2,-2,0,11260,19367,13392,7878,1972848,1972849,1972845,1972846,0,0,0,0
1790158019.0843613,1,3,0,2,11282,19349,13372,7899,1972908,1972909,1972905,1972906,0,0,0,0
1790158019.3429832,1,3,0,2,11282,19349,13372,7899,1972908,1972909,1972905,1972906,0,0,0,0
1790158019.3429832,1,-3,0,0,11250,19381,13405,7871,1973028,1973029,1973025,1973026,0,0,0,0
1790158019.3429832,2,-3,0,-3,11255,19375,13401,7876,1973058,1973059,1973055,1973056,0,0,0,0
1790158019.5530622,-2,4,0,-4,11249,19380,13404,7872,1973178,1973179,1973175,1973176,0,0,0,0
1790158019.6355374,-3,-1,-5,0,11252,19378,13404,7874,1973208,1973209,1973205,1973206,0,0,0,0
1790158019.6551936,-2,-3,-21,-1,11256,19373,13399,7878,1973238,1973239,1973235,1973236,0,0,0,0
1790158019.7482896,0,-3,1,-2,11262,19369,13394,7882,1973268,1973269,1973265,1973266,0,0,0,0
1790158019.9602234,-1,-2,2,-1,11257,19374,13399,7879,1973388,1973389,1973385,1973386,0,0,0,0
1790158019.9750812,3,-2,1,1,11255,19374,13400,7877,1973418,1973419,1973415,1973416,0,0,0,0
1790158020.1536617,-3,0,-1,1,11261,19371,13397,7881,1973508,1973509,1973505,1973506,0,0,0,0
1790158020.1722672,-4,-2,1,1,11262,19369,13394,7883,1973538,1973539,1973535,1973536,0,0,0,0
1790158020.3654144,2,-2,4,3,11260,19371,13396,7881,1973628,1973629,1973625,1973626,0,0,0,0
1790158020.3654144,3,-3,-2,1,11263,19367,13393,7883,1973658,1973659,1973655,1973656,0,0,0,0
1790158020.576724,-2,2,0,-2,11263,19367,13392,7884,1973688,1973689,1973685,1973686,0,0,0,0
1790158020.576724,2,-2,3,1,11269,19375,13401,7890,1973748,1973749,1973745,1973746,0,0,0,0
1790158020.644725,-1,5,-2,-4,11254,19364,13392,7882,1973778,1973779,1973775,1973776,0,0,0,0
1790158020.644725,-4,5,2,-1,11262,19366,13392,7881,1973808,1973809,1973805,1973806,0,0,0,0
1790158020.755361,-1,1,-4,-2,11262,19368,13396,7883,1973838,1973839,1973835,1973836,0,0,0,0
1790158020.9843357,0,-2,-1,0,11268,19375,13402,7888,1973898,1973899,1973895,1973896,0,0,0,0
1790158020.987605,-1,0,0,-1,11272,19376,13397,7887,1973988,1973989,1973985,1973986,0,0,0,0
1790158020.987605,1,2,-2,-2,11276,19374,13395,7889,1974018,1974019,1974015,1974016,0,0,0,0
1790158021.177358,2,-1,-2,-2,11277,19377,13398,7890,1974108,1974109,1974105,1974106,0,0,0,0
1790158021.1934187,-7,1,1,1,11274,19381,13401,7886,1974138,1974139,1974135,1974136,0,0,0,0
1790158021.3879905,1,-6,-2,-5,11269,19382,13405,7883,1974198,1974199,1974195,1974196,0,0,0,0
1790158021.5190346,-1,-4,4,-6,11243,19423,13447,7861,1974258,1974259,1974255,1974256,0,0,0,0
1790158021.5190346,0,2,0,-4,11255,19396,13424,7874,1974318,1974319,1974315,1974316,0,0,0,0
1790158021.5999336,1,-5,-1,3,11267,19385,13414,7884,1974348,1974349,1974345,1974346,0,0,0,0
1790158021.6516619,1,-2,-2,-3,11277,19392,13414,7887,1974408,1974409,1974405,1974406,0,0,0,0
1790158021.6706438,1,-2,-2,-3,11277,19392,13414,7887,1974408,1974409,1974405,1974406,0,0,0,0
1790158021.7949123,5,-1,-2,-1,11265,19399,13423,7880,1974468,1974469,1974465,1974466,0,0,0,0
1790158021.7949123,5,-1,-2,-1,11265,19399,13423,7880,1974468,1974469,1974465,1974466,0,0,0,0
1790158021.8107924,-2,1,-2,1,11266,19396,13422,7880,1974528,1974529,1974525,1974526,0,0,0,0
1790158022.0059373,-2,1,-2,1,11266,19396,13422,7880,1974528,1974529,1974525,1974526,0,0,0,0
1790158022.0059373,2,0,2,-1,11267,19395,13420,7882,1974558,1974559,1974555,1974556,0,0,0,0
1790158022.0059373,-88,-65,-61,-47,10517,18701,13027,7593,1974588,1974589,1974585,1974586,0,0,0,0
1790158022.0059373,-47,-59,-43,-35,7234,15776,9917,4586,1974648,1974649,1974645,1974646,0,0,0,0
1790158022.2011518,-49,-56,-59,-34,5885,14412,8386,3143,1974678,1974679,1974675,1974676,0,0,0,0
1790158022.2011518,-56,-56,-52,-52,1556,10032,3636,31161,1974768,1974769,1974765,1974766,0,0,0,0
1790158022.41194,-69,-64,-46,-47,29534,5218,31562,26426,1974858,1974859,1974855,1974856,0,0,0,0
1790158022.4278355,-54,-65,-56,-72,27977,3516,30095,24868,1974888,1974889,1974885,1974886,0,0,0,0
1790158022.6225512,-63,-61,-50,-49,26303,1958,28528,23320,1974918,1974919,1974915,1974916,0,0,0,0
1790158022.6225512,-49,-55,-63,-59,23121,31385,25348,20164,1974978,1974979,1974975,1974976,0,0,0,0
1790158022.6225512,-74,-65,-62,-57,21468,29837,23698,18523,1975008,1975009,1975005,1975006,0,0,0,0
1790158022.827252,-55,-53,-58,-66,19947,28111,22008,16931,1975038,1975039,1975035,1975036,0,0,0,0
1790158022.8292625,-72,-65,-58,-72,16715,25039,18772,13594,1975098,1975099,1975095,1975096,0,0,0,0
1790158022.8330247,-59,-57,-52,-61,15058,23438,17218,11977,1975128,1975129,1975125,1975126,0,0,0,0
1790158023.0290394,-20,-15,-22,-23,11509,19733,13408,8130,1975218,1975219,1975215,1975216,0,0,0,0
1790158023.0290394,-14,-10,-8,-10,11004,19344,12849,7696,1975248,1975249,1975245,1975246,0,0,0,0
1790158023.1406257,0,0,1,4,11038,19281,12685,7655,1975308,1975309,1975305,1975306,0,0,0,0
1790158023.1916764,2,-2,-1,7,11095,19242,12652,7696,1975338,1975339,1975335,1975336,0,0,0,0
1790158023.4317422,2,2,0,4,11148,19200,12612,7739,1975368,1975369,1975365,1975366,0,0,0,0
1790158023.4317422,3,-4,2,-2,11254,19106,12523,7826,1975458,1975459,1975455,1975456,0,0,0,0
1790158023.45434,-4,-2,-5,1,11258,19108,12521,7829,1975488,1975489,1975485,1975486,0,0,0,0
1790158023.6429627,-4,-1,2,1,11225,19142,12552,7801,1975578,1975579,1975575,1975576,0,0,0,0
1790158023.6429627,-2,-1,0,0,11235,19133,12546,7810,1975638,1975639,1975635,1975636,0,0,0,0
1790158023.8440332,5,-1,2,-2,11264,19150,12547,7825,1975668,1975669,1975665,1975666,0,0,0,0
1790158023.8440332,2,-4,2,-3,11345,19217,12560,7847,1975698,1975699,1975695,1975696,0,0,0,0
1790158024.0555685,0,3,1,3,11346,19214,12558,7848,1975848,1975849,1975845,1975846,0,0,0,0
1790158024.0717213,1,4,4,-5,11345,19215,12558,7847,1975878,1975879,1975875,1975876,0,0,0,0
1790158024.2601402,0,-1,-1,0,11335,19205,12550,7838,1975938,1975939,1975935,1975936,0,0,0,0
1790158024.2704413,12,0,0,5,11315,19239,12575,7821,1975968,1975969,1975965,1975966,0,0,0,0
1790158024.2730367,-4,-1,1,3,11324,19273,12606,7826,1975998,1975999,1975995,1975996,0,0,0,0
1790158024.4267359,2,1,-3,-3,11328,19277,12603,7823,1976028,1976029,1976025,1976026,0,0,0,0
1790158024.4267359,1,1,6,-1,11332,19257,12588,7828,1976058,1976059,1976055,1976056,0,0,0,0
1790158024.4332645,-1,-4,3,3,11343,19241,12579,7840,1976088,1976089,1976085,1976086,0,0,0,0
1790158024.4610085,8,-4,-3,2,11388,19186,12556,7863,1976118,1976119,1976115,1976116,0,0,0,0
1790158024.5511715,72,-74,-70,36,13615,16915,11219,9068,1976178,1976179,1976175,1976176,0,0,0,0
1790158024.6484814,60,-55,-59,99,15372,15082,9527,10793,1976208,1976209,1976205,1976206,0,0,0,0
1790158024.654981,72,-78,-64,58,17262,13356,7779,12738,1976238,1976239,1976235,1976236,0,0,0,0
1790158024.710862,81,-72,-66,64,19194,11386,5672,14963,1976268,1976269,1976265,1976266,0,0,0,0
1790158024.7733686,71,-67,-62,84,21146,9367,3471,17055,1976298,1976299,1976295,1976296,0,0,0,0
1790158024.8851478,59,-68,-75,63,23101,7496,1599,18967,1976328,1976329,1976325,1976326,0,0,0,0
1790158024.8918262,59,-50,-55,54,24688,5835,32697,20678,1976358,1976359,1976355,1976356,0,0,0,0
1790158024.9274192,48,-38,-44,41,26133,4496,31270,22071,1976388,1976389,1976385,1976386,0,0,0,0
1790158024.9947758,44,-38,-47,40,27429,3248,30033,23311,1976418,1976419,1976415,1976416,0,0,0,0
1790158025.045063,54,-55,-41,40,28644,2050,28751,24543,1976448,1976449,1976445,1976446,0,0,0,0
1790158025.0934048,59,-57,-62,52,30015,634,27372,25974,1976478,1976479,1976475,1976476,0,0,0,0
1790158025.1578755,55,-72,-56,63,31552,31726,25934,27534,1976508,1976509,1976505,1976506,0,0,0,0
1790158025.173164,73,-61,-56,57,472,30172,24189,29196,1976538,1976539,1976535,1976536,0,0,0,0
1790158025.221956,58,-67,-69,59,2240,28323,22294,31013,1976568,1976569,1976565,1976566,0,0,0,0
1790158025.2865157,71,-57,-73,49,4134,26619,20588,84,1976598,1976599,1976595,1976596,0,0,0,0
1790158025.3744326,56,-66,-53,68,5735,24935,18882,1850,1976628,1976629,1976625,1976626,0,0,0,0
1790158025.3744326,58,-52,-48,51,7332,23367,17331,3368,1976658,1976659,1976655,1976656,0,0,0,0
1790158025.431197,63,-52,-47,58,8846,21914,15896,4849,1976688,1976689,1976685,1976686,0,0,0,0
1790158025.510869,43,-60,-56,64,10231,20497,14403,6318,1976718,1976719,1976715,1976716,0,0,0,0
1790158025.5431094,50,-54,-52,54,11689,19039,12958,7735,1976748,1976749,1976745,1976746,0,0,0,0
1790158025.6882586,55,-62,-62,70,14734,15999,9957,10891,1976808,1976809,1976805,1976806,0,0,0,0
1790158025.6882586,55,-63,-59,49,16293,14295,8292,12534,1976838,1976839,1976835,1976836,0,0,0,0
1790158025.7534394,60,-57,-69,57,18016,12656,6570,14188,1976868,1976869,1976865,1976866,0,0,0,0
1790158025.8016853,56,-70,-59,59,19611,11092,4976,15834,1976898,1976899,1976895,1976896,0,0,0,0
1790158025.8677511,53,-59,-50,46,21077,9415,3330,17529,1976928,1976929,1976925,1976926,0,0,0,0
1790158025.9305801,63,-54,-59,62,22790,7902,1850,19096,1976958,1976959,1976955,1976956,0,0,0,0
1790158025.9463549,49,-61,-56,53,24277,6376,317,20674,1976988,1976989,1976985,1976986,0,0,0,0
1790158026.0098832,50,-57,-56,44,25767,4806,31465,22132,1977018,1977019,1977015,1977016,0,0,0,0
1790158026.0585048,57,-56,-65,56,27358,3326,29980,23621,1977048,1977049,1977045,1977046,0,0,0,0
1790158026.0907202,55,-71,-55,56,28893,1770,28446,25200,1977078,1977079,1977075,1977076,0,0,0,0
1790158026.1237662,56,-56,-48,51,30443,150,26812,26814,1977108,1977109,1977105,1977106,0,0,0,0
1790158026.204201,65,-56,-70,62,32061,31294,25318,28404,1977138,1977139,1977135,1977136,0,0,0,0
1790158026.2719839,54,-65,-60,54,900,29813,23611,30077,1977168,1977169,1977165,1977166,0,0,0,0
1790158026.3014662,50,-58,-52,56,2441,28156,21969,31553,1977198,1977199,1977195,1977196,0,0,0,0
1790158026.3337748,68,-51,-67,63,4082,26576,20444,423,1977228,1977229,1977225,1977226,0,0,0,0
1790158026.5123641,54,-61,-52,54,5580,25076,18899,2044,1977258,1977259,1977255,1977256,0,0,0,0
1790158026.5123641,56,-59,-53,62,7189,23529,17320,3580,1977288,1977289,1977285,1977286,0,0,0,0
1790158026.528242,42,-45,-43,49,10093,20710,14349,6582,1977348,1977349,1977345,1977346,0,0,0,0
1790158026.6924043,42,-45,-43,49,10093,20710,14349,6582,1977348,1977349,1977345,1977346,0,0,0,0
1790158026.6924043,4,34,23,4,10827,20239,14181,7538,1977408,1977409,1977405,1977406,0,0,0,0
1790158026.7037935,-17,13,11,-17,10417,21282,14895,7001,1977468,1977469,1977465,1977466,0,0,0,0
1790158026.913679,-17,13,11,-17,10417,21282,14895,7001,1977468,1977469,1977465,1977466,0,0,0,0
1790158026.913679,-9,8,13,-6,9770,22150,15744,6237,1977528,1977529,1977525,1977526,0,0,0,0
1790158026.9290724,-5,6,2,-8,9450,22492,16160,5852,1977588,1977589,1977585,1977586,0,0,0,0
1790158027.1198277,-2,-11,0,0,9296,22686,16326,5691,1977678,1977679,1977675,1977676,0,0,0,0
1790158027.135457,-4,-5,-2,0,9300,22682,16324,5694,1977708,1977709,1977705,1977706,0,0,0,0
1790158027.319607,9,0,3,0,9313,22662,16309,5708,1977738,1977739,1977735,1977736,0,0,0,0
1790158027.3348742,1,-1,0,1,9337,22648,16300,5728,1977768,1977769,1977765,1977766,0,0,0,0
1790158027.337091,0,-2,0,0,9355,22609,16271,5750,1977828,1977829,1977825,1977826,0,0,0,0
1790158027.4326348,0,-6,3,3,9359,22602,16267,5757,1977858,1977859,1977855,1977856,0,0,0,0
1790158027.4484596,1,-2,-3,-1,9362,22608,16268,5758,1977918,1977919,1977915,1977916,0,0,0,0
1790158027.5327697,10,4,1,8,9362,22610,16270,5759,1977948,1977949,1977945,1977946,0,0,0,0
1790158027.7517266,2,2,-1,0,9365,22609,16267,5762,1977978,1977979,1977975,1977976,0,0,0,0
1790158027.9606702,-1,6,3,-1,9398,22569,16243,5794,1978188,1978189,1978185,1978186,0,0,0,0
1790158027.9750614,1,-1,4,-2,9396,22575,16246,5790,1978218,1978219,1978215,1978216,0,0,0,0
1790158028.155119,-3,1,-5,-6,9372,22602,16271,5767,1978338,1978339,1978335,1978336,0,0,0,0
1790158028.3583553,-6,-4,1,-5,9376,22584,16255,5768,1978428,1978429,1978425,1978426,0,0,0,0
1790158028.5277512,0,1,4,-1,9378,22577,16245,5764,1978458,1978459,1978455,1978456,0,0,0,0
1790158028.5277512,-5,-3,-3,1,9396,22591,16267,5785,1978518,1978519,1978515,1978516,0,0,0,0
1790158028.5437076,0,-3,0,-2,9399,22593,16267,5786,1978548,1978549,1978545,1978546,0,0,0,0
1790158028.5437076,3,-2,1,0,9397,22598,16270,5787,1978578,1978579,1978575,1978576,0,0,0,0
1790158028.7064517,3,-1,-1,-2,9388,22614,16288,5784,1978668,1978669,1978665,1978666,0,0,0,0
1790158028.7705798,-2,-1,0,-2,9387,22620,16291,5780,1978698,1978699,1978695,1978696,0,0,0,0
1790158028.966877,2,-2,-1,2,9387,22616,16290,5780,1978758,1978759,1978755,1978756,0,0,0,0
1790158028.966877,-1,-4,-1,1,9388,22610,16283,5781,1978818,1978819,1978815,1978816,0,0,0,0
1790158029.0643554,-7,0,7,0,9388,22609,16284,5782,1978848,1978849,1978845,1978846,0,0,0,0
1790158029.0643554,4,2,-1,-2,9387,22608,16282,5783,1978878,1978879,1978875,1978876,0,0,0,0
1790158029.1784697,4,-3,-1,-1,9420,22579,16259,5814,1978938,1978939,1978935,1978936,0,0,0,0
1790158029.357515,-3,4,3,1,9396,22598,16270,5789,1979028,1979029,1979025,1979026,0,0,0,0
1790158029.5856988,-2,3,-6,0,9408,22563,16251,5799,1979118,1979119,1979115,1979116,0,0,0,0
1790158029.5871246,4,-2,2,-2,9421,22559,16245,5816,1979148,1979149,1979145,1979146,0,0,0,0
1790158029.5871246,-1,-3,5,-2,9414,22572,16254,5807,1979178,1979179,1979175,1979176,0,0,0,0
1790158029.7140799,-3,-4,3,2,9391,22600,16276,5782,1979238,1979239,1979235,1979236,0,0,0,0
1790158029.734134,0,-2,0,-1,9390,22606,16279,5780,1979268,1979269,1979265,1979266,0,0,0,0
1790158029.794719,-4,2,-2,0,9392,22604,16278,5782,1979298,1979299,1979295,1979296,0,0,0,0
1790158029.9902506,-2,-1,0,-3,9394,22598,16275,5786,1979328,1979329,1979325,1979326,0,0,0,0
1790158029.9902506,-5,-4,0,0,9395,22602,16278,5785,1979418,1979419,1979415,1979416,0,0,0,0
1790158030.2017817,0,6,4,0,9397,22606,16279,5788,1979508,1979509,1979505,1979506,0,0,0,0
1790158030.2150745,0,1,2,-2,9396,22607,16280,5787,1979538,1979539,1979535,1979536,0,0,0,0
1790158030.4043853,0,3,-2,0,9398,22607,16282,5789,1979568,1979569,1979565,1979566,0,0,0,0
1790158030.4104068,2,-3,-1,-4,9400,22605,16279,5790,1979598,1979599,1979595,1979596,0,0,0,0
1790158030.413006,-5,-4,1,-1,9401,22605,16278,5791,1979658,1979659,1979655,1979656,0,0,0,0
1790158030.6097157,2,-16,2,-4,9404,22601,16276,5793,1979718,1979719,1979715,1979716,0,0,0,0
1790158030.611716,1,-2,-9,-1,9410,22597,16271,5800,1979748,1979749,1979745,1979746,0,0,0,0
1790158030.6123812,-3,2,0,-4,9417,22587,16263,5806,1979808,1979809,1979805,1979806,0,0,0,0
1790158030.7331743,-4,4,-2,3,9414,22588,16263,5803,1979868,1979869,1979865,1979866,0,0,0,0
1790158030.8200133,-2,-2,3,-3,9414,22585,16262,5804,1979898,1979899,1979895,1979896,0,0,0,0
1790158030.8212724,-7,-2,-1,0,9416,22585,16262,5806,1979928,1979929,1979925,1979926,0,0,0,0
1790158031.011216,-2,2,-1,-1,9417,22586,16263,5806,1979958,1979959,1979955,1979956,0,0,0,0
1790158031.011216,-3,-1,1,-2,9420,22606,16276,5809,1980048,1980049,1980045,1980046,0,0,0,0
1790158031.1885333,-1,-2,-4,0,9417,22612,16274,5804,1980078,1980079,1980075,1980076,0,0,0,0
1790158031.1885333,3,4,0,-4,9419,22610,16276,5802,1980108,1980109,1980105,1980106,0,0,0,0
1790158031.2060719,0,1,-1,0,9420,22604,16273,5804,1980138,1980139,1980135,1980136,0,0,0,0
1790158031.220556,-3,0,0,-1,9423,22602,16270,5805,1980168,1980169,1980165,1980166,0,0,0,0
1790158031.4174829,1,7,0,-2,9429,22611,16277,5812,1980198,1980199,1980195,1980196,0,0,0,0
1790158031.4174829,-2,-7,-5,-2,9429,22615,16279,5808,1980228,1980229,1980225,1980226,0,0,0,0
1790158031.4174829,3,-3,-1,-3,9429,22603,16269,5809,1980288,1980289,1980285,1980286,0,0,0,0
1790158031.623581,-3,2,2,-4,9432,22602,16269,5812,1980318,1980319,1980315,1980316,0,0,0,0
1790158031.623581,-1,-2,-3,1,9426,22611,16276,5807,1980408,1980409,1980405,1980406,0,0,0,0
1790158031.7382705,-2,-6,2,2,9428,22614,16278,5807,1980438,1980439,1980435,1980436,0,0,0,0
1790158031.7382705,4,-1,3,1,9424,22607,16272,5800,1980468,1980469,1980465,1980466,0,0,0,0
1790158031.8687227,-1,-3,-5,-1,9409,22660,16317,5789,1980528,1980529,1980525,1980526,0,0,0,0
1790158031.88472,-2,-2,1,-4,9416,22656,16307,5792,1980558,1980559,1980555,1980556,0,0,0,0
1790158032.030976,0,5,-15,-3,9427,22644,16298,5800,1980588,1980589,1980585,1980586,0,0,0,0
1790158032.047062,3,2,0,3,9437,22625,16279,5813,1980648,1980649,1980645,1980646,0,0,0,0
1790158032.177279,3,0,7,0,9430,22630,16285,5807,1980708,1980709,1980705,1980706,0,0,0,0
1790158032.1932693,-2,-2,1,-2,9427,22634,16288,5804,1980738,1980739,1980735,1980736,0,0,0,0
1790158032.2573454,0,5,1,0,9426,22634,16289,5803,1980768,1980769,1980765,1980766,0,0,0,0
1790158032.4557235,-33,-50,-26,-33,9238,22248,16217,5654,1980798,1980799,1980795,1980796,0,0,0,0
1790158032.4557235,-43,-58,-57,-57,4589,18025,11790,1506,1980888,1980889,1980885,1980886,0,0,0,0
1790158032.6476018,-68,-59,-62,-64,179,13629,7202,29535,1980978,1980979,1980975,1980976,0,0,0,0
1790158032.6634872,-44,-57,-55,-52,31442,12043,5631,28019,1981008,1981009,1981005,1981006,0,0,0,0
1790158032.7550566,-70,-56,-65,-50,29899,10498,4022,26462,1981038,1981039,1981035,1981036,0,0,0,0
1790158032.8635693,-52,-75,-59,-57,26756,7161,817,23316,1981098,1981099,1981095,1981096,0,0,0,0
1790158032.8754914,-51,-67,-50,-64,23412,3984,30392,20063,1981158,1981159,1981155,1981156,0,0,0,0
1790158033.054379,-67,-48,-53,-49,21786,2404,28869,18442,1981188,1981189,1981185,1981186,0,0,0,0
1790158033.0700703,-62,-46,-51,-67,17018,30324,23997,13723,1981278,1981279,1981275,1981276,0,0,0,0
1790158033.2711673,-61,-65,-64,-55,15328,28617,22307,12142,1981308,1981309,1981305,1981306,0,0,0,0
1790158033.2731726,-53,-68,-59,-45,13834,27052,20743,10383,1981338,1981339,1981335,1981336,0,0,0,0
1790158033.2731726,-62,-55,-58,-63,12174,25472,19065,8897,1981368,1981369,1981365,1981366,0,0,0,0
1790158033.2751799,-39,-47,-41,-45,10633,23976,17490,7264,1981398,1981399,1981395,1981396,0,0,0,0
1790158033.4755776,2,1,-9,-5,9086,22398,15614,5407,1981488,1981489,1981485,1981486,0,0,0,0
1790158033.6696985,1,2,7,2,9108,22421,15598,5407,1981518,1981519,1981515,1981516,0,0,0,0
1790158033.6696985,3,1,2,5,9143,22428,15660,5486,1981548,1981549,1981545,1981546,0,0,0,0
1790158033.6696985,-1,-3,-1,0,9228,22349,15597,5578,1981638,1981639,1981635,1981636,0,0,0,0
1790158033.7503216,0,-2,6,-4,9250,22323,15571,5600,1981668,1981669,1981665,1981666,0,0,0,0
1790158033.7684364,1,-4,-1,0,9267,22306,15551,5619,1981698,1981699,1981695,1981696,0,0,0,0
1790158033.8797984,-2,-4,-1,-4,9279,22294,15535,5632,1981758,1981759,1981755,1981756,0,0,0,0
1790158034.0888226,0,-6,-5,-2,9278,22297,15538,5630,1981788,1981789,1981785,1981786,0,0,0,0
1790158034.0888226,-2,-2,-1,0,9271,22305,15549,5624,1981878,1981879,1981875,1981876,0,0,0,0
1790158034.2872412,-4,-1,-1,-5,9274,22302,15546,5627,1981908,1981909,1981905,1981906,0,0,0,0
1790158034.2872412,1,-5,-3,-3,9324,22349,15558,5652,1981968,1981969,1981965,1981966,0,0,0,0
1790158034.4978886,-3,-2,2,-2,9328,22317,15531,5664,1982028,1982029,1982025,1982026,0,0,0,0
1790158034.4978886,-3,-2,-2,-5,9332,22315,15527,5668,1982088,1982089,1982085,1982086,0,0,0,0
1790158034.5164413,0,-5,-1,-9,9328,22319,15532,5666,1982118,1982119,1982115,1982116,0,0,0,0
1790158034.7036047,3,-2,-2,0,9325,22324,15537,5662,1982148,1982149,1982145,1982146,0,0,0,0
1790158034.7036047,3,8,0,3,9288,22344,15558,5631,1982238,1982239,1982235,1982236,0,0,0,0
1790158034.7737894,-3,0,-3,-4,9306,22375,15603,5648,1982268,1982269,1982265,1982266,0,0,0,0
1790158034.8154612,-2,4,3,2,9304,22376,15599,5647,1982298,1982299,1982295,1982296,0,0,0,0
1790158034.8698204,3,4,0,0,9306,22355,15580,5651,1982328,1982329,1982325,1982326,0,0,0,0
1790158034.9113474,0,-1,-4,-4,9317,22344,15570,5663,1982358,1982359,1982355,1982356,0,0,0,0
1790158034.9819632,4,-15,-1,5,9382,22258,15525,5706,1982388,1982389,1982385,1982386,0,0,0,0
1790158034.9958117,63,-48,-21,23,10099,21645,15161,6065,1982418,1982419,1982415,1982416,0,0,0,0
1790158035.0573735,95,-62,-62,73,12002,19728,13915,7299,1982448,1982449,1982445,1982446,0,0,0,0
1790158035.15407,55,-66,-60,54,13876,18032,12242,9373,1982478,1982479,1982475,1982476,0,0,0,0
1790158035.1544604,82,-65,-58,82,15621,16266,10351,11271,1982508,1982509,1982505,1982506,0,0,0,0
1790158035.21793,73,-77,-75,90,17625,14208,8314,13276,1982538,1982539,1982535,1982536,0,0,0,0
1790158035.266128,74,-73,-77,69,19610,12305,6240,15317,1982568,1982569,1982565,1982566,0,0,0,0
1790158035.3301797,71,-54,-66,64,21376,10421,4436,17224,1982598,1982599,1982595,1982596,0,0,0,0
1790158035.3351564,49,-58,-55,57,23027,8889,2753,18884,1982628,1982629,1982625,1982626,0,0,0,0
1790158035.4298596,50,-51,-53,57,24446,7483,1375,20258,1982658,1982659,1982655,1982656,0,0,0,0
1790158035.486328,34,-40,-40,51,25713,6225,126,21549,1982688,1982689,1982685,1982686,0,0,0,0
1790158035.5179899,58,-52,-49,44,28449,3405,30194,24256,1982748,1982749,1982745,1982746,0,0,0,0
1790158035.5660298,65,-57,-59,55,30064,1920,28581,25933,1982778,1982779,1982775,1982776,0,0,0,0
1790158035.6148677,60,-59,-60,63,31725,203,26857,27639,1982808,1982809,1982805,1982806,0,0,0,0
1790158035.6814826,62,-64,-75,64,715,31218,25193,29327,1982838,1982839,1982835,1982836,0,0,0,0
1790158035.6954765,51,-76,-62,55,2394,29601,23443,31076,1982868,1982869,1982865,1982866,0,0,0,0
1790158035.743649,69,-50,-60,51,4116,27905,21736,32739,1982898,1982899,1982895,1982896,0,0,0,0
1790158035.83153,49,-57,-61,66,5635,26355,20101,1582,1982928,1982929,1982925,1982926,0,0,0,0
1790158035.8725939,53,-55,-45,52,7091,24908,18683,3043,1982958,1982959,1982955,1982956,0,0,0,0
1790158035.9317684,65,-48,-46,51,8544,23433,17253,4548,1982988,1982989,1982985,1982986,0,0,0,0
1790158036.0041316,60,-38,-58,60,10023,21987,15833,5973,1983018,1983019,1983015,1983016,0,0,0,0
1790158036.021322,57,-71,-55,59,11514,20418,14238,7523,1983048,1983049,1983045,1983046,0,0,0,0
1790158036.1481931,65,-56,-56,60,13105,18857,12671,9201,1983078,1983079,1983075,1983076,0,0,0,0
1790158036.1481931,64,-57,-63,71,14795,17197,10992,10800,1983108,1983109,1983105,1983106,0,0,0,0
1790158036.196536,56,-71,-61,53,16384,15570,9350,12495,1983138,1983139,1983135,1983136,0,0,0,0
1790158036.2148645,56,-47,-54,52,18046,13942,7791,14161,1983168,1983169,1983165,1983166,0,0,0,0
1790158036.2766893,64,-54,-56,58,19589,12402,6071,15726,1983198,1983199,1983195,1983196,0,0,0,0
1790158036.3329244,45,-60,-54,54,21012,10872,4613,17284,1983228,1983229,1983225,1983226,0,0,0,0
1790158036.4540112,57,-50,-61,75,24110,7866,1617,20334,1983288,1983289,1983285,1983286,0,0,0,0
1790158036.4697971,46,-61,-56,55,25652,6251,75,21911,1983318,1983319,1983315,1983316,0,0,0,0
1790158036.5372503,60,-52,-51,57,27281,4604,31179,23495,1983348,1983349,1983345,1983346,0,0,0,0
1790158036.582672,60,-57,-64,61,28857,3054,29517,25127,1983378,1983379,1983375,1983376,0,0,0,0
1790158036.663722,64,-46,-48,64,32122,32724,26405,28280,1983438,1983439,1983435,1983436,0,0,0,0
1790158036.7358685,51,-55,-61,58,906,31026,24691,29914,1983468,1983469,1983465,1983466,0,0,0,0
1790158036.7768168,54,-67,-53,51,2424,29526,23223,31378,1983498,1983499,1983495,1983496,0,0,0,0
1790158036.8582025,70,-46,-57,60,4037,27976,21613,267,1983528,1983529,1983525,1983526,0,0,0,0
1790158036.95831,50,-50,-62,61,5568,26432,20041,1925,1983558,1983559,1983555,1983556,0,0,0,0
1790158037.1666496,-9,14,16,-5,9609,23480,16145,5663,1983738,1983739,1983735,1983736,0,0,0,0
1790158037.3630958,-8,4,7,-16,9314,23778,16459,5361,1983768,1983769,1983765,1983766,0,0,0,0
1790158037.3630958,-6,2,6,-8,9104,23947,16702,5125,1983798,1983799,1983795,1983796,0,0,0,0
1790158037.3630958,8,1,3,-6,8960,24089,16862,4974,1983828,1983829,1983825,1983826,0,0,0,0
1790158037.3630958,-3,4,1,-5,8862,24179,16959,4880,1983858,1983859,1983855,1983856,0,0,0,0
1790158037.574582,0,-4,-2,3,8703,24305,17108,4741,1983978,1983979,1983975,1983976,0,0,0,0
1790158037.7817712,-2,2,-1,2,8710,24300,17111,4752,1984068,1984069,1984065,1984066,0,0,0,0
1790158037.7976263,5,2,-1,0,8710,24297,17108,4752,1984098,1984099,1984095,1984096,0,0,0,0
1790158037.8612769,-3,2,-5,-3,8700,24300,17110,4744,1984128,1984129,1984125,1984126,0,0,0,0
1790158037.897975,-4,5,3,-3,8689,24305,17117,4736,1984158,1984159,1984155,1984156,0,0,0,0
1790158037.9739969,3,2,5,-3,8684,24309,17125,4732,1984188,1984189,1984185,1984186,0,0,0,0
1790158038.167091,-1,1,-3,0,8687,24309,17125,4735,1984248,1984249,1984245,1984246,0,0,0,0
1790158038.167091,-3,1,-4,1,8690,24313,17127,4736,1984338,1984339,1984335,1984336,0,0,0,0
1790158038.3918447,-2,7,-1,-2,8688,24316,17130,4733,1984368,1984369,1984365,1984366,0,0,0,0
1790158038.3918447,1,-2,-6,-3,8711,24300,17119,4763,1984458,1984459,1984455,1984456,0,0,0,0
1790158038.5847414,-4,1,-1,-9,8695,24315,17136,4750,1984488,1984489,1984485,1984486,0,0,0,0
1790158038.5847414,2,-2,0,-1,8675,24334,17157,4733,1984578,1984579,1984575,1984576,0,0,0,0
1790158038.7694578,0,-3,-5,-1,8681,24328,17151,4738,1984638,1984639,1984635,1984636,0,0,0,0
1790158038.7694578,1,1,-3,0,8677,24322,17140,4730,1984698,1984699,1984695,1984696,0,0,0,0
1790158038.8560326,0,4,0,3,8691,24327,17156,4754,1984728,1984729,1984725,1984726,0,0,0,0
1790158038.9607043,0,-1,0,-1,8688,24326,17153,4751,1984758,1984759,1984755,1984756,0,0,0,0
1790158038.9607043,-1,-3,0,1,8673,24330,17158,4743,1984818,1984819,1984815,1984816,0,0,0,0
1790158039.2101014,1,-2,-4,2,8671,24335,17161,4742,1984848,1984849,1984845,1984846,0,0,0,0
1790158039.2101014,5,1,-3,0,8660,24349,17185,4744,1984938,1984939,1984935,1984936,0,0,0,0
1790158039.409801,0,2,3,1,8658,24352,17189,4742,1984998,1984999,1984995,1984996,0,0,0,0
1790158039.409801,-6,-1,-2,-5,8663,24352,17189,4746,1985088,1985089,1985085,1985086,0,0,0,0
1790158039.6153202,5,3,-3,-1,8664,24352,17189,4747,1985118,1985119,1985115,1985116,0,0,0,0
1790158039.6153202,-5,1,-3,3,8684,24325,17166,4760,1985178,1985179,1985175,1985176,0,0,0,0
1790158039.631433,-4,-3,-3,1,8694,24319,17158,4771,1985208,1985209,1985205,1985206,0,0,0,0
1790158039.7782626,-2,-2,0,-1,8662,24352,17192,4746,1985298,1985299,1985295,1985296,0,0,0,0
1790158039.8270319,5,0,0,-1,8658,24357,17196,4742,1985328,1985329,1985325,1985326,0,0,0,0
1790158040.0222938,6,-2,-2,1,8698,24322,17158,4774,1985418,1985419,1985415,1985416,0,0,0,0
1790158040.0222938,-2,-2,1,-1,8682,24335,17171,4761,1985448,1985449,1985445,1985446,0,0,0,0
1790158040.2331877,-2,1,-1,-2,8647,24361,17200,4733,1985538,1985539,1985535,1985536,0,0,0,0
1790158040.4275413,-4,1,0,-5,8653,24358,17199,4737,1985568,1985569,1985565,1985566,0,0,0,0
1790158040.4435482,0,2,-4,-2,8655,24356,17194,4740,1985598,1985599,1985595,1985596,0,0,0,0
1790158040.4435482,-2,-1,-4,-4,8656,24356,17195,4739,1985628,1985629,1985625,1985626,0,0,0,0
1790158040.4435482,-3,-1,-6,-4,8653,24358,17196,4739,1985658,1985659,1985655,1985656,0,0,0,0
1790158040.457241,-1,-3,0,3,8651,24360,17198,4737,1985688,1985689,1985685,1985686,0,0,0,0
1790158040.638998,0,1,0,4,8654,24358,17196,4740,1985808,1985809,1985805,1985806,0,0,0,0
1790158040.657549,0,-3,4,-4,8654,24359,17198,4738,1985838,1985839,1985835,1985836,0,0,0,0
1790158040.83358,0,-1,0,-1,8655,24355,17195,4741,1985898,1985899,1985895,1985896,0,0,0,0
1790158040.83358,-3,-3,-1,-3,8661,24350,17191,4745,1985928,1985929,1985925,1985926,0,0,0,0
1790158041.0445125,0,-2,-1,-2,8668,24347,17186,4749,1985958,1985959,1985955,1985956,0,0,0,0
1790158041.0445125,-2,-6,0,-2,8668,24347,17186,4750,1986078,1986079,1986075,1986076,0,0,0,0
1790158041.2556634,1,-3,-1,-3,8668,24346,17185,4750,1986108,1986109,1986105,1986106,0,0,0,0
1790158041.2556634,2,-3,-3,-2,8668,24346,17186,4750,1986138,1986139,1986135,1986136,0,0,0,0
1790158041.2556634,-3,-2,-2,2,8668,24347,17186,4750,1986168,1986169,1986165,1986166,0,0,0,0
1790158041.2750783,-3,0,0,1,8669,24347,17186,4750,1986198,1986199,1986195,1986196,0,0,0,0
1790158041.4650943,0,3,-5,2,8668,24347,17185,4750,1986228,1986229,1986225,1986226,0,0,0,0
1790158041.468118,-1,-1,-1,1,8682,24356,17191,4758,1986258,1986259,1986255,1986256,0,0,0,0
1790158041.4696574,2,-4,-5,1,8661,24350,17193,4745,1986318,1986319,1986315,1986316,0,0,0,0
1790158041.6444988,3,1,1,-2,8647,24356,17200,4733,1986408,1986409,1986405,1986406,0,0,0,0
1790158041.8002725,-4,3,-8,-3,8646,24354,17196,4733,1986438,1986439,1986435,1986436,0,0,0,0
1790158041.8059638,-4,4,-1,-2,8664,24358,17198,4746,1986498,1986499,1986495,1986496,0,0,0,0
1790158041.8154006,3,-1,1,-2,8668,24348,17189,4747,1986528,1986529,1986525,1986526,0,0,0,0
1790158041.8738723,1,1,5,1,8670,24346,17187,4750,1986558,1986559,1986555,1986556,0,0,0,0
1790158042.0785997,-2,-3,-3,0,8671,24346,17186,4749,1986588,1986589,1986585,1986586,0,0,0,0
1790158042.0785997,-5,3,5,0,8665,24352,17193,4745,1986648,1986649,1986645,1986646,0,0,0,0
1790158042.275738,-6,-5,3,-1,8663,24353,17194,4744,1986678,1986679,1986675,1986676,0,0,0,0
1790158042.275738,-1,-2,-1,-3,8634,24385,17229,4723,1986798,1986799,1986795,1986796,0,0,0,0
1790158042.4038963,3,2,-2,-7,8639,24368,17211,4731,1986858,1986859,1986855,1986856,0,0,0,0
1790158042.484253,-3,-14,-1,-6,8645,24355,17202,4736,1986948,1986949,1986945,1986946,0,0,0,0
1790158042.6801643,1,2,-5,-3,8642,24360,17206,4733,1986978,1986979,1986975,1986976,0,0,0,0
1790158042.696475,-7,-5,-5,-2,8654,24357,17203,4741,1987068,1987069,1987065,1987066,0,0,0,0
1790158042.7941232,0,2,-3,2,8654,24358,17203,4741,1987098,1987099,1987095,1987096,0,0,0,0
1790158042.7941232,-88,-80,-90,-56,7638,23222,16423,4190,1987128,1987129,1987125,1987126,0,0,0,0
1790158042.8918366,-37,-58,-57,-54,4666,20280,13247,1248,1987188,1987189,1987185,1987186,0,0,0,0
1790158043.1029482,-65,-53,-60,-48,304,16013,8750,29259,1987278,1987279,1987275,1987276,0,0,0,0
1790158043.1080463,-49,-63,-62,-51,31552,14389,7177,27787,1987308,1987309,1987305,1987306,0,0,0,0
1790158043.3066823,-55,-59,-53,-47,30014,12751,5576,26265,1987338,1987339,1987335,1987336,0,0,0,0
1790158043.3163888,-56,-46,-55,-71,25315,7967,866,21440,1987428,1987429,1987425,1987426,0,0,0,0
1790158043.508939,-54,-64,-73,-61,23572,6299,31917,19765,1987458,1987459,1987455,1987456,0,0,0,0
1790158043.508939,-61,-63,-48,-83,20381,3023,28767,16584,1987518,1987519,1987515,1987516,0,0,0,0
1790158043.508939,-62,-68,-68,-43,18703,1398,27183,14982,1987548,1987549,1987545,1987546,0,0,0,0
1790158043.7049305,-65,-52,-53,-59,15451,30952,23958,11780,1987608,1987609,1987605,1987606,0,0,0,0
1790158043.7209537,-56,-75,-60,-53,13948,29359,22222,10131,1987638,1987639,1987635,1987636,0,0,0,0
1790158043.8015382,-56,-55,-65,-75,12349,27685,20672,8554,1987668,1987669,1987665,1987666,0,0,0,0
1790158043.8015382,-63,-61,-56,-53,10656,26098,19011,6929,1987698,1987699,1987695,1987696,0,0,0,0
1790158043.8015382,-62,-56,-54,-71,9089,24507,17385,5231,1987728,1987729,1987725,1987726,0,0,0,0
1790158043.9146442,-52,-62,-59,-54,5798,21338,14118,1970,1987788,1987789,1987785,1987786,0,0,0,0
1790158044.1269093,-55,-63,-55,-71,990,16374,9200,29916,1987878,1987879,1987875,1987876,0,0,0,0
1790158044.1269093,-73,-54,-66,-63,32134,14719,7573,28269,1987908,1987909,1987905,1987906,0,0,0,0
1790158044.322749,-57,-56,-61,-86,28964,11448,4266,24977,1987968,1987969,1987965,1987966,0,0,0,0
1790158044.3389282,-45,-56,-54,-62,25718,8214,989,21693,1988028,1988029,1988025,1988026,0,0,0,0
1790158044.533034,-72,-57,-75,-67,24007,6587,32035,20001,1988058,1988059,1988055,1988056,0,0,0,0
1790158044.533034,-59,-80,-62,-60,22396,4933,30448,18363,1988088,1988089,1988085,1988086,0,0,0,0
1790158044.7291794,-57,-70,-64,-54,14239,29571,22415,10271,1988238,1988239,1988235,1988236,0,0,0,0
1790158044.7473001,-46,-45,-57,-71,12636,27879,20861,8762,1988268,1988269,1988265,1988266,0,0,0,0
1790158044.8095589,-65,-51,-54,-67,11051,26258,19143,7077,1988298,1988299,1988295,1988296,0,0,0,0
1790158044.8252738,-21,-35,-33,-32,9868,25173,17848,5714,1988328,1988329,1988325,1988326,0,0,0,0
1790158044.9549613,-15,-15,-20,-14,8844,24035,16618,4608,1988388,1988389,1988385,1988386,0,0,0,0
1790158045.0688863,0,-2,-8,-12,8618,23822,16322,4372,1988418,1988419,1988415,1988416,0,0,0,0
1790158045.0688863,-1,1,-3,2,8627,23840,16255,4317,1988448,1988449,1988445,1988446,0,0,0,0
1790158045.0928411,0,2,-4,-2,8626,23846,16267,4325,1988478,1988479,1988475,1988476,0,0,0,0
1790158045.1508508,2,-4,-2,-4,8620,23853,16274,4324,1988508,1988509,1988505,1988506,0,0,0,0
1790158045.2783298,4,1,-3,0,8611,23864,16284,4319,1988568,1988569,1988565,1988566,0,0,0,0
1790158045.3542626,-2,-2,-3,2,8612,23866,16284,4321,1988598,1988599,1988595,1988596,0,0,0,0
1790158045.3542626,0,-3,-2,4,8614,23865,16284,4324,1988628,1988629,1988625,1988626,0,0,0,0
1790158045.5513277,-1,-3,-2,4,8556,23962,16357,4272,1988748,1988749,1988745,1988746,0,0,0,0
1790158045.7591565,-2,2,2,0,8579,23943,16343,4292,1988838,1988839,1988835,1988836,0,0,0,0
1790158045.7591565,1,-4,-2,-6,8588,23938,16336,4297,1988868,1988869,1988865,1988866,0,0,0,0
1790158045.7591565,2,1,0,2,8588,23935,16334,4299,1988898,1988899,1988895,1988896,0,0,0,0
1790158045.8338964,-5,-1,1,0,8586,23939,16336,4297,1988928,1988929,1988925,1988926,0,0,0,0
1790158045.9653335,2,-2,2,7,8578,23946,16343,4292,1988988,1988989,1988985,1988986,0,0,0,0
1790158045.9719014,0,0,1,-2,8579,23947,16343,4292,1989018,1989019,1989015,1989016,0,0,0,0
1790158046.1738474,1,0,-1,-1,8575,23949,16345,4292,1989138,1989139,1989135,1989136,0,0,0,0
1790158046.3811753,-2,-3,-2,-6,8548,23942,16341,4276,1989198,1989199,1989195,1989196,0,0,0,0
1790158046.3811753,4,6,3,0,8528,23992,16374,4253,1989228,1989229,1989225,1989226,0,0,0,0
1790158046.3960044,-3,-7,-2,-2,8524,24030,16415,4249,1989258,1989259,1989255,1989256,0,0,0,0
1790158046.4940412,-1,0,0,-1,8508,24059,16433,4229,1989288,1989289,1989285,1989286,0,0,0,0
1790158046.500618,-5,5,4,-7,8485,24066,16442,4212,1989318,1989319,1989315,1989316,0,0,0,0
1790158046.5150142,-6,6,2,-1,8472,24076,16453,4202,1989348,1989349,1989345,1989346,0,0,0,0
1790158046.5850363,-1,1,-1,1,8473,24078,16461,4198,1989378,1989379,1989375,1989376,0,0,0,0
1790158046.635999,18,-23,-11,25,8681,23854,16354,4323,1989408,1989409,1989405,1989406,0,0,0,0
1790158046.6847887,76,-80,-42,41,9766,22445,15665,4885,1989438,1989439,1989435,1989436,0,0,0,0
1790158046.786168,81,-69,-71,76,13424,18852,12124,8280,1989498,1989499,1989495,1989496,0,0,0,0
1790158046.8306704,80,-74,-69,62,15288,16960,10182,10347,1989528,1989529,1989525,1989526,0,0,0,0
1790158046.8951068,68,-72,-64,65,17365,14933,8002,12459,1989558,1989559,1989555,1989556,0,0,0,0
1790158046.943978,73,-70,-67,74,19361,12896,5925,14434,1989588,1989589,1989585,1989586,0,0,0,0
1790158046.992317,52,-57,-52,49,22531,9814,2753,17662,1989648,1989649,1989645,1989646,0,0,0,0
1790158047.0982566,47,-52,-51,61,25119,7244,191,20222,1989708,1989709,1989705,1989706,0,0,0,0
1790158047.153146,58,-49,-51,59,26389,5868,31591,21628,1989738,1989739,1989735,1989736,0,0,0,0
1790158047.2179646,39,-48,-59,50,27917,4380,30177,23103,1989768,1989769,1989765,1989766,0,0,0,0
1790158047.3316765,65,-62,-57,66,29513,2744,28540,24686,1989798,1989799,1989795,1989796,0,0,0,0
1790158047.347451,63,-64,-58,55,31317,1001,26698,26621,1989828,1989829,1989825,1989826,0,0,0,0
1790158047.347451,68,-75,-76,67,294,32032,24899,28358,1989858,1989859,1989855,1989856,0,0,0,0
1790158047.412335,61,-52,-63,59,2044,30354,23233,30145,1989888,1989889,1989885,1989886,0,0,0,0
1790158047.4770715,63,-61,-59,65,3605,28716,21572,31692,1989918,1989919,1989915,1989916,0,0,0,0
1790158047.5256102,57,-65,-61,57,5116,27227,20045,489,1989948,1989949,1989945,1989946,0,0,0,0
1790158047.6096325,43,-43,-54,43,6669,25848,18621,1990,1989978,1989979,1989975,1989976,0,0,0,0
1790158047.6096325,46,-53,-49,46,7998,24451,17257,3339,1990008,1990009,1990005,1990006,0,0,0,0
1790158047.6745706,58,-54,-60,53,9490,23040,15849,4793,1990038,1990039,1990035,1990036,0,0,0,0
1790158047.7348182,64,-57,-63,68,11016,21457,14266,6400,1990068,1990069,1990065,1990066,0,0,0,0
1790158047.7995143,55,-49,-50,54,12677,19745,12631,8002,1990098,1990099,1990095,1990096,0,0,0,0
1790158047.8158462,61,-69,-63,69,14359,18142,10838,9795,1990128,1990129,1990125,1990126,0,0,0,0
1790158047.9116828,54,-60,-56,51,16066,16490,9166,11562,1990158,1990159,1990155,1990156,0,0,0,0
1790158047.9274707,59,-56,-59,70,17702,14864,7602,13174,1990188,1990189,1990185,1990186,0,0,0,0
1790158047.9912732,62,-62,-50,49,19236,13241,5916,14825,1990218,1990219,1990215,1990216,0,0,0,0
1790158048.0398698,65,-51,-55,54,20729,11762,4452,16253,1990248,1990249,1990245,1990246,0,0,0,0
1790158048.113375,56,-51,-56,54,22223,10295,2927,17763,1990278,1990279,1990275,1990276,0,0,0,0
1790158048.113375,58,-56,-58,59,23669,8811,1436,19277,1990308,1990309,1990305,1990306,0,0,0,0
1790158048.216988,56,-65,-52,48,25330,7241,32682,20929,1990338,1990339,1990335,1990336,0,0,0,0
1790158048.2331433,53,-48,-56,60,26904,5646,31113,22491,1990368,1990369,1990365,1990366,0,0,0,0
1790158048.3145444,43,-53,-58,58,30042,2507,27924,25640,1990428,1990429,1990425,1990426,0,0,0,0
1790158048.3795846,55,-61,-56,70,31654,914,26332,27220,1990458,1990459,1990455,1990456,0,0,0,0
1790158048.427999,69,-73,-56,77,513,32056,24617,28862,1990488,1990489,1990485,1990486,0,0,0,0
1790158048.5156915,67,-55,-58,71,3661,28840,21500,32097,1990548,1990549,1990545,1990546,0,0,0,0
1790158048.638688,44,-40,-41,45,6620,25991,18550,2311,1990608,1990609,1990605,1990606,0,0,0,0
1790158048.8012824,13,-22,-12,17,7544,25220,17596,3218,1990638,1990639,1990635,1990636,0,0,0,0
1790158048.8012824,13,-19,-14,15,8007,24636,17175,3643,1990668,1990669,1990665,1990666,0,0,0,0
1790158048.8177054,5,-10,-17,3,8277,24319,16838,3996,1990698,1990699,1990695,1990696,0,0,0,0
1790158049.0319142,2,-8,-9,-1,8414,24235,16714,4095,1990728,1990729,1990725,1990726,0,0,0,0
1790158049.045447,-6,-1,1,2,8453,24207,16678,4126,1990758,1990759,1990755,1990756,0,0,0,0
1790158049.0533268,-3,3,-3,-2,8419,24234,16705,4088,1990818,1990819,1990815,1990816,0,0,0,0
1790158049.0533268,4,4,4,-5,8383,24267,16744,4048,1990848,1990849,1990845,1990846,0,0,0,0
1790158049.2351167,2,-1,-4,-3,8346,24300,16782,4007,1990878,1990879,1990875,1990876,0,0,0,0
1790158049.2381947,4,-2,-3,-3,8271,24361,16860,3923,1990968,1990969,1990965,1990966,0,0,0,0
1790158049.449734,-4,-2,-5,-1,8256,24379,16892,3893,1991088,1991089,1991085,1991086,0,0,0,0
1790158049.562613,-1,-4,-1,-1,8256,24388,16900,3893,1991148,1991149,1991145,1991146,0,0,0,0
1790158049.6481483,0,-6,-7,2,8258,24385,16896,3891,1991238,1991239,1991235,1991236,0,0,0,0
1790158049.8282912,-2,-1,4,1,8259,24385,16894,3895,1991268,1991269,1991265,1991266,0,0,0,0
1790158049.9927588,2,1,1,2,8257,24383,16893,3893,1991358,1991359,1991355,1991356,0,0,0,0
1790158049.9927588,-2,1,1,1,8256,24383,16893,3893,1991388,1991389,1991385,1991386,0,0,0,0
1790158049.999141,1,2,-4,-2,8254,24386,16897,3892,1991448,1991449,1991445,1991446,0,0,0,0
1790158050.0760105,19,-2,0,-1,8263,24393,16907,3901,1991478,1991479,1991475,1991476,0,0,0,0
1790158050.2702477,0,-3,0,2,8251,24391,16904,3888,1991598,1991599,1991595,1991596,0,0,0,0
1790158050.472701,4,-4,-2,-3,8240,24401,16914,3875,1991628,1991629,1991625,1991626,0,0,0,0
1790158050.472701,-1,-2,-3,-1,8231,24409,16926,3864,1991718,1991719,1991715,1991716,0,0,0,0
1790158050.6759133,-1,1,-4,-1,8226,24400,16914,3855,1991778,1991779,1991775,1991776,0,0,0,0
1790158050.6879191,2,-1,-5,1,8227,24400,16922,3864,1991838,1991839,1991835,1991836,0,0,0,0
1790158050.834441,-2,2,-4,-4,8230,24404,16925,3866,1991868,1991869,1991865,1991866,0,0,0,0
1790158050.834441,0,-3,-3,-1,8235,24410,16926,3867,1991928,1991929,1991925,1991926,0,0,0,0
1790158050.8502517,0,0,2,-2,8239,24408,16922,3872,1991958,1991959,1991955,1991956,0,0,0,0
1790158051.0781069,4,3,-2,0,8239,24407,16919,3871,1991988,1991989,1991985,1991986,0,0,0,0
1790158051.0978932,-5,-3,1,0,8224,24413,16930,3855,1992078,1992079,1992075,1992076,0,0,0,0
1790158051.289565,5,1,1,1,8230,24411,16927,3861,1992198,1992199,1992195,1992196,0,0,0,0
1790158051.4995425,-2,1,3,0,8229,24410,16927,3861,1992228,1992229,1992225,1992226,0,0,0,0
1790158051.4995425,-3,2,-1,-1,8247,24384,16898,3877,1992318,1992319,1992315,1992316,0,0,0,0
1790158051.4995425,3,3,-3,2,8276,24380,16893,3912,1992348,1992349,1992345,1992346,0,0,0,0
1790158051.6779342,-5,-4,5,-1,8275,24385,16894,3909,1992378,1992379,1992375,1992376,0,0,0,0
1790158051.6981857,6,1,-1,1,8245,24404,16917,3877,1992438,1992439,1992435,1992436,0,0,0,0
1790158051.855595,3,-5,-2,-1,8238,24408,16922,3869,1992468,1992469,1992465,1992466,0,0,0,0
1790158051.855595,0,-2,-2,2,8268,24376,16885,3899,1992528,1992529,1992525,1992526,0,0,0,0
1790158051.855595,0,-2,1,0,8269,24371,16878,3905,1992558,1992559,1992555,1992556,0,0,0,0
1790158051.904399,-6,-2,5,-1,8256,24383,16891,3889,1992588,1992589,1992585,1992586,0,0,0,0
1790158052.115795,1,-4,3,0,8227,24412,16927,3853,1992708,1992709,1992705,1992706,0,0,0,0
1790158052.3098645,-4,0,0,-2,8239,24402,16914,3868,1992798,1992799,1992795,1992796,0,0,0,0
1790158052.522848,-4,2,3,-3,8234,24407,16919,3861,1992828,1992829,1992825,1992826,0,0,0,0
1790158052.522848,1,2,-4,-4,8229,24410,16925,3855,1992918,1992919,1992915,1992916,0,0,0,0
1790158052.5382028,2,-1,4,2,8230,24409,16924,3858,1992948,1992949,1992945,1992946,0,0,0,0
1790158052.7302034,0,-2,-2,1,8232,24406,16921,3860,1993038,1993039,1993035,1993036,0,0,0,0
1790158052.7352617,-1,5,-4,-4,8230,24408,16922,3859,1993068,1993069,1993065,1993066,0,0,0,0
1790158052.8492658,-3,-1,-2,1,8233,24407,16921,3859,1993098,1993099,1993095,1993096,0,0,0,0
1790158052.9256682,3,-2,-2,-1,8235,24404,16918,3863,1993158,1993159,1993155,1993156,0,0,0,0
1790158052.9256682,3,-2,0,-1,8238,24402,16916,3866,1993188,1993189,1993185,1993186,0,0,0,0
1790158053.1374633,1,-3,3,-2,8242,24400,16913,3870,1993278,1993279,1993275,1993276,0,0,0,0
1790158053.280632,3,-3,-1,-1,8241,24400,16914,3869,1993308,1993309,1993305,1993306,0,0,0,0
1790158053.280632,-12,0,0,1,8242,24400,16913,3870,1993338,1993339,1993335,1993336,0,0,0,0
1790158053.280632,-5,-2,1,2,8257,24408,16919,3882,1993398,1993399,1993395,1993396,0,0,0,0
1790158053.4584534,2,0,2,0,8250,24400,16915,3869,1993428,1993429,1993425,1993426,0,0,0,0
1790158053.4780285,1,-3,-2,0,8251,24413,16925,3871,1993458,1993459,1993455,1993456,0,0,0,0
1790158053.4780285,0,-3,1,0,8248,24416,16929,3869,1993488,1993489,1993485,1993486,0,0,0,0
1790158053.5427477,-1,5,1,0,8248,24411,16922,3867,1993548,1993549,1993545,1993546,0,0,0,0
1790158053.5570698,2,4,-3,2,8261,24415,16924,3879,1993578,1993579,1993575,1993576,0,0,0,0
1790158053.7502859,-2,1,-3,1,8270,24397,16908,3892,1993668,1993669,1993665,1993666,0,0,0,0
1790158053.7537618,0,0,-2,-1,8266,24401,16911,3887,1993698,1993699,1993695,1993696,0,0,0,0
1790158053.8541324,-6,-1,2,-2,8262,24405,16914,3882,1993728,1993729,1993725,1993726,0,0,0,0
1790158053.9545233,-1,-1,-2,17,8260,24405,16915,3880,1993758,1993759,1993755,1993756,0,0,0,0
1790158054.1558268,0,1,-6,3,8221,24432,16955,3837,1993908,1993909,1993905,1993906,0,0,0,0
1790158054.175749,-8,3,-6,2,8229,24428,16949,3845,1993938,1993939,1993935,1993936,0,0,0,0
1790158054.365792,-3,4,1,-4,8246,24420,16937,3864,1993968,1993969,1993965,1993966,0,0,0,0
1790158054.367799,3,-6,0,-5,8258,24415,16928,3875,1993998,1993999,1993995,1993996,0,0,0,0
1790158054.3778186,-6,2,-1,-2,8260,24413,16926,3879,1994028,1994029,1994025,1994026,0,0,0,0
1790158054.3778186,2,4,1,0,8257,24415,16927,3876,1994058,1994059,1994055,1994056,0,0,0,0
1790158054.5719445,-5,1,3,-1,8248,24420,16932,3866,1994118,1994119,1994115,1994116,0,0,0,0
1790158054.576159,-1,1,-4,0,8248,24418,16931,3866,1994148,1994149,1994145,1994146,0,0,0,0
1790158054.576159,1,-2,-3,1,8249,24416,16930,3868,1994178,1994179,1994175,1994176,0,0,0,0
1790158054.7754607,-2,-1,0,2,8249,24416,16929,3869,1994208,1994209,1994205,1994206,0,0,0,0
1790158054.7754607,0,-4,2,-2,8241,24418,16932,3862,1994298,1994299,1994295,1994296,0,0,0,0
1790158054.8691416,3,5,-1,1,8241,24420,16934,3858,1994328,1994329,1994325,1994326,0,0,0,0
1790158054.8717968,-1,1,3,-1,8241,24422,16937,3858,1994358,1994359,1994355,1994356,0,0,0,0
1790158054.9695487,0,-1,-6,7,8254,24413,16934,3867,1994418,1994419,1994415,1994416,0,0,0,0
1790158055.0341027,12,-13,-11,10,8466,24237,16809,4003,1994448,1994449,1994445,1994446,0,0,0,0
1790158055.0831826,68,-71,-33,37,9549,23122,16230,4613,1994478,1994479,1994475,1994476,0,0,0,0
1790158055.1588142,62,-62,-72,75,11608,21131,14675,6497,1994508,1994509,1994505,1994506,0,0,0,0
1790158055.2011626,81,-64,-59,63,13293,19398,12568,8130,1994538,1994539,1994535,1994536,0,0,0,0
1790158055.2567155,74,-67,-71,62,15259,17457,10617,10248,1994568,1994569,1994565,1994566,0,0,0,0
1790158055.3117614,70,-82,-75,72,17310,15470,8549,12345,1994598,1994599,1994595,1994596,0,0,0,0
1790158055.3719819,75,-75,-73,75,19207,13548,6586,14312,1994628,1994629,1994625,1994626,0,0,0,0
1790158055.373435,51,-51,-61,45,20859,11830,4798,16049,1994658,1994659,1994655,1994656,0,0,0,0
1790158055.4366844,50,-41,-42,48,22343,10364,3287,17539,1994688,1994689,1994685,1994686,0,0,0,0
1790158055.4987698,45,-43,-44,49,23594,9091,2036,18833,1994718,1994719,1994715,1994716,0,0,0,0
1790158055.5554545,55,-43,-44,50,24908,7828,798,20068,1994748,1994749,1994745,1994746,0,0,0,0
1790158055.5889328,56,-59,-55,50,26208,6422,32245,21493,1994778,1994779,1994775,1994776,0,0,0,0
1790158055.6524582,55,-68,-63,53,27782,4860,30702,22996,1994808,1994809,1994805,1994806,0,0,0,0
1790158055.7080595,58,-59,-58,56,29362,3252,29024,24575,1994838,1994839,1994835,1994836,0,0,0,0
1790158055.763626,73,-77,-72,67,31141,1541,27301,26486,1994868,1994869,1994865,1994866,0,0,0,0
1790158055.777577,53,-46,-65,64,82,32604,25598,28195,1994898,1994899,1994895,1994896,0,0,0,0
1790158055.8666837,65,-59,-58,64,1825,30802,23857,30004,1994928,1994929,1994925,1994926,0,0,0,0
1790158055.9337142,55,-61,-55,51,3417,29222,22114,31522,1994958,1994959,1994955,1994956,0,0,0,0
1790158055.9386728,50,-56,-59,55,4931,27765,20669,307,1994988,1994989,1994985,1994986,0,0,0,0
1790158055.9976134,54,-35,-46,56,6416,26317,19218,1808,1995018,1995019,1995015,1995016,0,0,0,0
1790158056.0577805,53,-61,-53,51,7824,24905,17820,3200,1995048,1995049,1995045,1995046,0,0,0,0
1790158056.1056607,59,-53,-55,49,9322,23384,16394,4662,1995078,1995079,1995075,1995076,0,0,0,0
1790158056.1998923,60,-78,-64,54,12464,20200,13159,7855,1995138,1995139,1995135,1995136,0,0,0,0
1790158056.2484388,57,-53,-59,59,14127,18599,11472,9615,1995168,1995169,1995165,1995166,0,0,0,0
1790158056.3120153,57,-56,-59,61,15799,16959,9859,11397,1995198,1995199,1995195,1995196,0,0,0,0
1790158056.3769908,59,-62,-48,62,17409,15217,8213,12951,1995228,1995229,1995225,1995226,0,0,0,0
1790158056.4089391,53,-49,-56,62,18907,13762,6598,14576,1995258,1995259,1995255,1995256,0,0,0,0
1790158056.489333,51,-56,-61,53,20427,12252,5130,16072,1995288,1995289,1995285,1995286,0,0,0,0
1790158056.5549133,48,-45,-50,62,23424,9242,2153,19074,1995348,1995349,1995345,1995346,0,0,0,0
1790158056.5768437,64,-58,-60,63,25059,7650,619,20734,1995378,1995379,1995375,1995376,0,0,0,0
1790158056.61889,65,-61,-56,55,26606,6072,31700,22246,1995408,1995409,1995405,1995406,0,0,0,0
1790158056.6836278,60,-58,-62,53,29794,2923,28566,25481,1995468,1995469,1995465,1995466,0,0,0,0
1790158056.8318958,51,-45,-56,56,31416,1342,26934,26989,1995498,1995499,1995495,1995496,0,0,0,0
1790158056.8318958,55,-50,-57,65,201,32527,25427,28635,1995528,1995529,1995525,1995526,0,0,0,0
1790158056.8618212,59,-54,-63,50,1831,30890,23737,30293,1995558,1995559,1995555,1995556,0,0,0,0
1790158056.9581993,53,-51,-57,53,4895,27816,20640,603,1995618,1995619,1995615,1995616,0,0,0,0
1790158057.0281186,65,-53,-50,48,6479,26329,19068,2174,1995648,1995649,1995645,1995646,0,0,0,0
1790158057.2327814,19,-12,14,-14,9097,23649,16867,4308,1995738,1995739,1995735,1995736,0,0,0,0
1790158057.2327814,6,-4,-4,1,9273,23424,16708,4400,1995768,1995769,1995765,1995766,0,0,0,0
1790158057.4285526,2,-1,-4,-1,9361,23341,16607,4482,1995798,1995799,1995795,1995796,0,0,0,0
1790158057.4285526,0,3,6,-2,9401,23311,16557,4521,1995858,1995859,1995855,1995856,0,0,0,0
1790158057.447578,-4,4,-1,0,9376,23336,16584,4497,1995888,1995889,1995885,1995886,0,0,0,0
1790158057.452609,-5,2,-2,-4,9339,23374,16631,4458,1995918,1995919,1995915,1995916,0,0,0,0
1790158057.6420398,-4,-1,2,-1,9271,23445,16716,4390,1995978,1995979,1995975,1995976,0,0,0,0
1790158057.6551306,4,5,-2,3,9246,23467,16743,4364,1996008,1996009,1996005,1996006,0,0,0,0
1790158057.677639,-4,5,3,0,9232,23480,16762,4350,1996038,1996039,1996035,1996036,0,0,0,0
1790158057.8373466,-4,-1,2,0,9231,23481,16766,4347,1996068,1996069,1996065,1996066,0,0,0,0
1790158057.8373466,-2,-3,-4,-2,9241,23476,16764,4352,1996098,1996099,1996095,1996096,0,0,0,0
1790158057.853872,-4,3,0,-5,9248,23465,16748,4359,1996128,1996129,1996125,1996126,0,0,0,0
1790158057.8776128,-3,-3,-2,-3,9253,23461,16744,4366,1996158,1996159,1996155,1996156,0,0,0,0
1790158057.9704485,1,-3,-3,-5,9245,23465,16746,4362,1996218,1996219,1996215,1996216,0,0,0,0
1790158058.057002,3,0,0,0,9245,23465,16748,4359,1996248,1996249,1996245,1996246,0,0,0,0
1790158058.1429713,-4,-15,-1,-2,9242,23460,16746,4359,1996278,1996279,1996275,1996276,0,0,0,0
1790158058.1429713,-3,-5,-1,-6,9248,23460,16746,4364,1996308,1996309,1996305,1996306,0,0,0,0
1790158058.2430727,7,-5,0,-5,9251,23462,16745,4366,1996338,1996339,1996335,1996336,0,0,0,0
1790158058.258721,4,-10,-2,0,9257,23469,16752,4370,1996368,1996369,1996365,1996366,0,0,0,0
1790158058.4490778,3,2,1,-4,9262,23459,16737,4375,1996458,1996459,1996455,1996456,0,0,0,0
1790158058.4490778,4,6,1,-5,9248,23471,16754,4362,1996488,1996489,1996485,1996486,0,0,0,0
1790158058.4649172,6,-3,0,1,9239,23482,16767,4353,1996518,1996519,1996515,1996516,0,0,0,0
1790158058.6675427,1,-3,3,-1,9237,23485,16772,4349,1996548,1996549,1996545,1996546,0,0,0,0
1790158058.6675427,2,6,1,0,9240,23481,16769,4353,1996578,1996579,1996575,1996576,0,0,0,0
1790158058.6675427,0,0,-1,3,9246,23474,16761,4360,1996608,1996609,1996605,1996606,0,0,0,0
1790158058.6675427,0,-2,5,-1,9250,23472,16757,4362,1996638,1996639,1996635,1996636,0,0,0,0
1790158058.8500643,-3,-4,3,0,9242,23468,16748,4351,1996698,1996699,1996695,1996696,0,0,0,0
1790158058.8500643,2,-3,-4,1,9247,23468,16764,4367,1996728,1996729,1996725,1996726,0,0,0,0
1790158058.8888197,-2,-6,4,-1,9253,23468,16758,4368,1996758,1996759,1996755,1996756,0,0,0,0
1790158059.0708945,4,-2,5,5,9260,23474,16766,4378,1996788,1996789,1996785,1996786,0,0,0,0
1790158059.0708945,-2,4,-2,-2,9252,23472,16765,4372,1996848,1996849,1996845,1996846,0,0,0,0
1790158059.2798676,3,3,-1,-2,9253,23472,16764,4372,1996968,1996969,1996965,1996966,0,0,0,0
1790158059.2960289,-4,1,-2,1,9252,23474,16766,4370,1996998,1996999,1996995,1996996,0,0,0,0
1790158059.4746425,7,-3,-6,-7,9251,23475,16768,4368,1997058,1997059,1997055,1997056,0,0,0,0
1790158059.4970295,-2,6,-1,-2,9277,23451,16736,4393,1997118,1997119,1997115,1997116,0,0,0,0
1790158059.653205,2,-3,3,0,9267,23444,16732,4386,1997178,1997179,1997175,1997176,0,0,0,0
1790158059.6692502,-2,1,0,-6,9260,23451,16741,4379,1997208,1997209,1997205,1997206,0,0,0,0
1790158059.8814814,-1,0,-6,-2,9259,23457,16750,4377,1997238,1997239,1997235,1997236,0,0,0,0
1790158059.8975537,-2,-2,-1,-2,9274,23447,16731,4390,1997358,1997359,1997355,1997356,0,0,0,0
1790158060.091851,0,-3,-3,0,9236,23483,16778,4351,1997448,1997449,1997445,1997446,0,0,0,0
1790158060.1077366,-6,5,0,-1,9236,23482,16776,4352,1997478,1997479,1997475,1997476,0,0,0,0
1790158060.3025308,-1,-2,-4,1,9246,23474,16767,4361,1997538,1997539,1997535,1997536,0,0,0,0
1790158060.3025308,3,-1,-3,1,9245,23476,16768,4360,1997598,1997599,1997595,1997596,0,0,0,0
1790158060.3084755,0,4,4,1,9241,23480,16773,4357,1997628,1997629,1997625,1997626,0,0,0,0
1790158060.5093365,-5,-3,-6,4,9240,23480,16775,4354,1997658,1997659,1997655,1997656,0,0,0,0
1790158060.5093365,-3,-3,-2,3,9241,23479,16773,4355,1997688,1997689,1997685,1997686,0,0,0,0
1790158060.5093365,-1,-3,4,0,9244,23475,16769,4358,1997718,1997719,1997715,1997716,0,0,0,0
1790158060.5166073,3,1,-6,-3,9245,23474,16767,4361,1997748,1997749,1997745,1997746,0,0,0,0
1790158060.713549,-2,0,4,-1,9245,23474,16767,4360,1997808,1997809,1997805,1997806,0,0,0,0
1790158060.713549,1,1,-6,2,9246,23473,16766,4362,1997868,1997869,1997865,1997866,0,0,0,0
1790158060.9287977,-1,0,2,-2,9248,23471,16764,4363,1997898,1997899,1997895,1997896,0,0,0,0
1790158060.9308262,-2,-1,-2,0,9249,23469,16760,4365,1997958,1997959,1997955,1997956,0,0,0,0
1790158060.936003,0,-1,-1,-4,9252,23466,16758,4366,1997988,1997989,1997985,1997986,0,0,0,0
1790158061.1094813,-1,1,-1,-1,9257,23461,16751,4371,1998048,1998049,1998045,1998046,0,0,0,0
1790158061.1109965,-6,1,2,2,9260,23458,16749,4373,1998078,1998079,1998075,1998076,0,0,0,0
1790158061.3159382,-3,3,1,3,9264,23455,16745,4378,1998138,1998139,1998135,1998136,0,0,0,0
1790158061.332011,-2,2,5,1,9266,23450,16740,4381,1998228,1998229,1998225,1998226,0,0,0,0
1790158061.4992955,-2,-1,2,-2,9262,23460,16753,4372,1998288,1998289,1998285,1998286,0,0,0,0
1790158061.513682,1,-1,4,-1,9265,23462,16757,4375,1998318,1998319,1998315,1998316,0,0,0,0
1790158061.738369,1,-3,1,1,9273,23462,16754,4381,1998348,1998349,1998345,1998346,0,0,0,0
1790158061.7401257,0,-2,3,0,9285,23456,16745,4393,1998438,1998439,1998435,1998436,0,0,0,0
1790158061.9164433,-3,-2,-3,-2,9286,23454,16742,4393,1998468,1998469,1998465,1998466,0,0,0,0
1790158061.9164433,3,1,0,-3,9281,23466,16755,4385,1998558,1998559,1998555,1998556,0,0,0,0
1790158061.9328694,2,-2,0,0,9280,23467,16756,4384,1998588,1998589,1998585,1998586,0,0,0,0
1790158062.1491356,-2,4,2,-4,9263,23471,16754,4368,1998678,1998679,1998675,1998676,0,0,0,0
1790158062.1491356,1,2,-5,1,9254,23506,16805,4355,1998708,1998709,1998705,1998706,0,0,0,0
1790158062.2792668,1,-2,-3,1,9264,23469,16763,4369,1998798,1998799,1998795,1998796,0,0,0,0
1790158062.3567998,-3,0,-2,1,9270,23462,16755,4376,1998828,1998829,1998825,1998826,0,0,0,0
1790158062.550574,-5,-3,-4,0,9274,23466,16759,4378,1998888,1998889,1998885,1998886,0,0,0,0
1790158062.550574,8,2,3,-5,9276,23467,16761,4379,1998978,1998979,1998975,1998976,0,0,0,0
1790158062.5829587,-1,1,-1,0,9279,23463,16754,4382,1999008,1999009,1999005,1999006,0,0,0,0
1790158062.7598686,57,46,60,62,11451,25649,18405,6450,1999068,1999069,1999065,1999066,0,0,0,0
1790158062.7757182,42,49,47,43,12806,26966,19843,7846,1999098,1999099,1999095,1999096,0,0,0,0
1790158062.9275439,56,49,57,46,15591,29850,22885,10549,1999158,1999159,1999155,1999156,0,0,0,0
1790158062.9275439,61,49,59,49,17117,31247,24348,11971,1999188,1999189,1999185,1999186,0,0,0,0
1790158062.9546409,42,48,48,55,18595,79,26013,13480,1999218,1999219,1999215,1999216,0,0,0,0
1790158063.1675096,76,56,47,61,21701,3103,29123,16655,1999278,1999279,1999275,1999276,0,0,0,0
1790158063.1675096,67,55,66,49,25087,6175,32306,19775,1999338,1999339,1999335,1999336,0,0,0,0
1790158063.3775332,63,55,58,65,26723,7822,1105,21403,1999368,1999369,1999365,1999366,0,0,0,0
1790158063.3775332,57,51,57,64,31512,12533,6049,26352,1999458,1999459,1999455,1999456,0,0,0,0
1790158063.5746953,62,64,46,49,5282,19078,12596,32682,1999578,1999579,1999575,1999576,0,0,0,0
1790158063.7864,14,13,16,15,9786,23458,17057,4474,1999698,1999699,1999695,1999696,0,0,0,0
1790158063.9371717,-1,-1,-3,5,10227,23607,17417,5043,1999788,1999789,1999785,1999786,0,0,0,0
1790158063.992249,0,-1,-7,-2,10263,23555,17375,5091,1999818,1999819,1999815,1999816,0,0,0,0
1790158064.186431,-2,14,-4,1,10306,23506,17325,5149,1999878,1999879,1999875,1999876,0,0,0,0
1790158064.186431,-4,-1,1,-2,10301,23510,17327,5142,1999938,1999939,1999935,1999936,0,0,0,0
1790158064.4000485,-3,6,-3,3,10279,23533,17352,5112,2000028,2000029,2000025,2000026,0,0,0,0
1790158064.5956426,5,1,2,-5,10287,23523,17342,5122,2000088,2000089,2000085,2000086,0,0,0,0
1790158064.5956426,2,-1,-4,-4,10276,23513,17314,5085,2000208,2000209,2000205,2000206,0,0,0,0
1790158064.806886,0,2,0,-5,10275,23508,17313,5083,2000328,2000329,2000325,2000326,0,0,0,0
1790158064.9449468,0,-1,5,-1,10277,23506,17311,5085,2000358,2000359,2000355,2000356,0,0,0,0
1790158064.9449468,0,-2,-1,0,10278,23506,17309,5086,2000388,2000389,2000385,2000386,0,0,0,0
1790158064.9581318,2,-3,-6,-1,10294,23490,17305,5110,2000418,2000419,2000415,2000416,0,0,0,0
1790158065.0179656,-2,-2,-5,-4,10298,23446,17264,5117,2000448,2000449,2000445,2000446,0,0,0,0
1790158065.114735,-2,0,-3,-3,10303,23453,17270,5126,2000478,2000479,2000475,2000476,0,0,0,0
1790158065.1151419,-5,-2,4,-5,10295,23456,17269,5116,2000508,2000509,2000505,2000506,0,0,0,0
1790158065.1783104,9,-5,-2,5,10370,23323,17211,5170,2000538,2000539,2000535,2000536,0,0,0,0
1790158065.240261,72,-64,-37,26,11177,22272,16679,5652,2000568,2000569,2000565,2000566,0,0,0,0
1790158065.269102,82,-83,-78,53,13300,20284,15037,6955,2000598,2000599,2000595,2000596,0,0,0,0
1790158065.3383043,62,-57,-71,66,14862,18546,13071,8992,2000628,2000629,2000625,2000626,0,0,0,0
1790158065.3795853,91,-78,-75,86,16749,16648,11198,10907,2000658,2000659,2000655,2000656,0,0,0,0
1790158065.4366488,64,-72,-79,70,18742,14618,9151,12911,2000688,2000689,2000685,2000686,0,0,0,0
1790158065.49366,61,-57,-75,54,20676,12657,7016,14990,2000718,2000719,2000715,2000716,0,0,0,0
1790158065.5466716,60,-61,-61,71,22393,10834,5276,16711,2000748,2000749,2000745,2000746,0,0,0,0
1790158065.5522668,54,-49,-52,50,23886,9358,3630,18297,2000778,2000779,2000775,2000776,0,0,0,0
1790158065.6158893,49,-45,-51,37,25268,8003,2344,19545,2000808,2000809,2000805,2000806,0,0,0,0
1790158065.7138495,53,-43,-42,37,26473,6737,1065,20879,2000838,2000839,2000835,2000836,0,0,0,0
1790158065.77047,42,-53,-53,47,27806,5452,32493,22121,2000868,2000869,2000865,2000866,0,0,0,0
1790158065.836158,51,-63,-56,53,29204,3875,31027,23522,2000898,2000899,2000895,2000896,0,0,0,0
1790158065.836158,67,-57,-63,76,30819,2276,29330,25190,2000928,2000929,2000925,2000926,0,0,0,0
1790158065.9153903,73,-60,-60,69,1535,31503,25872,28728,2000988,2000989,2000985,2000986,0,0,0,0
1790158065.963743,57,-66,-60,59,3254,29891,24099,30501,2001018,2001019,2001015,2001016,0,0,0,0
1790158066.0494356,56,-56,-64,66,4838,28227,22462,32110,2001048,2001049,2001045,2001046,0,0,0,0
1790158066.093623,66,-51,-51,53,6438,26747,20992,865,2001078,2001079,2001075,2001076,0,0,0,0
1790158066.109584,50,-58,-53,49,7867,25369,19523,2312,2001108,2001109,2001105,2001106,0,0,0,0
1790158066.174875,44,-57,-58,59,9330,23915,18077,3717,2001138,2001139,2001135,2001136,0,0,0,0
1790158066.2391157,59,-61,-57,59,10741,22362,16589,5218,2001168,2001169,2001165,2001166,0,0,0,0
1790158066.3515046,56,-64,-51,49,12363,20831,15039,6880,2001198,2001199,2001195,2001196,0,0,0,0
1790158066.4163194,74,-53,-63,49,15661,17474,11706,10237,2001258,2001259,2001255,2001256,0,0,0,0
1790158066.4326744,57,-69,-64,72,17323,15922,10051,11899,2001288,2001289,2001285,2001286,0,0,0,0
1790158066.4970546,56,-49,-63,67,18879,14272,8390,13522,2001318,2001319,2001315,2001316,0,0,0,0
1790158066.5533526,53,-46,-58,48,20426,12682,6864,15138,2001348,2001349,2001345,2001346,0,0,0,0
1790158066.6095514,56,-55,-48,61,21949,11230,5395,16658,2001378,2001379,2001375,2001376,0,0,0,0
1790158066.6538754,47,-65,-60,59,23380,9734,3807,18156,2001408,2001409,2001405,2001406,0,0,0,0
1790158066.6896114,64,-52,-60,41,24918,8213,2330,19602,2001438,2001439,2001435,2001436,0,0,0,0
1790158066.803047,52,-70,-65,64,28102,4985,31928,22767,2001498,2001499,2001495,2001496,0,0,0,0
1790158066.8546965,62,-56,-55,55,29746,3354,30313,24409,2001528,2001529,2001525,2001526,0,0,0,0
1790158066.8778486,53,-70,-55,61,31386,1840,28616,26078,2001558,2001559,2001555,2001556,0,0,0,0
1790158066.9554653,60,-52,-57,52,203,166,26962,27696,2001588,2001589,2001585,2001586,0,0,0,0
1790158067.018167,63,-54,-49,55,1816,31353,25516,29242,2001618,2001619,2001615,2001616,0,0,0,0
1790158067.07786,50,-69,-51,60,3325,29873,23934,30795,2001648,2001649,2001645,2001646,0,0,0,0
1790158067.2632122,53,-57,-60,57,4854,28241,22343,32381,2001678,2001679,2001675,2001676,0,0,0,0
1790158067.2632122,41,-41,-51,56,7849,25424,19307,2689,2001738,2001739,2001735,2001736,0,0,0,0
1790158067.27404,31,-19,-12,19,8916,24326,18335,3705,2001768,2001769,2001765,2001766,0,0,0,0
1790158067.3790822,6,17,18,5,9326,24601,18556,3984,2001798,2001799,2001795,2001796,0,0,0,0
1790158067.472792,-6,17,16,-14,8967,25827,19607,3449,2001888,2001889,2001885,2001886,0,0,0,0
1790158067.472792,-6,17,16,-14,8967,25827,19607,3449,2001888,2001889,2001885,2001886,0,0,0,0
1790158067.674527,-3,3,2,-7,8350,26544,20354,2784,2001978,2001979,2001975,2001976,0,0,0,0
1790158067.674527,-5,-3,-1,2,8301,26584,20409,2733,2002008,2002009,2002005,2002006,0,0,0,0
1790158067.674527,-4,1,-18,-1,8298,26582,20414,2728,2002038,2002039,2002035,2002036,0,0,0,0
1790158067.694393,2,-4,2,-1,8324,26555,20384,2757,2002068,2002069,2002065,2002066,0,0,0,0
1790158067.8032866,0,-4,0,4,8416,26483,20291,2842,2002128,2002129,2002125,2002126,0,0,0,0
1790158067.8866253,1,2,-1,-1,8462,26459,20258,2889,2002158,2002159,2002155,2002156,0,0,0,0
1790158067.9526212,2,0,-3,0,8487,26430,20214,2911,2002188,2002189,2002185,2002186,0,0,0,0
1790158067.9748466,0,-4,2,4,8514,26416,20197,2933,2002218,2002219,2002215,2002216,0,0,0,0
1790158068.0172253,4,-3,3,-1,8530,26404,20183,2945,2002248,2002249,2002245,2002246,0,0,0,0
1790158068.0984197,3,-1,0,3,8548,26393,20168,2960,2002278,2002279,2002275,2002276,0,0,0,0
1790158068.2770524,0,-2,-1,0,8569,26387,20157,2975,2002308,2002309,2002305,2002306,0,0,0,0
1790158068.2770524,-2,-1,-2,5,8592,26360,20126,2993,2002368,2002369,2002365,2002366,0,0,0,0
1790158068.2958899,2,1,1,1,8602,26348,20114,3004,2002398,2002399,2002395,2002396,0,0,0,0
1790158068.4969425,0,0,-2,-1,8616,26338,20103,3015,2002428,2002429,2002425,2002426,0,0,0,0
1790158068.4969425,-1,-2,-9,1,8684,26287,20048,3066,2002488,2002489,2002485,2002486,0,0,0,0
1790158068.503486,1,0,-2,0,8727,26255,20013,3100,2002518,2002519,2002515,2002516,0,0,0,0
1790158068.5176885,3,-1,-7,-2,8761,26225,19981,3127,2002548,2002549,2002545,2002546,0,0,0,0
1790158068.6993074,5,1,0,1,8799,26195,19948,3155,2002578,2002579,2002575,2002576,0,0,0,0
1790158068.6993074,-5,12,-3,1,8849,26149,19899,3194,2002638,2002639,2002635,2002636,0,0,0,0
1790158068.7189207,-4,1,-3,-3,8859,26140,19889,3203,2002668,2002669,2002665,2002666,0,0,0,0
1790158068.9065685,-2,1,1,0,8861,26140,19887,3204,2002698,2002699,2002695,2002696,0,0,0,0
1790158068.9134722,4,2,-3,-3,8856,26127,19868,3194,2002788,2002789,2002785,2002786,0,0,0,0
1790158068.9802458,0,-3,-1,-3,8871,26110,19857,3205,2002818,2002819,2002815,2002816,0,0,0,0
1790158069.0804627,0,3,-5,-6,8889,26099,19843,3220,2002848,2002849,2002845,2002846,0,0,0,0
1790158069.1114433,3,1,-1,0,8905,26091,19831,3230,2002878,2002879,2002875,2002876,0,0,0,0
1790158069.3162003,3,1,0,-2,8917,26080,19820,3239,2002908,2002909,2002905,2002906,0,0,0,0
1790158069.3162003,-2,0,4,-1,8922,26069,19809,3246,2002968,2002969,2002965,2002966,0,0,0,0
1790158069.3162003,-3,-2,3,-1,8920,26072,19812,3246,2002998,2002999,2002995,2002996,0,0,0,0
1790158069.4131858,-3,1,1,-3,8922,26073,19813,3245,2003058,2003059,2003055,2003056,0,0,0,0
1790158069.4288425,-1,1,-1,-3,8923,26072,19812,3247,2003088,2003089,2003085,2003086,0,0,0,0
1790158069.4972255,2,2,-4,1,8928,26069,19809,3249,2003148,2003149,2003145,2003146,0,0,0,0
1790158069.7191374,-2,0,-3,0,8930,26039,19784,3248,2003238,2003239,2003235,2003236,0,0,0,0
1790158069.7353623,3,-3,-1,0,8973,26032,19768,3286,2003268,2003269,2003265,2003266,0,0,0,0
1790158069.9208505,-6,1,-3,0,8976,26019,19755,3287,2003298,2003299,2003295,2003296,0,0,0,0
1790158069.9208505,3,2,-6,3,8960,26022,19760,3274,2003358,2003359,2003355,2003356,0,0,0,0
1790158069.9336598,-3,3,-1,-2,8952,26027,19766,3267,2003388,2003389,2003385,2003386,0,0,0,0
1790158069.9470158,-2,-1,-2,-6,8951,26030,19771,3267,2003418,2003419,2003415,2003416,0,0,0,0
1790158070.1266716,1,-4,-11,0,8950,26018,19762,3263,2003448,2003449,2003445,2003446,0,0,0,0
1790158070.1266716,-3,1,-3,1,8994,25980,19721,3300,2003508,2003509,2003505,2003506,0,0,0,0
1790158070.3415318,-1,-1,-6,-4,8990,25988,19725,3296,2003538,2003539,2003535,2003536,0,0,0,0
1790158070.3415318,-2,-3,-3,-5,8960,26013,19751,3272,2003628,2003629,2003625,2003626,0,0,0,0
1790158070.3541224,0,5,5,0,8964,26012,19749,3274,2003658,2003659,2003655,2003656,0,0,0,0
1790158070.535329,-4,-3,-3,0,8969,26006,19744,3279,2003748,2003749,2003745,2003746,0,0,0,0
1790158070.7468455,0,-1,1,-4,8967,26009,19747,3277,2003778,2003779,2003775,2003776,0,0,0,0
1790158070.7468455,3,-3,1,0,8965,26010,19748,3276,2003838,2003839,2003835,2003836,0,0,0,0
1790158070.7468455,3,-1,6,-3,8967,26008,19747,3277,2003868,2003869,2003865,2003866,0,0,0,0
1790158070.9406867,4,0,1,1,8968,26005,19744,3278,2003898,2003899,2003895,2003896,0,0,0,0
1790158070.9568365,-3,-3,-3,1,8968,26007,19745,3278,2003988,2003989,2003985,2003986,0,0,0,0
1790158070.9939501,-4,3,1,-4,8970,26004,19742,3280,2004018,2004019,2004015,2004016,0,0,0,0
1790158071.1503794,3,-2,1,0,8975,25999,19739,3285,2004078,2004079,2004075,2004076,0,0,0,0
1790158071.166399,-14,1,0,1,8975,26001,19740,3284,2004138,2004139,2004135,2004136,0,0,0,0
1790158071.3588068,1,1,-1,-1,8972,26003,19742,3282,2004228,2004229,2004225,2004226,0,0,0,0
1790158071.569824,4,3,-4,0,8991,26009,19742,3295,2004348,2004349,2004345,2004346,0,0,0,0
1790158071.746323,0,1,-1,-2,8994,26012,19744,3291,2004378,2004379,2004375,2004376,0,0,0,0
1790158071.746323,3,3,0,-2,8977,26007,19741,3285,2004408,2004409,2004405,2004406,0,0,0,0
1790158071.746323,2,4,1,3,8977,26004,19738,3284,2004468,2004469,2004465,2004466,0,0,0,0
1790158071.974723,4,-2,0,-3,8985,26006,19740,3291,2004528,2004529,2004525,2004526,0,0,0,0
1790158071.974723,10,-1,-5,1,8998,26003,19733,3296,2004588,2004589,2004585,2004586,0,0,0,0
1790158072.1850297,0,-4,-9,0,9000,26000,19728,3296,2004618,2004619,2004615,2004616,0,0,0,0
1790158072.1850297,1,-2,-1,0,8993,26004,19735,3291,2004708,2004709,2004705,2004706,0,0,0,0
1790158072.1850297,1,-2,1,1,8994,26006,19736,3291,2004738,2004739,2004735,2004736,0,0,0,0
1790158072.3805735,-1,3,-4,-1,8994,26006,19735,3291,2004768,2004769,2004765,2004766,0,0,0,0
1790158072.3805735,-2,-5,-2,-2,8964,26014,19741,3268,2004828,2004829,2004825,2004826,0,0,0,0
1790158072.3966403,-1,4,-1,0,8960,26056,19777,3263,2004858,2004859,2004855,2004856,0,0,0,0
1790158072.5259786,0,-3,-3,1,8977,26011,19743,3278,2004948,2004949,2004945,2004946,0,0,0,0
1790158072.593133,-2,-6,-4,1,8983,26006,19737,3284,2005008,2005009,2005005,2005006,0,0,0,0
1790158072.7862566,3,3,1,0,8978,26014,19743,3281,2005068,2005069,2005065,2005066,0,0,0,0
1790158072.8021202,-3,1,-2,-4,8972,26020,19748,3275,2005128,2005129,2005125,2005126,0,0,0,0
1790158072.9799516,-70,-85,-82,-73,7984,24929,19033,2586,2005188,2005189,2005185,2005186,0,0,0,0
1790158073.2069278,-56,-33,-53,-57,5023,22130,15800,32352,2005248,2005249,2005245,2005246,0,0,0,0
1790158073.2069278,-57,-68,-49,-56,689,17925,11342,27749,2005338,2005339,2005335,2005336,0,0,0,0
1790158073.2124057,-62,-51,-62,-53,31876,16405,9767,26225,2005368,2005369,2005365,2005366,0,0,0,0
1790158073.4138205,-69,-52,-64,-67,27264,11505,5046,21582,2005458,2005459,2005455,2005456,0,0,0,0
1790158073.6139,-39,-63,-47,-61,25633,9916,3333,19974,2005488,2005489,2005485,2005486,0,0,0,0
1790158073.6139,-57,-68,-55,-44,20792,5201,31245,15031,2005578,2005579,2005575,2005576,0,0,0,0
1790158073.821739,-72,-64,-72,-77,19176,3553,29661,13363,2005608,2005609,2005605,2005606,0,0,0,0
1790158073.8378103,-54,-66,-58,-64,12542,29838,23365,7037,2005728,2005729,2005725,2005726,0,0,0,0
1790158073.9933317,-20,-19,-22,-21,9274,26430,19579,3438,2005818,2005819,2005815,2005816,0,0,0,0
1790158074.2323606,-7,-1,1,-5,8054,26045,18712,1961,2005968,2005969,2005965,2005966,0,0,0,0
1790158074.429275,-2,2,2,-4,7910,26196,18864,1801,2006028,2006029,2006025,2006026,0,0,0,0
1790158074.6041963,2,-3,6,1,7841,26275,18948,1713,2006148,2006149,2006145,2006146,0,0,0,0
1790158074.6179671,2,1,-3,1,7862,26253,18926,1740,2006208,2006209,2006205,2006206,0,0,0,0
1790158074.8382146,-1,-1,-5,2,7896,26224,18896,1782,2006298,2006299,2006295,2006296,0,0,0,0
1790158074.854063,-2,-3,1,-2,7921,26201,18874,1814,2006358,2006359,2006355,2006356,0,0,0,0
1790158075.0038161,-1,-3,-1,-1,7936,26185,18857,1832,2006418,2006419,2006415,2006416,0,0,0,0
1790158075.017018,2,-1,2,1,7939,26183,18853,1836,2006448,2006449,2006445,2006446,0,0,0,0
1790158075.2526295,3,-3,8,1,7937,26185,18857,1834,2006508,2006509,2006505,2006506,0,0,0,0
1790158075.2594206,-5,2,4,-6,7900,26174,18856,1803,2006538,2006539,2006535,2006536,0,0,0,0
1790158075.2594206,-2,-4,3,-1,7859,26213,18907,1766,2006598,2006599,2006595,2006596,0,0,0,0
1790158075.379492,1,-2,-3,4,7872,26221,18917,1778,2006658,2006659,2006655,2006656,0,0,0,0
1790158075.4405746,-1,0,-2,0,7878,26207,18902,1787,2006688,2006689,2006685,2006686,0,0,0,0
1790158075.5312908,10,-8,-3,4,7950,26117,18863,1848,2006718,2006719,2006715,2006716,0,0,0,0
1790158075.537788,53,-51,-24,20,8573,25481,18538,2205,2006748,2006749,2006745,2006746,0,0,0,0
1790158075.6009212,59,-74,-69,53,10372,23461,17171,3515,2006778,2006779,2006775,2006776,0,0,0,0
1790158075.6432276,59,-56,-72,68,11931,21641,15034,5136,2006808,2006809,2006805,2006806,0,0,0,0
1790158075.6973698,62,-56,-76,68,13773,19660,13079,7042,2006838,2006839,2006835,2006836,0,0,0,0
1790158075.753143,68,-86,-76,80,15708,17697,11068,9111,2006868,2006869,2006865,2006866,0,0,0,0
1790158075.8153443,71,-78,-66,79,17661,15809,9039,11160,2006898,2006899,2006895,2006896,0,0,0,0
1790158075.8153443,65,-62,-73,59,19449,14011,7129,12896,2006928,2006929,2006925,2006926,0,0,0,0
1790158075.9207854,46,-52,-49,54,20966,12364,5528,14583,2006958,2006959,2006955,2006956,0,0,0,0
1790158075.9402807,42,-56,-55,50,22384,11000,4112,15936,2006988,2006989,2006985,2006986,0,0,0,0
1790158076.00234,48,-53,-44,39,23607,9734,2889,17266,2007018,2007019,2007015,2007016,0,0,0,0
1790158076.0182786,58,-52,-55,38,24962,8416,1549,18525,2007048,2007049,2007045,2007046,0,0,0,0
1790158076.099559,64,-54,-60,60,26383,6938,160,19936,2007078,2007079,2007075,2007076,0,0,0,0
1790158076.1186726,44,-66,-53,67,27971,5326,31306,21629,2007108,2007109,2007105,2007106,0,0,0,0
1790158076.2304358,65,-66,-77,53,29666,3578,29579,23283,2007138,2007139,2007135,2007136,0,0,0,0
1790158076.2763739,65,-73,-63,69,31441,1931,27831,25052,2007168,2007169,2007165,2007166,0,0,0,0
1790158076.357486,62,-62,-60,51,468,198,26104,26761,2007198,2007199,2007195,2007196,0,0,0,0
1790158076.378751,58,-60,-57,55,3633,29859,22900,30059,2007258,2007259,2007255,2007256,0,0,0,0
1790158076.438212,60,-47,-52,47,5102,28280,21415,31417,2007288,2007289,2007285,2007286,0,0,0,0
1790158076.4867034,54,-51,-57,49,6577,26840,19908,118,2007318,2007319,2007315,2007316,0,0,0,0
1790158076.622139,44,-54,-54,59,8016,25459,18533,1625,2007348,2007349,2007345,2007346,0,0,0,0
1790158076.622139,56,-67,-56,48,9587,23896,17005,3144,2007378,2007379,2007375,2007376,0,0,0,0
1790158076.6330986,69,-57,-63,54,11173,22241,15363,4732,2007408,2007409,2007405,2007406,0,0,0,0
1790158076.6979806,51,-71,-60,65,12807,20598,13713,6525,2007438,2007439,2007435,2007436,0,0,0,0
1790158076.8112626,55,-48,-49,57,16088,17285,10412,9853,2007498,2007499,2007495,2007496,0,0,0,0
1790158076.876117,55,-66,-63,38,17666,15774,8838,11426,2007528,2007529,2007525,2007526,0,0,0,0
1790158076.8919418,55,-57,-66,49,19147,14230,7350,12856,2007558,2007559,2007555,2007556,0,0,0,0
1790158076.956952,46,-48,-46,58,20635,12677,5749,14403,2007588,2007589,2007585,2007586,0,0,0,0
1790158077.0218112,51,-59,-63,55,22223,11231,4267,15975,2007618,2007619,2007615,2007616,0,0,0,0
1790158077.0871108,55,-51,-55,62,25379,8095,1195,19140,2007678,2007679,2007675,2007676,0,0,0,0
1790158077.136618,63,-63,-60,45,26961,6496,32385,20821,2007708,2007709,2007705,2007706,0,0,0,0
1790158077.2157118,69,-51,-64,66,28551,4752,30684,22392,2007738,2007739,2007735,2007736,0,0,0,0
1790158077.2643206,62,-58,-46,56,30153,3183,29037,23982,2007768,2007769,2007765,2007766,0,0,0,0
1790158077.2643206,54,-61,-63,55,31722,1665,27492,25643,2007798,2007799,2007795,2007796,0,0,0,0
1790158077.3979208,63,-45,-57,56,547,105,25962,27125,2007828,2007829,2007825,2007826,0,0,0,0
1790158077.507173,57,-53,-49,55,2082,31213,24303,28704,2007858,2007859,2007855,2007856,0,0,0,0
1790158077.507173,59,-51,-52,62,5129,28182,21253,31709,2007918,2007919,2007915,2007916,0,0,0,0
1790158077.7169354,43,-45,-40,57,6648,26789,19769,465,2007948,2007949,2007945,2007946,0,0,0,0
1790158077.7169354,-22,16,16,-6,7425,27247,20169,1437,2008068,2008069,2008065,2008066,0,0,0,0
1790158077.9115684,-22,16,16,-6,7425,27247,20169,1437,2008068,2008069,2008065,2008066,0,0,0,0
1790158077.9115684,-15,-3,10,-11,6632,28158,21152,640,2008128,2008129,2008125,2008126,0,0,0,0
1790158077.9115684,-9,-4,2,-5,6321,28555,21620,320,2008188,2008189,2008185,2008186,0,0,0,0
1790158078.0090308,0,0,-1,0,6278,28593,21664,276,2008248,2008249,2008245,2008246,0,0,0,0
1790158078.1241777,1,4,1,-1,6325,28532,21613,324,2008308,2008309,2008305,2008306,0,0,0,0
1790158078.3235474,6,-7,-4,1,6413,28476,21563,405,2008368,2008369,2008365,2008366,0,0,0,0
1790158078.339255,1,-7,0,-3,6484,28396,21485,475,2008428,2008429,2008425,2008426,0,0,0,0
1790158078.4364038,7,-2,-3,2,6520,28356,21449,514,2008458,2008459,2008455,2008456,0,0,0,0
1790158078.4523072,-2,4,-2,-1,6554,28322,21417,551,2008488,2008489,2008485,2008486,0,0,0,0
1790158078.4523072,1,-1,1,-4,6577,28299,21394,575,2008518,2008519,2008515,2008516,0,0,0,0
1790158078.5329945,0,-3,-2,-7,6587,28292,21385,586,2008548,2008549,2008545,2008546,0,0,0,0
1790158078.7033863,2,4,-2,-1,6586,28294,21387,585,2008578,2008579,2008575,2008576,0,0,0,0
1790158078.7178757,12,-2,-4,-1,6581,28298,21392,579,2008668,2008669,2008665,2008666,0,0,0,0
1790158078.9402175,2,1,0,-3,6615,28279,21377,612,2008728,2008729,2008725,2008726,0,0,0,0
1790158078.9402175,-8,2,2,-5,6627,28266,21358,622,2008758,2008759,2008755,2008756,0,0,0,0
1790158078.954155,-3,2,0,2,6619,28271,21362,618,2008788,2008789,2008785,2008786,0,0,0,0
1790158079.0169408,-3,1,-15,-5,6606,28280,21373,605,2008818,2008819,2008815,2008816,0,0,0,0
1790158079.142591,0,-4,-5,1,6597,28288,21382,595,2008878,2008879,2008875,2008876,0,0,0,0
1790158079.1555333,-5,0,2,-2,6601,28285,21379,600,2008908,2008909,2008905,2008906,0,0,0,0
1790158079.3499458,1,1,0,-1,6603,28282,21377,602,2008938,2008939,2008935,2008936,0,0,0,0
1790158079.3538787,-2,-2,-2,-3,6604,28283,21377,604,2008968,2008969,2008965,2008966,0,0,0,0
1790158079.3538787,-2,-4,-2,0,6599,28281,21374,596,2009028,2009029,2009025,2009026,0,0,0,0
1790158079.5022666,3,-2,2,-2,6611,28283,21385,612,2009058,2009059,2009055,2009056,0,0,0,0
1790158079.5184486,-4,-4,-6,1,6620,28288,21382,619,2009118,2009119,2009115,2009116,0,0,0,0
1790158079.5346785,-3,-1,0,-5,6617,28287,21381,617,2009148,2009149,2009145,2009146,0,0,0,0
1790158079.7555943,-2,-3,1,3,6603,28287,21389,609,2009268,2009269,2009265,2009266,0,0,0,0
1790158079.9613135,-2,-4,-1,-2,6606,28289,21388,607,2009298,2009299,2009295,2009296,0,0,0,0
1790158079.9613135,-11,7,1,-1,6609,28284,21384,614,2009358,2009359,2009355,2009356,0,0,0,0
1790158079.9719195,-6,-3,-2,0,6611,28283,21382,615,2009388,2009389,2009385,2009386,0,0,0,0
1790158080.0206163,-4,2,4,0,6609,28283,21383,614,2009418,2009419,2009415,2009416,0,0,0,0
1790158080.0363395,-5,-2,0,0,6609,28283,21383,613,2009448,2009449,2009445,2009446,0,0,0,0
1790158080.1664631,1,-2,-3,-3,6610,28267,21372,615,2009508,2009509,2009505,2009506,0,0,0,0
1790158080.1664631,1,-2,-3,-3,6610,28267,21372,615,2009508,2009509,2009505,2009506,0,0,0,0
1790158080.3447087,0,3,-2,-1,6642,28255,21355,649,2009568,2009569,2009565,2009566,0,0,0,0
1790158080.358611,0,3,-2,-1,6642,28255,21355,649,2009568,2009569,2009565,2009566,0,0,0,0
1790158080.358611,-1,0,0,-2,6624,28272,21373,627,2009628,2009629,2009625,2009626,0,0,0,0
1790158080.5714786,0,-2,-6,0,6618,28264,21369,622,2009688,2009689,2009685,2009686,0,0,0,0
1790158080.5714786,4,-2,3,0,6654,28240,21344,661,2009748,2009749,2009745,2009746,0,0,0,0
1790158080.595449,-5,-1,-1,-4,6639,28266,21364,642,2009808,2009809,2009805,2009806,0,0,0,0
1790158080.781205,-1,-1,5,0,6628,28270,21370,632,2009898,2009899,2009895,2009896,0,0,0,0
1790158080.7972658,-3,-2,-1,0,6630,28263,21366,637,2009928,2009929,2009925,2009926,0,0,0,0
1790158080.9916625,-5,-2,8,-3,6629,28265,21366,637,2010018,2010019,2010015,2010016,0,0,0,0
1790158080.9916625,2,-4,-3,-3,6625,28268,21371,632,2010048,2010049,2010045,2010046,0,0,0,0
1790158081.1854553,0,-1,-5,2,6622,28270,21373,630,2010078,2010079,2010075,2010076,0,0,0,0
1790158081.1854553,2,-1,-1,-2,6626,28267,21369,633,2010138,2010139,2010135,2010136,0,0,0,0
1790158081.1854553,-4,-3,-3,-1,6625,28267,21369,634,2010168,2010169,2010165,2010166,0,0,0,0
1790158081.3988316,0,-2,-3,-3,6625,28266,21370,633,2010198,2010199,2010195,2010196,0,0,0,0
1790158081.3988316,4,2,1,0,6629,28263,21366,636,2010258,2010259,2010255,2010256,0,0,0,0
1790158081.5909884,-3,2,0,2,6628,28265,21367,635,2010288,2010289,2010285,2010286,0,0,0,0
1790158081.6068199,-3,-1,-3,4,6633,28262,21365,639,2010378,2010379,2010375,2010376,0,0,0,0
1790158081.6068199,3,-1,2,-1,6634,28261,21363,641,2010408,2010409,2010405,2010406,0,0,0,0
1790158081.808337,1,-1,4,-3,6635,28260,21363,642,2010438,2010439,2010435,2010436,0,0,0,0
1790158081.808337,2,-2,1,0,6640,28254,21356,648,2010528,2010529,2010525,2010526,0,0,0,0
1790158082.0147228,-2,3,-3,0,6660,28274,21369,657,2010618,2010619,2010615,2010616,0,0,0,0
1790158082.0147228,-2,1,1,1,6651,28272,21369,656,2010648,2010649,2010645,2010646,0,0,0,0
1790158082.190654,4,4,1,0,6645,28271,21369,650,2010708,2010709,2010705,2010706,0,0,0,0
1790158082.4227822,6,-7,-2,-1,6643,28270,21373,648,2010738,2010739,2010735,2010736,0,0,0,0
1790158082.4227822,5,-4,2,0,6646,28274,21374,648,2010768,2010769,2010765,2010766,0,0,0,0
1790158082.4227822,2,4,0,2,6669,28276,21368,664,2010858,2010859,2010855,2010856,0,0,0,0
1790158082.4352686,-4,-1,-5,2,6669,28273,21363,666,2010888,2010889,2010885,2010886,0,0,0,0
1790158082.629247,6,-10,-6,5,6666,28274,21364,662,2010918,2010919,2010915,2010916,0,0,0,0
1790158082.629247,-6,5,0,2,6657,28281,21372,654,2010978,2010979,2010975,2010976,0,0,0,0
1790158082.629247,-5,1,3,-2,6657,28283,21375,654,2011008,2011009,2011005,2011006,0,0,0,0
1790158082.8227522,-3,-2,1,0,6629,28296,21384,627,2011098,2011099,2011095,2011096,0,0,0,0
1790158082.8395844,-4,1,2,2,6631,28341,21426,621,2011128,2011129,2011125,2011126,0,0,0,0
1790158083.0323608,4,1,-1,1,6633,28330,21412,628,2011158,2011159,2011155,2011156,0,0,0,0
1790158083.0323608,-5,2,-6,0,6656,28288,21378,651,2011248,2011249,2011245,2011246,0,0,0,0
1790158083.2287729,-3,-1,-1,-2,6656,28289,21380,651,2011278,2011279,2011275,2011276,0,0,0,0
1790158083.2287729,0,4,2,-1,6648,28298,21388,644,2011308,2011309,2011305,2011306,0,0,0,0
1790158083.244813,-5,-3,-3,0,6647,28302,21394,642,2011368,2011369,2011365,2011366,0,0,0,0
1790158083.4432006,0,0,-3,3,6656,28297,21387,649,2011398,2011399,2011395,2011396,0,0,0,0
1790158083.4508631,-3,-1,7,-2,6658,28290,21382,653,2011428,2011429,2011425,2011426,0,0,0,0
1790158083.4508631,-9,-3,3,-3,6652,28300,21389,645,2011488,2011489,2011485,2011486,0,0,0,0
1790158083.5478635,0,1,-2,1,6647,28304,21397,642,2011548,2011549,2011545,2011546,0,0,0,0
1790158083.6474617,-4,-3,1,0,6652,28296,21386,648,2011608,2011609,2011605,2011606,0,0,0,0
1790158083.6605299,9,-10,-5,5,6730,28215,21360,684,2011638,2011639,2011635,2011636,0,0,0,0
1790158083.6968076,66,-58,-18,21,7418,27552,21051,1018,2011668,2011669,2011665,2011666,0,0,0,0
1790158083.757632,51,-72,-71,49,9272,25696,19733,2225,2011698,2011699,2011695,2011696,0,0,0,0
1790158083.8558464,64,-68,-82,75,10802,23614,17552,3942,2011728,2011729,2011725,2011726,0,0,0,0
1790158083.8558464,65,-66,-77,70,12665,21748,15650,5789,2011758,2011759,2011755,2011756,0,0,0,0
1790158083.9187396,74,-60,-78,65,14653,19642,13617,7864,2011788,2011789,2011785,2011786,0,0,0,0
1790158083.9817576,67,-68,-66,75,16546,17634,11500,10043,2011818,2011819,2011815,2011816,0,0,0,0
1790158084.049454,54,-68,-72,62,18417,15959,9700,11771,2011848,2011849,2011845,2011846,0,0,0,0
1790158084.0635633,50,-52,-46,60,19914,14366,8074,13345,2011878,2011879,2011875,2011876,0,0,0,0
1790158084.176017,47,-45,-43,51,22487,11731,5476,15920,2011938,2011939,2011935,2011936,0,0,0,0
1790158084.238042,55,-45,-54,48,23735,10406,4142,17280,2011968,2011969,2011965,2011966,0,0,0,0
1790158084.2877898,61,-53,-54,54,25254,9012,2759,18710,2011998,2011999,2011995,2011996,0,0,0,0
1790158084.363172,60,-77,-55,87,26848,7360,1078,20361,2012028,2012029,2012025,2012026,0,0,0,0
1790158084.3985445,71,-64,-75,53,28610,5583,32107,22090,2012058,2012059,2012055,2012056,0,0,0,0
1790158084.4617403,54,-64,-61,68,30377,3769,30315,23860,2012088,2012089,2012085,2012086,0,0,0,0
1790158084.5148647,68,-60,-57,56,32148,2161,28575,25615,2012118,2012119,2012115,2012116,0,0,0,0
1790158084.5724027,51,-60,-56,69,959,511,26868,27216,2012148,2012149,2012145,2012146,0,0,0,0
1790158084.578641,51,-68,-55,57,2521,31804,25386,28748,2012178,2012179,2012175,2012176,0,0,0,0
1790158084.6365085,59,-47,-52,45,3955,30394,23892,30211,2012208,2012209,2012205,2012206,0,0,0,0
1790158084.7013214,59,-46,-63,46,5303,28905,22448,31518,2012238,2012239,2012235,2012236,0,0,0,0
1790158084.7980008,47,-59,-53,61,6803,27477,21033,255,2012268,2012269,2012265,2012266,0,0,0,0
1790158084.8142464,60,-59,-52,59,8309,25913,19432,1894,2012298,2012299,2012295,2012296,0,0,0,0
1790158084.8634672,62,-55,-64,58,9976,24251,17820,3449,2012328,2012329,2012325,2012326,0,0,0,0
1790158084.89905,58,-75,-59,67,11627,22562,16192,5154,2012358,2012359,2012355,2012356,0,0,0,0
1790158084.9441996,65,-61,-62,55,13279,20979,14511,6941,2012388,2012389,2012385,2012386,0,0,0,0
1790158085.0424302,52,-62,-51,73,14893,19314,12897,8594,2012418,2012419,2012415,2012416,0,0,0,0
1790158085.0585687,56,-61,-61,48,16456,17692,11243,10215,2012448,2012449,2012445,2012446,0,0,0,0
1790158085.1239526,49,-58,-60,55,18019,16239,9774,11721,2012478,2012479,2012475,2012476,0,0,0,0
1790158085.139901,58,-56,-57,68,19495,14726,8273,13171,2012508,2012509,2012505,2012506,0,0,0,0
1790158085.2236001,60,-53,-55,52,22461,11747,5285,16246,2012568,2012569,2012565,2012566,0,0,0,0
1790158085.2537882,60,-53,-55,52,22461,11747,5285,16246,2012568,2012569,2012565,2012566,0,0,0,0
1790158085.3337572,48,-67,-57,60,25624,8520,2133,19491,2012628,2012629,2012625,2012626,0,0,0,0
1790158085.398194,56,-69,-63,67,28907,5270,31564,22781,2012688,2012689,2012685,2012686,0,0,0,0
1790158085.4465184,56,-69,-63,67,28907,5270,31564,22781,2012688,2012689,2012685,2012686,0,0,0,0
1790158085.5761352,53,-57,-53,61,842,564,26805,27503,2012778,2012779,2012775,2012776,0,0,0,0
1790158085.5918415,48,-68,-63,51,2389,31722,25376,29012,2012808,2012809,2012805,2012806,0,0,0,0
1790158085.6899724,39,-42,-42,57,5261,28948,22269,31955,2012868,2012869,2012865,2012866,0,0,0,0
1790158085.8855355,15,-10,15,15,6015,28172,21823,69,2012898,2012899,2012895,2012896,0,0,0,0
1790158085.8855355,2,-2,-7,-3,6826,27441,21668,788,2012988,2012989,2012985,2012986,0,0,0,0
1790158086.0568063,3,0,-6,0,6876,27383,21616,839,2013018,2013019,2013015,2013016,0,0,0,0
1790158086.0568063,-5,4,0,-9,6863,27409,21632,821,2013078,2013079,2013075,2013076,0,0,0,0
1790158086.111061,-4,4,0,-1,6830,27450,21668,786,2013108,2013109,2013105,2013106,0,0,0,0
1790158086.3219736,-6,-1,-6,-1,6797,27489,21704,752,2013138,2013139,2013135,2013136,0,0,0,0
1790158086.3219736,-5,2,0,-3,6735,27567,21775,685,2013228,2013229,2013225,2013226,0,0,0,0
1790158086.4546812,-3,-1,-2,0,6717,27587,21793,665,2013288,2013289,2013285,2013286,0,0,0,0
1790158086.4778187,-1,0,-5,1,6713,27591,21799,660,2013318,2013319,2013315,2013316,0,0,0,0
1790158086.7129393,0,2,4,1,6713,27593,21801,659,2013348,2013349,2013345,2013346,0,0,0,0
1790158086.7129393,-2,-4,-8,-4,6721,27584,21793,668,2013438,2013439,2013435,2013436,0,0,0,0
1790158086.7333646,-2,-2,-1,6,6721,27584,21792,669,2013468,2013469,2013465,2013466,0,0,0,0
1790158086.8757064,3,2,2,-2,6720,27585,21793,667,2013528,2013529,2013525,2013526,0,0,0,0
1790158086.8896797,-8,-8,0,-2,6722,27582,21792,668,2013558,2013559,2013555,2013556,0,0,0,0
1790158087.0504591,-1,2,2,-2,6721,27584,21793,668,2013588,2013589,2013585,2013586,0,0,0,0
1790158087.0504591,2,-1,0,2,6733,27584,21796,680,2013618,2013619,2013615,2013616,0,0,0,0
1790158087.0504591,-2,-4,-1,-2,6740,27558,21774,690,2013648,2013649,2013645,2013646,0,0,0,0
1790158087.1357145,-1,3,-3,0,6732,27575,21786,682,2013708,2013709,2013705,2013706,0,0,0,0
1790158087.3415153,2,-1,0,4,6715,27595,21803,660,2013828,2013829,2013825,2013826,0,0,0,0
1790158087.533701,-2,-1,-6,-1,6716,27593,21801,662,2013858,2013859,2013855,2013856,0,0,0,0
1790158087.533701,2,4,3,-1,6719,27586,21797,668,2013948,2013949,2013945,2013946,0,0,0,0
1790158087.7144632,2,-2,-3,0,6716,27580,21795,664,2013978,2013979,2013975,2013976,0,0,0,0
1790158087.7144632,0,-2,2,2,6716,27579,21798,666,2014008,2014009,2014005,2014006,0,0,0,0
1790158087.7203665,-1,-2,3,3,6719,27581,21800,670,2014038,2014039,2014035,2014036,0,0,0,0
1790158087.94802,3,-1,-5,-5,6725,27581,21799,675,2014068,2014069,2014065,2014066,0,0,0,0
1790158087.94802,-1,-4,2,-2,6720,27595,21806,665,2014158,2014159,2014155,2014156,0,0,0,0
1790158087.94802,-2,-1,-1,3,6715,27593,21807,662,2014188,2014189,2014185,2014186,0,0,0,0
1790158088.0767233,-3,-4,4,-3,6721,27584,21802,669,2014248,2014249,2014245,2014246,0,0,0,0
1790158088.157848,0,-24,-2,-2,6726,27580,21797,676,2014308,2014309,2014305,2014306,0,0,0,0
1790158088.1619587,0,-24,-2,-2,6726,27580,21797,676,2014308,2014309,2014305,2014306,0,0,0,0
1790158088.3538053,-2,-4,-5,-7,6755,27561,21778,702,2014458,2014459,2014455,2014456,0,0,0,0
1790158088.533557,-1,-4,1,2,6737,27583,21797,685,2014518,2014519,2014515,2014516,0,0,0,0
1790158088.5493073,1,-3,3,1,6722,27597,21808,668,2014578,2014579,2014575,2014576,0,0,0,0
1790158088.7679458,2,-1,-1,2,6746,27557,21779,694,2014638,2014639,2014635,2014636,0,0,0,0
1790158088.7679458,-1,3,2,0,6753,27547,21767,703,2014668,2014669,2014665,2014666,0,0,0,0
1790158088.7782407,1,-2,3,-2,6742,27558,21777,693,2014698,2014699,2014695,2014696,0,0,0,0
1790158088.972907,-5,-3,-2,0,6724,27580,21797,675,2014728,2014729,2014725,2014726,0,0,0,0
1790158088.972907,-6,-34,-4,-2,6700,27611,21826,646,2014818,2014819,2014815,2014816,0,0,0,0
1790158089.1190054,-5,-7,4,4,6702,27608,21822,648,2014848,2014849,2014845,2014846,0,0,0,0
1790158089.1190054,5,-1,4,-2,6712,27599,21814,658,2014908,2014909,2014905,2014906,0,0,0,0
1790158089.377779,1,2,-1,-2,6708,27603,21815,655,2014968,2014969,2014965,2014966,0,0,0,0
1790158089.377779,-3,3,1,0,6705,27607,21820,651,2015058,2015059,2015055,2015056,0,0,0,0
1790158089.5885344,-5,-1,-5,2,6707,27604,21818,652,2015088,2015089,2015085,2015086,0,0,0,0
1790158089.5885344,0,3,1,2,6708,27603,21817,655,2015178,2015179,2015175,2015176,0,0,0,0
1790158089.7912812,0,-3,-2,-5,6710,27600,21816,656,2015268,2015269,2015265,2015266,0,0,0,0
1790158089.8039353,7,-3,4,2,6712,27596,21814,658,2015298,2015299,2015295,2015296,0,0,0,0
1790158090.0002337,-1,2,0,-3,6715,27595,21812,661,2015328,2015329,2015325,2015326,0,0,0,0
1790158090.0002337,-2,-5,0,2,6716,27594,21810,662,2015358,2015359,2015355,2015356,0,0,0,0
1790158090.0002337,2,-5,0,-1,6715,27595,21812,662,2015418,2015419,2015415,2015416,0,0,0,0
1790158090.090338,4,1,1,2,6717,27594,21810,663,2015448,2015449,2015445,2015446,0,0,0,0
1790158090.090338,1,-3,-2,-2,6717,27592,21808,664,2015478,2015479,2015475,2015476,0,0,0,0
1790158090.2191637,-8,-6,-3,-2,6738,27605,21813,675,2015538,2015539,2015535,2015536,0,0,0,0
1790158090.2676413,4,-1,-4,-1,6735,27606,21813,672,2015568,2015569,2015565,2015566,0,0,0,0
1790158090.3973608,1,2,0,3,6728,27606,21816,669,2015598,2015599,2015595,2015596,0,0,0,0
1790158090.3973608,3,4,1,4,6738,27614,21819,671,2015658,2015659,2015655,2015656,0,0,0,0
1790158090.6085293,3,1,1,0,6743,27597,21806,679,2015808,2015809,2015805,2015806,0,0,0,0
1790158090.8187504,-5,-5,-3,0,6738,27601,21809,675,2015838,2015839,2015835,2015836,0,0,0,0
1790158090.8187504,-2,-5,-2,2,6733,27604,21813,670,2015898,2015899,2015895,2015896,0,0,0,0
1790158090.9488845,-4,3,-6,-4,6703,27634,21843,634,2015988,2015989,2015985,2015986,0,0,0,0
1790158091.0219314,1,-4,0,-1,6713,27633,21839,643,2016018,2016019,2016015,2016016,0,0,0,0
1790158091.0784597,-1,-1,0,-1,6723,27619,21829,656,2016048,2016049,2016045,2016046,0,0,0,0
1790158091.1004276,-4,0,-1,0,6728,27617,21825,664,2016078,2016079,2016075,2016076,0,0,0,0
1790158091.1004276,1,4,-5,-4,6728,27619,21823,662,2016108,2016109,2016105,2016106,0,0,0,0
1790158091.2223084,-4,1,-3,1,6718,27623,21829,652,2016168,2016169,2016165,2016166,0,0,0,0
1790158091.4237154,-4,4,-2,5,6718,27622,21829,652,2016198,2016199,2016195,2016196,0,0,0,0
1790158091.4237154,-33,-75,-7,-1,6669,27472,21826,656,2016228,2016229,2016225,2016226,0,0,0,0
1790158091.4237154,-47,-48,-49,-52,3534,24622,18855,30754,2016288,2016289,2016285,2016286,0,0,0,0
1790158091.6408932,-58,-56,-49,-65,30740,18960,12935,24630,2016408,2016409,2016405,2016406,0,0,0,0
1790158091.841962,-48,-52,-48,-48,29209,17363,11443,23202,2016438,2016439,2016435,2016436,0,0,0,0
1790158091.841962,-56,-55,-58,-51,24430,12471,6821,18403,2016528,2016529,2016525,2016526,0,0,0,0
1790158091.8608484,-65,-56,-67,-68,22893,10858,5172,16886,2016558,2016559,2016555,2016556,0,0,0,0
1790158092.0440505,-63,-56,-54,-67,18149,6080,346,11996,2016648,2016649,2016645,2016646,0,0,0,0
1790158092.0527687,-54,-58,-50,-50,16465,4533,31389,10271,2016678,2016679,2016675,2016676,0,0,0,0
1790158092.251067,-59,-57,-55,-53,11531,32421,26702,5509,2016768,2016769,2016765,2016766,0,0,0,0
1790158092.262227,-51,-53,-77,-71,9933,30674,25116,4002,2016798,2016799,2016795,2016796,0,0,0,0
1790158092.4575038,-15,-8,-28,-23,7038,27852,21710,806,2016888,2016889,2016885,2016886,0,0,0,0
1790158092.4736516,-2,1,-9,-10,6793,27698,21283,303,2016918,2016919,2016915,2016916,0,0,0,0
1790158092.6576564,-2,8,4,-10,6682,27834,21304,98,2016978,2016979,2016975,2016976,0,0,0,0
1790158092.8637013,-5,6,2,-3,6446,28038,21539,32667,2017068,2017069,2017065,2017066,0,0,0,0
1790158092.879752,3,0,-4,2,6348,28115,21630,32595,2017128,2017129,2017125,2017126,0,0,0,0
1790158093.0633998,-4,-1,4,2,6318,28138,21656,32573,2017158,2017159,2017155,2017156,0,0,0,0
1790158093.0633998,0,0,-1,4,6294,28156,21678,32556,2017188,2017189,2017185,2017186,0,0,0,0
1790158093.0747502,3,-3,-1,-6,6261,28185,21706,32533,2017248,2017249,2017245,2017246,0,0,0,0
1790158093.0747502,0,2,0,-3,6249,28195,21718,32522,2017278,2017279,2017275,2017276,0,0,0,0
1790158093.1003745,-1,0,0,-5,6236,28205,21729,32513,2017308,2017309,2017305,2017306,0,0,0,0
1790158093.2042084,-1,4,0,-3,6262,28242,21753,32515,2017338,2017339,2017335,2017336,0,0,0,0
1790158093.2213097,-3,-1,0,-7,6274,28266,21769,32510,2017368,2017369,2017365,2017366,0,0,0,0
1790158093.2709036,0,-1,1,-2,6258,28280,21780,32500,2017398,2017399,2017395,2017396,0,0,0,0
1790158093.480552,-1,-4,2,-7,6243,28289,21790,32489,2017428,2017429,2017425,2017426,0,0,0,0
1790158093.480552,-5,-2,2,1,6225,28309,21810,32474,2017488,2017489,2017485,2017486,0,0,0,0
1790158093.480552,0,1,3,-1,6217,28318,21816,32467,2017518,2017519,2017515,2017516,0,0,0,0
1790158093.4966505,2,0,0,1,6209,28323,21822,32461,2017548,2017549,2017545,2017546,0,0,0,0
1790158093.6879556,2,1,1,2,6201,28331,21829,32455,2017578,2017579,2017575,2017576,0,0,0,0
1790158093.6948514,3,1,4,-4,6132,28398,21883,32401,2017638,2017639,2017635,2017636,0,0,0,0
1790158093.701679,-3,1,-1,-7,6106,28429,21918,32376,2017668,2017669,2017665,2017666,0,0,0,0
1790158093.80045,-5,1,-1,-2,6081,28478,21954,32350,2017698,2017699,2017695,2017696,0,0,0,0
1790158093.8568494,-1,3,3,2,6047,28499,21974,32321,2017728,2017729,2017725,2017726,0,0,0,0
1790158093.861425,-2,-1,2,0,6021,28518,21998,32294,2017758,2017759,2017755,2017756,0,0,0,0
1790158093.923809,15,-14,-12,6,6129,28328,21952,32361,2017788,2017789,2017785,2017786,0,0,0,0
1790158093.980288,62,-68,-28,27,7137,27472,21547,19,2017818,2017819,2017815,2017816,0,0,0,0
1790158094.090969,70,-60,-64,81,9420,25845,20491,1947,2017848,2017849,2017845,2017846,0,0,0,0
1790158094.097436,78,-63,-66,71,11252,24235,18828,3869,2017878,2017879,2017875,2017876,0,0,0,0
1790158094.1266453,70,-74,-71,71,13129,22372,16955,5795,2017908,2017909,2017905,2017906,0,0,0,0
1790158094.2013817,78,-81,-72,64,15225,20379,14888,7944,2017938,2017939,2017935,2017936,0,0,0,0
1790158094.2565877,72,-65,-61,64,17294,18484,12883,10113,2017968,2017969,2017965,2017966,0,0,0,0
1790158094.263586,60,-62,-70,66,19066,16776,11026,11923,2017998,2017999,2017995,2017996,0,0,0,0
1790158094.3675933,51,-50,-57,46,20612,15243,9477,13539,2018028,2018029,2018025,2018026,0,0,0,0
1790158094.409298,45,-41,-40,45,21961,13994,8141,14916,2018058,2018059,2018055,2018056,0,0,0,0
1790158094.4244618,33,-40,-39,40,23217,12673,6905,16119,2018088,2018089,2018085,2018086,0,0,0,0
1790158094.4790173,46,-47,-36,39,24491,11442,5647,17451,2018118,2018119,2018115,2018116,0,0,0,0
1790158094.5273693,52,-55,-58,51,25912,10014,4147,18854,2018148,2018149,2018145,2018146,0,0,0,0
1790158094.6621838,59,-59,-61,64,29318,6697,877,22268,2018208,2018209,2018205,2018206,0,0,0,0
1790158094.6749742,66,-63,-72,61,31203,4801,31792,24152,2018238,2018239,2018235,2018236,0,0,0,0
1790158094.720354,55,-53,-64,56,120,3126,30089,25929,2018268,2018269,2018265,2018266,0,0,0,0
1790158094.7854972,62,-68,-57,57,1802,1573,28391,27563,2018298,2018299,2018295,2018296,0,0,0,0
1790158094.8494215,51,-56,-46,47,3265,60,26814,29068,2018328,2018329,2018325,2018326,0,0,0,0
1790158094.8494215,47,-44,-60,49,4735,31333,25459,30513,2018358,2018359,2018355,2018356,0,0,0,0
1790158094.9174345,67,-55,-58,66,6157,29996,23997,31917,2018388,2018389,2018385,2018386,0,0,0,0
1790158094.995339,60,-59,-62,56,7666,28437,22436,703,2018418,2018419,2018415,2018416,0,0,0,0
1790158095.0606108,52,-61,-55,47,9235,26892,20935,2276,2018448,2018449,2018445,2018446,0,0,0,0
1790158095.0930316,62,-63,-54,65,10748,25365,19324,3871,2018478,2018479,2018475,2018476,0,0,0,0
1790158095.1088903,56,-66,-61,58,12433,23693,17666,5521,2018508,2018509,2018505,2018506,0,0,0,0
1790158095.254472,48,-56,-60,60,14146,21998,15992,7185,2018538,2018539,2018535,2018536,0,0,0,0
1790158095.3021483,53,-51,-61,46,17389,18808,12743,10440,2018598,2018599,2018595,2018596,0,0,0,0
1790158095.3214524,54,-45,-55,52,18845,17280,11204,12073,2018628,2018629,2018625,2018626,0,0,0,0
1790158095.3814077,48,-63,-60,60,20364,15856,9733,13577,2018658,2018659,2018655,2018656,0,0,0,0
1790158095.4944727,45,-46,-57,63,23351,12675,6634,16574,2018718,2018719,2018715,2018716,0,0,0,0
1790158095.566506,73,-64,-60,64,24942,11177,5123,18197,2018748,2018749,2018745,2018746,0,0,0,0
1790158095.578378,65,-64,-54,48,26523,9577,3437,19721,2018778,2018779,2018775,2018776,0,0,0,0
1790158095.6396332,49,-57,-63,62,28097,7981,1834,21449,2018808,2018809,2018805,2018806,0,0,0,0
1790158095.6887746,65,-62,-67,52,29725,6329,221,23046,2018838,2018839,2018835,2018836,0,0,0,0
1790158095.737021,72,-57,-51,53,31389,4709,31380,24561,2018868,2018869,2018865,2018866,0,0,0,0
1790158095.834084,65,-56,-66,62,135,3199,29834,26185,2018898,2018899,2018895,2018896,0,0,0,0
1790158095.8391461,61,-66,-57,52,1715,1717,28335,27694,2018928,2018929,2018925,2018926,0,0,0,0
1790158095.9422536,54,-51,-47,55,3208,137,26709,29188,2018958,2018959,2018955,2018956,0,0,0,0
1790158095.9422536,49,-52,-69,57,4736,31321,25239,30809,2018988,2018989,2018985,2018986,0,0,0,0
1790158096.0944014,32,-36,-47,35,5980,30231,23867,32170,2019018,2019019,2019015,2019016,0,0,0,0
1790158096.1267061,1,13,18,-2,6638,29761,23587,32612,2019078,2019079,2019075,2019076,0,0,0,0
1790158096.142623,-2,20,18,3,6653,30239,24004,32516,2019108,2019109,2019105,2019106,0,0,0,0
1790158096.3431551,-15,17,6,-21,6397,30683,24397,32220,2019138,2019139,2019135,2019136,0,0,0,0
1790158096.3525622,-6,0,1,-3,5680,31306,25167,31425,2019228,2019229,2019225,2019226,0,0,0,0
1790158096.5538332,-6,-2,-3,3,5611,31366,25268,31361,2019318,2019319,2019315,2019316,0,0,0,0
1790158096.562192,-3,0,-1,1,5639,31338,25231,31388,2019348,2019349,2019345,2019346,0,0,0,0
1790158096.745761,-2,-3,-1,1,5701,31272,25145,31444,2019408,2019409,2019405,2019406,0,0,0,0
1790158096.7614748,1,-3,-5,0,5738,31227,25087,31485,2019498,2019499,2019495,2019496,0,0,0,0
1790158096.8592818,3,1,-2,-1,5725,31233,25099,31477,2019558,2019559,2019555,2019556,0,0,0,0
1790158096.9569066,-1,1,4,-1,5724,31235,25104,31474,2019588,2019589,2019585,2019586,0,0,0,0
1790158097.0621924,0,-2,3,-1,5728,31231,25101,31478,2019678,2019679,2019675,2019676,0,0,0,0
1790158097.1181726,-3,4,-3,-1,5730,31232,25099,31480,2019708,2019709,2019705,2019706,0,0,0,0
1790158097.180778,1,-3,2,-1,5747,31203,25099,31498,2019738,2019739,2019735,2019736,0,0,0,0
1790158097.3683324,2,3,-3,0,5752,31187,25078,31501,2019768,2019769,2019765,2019766,0,0,0,0
1790158097.3746126,-4,0,1,-2,5727,31215,25111,31474,2019828,2019829,2019825,2019826,0,0,0,0
1790158097.3746126,1,3,-4,3,5714,31226,25129,31462,2019858,2019859,2019855,2019856,0,0,0,0
1790158097.576454,0,-5,3,-3,5721,31223,25124,31469,2019978,2019979,2019975,2019976,0,0,0,0
1790158097.749963,-2,-2,-2,-1,5717,31225,25127,31466,2020008,2020009,2020005,2020006,0,0,0,0
1790158097.749963,-2,-2,3,-2,5711,31223,25134,31461,2020068,2020069,2020065,2020066,0,0,0,0
1790158097.7629898,0,0,-1,-1,5710,31226,25126,31456,2020098,2020099,2020095,2020096,0,0,0,0
1790158097.987486,-2,0,-2,-3,5701,31237,25146,31449,2020188,2020189,2020185,2020186,0,0,0,0
1790158098.0032568,1,-2,0,3,5695,31240,25150,31444,2020218,2020219,2020215,2020216,0,0,0,0
1790158098.1034093,0,-4,-8,2,5697,31237,25146,31445,2020278,2020279,2020275,2020276,0,0,0,0
1790158098.1848054,0,-4,5,-2,5701,31233,25141,31449,2020308,2020309,2020305,2020306,0,0,0,0
1790158098.1974618,0,2,0,2,5704,31229,25135,31452,2020338,2020339,2020335,2020336,0,0,0,0
1790158098.3964646,3,-2,-1,1,5704,31228,25136,31454,2020398,2020399,2020395,2020396,0,0,0,0
1790158098.3964646,1,5,2,4,5720,31193,25096,31472,2020458,2020459,2020455,2020456,0,0,0,0
1790158098.5876167,-9,-1,0,0,5722,31189,25093,31473,2020488,2020489,2020485,2020486,0,0,0,0
1790158098.588136,-3,2,0,0,5717,31200,25108,31469,2020518,2020519,2020515,2020516,0,0,0,0
1790158098.588136,-3,4,-3,1,5700,31221,25134,31452,2020578,2020579,2020575,2020576,0,0,0,0
1790158098.7988784,-1,-4,-3,-6,5731,31191,25094,31484,2020668,2020669,2020665,2020666,0,0,0,0
1790158098.8210008,2,1,3,-4,5734,31191,25088,31485,2020698,2020699,2020695,2020696,0,0,0,0
1790158099.009304,-2,-1,1,0,5704,31217,25125,31457,2020758,2020759,2020755,2020756,0,0,0,0
1790158099.009304,2,-1,3,0,5697,31222,25135,31447,2020818,2020819,2020815,2020816,0,0,0,0
1790158099.1070366,-3,-2,-2,-1,5701,31219,25131,31452,2020848,2020849,2020845,2020846,0,0,0,0
1790158099.122874,0,-2,3,-3,5704,31218,25129,31455,2020908,2020909,2020905,2020906,0,0,0,0
1790158099.2229388,-3,-4,-3,0,5700,31223,25135,31451,2020968,2020969,2020965,2020966,0,0,0,0
1790158099.4207454,2,-3,-2,-3,5700,31222,25135,31451,2020998,2020999,2020995,2020996,0,0,0,0
1790158099.4207454,3,1,-9,-1,5702,31221,25132,31452,2021088,2021089,2021085,2021086,0,0,0,0
1790158099.6246262,2,1,0,4,5702,31221,25131,31452,2021118,2021119,2021115,2021116,0,0,0,0
1790158099.6246262,-1,-3,-1,-1,5704,31221,25132,31453,2021178,2021179,2021175,2021176,0,0,0,0
1790158099.819807,1,1,-2,-1,5710,31215,25124,31460,2021298,2021299,2021295,2021296,0,0,0,0
1790158099.8427186,-9,-3,-2,-3,5712,31212,25121,31462,2021328,2021329,2021325,2021326,0,0,0,0
1790158100.0344088,-6,-3,1,4,5714,31211,25119,31463,2021448,2021449,2021445,2021446,0,0,0,0
1790158100.114307,-5,1,-2,-3,5712,31212,25120,31462,2021478,2021479,2021475,2021476,0,0,0,0
1790158100.2410653,0,-2,0,-2,5716,31213,25122,31458,2021568,2021569,2021565,2021566,0,0,0,0
1790158100.4199479,-2,-1,-2,4,5711,31218,25131,31460,2021628,2021629,2021625,2021626,0,0,0,0
1790158100.4412196,-2,0,1,2,5713,31215,25126,31459,2021658,2021659,2021655,2021656,0,0,0,0
1790158100.649667,2,-1,0,-1,5719,31218,25129,31465,2021748,2021749,2021745,2021746,0,0,0,0
1790158100.649667,-4,-3,-4,-1,5720,31206,25119,31467,2021808,2021809,2021805,2021806,0,0,0,0
1790158100.8418214,2,0,-6,-1,5719,31214,25124,31464,2021928,2021929,2021925,2021926,0,0,0,0
1790158101.053188,-3,1,-4,-2,5687,31232,25160,31435,2022078,2022079,2022075,2022076,0,0,0,0
1790158101.1424906,-4,-5,-4,-1,5699,31225,25152,31444,2022108,2022109,2022105,2022106,0,0,0,0
1790158101.199342,-2,-1,-1,-4,5717,31213,25128,31463,2022168,2022169,2022165,2022166,0,0,0,0
1790158101.283401,1,-1,-2,-7,5717,31213,25127,31465,2022198,2022199,2022195,2022196,0,0,0,0
1790158101.465174,-1,-4,2,0,5711,31217,25130,31458,2022258,2022259,2022255,2022256,0,0,0,0
1790158101.4748855,-1,-1,-4,-1,5708,31219,25134,31454,2022318,2022319,2022315,2022316,0,0,0,0
1790158101.489921,0,-3,1,-5,5707,31219,25136,31454,2022348,2022349,2022345,2022346,0,0,0,0
1790158101.6669724,-66,-56,-53,-59,3907,29484,23446,30316,2022408,2022409,2022405,2022406,0,0,0,0
1790158101.68287,-44,-50,-47,-53,2354,28073,21956,28755,2022438,2022439,2022435,2022436,0,0,0,0
1790158101.8779635,-49,-57,-58,-61,29264,22301,16208,22676,2022558,2022559,2022555,2022556,0,0,0,0
1790158102.073639,-49,-58,-60,-59,23206,15919,9805,16383,2022678,2022679,2022675,2022676,0,0,0,0
1790158102.122784,-70,-60,-51,-43,21542,14207,8250,14903,2022708,2022709,2022705,2022706,0,0,0,0
1790158102.2848175,-53,-53,-54,-71,20016,12620,6692,13212,2022738,2022739,2022735,2022736,0,0,0,0
1790158102.2848175,-73,-58,-54,-51,16715,9463,3537,9989,2022798,2022799,2022795,2022796,0,0,0,0
1790158102.4807973,-54,-50,-55,-73,15104,7938,1920,8324,2022828,2022829,2022825,2022826,0,0,0,0
1790158102.4807973,-63,-62,-54,-58,11945,4684,31365,4990,2022888,2022889,2022885,2022886,0,0,0,0
1790158102.4965637,-51,-58,-73,-57,10301,3075,29758,3446,2022918,2022919,2022915,2022916,0,0,0,0
1790158102.6927657,-17,-14,-30,-19,5801,31165,24880,31536,2023038,2023039,2023035,2023036,0,0,0,0
1790158102.9032006,-4,-4,-10,-9,5587,30889,24361,31219,2023068,2023069,2023065,2023066,0,0,0,0
1790158102.9032006,1,-1,-3,-2,5688,30814,24205,31281,2023128,2023129,2023125,2023126,0,0,0,0
1790158102.9032006,-1,-2,-4,2,5723,30803,24213,31334,2023158,2023159,2023155,2023156,0,0,0,0
1790158102.9232066,-1,1,-4,2,5728,30800,24207,31341,2023188,2023189,2023185,2023186,0,0,0,0
1790158103.1075609,0,1,2,-1,5701,30830,24231,31315,2023248,2023249,2023245,2023246,0,0,0,0
1790158103.1160486,1,0,-1,-3,5694,30839,24239,31307,2023278,2023279,2023275,2023276,0,0,0,0
1790158103.3089895,1,-3,3,3,5711,30822,24228,31324,2023368,2023369,2023365,2023366,0,0,0,0
1790158103.5071843,1,3,5,-2,5725,30831,24230,31333,2023518,2023519,2023515,2023516,0,0,0,0
1790158103.5230172,-2,3,-5,-1,5730,30826,24223,31339,2023548,2023549,2023545,2023546,0,0,0,0
1790158103.7259014,1,-2,0,5,5723,30841,24235,31331,2023668,2023669,2023665,2023666,0,0,0,0
1790158103.923712,-1,6,1,0,5702,30850,24238,31312,2023758,2023759,2023755,2023756,0,0,0,0
1790158103.9435165,2,-1,2,-1,5690,30894,24276,31302,2023788,2023789,2023785,2023786,0,0,0,0
1790158104.0408716,1,-3,-8,-2,5715,30847,24252,31330,2023848,2023849,2023845,2023846,0,0,0,0
1790158104.104224,1,-3,0,1,5736,30834,24237,31351,2023878,2023879,2023875,2023876,0,0,0,0
1790158104.1377046,-3,0,0,2,5744,30824,24230,31357,2023908,2023909,2023905,2023906,0,0,0,0
1790158104.2565532,66,-82,-27,42,7108,29276,23676,32138,2023968,2023969,2023965,2023966,0,0,0,0
1790158104.312739,58,-51,-74,70,9217,27512,22273,1007,2023998,2023999,2023995,2023996,0,0,0,0
1790158104.3181045,73,-63,-85,70,10951,25828,20407,3175,2024028,2024029,2024025,2024026,0,0,0,0
1790158104.381226,73,-79,-72,82,12926,23943,18338,5190,2024058,2024059,2024055,2024056,0,0,0,0
1790158104.4787202,75,-64,-62,80,15108,21937,16248,7311,2024088,2024089,2024085,2024086,0,0,0,0
1790158104.5479653,71,-70,-65,67,17102,20016,14253,9460,2024118,2024119,2024115,2024116,0,0,0,0
1790158104.5620549,55,-56,-54,67,18798,18459,12586,11168,2024148,2024149,2024145,2024146,0,0,0,0
1790158104.6042573,54,-52,-54,40,20231,17017,11084,12616,2024178,2024179,2024175,2024176,0,0,0,0
1790158104.6595876,53,-53,-48,41,21483,15738,9829,13910,2024208,2024209,2024205,2024206,0,0,0,0
1790158104.7393367,48,-45,-45,38,22779,14498,8562,15132,2024238,2024239,2024235,2024236,0,0,0,0
1790158104.7552464,57,-54,-50,51,24121,13098,7265,16454,2024268,2024269,2024265,2024266,0,0,0,0
1790158104.84075,64,-66,-71,57,27362,9925,3975,19724,2024328,2024329,2024325,2024326,0,0,0,0
1790158104.901181,56,-60,-64,65,29095,8133,2255,21588,2024358,2024359,2024355,2024356,0,0,0,0
1790158104.949912,71,-66,-70,57,30843,6417,501,23303,2024388,2024389,2024385,2024386,0,0,0,0
1790158105.112409,52,-46,-62,49,1330,3171,29979,26622,2024448,2024449,2024445,2024446,0,0,0,0
1790158105.1222064,53,-63,-56,56,2866,1736,28473,28092,2024478,2024479,2024475,2024476,0,0,0,0
1790158105.1604292,44,-54,-57,61,4368,281,26995,29546,2024508,2024509,2024505,2024506,0,0,0,0
1790158105.2085361,43,-59,-52,51,5742,31577,25662,31007,2024538,2024539,2024535,2024536,0,0,0,0
1790158105.277999,56,-54,-53,46,7272,30134,24094,32534,2024568,2024569,2024565,2024566,0,0,0,0
1790158105.3433354,63,-69,-60,63,8910,28457,22394,1327,2024598,2024599,2024595,2024596,0,0,0,0
1790158105.3546326,55,-61,-58,59,10482,26824,20798,3003,2024628,2024629,2024625,2024626,0,0,0,0
1790158105.4224894,62,-62,-57,49,12151,25259,19127,4706,2024658,2024659,2024655,2024656,0,0,0,0
1790158105.4727077,48,-62,-55,69,13839,23602,17478,6372,2024688,2024689,2024685,2024686,0,0,0,0
1790158105.5520668,57,-52,-57,46,15352,22023,15934,7926,2024718,2024719,2024715,2024716,0,0,0,0
1790158105.5520668,63,-58,-55,54,16864,20515,14312,9519,2024748,2024749,2024745,2024746,0,0,0,0
1790158105.613455,51,-59,-55,65,18397,19040,12839,10987,2024778,2024779,2024775,2024776,0,0,0,0
1790158105.6623423,50,-48,-56,46,19840,17538,11367,12554,2024808,2024809,2024805,2024806,0,0,0,0
1790158105.7352934,65,-51,-61,44,21361,16094,9902,14059,2024838,2024839,2024835,2024836,0,0,0,0
1790158105.7464528,54,-63,-59,65,23017,14401,8228,15630,2024868,2024869,2024865,2024866,0,0,0,0
1790158105.8621337,62,-64,-62,60,26187,11201,5022,18916,2024928,2024929,2024925,2024926,0,0,0,0
1790158105.879206,62,-64,-62,60,26187,11201,5022,18916,2024928,2024929,2024925,2024926,0,0,0,0
1790158105.9291663,59,-53,-64,52,29410,7932,1817,22178,2024988,2024989,2024985,2024986,0,0,0,0
1790158105.935584,59,-53,-62,63,30998,6391,179,23687,2025018,2025019,2025015,2025016,0,0,0,0
1790158105.9995968,48,-56,-49,68,32573,4783,31375,25263,2025048,2025049,2025045,2025046,0,0,0,0
1790158106.064141,58,-56,-60,45,1269,3297,29866,26763,2025078,2025079,2025075,2025076,0,0,0,0
1790158106.147494,41,-44,-42,57,4340,379,26833,29821,2025138,2025139,2025135,2025136,0,0,0,0
1790158106.3624563,17,-21,-15,19,5746,31617,25476,31479,2025198,2025199,2025195,2025196,0,0,0,0
1790158106.37911,2,-25,-2,2,6392,31172,24850,32123,2025258,2025259,2025255,2025256,0,0,0,0
1790158106.5854118,-3,2,-4,0,6457,31117,24768,32185,2025318,2025319,2025315,2025316,0,0,0,0
1790158106.5854118,1,0,-1,18,6448,31120,24773,32177,2025348,2025349,2025345,2025346,0,0,0,0
1790158106.5998242,0,5,1,-3,6431,31135,24792,32159,2025378,2025379,2025375,2025376,0,0,0,0
1790158106.7910883,-1,-3,-2,-1,6398,31167,24834,32122,2025468,2025469,2025465,2025466,0,0,0,0
1790158106.8044977,-2,-2,-3,5,6400,31163,24831,32125,2025498,2025499,2025495,2025496,0,0,0,0
1790158106.9946342,2,-1,0,-3,6405,31159,24826,32130,2025528,2025529,2025525,2025526,0,0,0,0
1790158106.9946342,-1,10,2,0,6400,31159,24823,32129,2025558,2025559,2025555,2025556,0,0,0,0
1790158106.9946342,5,2,-7,-6,6399,31153,24825,32125,2025618,2025619,2025615,2025616,0,0,0,0
1790158107.1094785,0,-4,-4,-5,6404,31156,24828,32126,2025648,2025649,2025645,2025646,0,0,0,0
1790158107.1214151,-4,1,2,5,6410,31158,24827,32129,2025678,2025679,2025675,2025676,0,0,0,0
1790158107.1214151,2,-2,-8,0,6413,31159,24825,32132,2025708,2025709,2025705,2025706,0,0,0,0
1790158107.2025466,1,1,-3,-2,6409,31158,24825,32130,2025738,2025739,2025735,2025736,0,0,0,0
1790158107.373251,-3,1,-4,0,6406,31160,24829,32127,2025828,2025829,2025825,2025826,0,0,0,0
1790158107.380659,-2,1,-6,-2,6409,31160,24827,32129,2025858,2025859,2025855,2025856,0,0,0,0
1790158107.610719,2,4,5,-6,6429,31141,24804,32154,2025978,2025979,2025975,2025976,0,0,0,0
1790158107.8179324,2,-8,-4,-3,6419,31153,24820,32141,2026008,2026009,2026005,2026006,0,0,0,0
1790158107.8179324,-3,3,0,-3,6405,31163,24835,32127,2026098,2026099,2026095,2026096,0,0,0,0
1790158108.0198848,-5,4,-4,1,6409,31161,24829,32129,2026128,2026129,2026125,2026126,0,0,0,0
1790158108.0198848,-3,0,-3,-3,6400,31156,24812,32107,2026218,2026219,2026215,2026216,0,0,0,0
1790158108.1631596,3,-2,0,3,6416,31162,24815,32126,2026278,2026279,2026275,2026276,0,0,0,0
1790158108.1631596,2,-1,-1,-1,6414,31155,24815,32130,2026308,2026309,2026305,2026306,0,0,0,0
1790158108.1912427,4,0,-2,0,6409,31152,24814,32126,2026338,2026339,2026335,2026336,0,0,0,0
1790158108.4198585,-2,-4,2,-4,6408,31156,24819,32125,2026368,2026369,2026365,2026366,0,0,0,0
1790158108.4355702,-2,0,-1,-1,6408,31166,24835,32125,2026428,2026429,2026425,2026426,0,0,0,0
1790158108.4355702,-2,-3,2,1,6402,31170,24837,32120,2026458,2026459,2026455,2026456,0,0,0,0
1790158108.4355702,1,1,2,-1,6401,31172,24839,32116,2026488,2026489,2026485,2026486,0,0,0,0
1790158108.6303937,-2,3,1,3,6403,31168,24835,32120,2026548,2026549,2026545,2026546,0,0,0,0
1790158108.6303937,1,-1,1,5,6406,31165,24831,32124,2026608,2026609,2026605,2026606,0,0,0,0
1790158108.840965,8,-1,2,-4,6408,31165,24831,32124,2026638,2026639,2026635,2026636,0,0,0,0
1790158108.840965,-3,1,-2,2,6436,31138,24791,32150,2026728,2026729,2026725,2026726,0,0,0,0
1790158109.0213528,1,-2,1,-6,6435,31130,24787,32153,2026758,2026759,2026755,2026756,0,0,0,0
1790158109.0213528,-2,2,-2,-1,6418,31153,24817,32133,2026818,2026819,2026815,2026816,0,0,0,0
1790158109.034933,-4,-5,-2,-2,6413,31167,24830,32125,2026848,2026849,2026845,2026846,0,0,0,0
1790158109.1673334,2,0,-6,3,6404,31148,24809,32115,2026908,2026909,2026905,2026906,0,0,0,0
1790158109.1783116,0,1,0,-4,6443,31134,24788,32157,2026938,2026939,2026935,2026936,0,0,0,0
1790158109.263324,1,-2,7,0,6444,31130,24781,32158,2026968,2026969,2026965,2026966,0,0,0,0
1790158109.4553173,-4,1,3,1,6428,31141,24795,32143,2026998,2026999,2026995,2026996,0,0,0,0
1790158109.4553173,-2,-2,-1,-4,6411,31155,24814,32125,2027028,2027029,2027025,2027026,0,0,0,0
1790158109.4553173,-3,-7,-3,0,6400,31164,24829,32112,2027088,2027089,2027085,2027086,0,0,0,0
1790158109.6559014,-2,0,2,0,6403,31160,24823,32116,2027118,2027119,2027115,2027116,0,0,0,0
1790158109.6559014,6,-3,-2,1,6407,31158,24819,32120,2027148,2027149,2027145,2027146,0,0,0,0
1790158109.6655877,2,0,-4,-2,6405,31160,24821,32118,2027208,2027209,2027205,2027206,0,0,0,0
1790158109.8611739,3,0,1,2,6401,31164,24827,32112,2027268,2027269,2027265,2027266,0,0,0,0
1790158110.0706136,-2,4,6,1,6405,31160,24822,32119,2027358,2027359,2027355,2027356,0,0,0,0
1790158110.0706136,-1,-1,1,8,6403,31160,24824,32117,2027478,2027479,2027475,2027476,0,0,0,0
1790158110.1776707,-4,0,5,-1,6405,31159,24821,32117,2027508,2027509,2027505,2027506,0,0,0,0
1790158110.1776707,-1,-4,-2,-3,6407,31157,24820,32120,2027538,2027539,2027535,2027536,0,0,0,0
1790158110.2685325,-1,-3,3,1,6410,31156,24818,32123,2027568,2027569,2027565,2027566,0,0,0,0
1790158110.2685325,0,1,-1,-4,6410,31155,24816,32124,2027598,2027599,2027595,2027596,0,0,0,0
1790158110.4763913,2,3,2,2,6410,31154,24815,32125,2027628,2027629,2027625,2027626,0,0,0,0
1790158110.6865969,2,-3,0,-4,6427,31150,24813,32129,2027838,2027839,2027835,2027836,0,0,0,0
1790158110.8493626,-1,0,1,-2,6431,31159,24828,32131,2027868,2027869,2027865,2027866,0,0,0,0
1790158110.8493626,-1,-1,2,4,6425,31165,24831,32123,2027928,2027929,2027925,2027926,0,0,0,0
1790158110.865476,-2,-3,-2,4,6421,31162,24830,32121,2027958,2027959,2027955,2027956,0,0,0,0
1790158111.0937645,5,2,-2,1,6446,31170,24840,32138,2028018,2028019,2028015,2028016,0,0,0,0
1790158111.0937645,2,0,2,3,6446,31155,24824,32140,2028048,2028049,2028045,2028046,0,0,0,0
1790158111.0937645,3,-2,0,-1,6452,31149,24817,32146,2028078,2028079,2028075,2028076,0,0,0,0
1790158111.1806169,-3,-5,-9,0,6453,31151,24820,32148,2028108,2028109,2028105,2028106,0,0,0,0
1790158111.2914178,-38,0,0,1,6450,31156,24824,32145,2028138,2028139,2028135,2028136,0,0,0,0
1790158111.3038685,-1,2,1,3,6446,31162,24829,32139,2028168,2028169,2028165,2028166,0,0,0,0
1790158111.3038685,0,-4,-1,-4,6440,31165,24832,32132,2028198,2028199,2028195,2028196,0,0,0,0
1790158111.4991717,-4,-2,3,1,6442,31160,24831,32136,2028258,2028259,2028255,2028256,0,0,0,0
1790158111.4991717,-4,4,1,-3,6419,31163,24828,32112,2028288,2028289,2028285,2028286,0,0,0,0
1790158111.515005,2,-6,1,1,6407,31198,24877,32100,2028318,2028319,2028315,2028316,0,0,0,0
1790158111.62918,-1,2,-1,-2,6405,31186,24860,32093,2028348,2028349,2028345,2028346,0,0,0,0
1790158111.62918,1,0,0,-3,6417,31169,24849,32113,2028408,2028409,2028405,2028406,0,0,0,0
1790158111.7100618,0,-3,0,3,6426,31170,24846,32120,2028438,2028439,2028435,2028436,0,0,0,0
1790158111.9096837,2,3,-3,2,6426,31175,24849,32118,2028468,2028469,2028465,2028466,0,0,0,0
1790158111.9096837,6,-1,0,4,6419,31178,24855,32112,2028528,2028529,2028525,2028526,0,0,0,0
1790158111.9208796,-2,1,-1,-2,6421,31175,24852,32114,2028558,2028559,2028555,2028556,0,0,0,0
1790158112.1181133,-1,-1,-2,-4,6423,31173,24849,32116,2028588,2028589,2028585,2028586,0,0,0,0
1790158112.1216967,-71,-54,-64,-69,4080,28884,22964,30531,2028678,2028679,2028675,2028676,0,0,0,0
1790158112.1874733,-51,-47,-42,-42,2600,27645,21531,29023,2028708,2028709,2028705,2028706,0,0,0,0
1790158112.1972291,-55,-46,-59,-62,1256,26321,20237,27595,2028738,2028739,2028735,2028736,0,0,0,0
1790158112.311505,-57,-53,-52,-46,31112,23404,17201,24356,2028798,2028799,2028795,2028796,0,0,0,0
1790158112.5245795,-57,-53,-67,-56,29593,21905,15626,22936,2028828,2028829,2028825,2028826,0,0,0,0
1790158112.5245795,-43,-65,-59,-72,23332,15427,9313,16704,2028948,2028949,2028945,2028946,0,0,0,0
1790158112.7349246,-67,-50,-60,-47,21761,13835,7755,15089,2028978,2028979,2028975,2028976,0,0,0,0
1790158112.7381737,-63,-54,-64,-48,17015,9028,2862,10226,2029068,2029069,2029065,2029066,0,0,0,0
1790158112.9287977,-51,-66,-62,-79,15325,7490,1168,8636,2029098,2029099,2029095,2029096,0,0,0,0
1790158112.9287977,-50,-56,-47,-59,10400,2572,29092,3708,2029188,2029189,2029185,2029186,0,0,0,0
1790158113.1420386,-76,-59,-71,-48,8821,888,27560,2125,2029218,2029219,2029215,2029216,0,0,0,0
1790158113.1420386,-69,-64,-75,-64,4062,28644,22484,30127,2029308,2029309,2029305,2029306,0,0,0,0
1790158113.192694,-59,-61,-58,-64,2401,27101,20864,28383,2029338,2029339,2029335,2029336,0,0,0,0
1790158113.2073908,-59,-59,-59,-56,841,25560,19155,26679,2029368,2029369,2029365,2029366,0,0,0,0
1790158113.3353214,-56,-65,-61,-82,31917,23986,17528,25076,2029398,2029399,2029395,2029396,0,0,0,0
1790158113.5480897,-45,-50,-62,-54,25469,17330,11088,18574,2029518,2029519,2029515,2029516,0,0,0,0
1790158113.5641048,-65,-69,-67,-67,23742,15765,9447,16974,2029548,2029549,2029545,2029546,0,0,0,0
1790158113.7444298,-65,-50,-61,-58,18972,10785,4525,12166,2029638,2029639,2029635,2029636,0,0,0,0
1790158113.7654724,-56,-55,-56,-54,17396,9223,2941,10426,2029668,2029669,2029665,2029666,0,0,0,0
1790158113.956365,-71,-59,-60,-65,15723,7694,1325,8936,2029698,2029699,2029695,2029696,0,0,0,0
1790158113.956365,-77,-64,-55,-66,10776,2744,29139,3969,2029788,2029789,2029785,2029786,0,0,0,0
1790158114.1680038,-43,-38,-46,-37,7740,32515,26060,911,2029848,2029849,2029845,2029846,0,0,0,0
1790158114.1680038,-10,-12,-25,-21,6589,31058,24323,32263,2029908,2029909,2029905,2029906,0,0,0,0
1790158114.2159386,0,1,-14,-10,6358,30830,23893,31844,2029938,2029939,2029935,2029936,0,0,0,0
1790158114.3629766,-3,-1,2,-2,6386,30859,23786,31751,2029968,2029969,2029965,2029966,0,0,0,0
1790158114.3629766,0,-3,2,-3,6329,30922,23851,31708,2030028,2030029,2030025,2030026,0,0,0,0
1790158114.3788607,0,-3,2,-3,6329,30922,23851,31708,2030028,2030029,2030025,2030026,0,0,0,0
1790158114.5048935,-6,4,9,-1,6271,30974,23902,31653,2030058,2030059,2030055,2030056,0,0,0,0
1790158114.5054374,-6,-3,1,-3,6053,31168,24093,31467,2030148,2030149,2030145,2030146,0,0,0,0
1790158114.5880892,1,3,3,-1,6000,31224,24149,31427,2030178,2030179,2030175,2030176,0,0,0,0
1790158114.7729304,-1,-4,1,-3,5984,31299,24215,31402,2030208,2030209,2030205,2030206,0,0,0,0
1790158114.7729304,1,-4,4,-1,5954,31302,24232,31375,2030268,2030269,2030265,2030266,0,0,0,0
1790158114.7729304,-1,-3,-3,3,5995,31273,24206,31409,2030298,2030299,2030295,2030296,0,0,0,0
1790158114.9829693,3,0,2,2,6086,31197,24127,31485,2030358,2030359,2030355,2030356,0,0,0,0
1790158114.9829693,-1,-2,-5,3,6113,31176,24104,31509,2030388,2030389,2030385,2030386,0,0,0,0
1790158114.9829693,0,0,-2,-2,6116,31177,24102,31513,2030418,2030419,2030415,2030416,0,0,0,0
1790158115.1846592,-2,3,-3,0,6099,31192,24114,31498,2030448,2030449,2030445,2030446,0,0,0,0
1790158115.1846592,0,-4,-2,2,6070,31217,24140,31473,2030508,2030509,2030505,2030506,0,0,0,0
1790158115.2055268,1,3,-2,0,6071,31214,24139,31474,2030538,2030539,2030535,2030536,0,0,0,0
1790158115.3904374,-1,-1,-5,0,6080,31206,24132,31482,2030568,2030569,2030565,2030566,0,0,0,0
1790158115.3996115,0,1,4,-1,6080,31209,24132,31483,2030658,2030659,2030655,2030656,0,0,0,0
1790158115.5944393,-2,3,-3,-1,6074,31215,24138,31478,2030688,2030689,2030685,2030686,0,0,0,0
1790158115.5944393,0,-3,-1,-3,6047,31261,24183,31454,2030778,2030779,2030775,2030776,0,0,0,0
1790158115.7152233,-6,0,7,-4,6081,31215,24147,31489,2030868,2030869,2030865,2030866,0,0,0,0
1790158115.8049917,-1,0,-2,-1,6087,31214,24141,31494,2030898,2030899,2030895,2030896,0,0,0,0
1790158115.8697088,11,-5,1,4,6159,31159,24116,31524,2030928,2030929,2030925,2030926,0,0,0,0
1790158115.8806014,40,-53,-21,26,6816,30467,23846,31872,2030958,2030959,2030955,2030956,0,0,0,0
1790158115.9295413,82,-80,-79,52,8595,28312,22501,117,2030988,2030989,2030985,2030986,0,0,0,0
1790158116.0598962,52,-55,-60,66,10264,26619,20748,2095,2031018,2031019,2031015,2031016,0,0,0,0
1790158116.0780897,64,-93,-81,87,14189,22647,16643,6126,2031078,2031079,2031075,2031076,0,0,0,0
1790158116.1408355,60,-86,-73,75,16229,20666,14528,8196,2031108,2031109,2031105,2031106,0,0,0,0
1790158116.1899004,66,-61,-57,57,18103,18836,12710,10174,2031138,2031139,2031135,2031136,0,0,0,0
1790158116.2542691,48,-41,-50,53,19628,17345,11026,11757,2031168,2031169,2031165,2031166,0,0,0,0
1790158116.32394,41,-52,-53,49,20959,16102,9759,13035,2031198,2031199,2031195,2031196,0,0,0,0
1790158116.3386152,42,-42,-45,56,22215,14797,8509,14287,2031228,2031229,2031225,2031226,0,0,0,0
1790158116.4005952,40,-60,-43,50,23449,13538,7280,15520,2031258,2031259,2031255,2031256,0,0,0,0
1790158116.4978256,61,-59,-49,64,24907,12095,5827,17017,2031288,2031289,2031285,2031286,0,0,0,0
1790158116.4978256,69,-58,-66,51,26528,10471,4165,18599,2031318,2031319,2031315,2031316,0,0,0,0
1790158116.5782573,66,-67,-73,85,28231,8774,2446,20485,2031348,2031349,2031345,2031346,0,0,0,0
1790158116.6261458,65,-63,-66,60,30085,6951,652,22238,2031378,2031379,2031375,2031376,0,0,0,0
1790158116.6577556,69,-74,-59,64,31802,5157,31596,24005,2031408,2031409,2031405,2031406,0,0,0,0
1790158116.705177,57,-57,-60,59,680,3520,30007,25697,2031438,2031439,2031435,2031436,0,0,0,0
1790158116.7728176,50,-46,-52,58,2213,2128,28430,27139,2031468,2031469,2031465,2031466,0,0,0,0
1790158116.7850075,51,-52,-55,57,3568,679,26966,28614,2031498,2031499,2031495,2031496,0,0,0,0
1790158116.8334925,55,-60,-44,53,4999,32095,25684,30090,2031528,2031529,2031525,2031526,0,0,0,0
1790158116.9634385,59,-52,-48,49,6467,30575,24182,31454,2031558,2031559,2031555,2031556,0,0,0,0
1790158116.9794693,61,-62,-55,57,9710,27425,20956,2003,2031618,2031619,2031615,2031616,0,0,0,0
1790158117.0476809,62,-52,-60,69,11382,25790,19277,3607,2031648,2031649,2031645,2031646,0,0,0,0
1790158117.1651464,61,-57,-59,61,13013,24154,17604,5332,2031678,2031679,2031675,2031676,0,0,0,0
1790158117.1669095,62,-66,-54,56,14650,22441,16030,7038,2031708,2031709,2031705,2031706,0,0,0,0
1790158117.2251694,52,-60,-58,65,16220,20939,14337,8636,2031738,2031739,2031735,2031736,0,0,0,0
1790158117.24022,58,-46,-49,52,17748,19409,12844,10192,2031768,2031769,2031765,2031766,0,0,0,0
1790158117.3024247,60,-60,-51,50,19207,17895,11367,11684,2031798,2031799,2031795,2031796,0,0,0,0
1790158117.350952,54,-49,-56,67,20709,16409,9940,13138,2031828,2031829,2031825,2031826,0,0,0,0
1790158117.4798405,64,-73,-54,60,23762,13280,6778,16288,2031888,2031889,2031885,2031886,0,0,0,0
1790158117.4995623,61,-52,-61,45,26984,10148,3550,19554,2031948,2031949,2031945,2031946,0,0,0,0
1790158117.5602973,67,-65,-52,58,28527,8471,2029,21161,2031978,2031979,2031975,2031976,0,0,0,0
1790158117.6253734,49,-53,-56,63,30220,6872,367,22747,2032008,2032009,2032005,2032006,0,0,0,0
1790158117.6740499,62,-65,-57,51,31773,5318,31508,24292,2032038,2032039,2032035,2032036,0,0,0,0
1790158117.739283,63,-62,-67,52,596,3725,29980,25898,2032068,2032069,2032065,2032066,0,0,0,0
1790158117.7579546,52,-52,-61,62,2159,2261,28440,27492,2032098,2032099,2032095,2032096,0,0,0,0
1790158117.8528776,49,-53,-55,51,5092,32141,25432,30485,2032158,2032159,2032155,2032156,0,0,0,0
1790158118.0635881,5,-2,2,0,6811,31205,23747,32371,2032278,2032279,2032275,2032276,0,0,0,0
1790158118.2296903,1,3,0,-5,6747,31265,23816,32299,2032338,2032339,2032335,2032336,0,0,0,0
1790158118.2424033,7,-4,2,-3,6692,31270,23872,32235,2032368,2032369,2032365,2032366,0,0,0,0
1790158118.4673445,-3,5,4,-6,6454,31467,24088,31974,2032458,2032459,2032455,2032456,0,0,0,0
1790158118.4753554,-1,0,0,-2,6352,31548,24174,31863,2032518,2032519,2032515,2032516,0,0,0,0
1790158118.6588514,0,-4,7,-4,6347,31553,24180,31857,2032548,2032549,2032545,2032546,0,0,0,0
1790158118.6588514,-1,6,2,2,6372,31493,24145,31899,2032638,2032639,2032635,2032636,0,0,0,0
1790158118.7726307,-1,3,4,-1,6366,31507,24152,31884,2032698,2032699,2032695,2032696,0,0,0,0
1790158118.8722763,1,-2,5,1,6358,31514,24159,31878,2032728,2032729,2032725,2032726,0,0,0,0
1790158118.8722763,-1,1,3,-1,6362,31523,24166,31880,2032758,2032759,2032755,2032756,0,0,0,0
1790158119.0517738,-2,3,-5,-3,6366,31516,24159,31880,2032788,2032789,2032785,2032786,0,0,0,0
1790158119.0590627,0,0,-1,1,6367,31513,24159,31884,2032878,2032879,2032875,2032876,0,0,0,0
1790158119.2348244,-4,-2,2,-5,6375,31517,24161,31894,2032908,2032909,2032905,2032906,0,0,0,0
1790158119.2348244,0,-3,-2,2,6396,31497,24147,31913,2032938,2032939,2032935,2032936,0,0,0,0
1790158119.2348244,-1,-7,-3,-1,6398,31492,24138,31918,2032968,2032969,2032965,2032966,0,0,0,0
1790158119.4902484,-6,1,-1,0,6380,31506,24150,31899,2032998,2032999,2032995,2032996,0,0,0,0
1790158119.4902484,-1,-2,2,-2,6359,31524,24166,31876,2033028,2033029,2033025,2033026,0,0,0,0
1790158119.4902484,-4,5,1,-1,6354,31523,24169,31873,2033118,2033119,2033115,2033116,0,0,0,0
1790158119.6919832,0,2,-5,1,6358,31519,24165,31878,2033148,2033149,2033145,2033146,0,0,0,0
1790158119.6975033,5,-5,1,2,6357,31521,24167,31876,2033178,2033179,2033175,2033176,0,0,0,0
1790158119.7055318,-3,0,-3,-3,6341,31516,24164,31859,2033238,2033239,2033235,2033236,0,0,0,0
1790158119.8677878,-2,-1,2,0,6348,31514,24172,31877,2033268,2033269,2033265,2033266,0,0,0,0
1790158119.8677878,0,-4,-4,0,6359,31518,24168,31881,2033328,2033329,2033325,2033326,0,0,0,0
1790158119.8742652,-2,-5,1,0,6357,31522,24172,31879,2033358,2033359,2033355,2033356,0,0,0,0
1790158120.1018806,1,4,3,-2,6355,31522,24171,31877,2033478,2033479,2033475,2033476,0,0,0,0
1790158120.2404802,3,-2,-17,0,6351,31521,24171,31878,2033508,2033509,2033505,2033506,0,0,0,0
1790158120.2484808,-9,0,6,0,6354,31522,24172,31878,2033538,2033539,2033535,2033536,0,0,0,0
1790158120.2587976,3,1,2,-6,6355,31520,24170,31880,2033568,2033569,2033565,2033566,0,0,0,0
1790158120.3031778,5,0,0,2,6355,31521,24171,31880,2033598,2033599,2033595,2033596,0,0,0,0
1790158120.3163056,0,7,-4,-14,6353,31522,24172,31878,2033628,2033629,2033625,2033626,0,0,0,0
1790158120.5058227,-7,-4,1,2,6355,31522,24172,31879,2033658,2033659,2033655,2033656,0,0,0,0
1790158120.5217764,0,-5,-3,5,6368,31498,24154,31893,2033718,2033719,2033715,2033716,0,0,0,0
1790158120.6844904,0,0,2,-1,6392,31497,24151,31915,2033748,2033749,2033745,2033746,0,0,0,0
1790158120.6844904,-1,-6,-2,-2,6379,31509,24159,31905,2033778,2033779,2033775,2033776,0,0,0,0
1790158120.704213,5,1,1,-2,6353,31527,24176,31878,2033838,2033839,2033835,2033836,0,0,0,0
1790158120.9180841,5,3,-5,0,6382,31491,24149,31909,2033928,2033929,2033925,2033926,0,0,0,0
1790158121.122515,6,0,2,-4,6368,31506,24159,31894,2033988,2033989,2033985,2033986,0,0,0,0
1790158121.122515,-5,0,1,3,6348,31524,24177,31873,2034078,2034079,2034075,2034076,0,0,0,0
1790158121.1429627,-1,2,1,-2,6356,31518,24171,31880,2034108,2034109,2034105,2034106,0,0,0,0
1790158121.2358046,-4,-1,1,-3,6356,31519,24171,31881,2034168,2034169,2034165,2034166,0,0,0,0
1790158121.333454,-4,-1,1,-3,6356,31519,24171,31881,2034168,2034169,2034165,2034166,0,0,0,0
1790158121.3352742,-3,-1,1,3,6352,31520,24173,31877,2034228,2034229,2034225,2034226,0,0,0,0
1790158121.3352742,-3,-1,1,3,6352,31520,24173,31877,2034228,2034229,2034225,2034226,0,0,0,0
1790158121.527365,-1,1,-3,-2,6358,31517,24169,31883,2034348,2034349,2034345,2034346,0,0,0,0
1790158121.7430668,-3,0,-2,-2,6352,31521,24172,31878,2034378,2034379,2034375,2034376,0,0,0,0
1790158121.7450657,3,5,-1,-2,6360,31516,24169,31884,2034468,2034469,2034465,2034466,0,0,0,0
1790158121.9485538,-3,4,0,1,6362,31515,24167,31886,2034528,2034529,2034525,2034526,0,0,0,0
1790158121.9505217,-1,-2,-4,-1,6361,31515,24168,31885,2034588,2034589,2034585,2034586,0,0,0,0
1790158121.9607773,1,1,-2,-2,6362,31513,24167,31887,2034618,2034619,2034615,2034616,0,0,0,0
1790158122.1575615,2,-2,1,0,6363,31513,24167,31887,2034648,2034649,2034645,2034646,0,0,0,0
1790158122.1575615,-1,-2,2,0,6363,31513,24168,31887,2034678,2034679,2034675,2034676,0,0,0,0
1790158122.1575615,-1,-1,-1,0,6363,31512,24167,31888,2034708,2034709,2034705,2034706,0,0,0,0
1790158122.1613688,-1,4,-2,1,6364,31512,24166,31887,2034738,2034739,2034735,2034736,0,0,0,0
1790158122.2389183,1,-3,-1,2,6363,31512,24166,31887,2034768,2034769,2034765,2034766,0,0,0,0
1790158122.2616751,-4,1,2,1,6376,31524,24172,31896,2034798,2034799,2034795,2034796,0,0,0,0
1790158122.3622694,-5,-5,0,-2,6359,31518,24172,31886,2034858,2034859,2034855,2034856,0,0,0,0
1790158122.5309181,6,0,6,-2,6358,31517,24172,31881,2034918,2034919,2034915,2034916,0,0,0,0
1790158122.5309181,-2,6,-2,1,6356,31514,24171,31879,2034948,2034949,2034945,2034946,0,0,0,0
1790158122.7593079,-2,-3,-2,1,6359,31510,24170,31882,2034978,2034979,2034975,2034976,0,0,0,0
1790158122.7593079,5,1,3,-3,6377,31520,24172,31894,2035008,2035009,2035005,2035006,0,0,0,0
1790158122.769526,-2,4,4,-4,6378,31511,24169,31897,2035038,2035039,2035035,2035036,0,0,0,0
1790158122.778868,-4,-3,0,-1,6380,31508,24164,31900,2035098,2035099,2035095,2035096,0,0,0,0
1790158122.97387,1,1,-9,-6,6376,31513,24169,31894,2035158,2035159,2035155,2035156,0,0,0,0
1790158122.97387,-9,-7,-7,0,6375,31512,24169,31895,2035188,2035189,2035185,2035186,0,0,0,0
1790158122.97387,-1,2,-3,0,6373,31513,24169,31894,2035218,2035219,2035215,2035216,0,0,0,0
1790158123.1718876,-2,-4,6,0,6370,31515,24172,31890,2035248,2035249,2035245,2035246,0,0,0,0
1790158123.1822567,-3,3,2,-2,6359,31508,24167,31879,2035278,2035279,2035275,2035276,0,0,0,0
1790158123.1841598,-3,1,-2,-3,6328,31529,24185,31851,2035308,2035309,2035305,2035306,0,0,0,0
1790158123.1841598,2,-4,-2,-2,6327,31541,24205,31846,2035338,2035339,2035335,2035336,0,0,0,0
1790158123.2625206,-4,-1,-3,-4,6344,31537,24193,31861,2035368,2035369,2035365,2035366,0,0,0,0
1790158123.3788538,-3,-2,1,1,6358,31522,24179,31875,2035398,2035399,2035395,2035396,0,0,0,0
1790158123.3788538,-2,-2,-2,1,6362,31513,24173,31884,2035428,2035429,2035425,2035426,0,0,0,0
1790158123.5868,0,1,3,-1,6357,31516,24174,31880,2035458,2035459,2035455,2035456,0,0,0,0
1790158123.5868,-5,-1,7,-1,6344,31524,24182,31865,2035518,2035519,2035515,2035516,0,0,0,0
1790158123.5868,-4,2,6,-2,6349,31517,24179,31873,2035578,2035579,2035575,2035576,0,0,0,0
1790158123.7852986,1,0,1,1,6356,31514,24175,31879,2035608,2035609,2035605,2035606,0,0,0,0
1790158123.7977695,45,43,39,48,9356,2006,26640,1924,2035698,2035699,2035695,2035696,0,0,0,0
1790158123.9957702,51,45,51,44,10601,3291,28010,3188,2035728,2035729,2035725,2035726,0,0,0,0
1790158123.9957702,53,51,51,42,16523,9116,1472,9220,2035848,2035849,2035845,2035846,0,0,0,0
1790158124.2020135,53,51,51,42,16523,9116,1472,9220,2035848,2035849,2035845,2035846,0,0,0,0
1790158124.2020135,62,51,66,52,21327,13865,6238,13944,2035938,2035939,2035935,2035936,0,0,0,0
1790158124.2506576,55,50,54,56,23046,15397,7822,15414,2035968,2035969,2035965,2035966,0,0,0,0
1790158124.3972044,63,52,68,52,26238,18625,10940,18543,2036028,2036029,2036025,2036026,0,0,0,0
1790158124.608234,58,49,63,64,29466,21908,14252,21740,2036088,2036089,2036085,2036086,0,0,0,0
1790158124.608234,69,51,62,49,31074,23457,15897,23373,2036118,2036119,2036115,2036116,0,0,0,0
1790158124.608234,57,54,46,58,3144,28199,20822,28260,2036208,2036209,2036205,2036206,0,0,0,0
1790158124.8042367,42,55,59,68,4760,29791,22346,29919,2036238,2036239,2036235,2036236,0,0,0,0
1790158124.820182,4,10,10,12,6973,31912,24656,32128,2036328,2036329,2036325,2036326,0,0,0,0
1790158125.0195172,1,-1,-3,-3,7090,31945,24716,32269,2036388,2036389,2036385,2036386,0,0,0,0
1790158125.0195172,0,-1,-3,-4,7188,31824,24607,32366,2036448,2036449,2036445,2036446,0,0,0,0
1790158125.1275978,3,1,-2,1,7264,31741,24536,32436,2036478,2036479,2036475,2036476,0,0,0,0
1790158125.1275978,3,-6,-6,-1,7358,31638,24457,32514,2036508,2036509,2036505,2036506,0,0,0,0
1790158125.1457343,-1,-3,-2,1,7467,31548,24380,32596,2036538,2036539,2036535,2036536,0,0,0,0
1790158125.2259176,6,-6,-1,1,7542,31466,24309,32652,2036568,2036569,2036565,2036566,0,0,0,0
1790158125.2739491,1,-6,-5,3,7598,31437,24257,32702,2036598,2036599,2036595,2036596,0,0,0,0
1790158125.4292276,-1,-3,0,-2,7534,31502,24309,32650,2036688,2036689,2036685,2036686,0,0,0,0
1790158125.6307538,-2,8,-4,0,7501,31525,24332,32627,2036718,2036719,2036715,2036716,0,0,0,0
1790158125.6307538,-6,-1,1,-2,7491,31531,24342,32619,2036748,2036749,2036745,2036746,0,0,0,0
1790158125.648441,-3,-2,1,3,7523,31502,24320,32643,2036808,2036809,2036805,2036806,0,0,0,0
1790158125.8363857,3,-5,-2,6,7549,31493,24310,32664,2036838,2036839,2036835,2036836,0,0,0,0
1790158125.8435223,4,-1,-6,3,7598,31473,24310,32712,2036868,2036869,2036865,2036866,0,0,0,0
1790158125.8435223,-3,-3,-4,0,7609,31449,24292,32730,2036928,2036929,2036925,2036926,0,0,0,0
1790158125.9549482,3,-2,0,-2,7594,31473,24311,32716,2036958,2036959,2036955,2036956,0,0,0,0
1790158125.96091,-8,2,-1,-4,7575,31489,24322,32701,2036988,2036989,2036985,2036986,0,0,0,0
1790158126.0104496,-1,0,1,-5,7569,31490,24327,32695,2037018,2037019,2037015,2037016,0,0,0,0
1790158126.0244818,1,-2,2,-2,7578,31481,24321,32701,2037048,2037049,2037045,2037046,0,0,0,0
1790158126.1280987,12,-4,-1,15,7647,31396,24280,32746,2037078,2037079,2037075,2037076,0,0,0,0
1790158126.176488,46,-62,-17,31,8186,30736,23985,343,2037108,2037109,2037105,2037106,0,0,0,0
1790158126.1840491,67,-82,-97,49,10010,28533,22544,1405,2037138,2037139,2037135,2037136,0,0,0,0
1790158126.2461324,54,-65,-67,86,11604,26829,20598,3076,2037168,2037169,2037165,2037166,0,0,0,0
1790158126.2882957,82,-83,-70,80,13476,24983,18668,5119,2037198,2037199,2037195,2037196,0,0,0,0
1790158126.364696,86,-83,-74,84,15463,22945,16567,7236,2037228,2037229,2037225,2037226,0,0,0,0
1790158126.3990788,74,-69,-80,60,17576,20834,14427,9382,2037258,2037259,2037255,2037256,0,0,0,0
1790158126.4676237,64,-61,-58,64,19391,18929,12576,11210,2037288,2037289,2037285,2037286,0,0,0,0
1790158126.503491,44,-44,-56,46,20868,17410,10881,12717,2037318,2037319,2037315,2037316,0,0,0,0
1790158126.5795202,40,-38,-48,36,23390,14865,8288,15278,2037378,2037379,2037375,2037376,0,0,0,0
1790158126.6441069,49,-48,-51,56,24657,13559,7030,16531,2037408,2037409,2037405,2037406,0,0,0,0
1790158126.704417,56,-52,-44,63,26026,12136,5582,17920,2037438,2037439,2037435,2037436,0,0,0,0
1790158126.8372247,57,-60,-67,58,27704,10508,3919,19493,2037468,2037469,2037465,2037466,0,0,0,0
1790158126.8372247,61,-68,-66,72,29372,8814,2223,21277,2037498,2037499,2037495,2037496,0,0,0,0
1790158126.8372247,61,-69,-67,58,31220,6990,416,23138,2037528,2037529,2037525,2037526,0,0,0,0
1790158126.9055867,60,-65,-68,50,1822,3541,29636,26588,2037588,2037589,2037585,2037586,0,0,0,0
1790158126.9666975,43,-53,-58,50,3297,2124,28155,28043,2037618,2037619,2037615,2037616,0,0,0,0
1790158127.0156336,50,-46,-44,55,4810,651,26699,29495,2037648,2037649,2037645,2037646,0,0,0,0
1790158127.145609,56,-66,-54,48,6237,32029,25352,30928,2037678,2037679,2037675,2037676,0,0,0,0
1790158127.1616664,49,-48,-59,52,7746,30519,23843,32473,2037708,2037709,2037705,2037706,0,0,0,0
1790158127.2109213,63,-70,-58,65,10795,27409,20671,2828,2037768,2037769,2037765,2037766,0,0,0,0
1790158127.2749577,53,-58,-59,51,12478,25790,19020,4500,2037798,2037799,2037795,2037796,0,0,0,0
1790158127.3383806,53,-59,-56,70,14115,24154,17370,6103,2037828,2037829,2037825,2037826,0,0,0,0
1790158127.4082894,62,-75,-63,51,15756,22462,15713,7829,2037858,2037859,2037855,2037856,0,0,0,0
1790158127.4186618,56,-53,-58,59,17351,20960,14087,9481,2037888,2037889,2037885,2037886,0,0,0,0
1790158127.5325673,49,-54,-48,64,18836,19410,12599,11017,2037918,2037919,2037915,2037916,0,0,0,0
1790158127.5325673,51,-64,-59,45,20330,17881,11079,12535,2037948,2037949,2037945,2037946,0,0,0,0
1790158127.6078968,60,-44,-56,46,21843,16447,9595,14016,2037978,2037979,2037975,2037976,0,0,0,0
1790158127.6631708,49,-54,-53,58,23334,14811,8021,15533,2038008,2038009,2038005,2038006,0,0,0,0
1790158127.6789093,64,-72,-70,50,24916,13229,6422,17213,2038038,2038039,2038035,2038036,0,0,0,0
1790158127.7434664,60,-53,-62,57,26569,11662,4855,18757,2038068,2038069,2038065,2038066,0,0,0,0
1790158127.792344,53,-58,-48,74,28146,10081,3231,20380,2038098,2038099,2038095,2038096,0,0,0,0
1790158127.8658168,62,-71,-67,51,29771,8441,1665,21982,2038128,2038129,2038125,2038126,0,0,0,0
1790158127.921677,52,-59,-52,61,31380,6777,32767,23526,2038158,2038159,2038155,2038156,0,0,0,0
1790158127.9378548,56,-65,-59,67,157,5179,31182,25136,2038188,2038189,2038185,2038186,0,0,0,0
1790158127.9867256,60,-56,-68,44,1739,3616,29583,26730,2038218,2038219,2038215,2038216,0,0,0,0
1790158128.0918384,51,-49,-47,61,3226,2166,28116,28220,2038248,2038249,2038245,2038246,0,0,0,0
1790158128.105864,48,-56,-43,66,4774,616,26535,29812,2038278,2038279,2038275,2038276,0,0,0,0
1790158128.2823312,54,-56,-51,42,6166,31997,25113,31235,2038308,2038309,2038305,2038306,0,0,0,0
1790158128.2823312,30,-11,1,16,7146,31162,24215,32277,2038338,2038339,2038335,2038336,0,0,0,0
1790158128.2953792,-4,10,7,-6,7401,31993,25056,32368,2038398,2038399,2038395,2038396,0,0,0,0
1790158128.4956403,-2,13,8,-9,7394,32340,25235,32237,2038428,2038429,2038425,2038426,0,0,0,0
1790158128.4956403,-3,-1,8,-9,7348,32614,25489,32066,2038458,2038459,2038455,2038456,0,0,0,0
1790158128.5053718,2,-1,-2,-2,7159,3,25714,31825,2038518,2038519,2038515,2038516,0,0,0,0
1790158128.7002923,1,0,-3,1,7154,6,25725,31814,2038548,2038549,2038545,2038546,0,0,0,0
1790158128.7002923,6,-5,-15,7,7193,32744,25692,31855,2038578,2038579,2038575,2038576,0,0,0,0
1790158128.7221377,6,-4,-7,0,7387,32590,25520,32072,2038668,2038669,2038665,2038666,0,0,0,0
1790158128.9005523,0,-3,-4,3,7447,32542,25463,32139,2038698,2038699,2038695,2038696,0,0,0,0
1790158128.9230628,-1,-2,-5,2,7525,32477,25392,32224,2038758,2038759,2038755,2038756,0,0,0,0
1790158129.0163808,3,4,-2,-2,7533,32471,25382,32234,2038788,2038789,2038785,2038786,0,0,0,0
1790158129.0163808,-1,-2,4,1,7528,32478,25388,32228,2038848,2038849,2038845,2038846,0,0,0,0
1790158129.1256323,-1,2,3,-4,7522,32481,25388,32225,2038908,2038909,2038905,2038906,0,0,0,0
1790158129.2956996,1,1,-4,-6,7528,32478,25385,32228,2038938,2038939,2038935,2038936,0,0,0,0
1790158129.2956996,4,-2,1,1,7532,32474,25380,32231,2038968,2038969,2038965,2038966,0,0,0,0
1790158129.3011281,0,-2,3,-1,7530,32471,25379,32231,2039028,2039029,2039025,2039026,0,0,0,0
1790158129.5228531,1,-12,-1,3,7540,32476,25388,32240,2039058,2039059,2039055,2039056,0,0,0,0
1790158129.5228531,-3,0,-13,4,7568,32442,25347,32270,2039118,2039119,2039115,2039116,0,0,0,0
1790158129.7314844,1,3,-1,0,7555,32455,25359,32255,2039238,2039239,2039235,2039236,0,0,0,0
1790158129.745746,-2,2,2,-5,7556,32451,25358,32257,2039268,2039269,2039265,2039266,0,0,0,0
1790158129.933508,1,-6,0,-1,7556,32444,25343,32253,2039358,2039359,2039355,2039356,0,0,0,0
1790158129.9463108,1,3,-6,0,7558,32442,25341,32256,2039388,2039389,2039385,2039386,0,0,0,0
1790158130.109507,3,2,-5,-3,7562,32443,25357,32273,2039418,2039419,2039415,2039416,0,0,0,0
1790158130.109507,-1,1,5,-4,7566,32442,25356,32273,2039448,2039449,2039445,2039446,0,0,0,0
1790158130.1235998,0,-2,-8,-4,7571,32444,25356,32278,2039508,2039509,2039505,2039506,0,0,0,0
1790158130.2885933,-1,0,-2,-3,7573,32444,25355,32279,2039538,2039539,2039535,2039536,0,0,0,0
1790158130.2885933,-4,-3,2,-3,7572,32449,25365,32283,2039568,2039569,2039565,2039566,0,0,0,0
1790158130.3038723,0,1,-2,-2,7571,32449,25357,32276,2039598,2039599,2039595,2039596,0,0,0,0
1790158130.334768,-3,3,1,-3,7566,32451,25361,32272,2039628,2039629,2039625,2039626,0,0,0,0
1790158130.5530055,2,-2,2,0,7568,32447,25359,32274,2039718,2039719,2039715,2039716,0,0,0,0
1790158130.5634732,-1,3,-4,0,7569,32446,25358,32276,2039748,2039749,2039745,2039746,0,0,0,0
1790158130.7427845,-2,2,-4,-4,7569,32448,25358,32275,2039808,2039809,2039805,2039806,0,0,0,0
1790158130.7584617,0,-4,-9,-1,7581,32428,25338,32284,2039868,2039869,2039865,2039866,0,0,0,0
1790158130.9365096,0,-2,2,-1,7618,32422,25327,32322,2039928,2039929,2039925,2039926,0,0,0,0
1790158131.1619933,-9,1,-1,-4,7606,32429,25336,32309,2039988,2039989,2039985,2039986,0,0,0,0
1790158131.1619933,-1,-3,4,-3,7631,32393,25295,32336,2040108,2040109,2040105,2040106,0,0,0,0
1790158131.307631,2,4,5,-2,7626,32401,25300,32330,2040138,2040139,2040135,2040136,0,0,0,0
1790158131.3234293,4,-3,-1,3,7615,32411,25313,32318,2040168,2040169,2040165,2040166,0,0,0,0
1790158131.3264465,0,1,-2,2,7603,32418,25326,32308,2040228,2040229,2040225,2040226,0,0,0,0
1790158131.3561296,0,1,-2,2,7603,32418,25326,32308,2040228,2040229,2040225,2040226,0,0,0,0
1790158131.5735083,-3,3,-9,-2,7610,32413,25321,32315,2040288,2040289,2040285,2040286,0,0,0,0
1790158131.5765572,1,0,-5,1,7606,32418,25326,32310,2040378,2040379,2040375,2040376,0,0,0,0
1790158131.7786078,-4,-1,-1,-4,7605,32417,25326,32310,2040408,2040409,2040405,2040406,0,0,0,0
1790158131.989251,1,-1,1,4,7613,32413,25318,32316,2040618,2040619,2040615,2040616,0,0,0,0
1790158132.1843956,5,-5,-3,-2,7625,32400,25304,32330,2040738,2040739,2040735,2040736,0,0,0,0
1790158132.29851,-6,5,-3,-3,7624,32401,25304,32329,2040768,2040769,2040765,2040766,0,0,0,0
1790158132.29851,-4,1,-3,0,7622,32404,25307,32326,2040798,2040799,2040795,2040796,0,0,0,0
1790158132.3146026,2,-1,-2,1,7621,32404,25308,32326,2040828,2040829,2040825,2040826,0,0,0,0
1790158132.394864,-2,1,0,-1,7625,32402,25305,32330,2040858,2040859,2040855,2040856,0,0,0,0
1790158132.5974824,-1,2,5,-1,7639,32403,25306,32342,2040948,2040949,2040945,2040946,0,0,0,0
1790158132.6053271,0,1,-6,1,7638,32406,25309,32336,2040978,2040979,2040975,2040976,0,0,0,0
1790158132.7984083,0,6,-4,1,7627,32410,25318,32327,2041038,2041039,2041035,2041036,0,0,0,0
1790158132.7984083,1,-2,-3,0,7629,32401,25310,32329,2041098,2041099,2041095,2041096,0,0,0,0
1790158133.0009499,-2,2,1,0,7633,32397,25305,32332,2041128,2041129,2041125,2041126,0,0,0,0
1790158133.009164,-1,13,4,5,7640,32395,25302,32338,2041218,2041219,2041215,2041216,0,0,0,0
1790158133.2046878,-1,0,-1,1,7644,32391,25298,32342,2041248,2041249,2041245,2041246,0,0,0,0
1790158133.2046878,-1,0,-2,1,7643,32395,25302,32340,2041308,2041309,2041305,2041306,0,0,0,0
1790158133.2206607,-1,-3,-4,-6,7642,32398,25305,32338,2041368,2041369,2041365,2041366,0,0,0,0
1790158133.3097425,-6,1,2,2,7641,32400,25306,32337,2041398,2041399,2041395,2041396,0,0,0,0
1790158133.3176255,0,-2,0,-4,7639,32401,25306,32335,2041428,2041429,2041425,2041426,0,0,0,0
1790158133.4154537,1,1,4,1,7600,32440,25352,32296,2041488,2041489,2041485,2041486,0,0,0,0
1790158133.6112468,0,1,3,2,7601,32436,25349,32297,2041518,2041519,2041515,2041516,0,0,0,0
1790158133.6112468,-5,0,-4,2,7643,32394,25306,32342,2041608,2041609,2041605,2041606,0,0,0,0
1790158133.825313,3,6,-3,-3,7649,32396,25308,32346,2041728,2041729,2041725,2041726,0,0,0,0
1790158134.0197089,-2,7,3,-2,7644,32399,25312,32342,2041758,2041759,2041755,2041756,0,0,0,0
1790158134.0197089,-2,-1,1,-2,7645,32398,25312,32343,2041788,2041789,2041785,2041786,0,0,0,0
1790158134.0197089,-1,0,-10,-9,7654,32405,25323,32347,2041818,2041819,2041815,2041816,0,0,0,0
1790158134.035358,-3,-2,-4,-7,7652,32402,25317,32346,2041848,2041849,2041845,2041846,0,0,0,0
1790158134.1425354,-1,0,-1,-2,7653,32402,25314,32347,2041878,2041879,2041875,2041876,0,0,0,0
1790158134.1425354,-1,4,1,-3,7651,32401,25315,32348,2041908,2041909,2041905,2041906,0,0,0,0
1790158134.1967564,1,-3,2,0,7651,32402,25314,32347,2041938,2041939,2041935,2041936,0,0,0,0
1790158134.2287295,0,1,4,-2,7659,32392,25311,32352,2041968,2041969,2041965,2041966,0,0,0,0
1790158134.276729,11,-21,-11,20,7869,32134,25182,32495,2041998,2041999,2041995,2041996,0,0,0,0
1790158134.3259673,75,-68,-44,49,9077,30933,24480,290,2042028,2042029,2042025,2042026,0,0,0,0
1790158134.4454904,62,-62,-72,61,10883,28967,23056,2008,2042058,2042059,2042055,2042056,0,0,0,0
1790158134.4953797,66,-82,-70,83,12635,27219,21091,3843,2042088,2042089,2042085,2042086,0,0,0,0
1790158134.4953797,82,-86,-78,81,14745,25119,19033,5901,2042118,2042119,2042115,2042116,0,0,0,0
1790158134.556611,87,-70,-84,68,16841,23050,16801,8067,2042148,2042149,2042145,2042146,0,0,0,0
1790158134.5669038,71,-64,-70,61,18801,21160,14779,10191,2042178,2042179,2042175,2042176,0,0,0,0
1790158134.6411903,55,-55,-57,60,20468,19457,13054,11852,2042208,2042209,2042205,2042206,0,0,0,0
1790158134.7166004,48,-56,-43,54,21885,18075,11625,13339,2042238,2042239,2042235,2042236,0,0,0,0
1790158134.7235875,45,-46,-38,52,23114,16818,10423,14601,2042268,2042269,2042265,2042266,0,0,0,0
1790158134.786545,46,-55,-46,42,24293,15564,9186,15737,2042298,2042299,2042295,2042296,0,0,0,0
1790158134.8421984,37,-56,-43,59,25626,14227,7915,17083,2042328,2042329,2042325,2042326,0,0,0,0
1790158134.9052238,60,-52,-63,51,27159,12694,6354,18570,2042358,2042359,2042355,2042356,0,0,0,0
1790158134.9467962,71,-72,-71,83,28833,10988,4712,20341,2042388,2042389,2042385,2042386,0,0,0,0
1790158135.0023723,64,-59,-63,59,30560,9225,2930,22131,2042418,2042419,2042415,2042416,0,0,0,0
1790158135.056727,61,-75,-65,68,32414,7458,1066,23913,2042448,2042449,2042445,2042446,0,0,0,0
1790158135.1134253,57,-55,-67,54,1253,5809,32133,25608,2042478,2042479,2042475,2042476,0,0,0,0
1790158135.126545,57,-48,-53,63,2864,4260,30546,27133,2042508,2042509,2042505,2042506,0,0,0,0
1790158135.18465,47,-56,-47,58,4413,2757,29041,28596,2042538,2042539,2042535,2042536,0,0,0,0
1790158135.2501016,46,-62,-57,45,5775,1365,27629,30102,2042568,2042569,2042565,2042566,0,0,0,0
1790158135.2818677,56,-49,-51,49,7222,32747,26229,31445,2042598,2042599,2042595,2042596,0,0,0,0
1790158135.346522,70,-52,-62,60,8790,31165,24617,230,2042628,2042629,2042625,2042626,0,0,0,0
1790158135.4292588,43,-74,-60,58,10352,29631,23110,1945,2042658,2042659,2042655,2042656,0,0,0,0
1790158135.459448,58,-48,-61,66,12000,27889,21405,3539,2042688,2042689,2042685,2042686,0,0,0,0
1790158135.5411735,56,-64,-63,51,15253,24629,18088,6964,2042748,2042749,2042745,2042746,0,0,0,0
1790158135.5625339,65,-53,-60,66,16811,23094,16515,8524,2042778,2042779,2042775,2042776,0,0,0,0
1790158135.6214862,52,-56,-54,51,18345,21634,14990,10077,2042808,2042809,2042805,2042806,0,0,0,0
1790158135.6859653,50,-52,-55,50,19800,20004,13561,11568,2042838,2042839,2042835,2042836,0,0,0,0
1790158135.734317,61,-53,-59,58,21210,18606,11976,12977,2042868,2042869,2042865,2042866,0,0,0,0
1790158135.734317,61,-48,-53,60,22842,17078,10449,14627,2042898,2042899,2042895,2042896,0,0,0,0
1790158135.8825262,67,-53,-69,67,26034,13869,7256,17874,2042958,2042959,2042955,2042956,0,0,0,0
1790158135.9289148,56,-62,-54,45,27739,12185,5561,19513,2042988,2042989,2042985,2042986,0,0,0,0
1790158135.9937613,55,-60,-60,55,29273,10573,3894,21140,2043018,2043019,2043015,2043016,0,0,0,0
1790158135.9937613,62,-57,-55,60,30857,9073,2398,22706,2043048,2043049,2043045,2043046,0,0,0,0
1790158136.0755475,49,-65,-53,46,32469,7498,856,24232,2043078,2043079,2043075,2043076,0,0,0,0
1790158136.1405015,45,-58,-71,59,1165,5968,32071,25852,2043108,2043109,2043105,2043106,0,0,0,0
1790158136.1892347,58,-51,-56,64,2738,4361,30483,27386,2043138,2043139,2043135,2043136,0,0,0,0
1790158136.2054229,53,-62,-46,54,4332,2841,28928,28921,2043168,2043169,2043165,2043166,0,0,0,0
1790158136.286826,52,-64,-67,54,5830,1315,27381,30475,2043198,2043199,2043195,2043196,0,0,0,0
1790158136.3383813,50,-42,-51,60,7281,32743,25933,31939,2043228,2043229,2043225,2043226,0,0,0,0
1790158136.481735,19,-10,-22,20,8208,31798,24940,223,2043258,2043259,2043255,2043256,0,0,0,0
1790158136.481735,-7,21,7,-4,8592,32656,25753,331,2043318,2043319,2043315,2043316,0,0,0,0
1790158136.693611,-15,14,9,-8,8558,268,25978,162,2043348,2043349,2043345,2043346,0,0,0,0
1790158136.693611,-7,1,9,-10,8092,956,26568,32402,2043438,2043439,2043435,2043436,0,0,0,0
1790158136.8910816,-6,1,1,-7,7968,1085,26688,32257,2043468,2043469,2043465,2043466,0,0,0,0
1790158136.8910816,-3,3,3,-4,7861,1181,26785,32121,2043498,2043499,2043495,2043496,0,0,0,0
1790158136.9040208,-1,1,7,-2,7756,1265,26886,31982,2043558,2043559,2043555,2043556,0,0,0,0
1790158136.9274735,2,-2,0,1,7768,1250,26877,31995,2043588,2043589,2043585,2043586,0,0,0,0
1790158137.0974555,0,-4,-2,2,7854,1163,26796,32106,2043678,2043679,2043675,2043676,0,0,0,0
1790158137.2106037,0,-1,1,2,7853,1163,26796,32107,2043708,2043709,2043705,2043706,0,0,0,0
1790158137.2106037,-2,-4,3,-2,7840,1177,26806,32090,2043738,2043739,2043735,2043736,0,0,0,0
1790158137.2106037,-1,-3,1,-3,7827,1191,26819,32072,2043768,2043769,2043765,2043766,0,0,0,0
1790158137.3234975,-1,-2,1,2,7829,1188,26819,32073,2043828,2043829,2043825,2043826,0,0,0,0
1790158137.3884816,0,5,-2,-3,7835,1180,26812,32083,2043858,2043859,2043855,2043856,0,0,0,0
1790158137.5093231,-5,-4,-2,-1,7838,1178,26809,32086,2043888,2043889,2043885,2043886,0,0,0,0
1790158137.5147479,3,-2,-1,0,7855,1167,26804,32108,2043948,2043949,2043945,2043946,0,0,0,0
1790158137.716363,1,-1,-1,-2,7856,1165,26798,32109,2043978,2043979,2043975,2043976,0,0,0,0
1790158137.716363,-1,-5,1,1,7825,1195,26825,32070,2044038,2044039,2044035,2044036,0,0,0,0
1790158137.723093,-2,4,-1,1,7818,1200,26832,32060,2044068,2044069,2044065,2044066,0,0,0,0
1790158137.7857106,2,-1,-4,-6,7820,1197,26831,32064,2044098,2044099,2044095,2044096,0,0,0,0
1790158137.9188888,-3,-4,-3,-2,7828,1190,26823,32073,2044128,2044129,2044125,2044126,0,0,0,0
1790158137.9258568,-3,-1,-2,0,7831,1187,26819,32079,2044158,2044159,2044155,2044156,0,0,0,0
1790158138.1267567,-2,-1,-2,-3,7829,1190,26821,32074,2044188,2044189,2044185,2044186,0,0,0,0
1790158138.1267567,-1,-1,1,0,7831,1183,26825,32087,2044308,2044309,2044305,2044306,0,0,0,0
1790158138.1472294,-3,3,-6,-2,7833,1183,26824,32087,2044338,2044339,2044335,2044336,0,0,0,0
1790158138.3174672,0,-1,4,-4,7831,1183,26824,32085,2044398,2044399,2044395,2044396,0,0,0,0
1790158138.3234987,3,-3,-2,-1,7829,1185,26825,32083,2044428,2044429,2044425,2044426,0,0,0,0
1790158138.3375347,-2,-2,-2,-2,7827,1184,26824,32081,2044458,2044459,2044455,2044456,0,0,0,0
1790158138.5287156,-2,2,-4,-2,7818,1192,26837,32072,2044548,2044549,2044545,2044546,0,0,0,0
1790158138.7415812,-2,0,1,-4,7819,1189,26836,32076,2044578,2044579,2044575,2044576,0,0,0,0
1790158138.7415812,0,1,-1,2,7826,1187,26831,32084,2044668,2044669,2044665,2044666,0,0,0,0
1790158138.9340763,2,-2,-2,1,7822,1189,26834,32079,2044698,2044699,2044695,2044696,0,0,0,0
1790158138.9497752,1,-2,-2,3,7832,1160,26816,32088,2044788,2044789,2044785,2044786,0,0,0,0
1790158138.9657416,-1,0,-2,-2,7855,1159,26811,32123,2044818,2044819,2044815,2044816,0,0,0,0
1790158139.1280177,0,1,-3,-4,7846,1169,26818,32110,2044848,2044849,2044845,2044846,0,0,0,0
1790158139.1450949,3,-1,0,0,7820,1188,26837,32079,2044908,2044909,2044905,2044906,0,0,0,0
1790158139.3394933,-4,2,3,-2,7818,1184,26837,32076,2044938,2044939,2044935,2044936,0,0,0,0
1790158139.3394933,-3,1,-3,-6,7846,1145,26801,32117,2045028,2045029,2045025,2045026,0,0,0,0
1790158139.355282,-1,-2,-1,-4,7828,1163,26816,32091,2045058,2045059,2045055,2045056,0,0,0,0
1790158139.558299,2,3,0,-1,7811,1181,26836,32067,2045148,2045149,2045145,2045146,0,0,0,0
1790158139.558299,-4,-3,-3,-3,7818,1174,26829,32077,2045178,2045179,2045175,2045176,0,0,0,0
1790158139.7611916,1,1,0,-1,7811,1180,26834,32068,2045268,2045269,2045265,2045266,0,0,0,0
1790158139.9703484,-1,3,-1,1,7817,1174,26829,32077,2045388,2045389,2045385,2045386,0,0,0,0
1790158139.9703484,-1,2,-1,-2,7816,1175,26830,32074,2045418,2045419,2045415,2045416,0,0,0,0
1790158140.171328,2,-12,0,-1,7820,1175,26831,32076,2045508,2045509,2045505,2045506,0,0,0,0
1790158140.1814585,-1,2,2,-2,7825,1172,26826,32082,2045538,2045539,2045535,2045536,0,0,0,0
1790158140.3592687,1,3,2,-2,7829,1166,26821,32089,2045628,2045629,2045625,2045626,0,0,0,0
1790158140.5770688,-4,-5,-5,2,7827,1166,26822,32086,2045688,2045689,2045685,2045686,0,0,0,0
1790158140.5770688,4,-4,-2,0,7831,1164,26819,32090,2045778,2045779,2045775,2045776,0,0,0,0
1790158140.7842724,-1,0,-2,0,7832,1164,26820,32090,2045808,2045809,2045805,2045806,0,0,0,0
1790158140.7842724,2,-8,-2,-2,7841,1168,26822,32096,2045898,2045899,2045895,2045896,0,0,0,0
1790158140.7975965,-3,0,-2,-5,7838,1169,26824,32096,2045928,2045929,2045925,2045926,0,0,0,0
1790158140.9688966,0,-1,1,2,7831,1170,26826,32088,2045988,2045989,2045985,2045986,0,0,0,0
1790158140.974963,0,-4,2,0,7831,1168,26827,32086,2046018,2046019,2046015,2046016,0,0,0,0
1790158141.1855617,-6,-2,-2,-1,7832,1164,26825,32089,2046048,2046049,2046045,2046046,0,0,0,0
1790158141.2016327,-2,3,0,-2,7849,1152,26813,32110,2046138,2046139,2046135,2046136,0,0,0,0
1790158141.2066846,-2,4,0,-1,7847,1153,26813,32107,2046168,2046169,2046165,2046166,0,0,0,0
1790158141.347979,0,0,1,-3,7841,1158,26819,32101,2046198,2046199,2046195,2046196,0,0,0,0
1790158141.36402,1,0,-5,4,7839,1163,26823,32096,2046228,2046229,2046225,2046226,0,0,0,0
1790158141.36402,3,-1,1,1,7839,1162,26823,32097,2046258,2046259,2046255,2046256,0,0,0,0
1790158141.6079137,-4,-1,2,7,7842,1158,26820,32101,2046288,2046289,2046285,2046286,0,0,0,0
1790158141.6079137,3,6,-3,3,7811,1182,26849,32060,2046408,2046409,2046405,2046406,0,0,0,0
1790158141.7788858,1,-1,-2,0,7844,1152,26820,32106,2046468,2046469,2046465,2046466,0,0,0,0
1790158141.7788858,2,2,-1,-1,7847,1152,26815,32107,2046498,2046499,2046495,2046496,0,0,0,0
1790158141.8183842,0,2,-1,3,7839,1158,26822,32098,2046528,2046529,2046525,2046526,0,0,0,0
1790158142.0184274,2,1,0,-3,7831,1164,26830,32087,2046588,2046589,2046585,2046586,0,0,0,0
1790158142.0184274,4,-3,-2,0,7839,1158,26823,32097,2046648,2046649,2046645,2046646,0,0,0,0
1790158142.066034,-4,-8,-1,1,7838,1158,26824,32096,2046678,2046679,2046675,2046676,0,0,0,0
1790158142.2229996,-4,1,3,-2,7837,1158,26827,32091,2046738,2046739,2046735,2046736,0,0,0,0
1790158142.2229996,5,-2,-4,1,7834,1158,26829,32094,2046768,2046769,2046765,2046766,0,0,0,0
1790158142.3242712,-4,-5,1,-3,7830,1162,26832,32090,2046798,2046799,2046795,2046796,0,0,0,0
1790158142.3242712,-2,-2,2,-1,7829,1169,26837,32085,2046828,2046829,2046825,2046826,0,0,0,0
1790158142.3887258,1,1,-2,-1,7829,1167,26835,32085,2046858,2046859,2046855,2046856,0,0,0,0
1790158142.4199338,0,-7,0,2,7855,1148,26825,32108,2046888,2046889,2046885,2046886,0,0,0,0
1790158142.5204709,21,-25,-10,16,8143,811,26678,32381,2046918,2046919,2046915,2046916,0,0,0,0
1790158142.5772395,83,-94,-45,63,9760,32121,26101,351,2046948,2046949,2046945,2046946,0,0,0,0
1790158142.5843406,51,-48,-64,54,11438,30242,24027,2248,2046978,2046979,2046975,2046976,0,0,0,0
1790158142.6464984,71,-78,-70,68,13107,28459,22180,4194,2047008,2047009,2047005,2047006,0,0,0,0
1790158142.7378488,66,-66,-82,83,15075,26584,20228,6128,2047038,2047039,2047035,2047036,0,0,0,0
1790158142.7434046,79,-72,-83,75,17197,24482,18224,8232,2047068,2047069,2047065,2047066,0,0,0,0
1790158142.8065858,66,-74,-59,66,19083,22623,16252,10273,2047098,2047099,2047095,2047096,0,0,0,0
1790158142.841341,50,-52,-64,59,20749,21010,14476,11898,2047128,2047129,2047125,2047126,0,0,0,0
1790158142.925005,41,-49,-44,43,23451,18294,11653,14694,2047188,2047189,2047185,2047186,0,0,0,0
1790158143.0355637,51,-51,-38,47,24735,17002,10454,15861,2047218,2047219,2047215,2047216,0,0,0,0
1790158143.0423956,50,-61,-50,44,26055,15595,9140,17275,2047248,2047249,2047245,2047246,0,0,0,0
1790158143.1319087,55,-60,-56,52,27666,14085,7701,18718,2047278,2047279,2047275,2047276,0,0,0,0
1790158143.1461358,59,-59,-59,68,29307,12416,5853,20527,2047308,2047309,2047305,2047306,0,0,0,0
1790158143.2377317,67,-68,-74,61,31121,10611,4059,22257,2047338,2047339,2047335,2047336,0,0,0,0
1790158143.2434127,61,-69,-57,62,108,8834,2312,24052,2047368,2047369,2047365,2047366,0,0,0,0
1790158143.3064284,69,-59,-69,59,1818,7119,626,25755,2047398,2047399,2047395,2047396,0,0,0,0
1790158143.3626,50,-45,-61,61,3343,5636,31712,27336,2047428,2047429,2047425,2047426,0,0,0,0
1790158143.396655,43,-55,-52,57,4795,4180,30298,28794,2047458,2047459,2047455,2047456,0,0,0,0
1790158143.462096,59,-44,-44,48,6273,2820,28890,30209,2047488,2047489,2047485,2047486,0,0,0,0
1790158143.526264,47,-48,-51,61,9282,32623,25990,305,2047548,2047549,2047545,2047546,0,0,0,0
1790158143.576923,63,-54,-56,53,10789,30960,24319,2057,2047578,2047579,2047575,2047576,0,0,0,0
1790158143.649707,55,-64,-76,65,12479,29337,22691,3640,2047608,2047609,2047605,2047606,0,0,0,0
1790158143.6551383,50,-54,-57,63,14141,27723,21015,5349,2047638,2047639,2047635,2047636,0,0,0,0
1790158143.724509,64,-64,-57,60,15811,26016,19349,7029,2047668,2047669,2047665,2047666,0,0,0,0
1790158143.7662473,50,-51,-63,69,17390,24392,17683,8657,2047698,2047699,2047695,2047696,0,0,0,0
1790158143.8312745,55,-59,-46,48,18860,22905,16209,10236,2047728,2047729,2047725,2047726,0,0,0,0
1790158143.8312745,52,-54,-58,57,20337,21454,14727,11759,2047758,2047759,2047755,2047756,0,0,0,0
1790158143.960539,62,-52,-59,63,21825,19836,13255,13184,2047788,2047789,2047785,2047786,0,0,0,0
1790158143.9766335,49,-59,-44,41,23314,18412,11668,14764,2047818,2047819,2047815,2047816,0,0,0,0
1790158144.0264242,63,-54,-59,59,24904,16854,10180,16251,2047848,2047849,2047845,2047846,0,0,0,0
1790158144.0415688,66,-59,-65,66,26503,15188,8535,17894,2047878,2047879,2047875,2047876,0,0,0,0
1790158144.1068742,48,-53,-64,52,28115,13662,6913,19520,2047908,2047909,2047905,2047906,0,0,0,0
1790158144.2276382,66,-64,-60,63,29836,11951,5249,21202,2047938,2047939,2047935,2047936,0,0,0,0
1790158144.2388923,60,-54,-54,47,255,8831,2074,24338,2047998,2047999,2047995,2047996,0,0,0,0
1790158144.300137,61,-55,-64,58,1834,7229,516,25878,2048028,2048029,2048025,2048026,0,0,0,0
1790158144.3649476,50,-58,-58,66,3332,5733,31720,27399,2048058,2048059,2048055,2048056,0,0,0,0
1790158144.479386,53,-56,-54,41,4856,4139,30175,28988,2048088,2048089,2048085,2048086,0,0,0,0
1790158144.479386,48,-47,-51,49,6313,2744,28677,30467,2048118,2048119,2048115,2048116,0,0,0,0
1790158144.6566908,6,-10,-9,5,8175,1253,27453,32136,2048208,2048209,2048205,2048206,0,0,0,0
1790158144.8832955,1,-4,-3,1,8358,1116,27262,32267,2048268,2048269,2048265,2048266,0,0,0,0
1790158144.8832955,-4,4,-2,-5,8423,1052,27187,32330,2048358,2048359,2048355,2048356,0,0,0,0
1790158145.0978937,0,1,-4,-5,8416,1062,27197,32322,2048448,2048449,2048445,2048446,0,0,0,0
1790158145.0978937,3,-5,-3,3,8418,1061,27196,32322,2048478,2048479,2048475,2048476,0,0,0,0
1790158145.2092614,-2,-3,3,-2,8421,1059,27194,32325,2048508,2048509,2048505,2048506,0,0,0,0
1790158145.2249358,-5,-3,-5,-1,8424,1056,27190,32328,2048568,2048569,2048565,2048566,0,0,0,0
1790158145.29659,3,1,3,0,8425,1053,27188,32329,2048598,2048599,2048595,2048596,0,0,0,0
1790158145.3686671,-1,3,-3,1,8427,1053,27188,32330,2048628,2048629,2048625,2048626,0,0,0,0
1790158145.384635,-3,0,-3,1,8427,1055,27188,32330,2048658,2048659,2048655,2048656,0,0,0,0
1790158145.497795,2,-2,-6,0,8445,1058,27194,32342,2048718,2048719,2048715,2048716,0,0,0,0
1790158145.7018087,-1,-2,0,-2,8465,1025,27159,32360,2048748,2048749,2048745,2048746,0,0,0,0
1790158145.7018087,-2,1,-7,-1,8500,1002,27128,32390,2048838,2048839,2048835,2048836,0,0,0,0
1790158145.909923,-4,-2,4,-2,8494,1003,27129,32387,2048868,2048869,2048865,2048866,0,0,0,0
1790158145.909923,0,-6,-1,8,8487,1009,27137,32380,2048958,2048959,2048955,2048956,0,0,0,0
1790158145.9240708,0,2,-2,-1,8488,1008,27135,32381,2048988,2048989,2048985,2048986,0,0,0,0
1790158146.1181862,0,2,-1,-3,8482,997,27119,32373,2049018,2049019,2049015,2049016,0,0,0,0
1790158146.1185372,-3,-3,-1,2,8500,981,27095,32381,2049078,2049079,2049075,2049076,0,0,0,0
1790158146.1250608,-3,1,-3,1,8512,977,27090,32388,2049108,2049109,2049105,2049106,0,0,0,0
1790158146.2912018,3,-5,-4,3,8518,975,27083,32395,2049138,2049139,2049135,2049136,0,0,0,0
1790158146.2915554,-3,-3,-5,2,8526,974,27080,32400,2049168,2049169,2049165,2049166,0,0,0,0
1790158146.3063772,0,-2,-1,-2,8531,972,27077,32404,2049198,2049199,2049195,2049196,0,0,0,0
1790158146.3882737,3,0,0,0,8535,970,27073,32406,2049228,2049229,2049225,2049226,0,0,0,0
1790158146.5122218,-2,2,-1,3,8538,970,27077,32408,2049288,2049289,2049285,2049286,0,0,0,0
1790158146.5122218,1,-3,-3,-2,8533,967,27074,32407,2049318,2049319,2049315,2049316,0,0,0,0
1790158146.7215745,1,0,3,3,8531,970,27075,32403,2049348,2049349,2049345,2049346,0,0,0,0
1790158146.7215745,-8,10,0,-6,8534,964,27072,32407,2049468,2049469,2049465,2049466,0,0,0,0
1790158146.741746,-8,10,0,-6,8534,964,27072,32407,2049468,2049469,2049465,2049466,0,0,0,0
1790158146.930394,3,2,-4,5,8576,924,27024,32442,2049588,2049589,2049585,2049586,0,0,0,0
1790158146.9428964,0,1,0,7,8592,909,27008,32450,2049618,2049619,2049615,2049616,0,0,0,0
1790158147.1084788,-3,4,-1,-5,8596,913,27011,32452,2049708,2049709,2049705,2049706,0,0,0,0
1790158147.3444445,0,-6,-4,-1,8595,916,27015,32450,2049738,2049739,2049735,2049736,0,0,0,0
1790158147.3444445,-1,4,1,-1,8617,898,26987,32465,2049858,2049859,2049855,2049856,0,0,0,0
1790158147.3998375,-4,-1,-6,0,8605,906,26996,32455,2049888,2049889,2049885,2049886,0,0,0,0
1790158147.5454068,-4,2,2,-1,8599,909,26999,32451,2049918,2049919,2049915,2049916,0,0,0,0
1790158147.5454068,-2,0,-2,-4,8599,907,26999,32451,2049948,2049949,2049945,2049946,0,0,0,0
1790158147.7488434,-2,-5,-2,0,8602,905,26997,32454,2049978,2049979,2049975,2049976,0,0,0,0
1790158147.7488434,-1,0,-2,-5,8605,898,26990,32458,2050068,2050069,2050065,2050066,0,0,0,0
1790158147.7572334,-1,2,0,-4,8603,900,26995,32455,2050098,2050099,2050095,2050096,0,0,0,0
1790158147.958717,-1,-6,-6,-4,8611,895,26989,32462,2050218,2050219,2050215,2050216,0,0,0,0
1790158148.1617107,-2,-2,-3,-1,8614,896,26989,32462,2050278,2050279,2050275,2050276,0,0,0,0
1790158148.1617107,1,1,2,5,8617,891,26984,32466,2050338,2050339,2050335,2050336,0,0,0,0
1790158148.3554292,-1,-1,2,-4,8620,887,26981,32469,2050428,2050429,2050425,2050426,0,0,0,0
1790158148.3554292,-1,1,-2,1,8624,885,26976,32471,2050458,2050459,2050455,2050456,0,0,0,0
1790158148.5670216,0,-4,-1,-5,8627,883,26976,32473,2050488,2050489,2050485,2050486,0,0,0,0
1790158148.5670216,-1,1,-2,-2,8626,882,26975,32474,2050518,2050519,2050515,2050516,0,0,0,0
1790158148.5670216,4,0,-8,1,8627,882,26974,32473,2050548,2050549,2050545,2050546,0,0,0,0
1790158148.5670216,-2,1,-3,3,8627,882,26974,32473,2050578,2050579,2050575,2050576,0,0,0,0
1790158148.7778032,-2,-1,2,-1,8650,896,26982,32483,2050668,2050669,2050665,2050666,0,0,0,0
1790158148.7778032,-1,-1,6,6,8631,876,26973,32476,2050698,2050699,2050695,2050696,0,0,0,0
1790158148.9572418,-5,-4,1,-2,8648,879,26971,32484,2050758,2050759,2050755,2050756,0,0,0,0
1790158148.9734106,-3,-1,-4,6,8646,879,26970,32482,2050788,2050789,2050785,2050786,0,0,0,0
1790158148.9734106,-2,-5,2,0,8647,880,26971,32483,2050818,2050819,2050815,2050816,0,0,0,0
1790158149.185168,3,-4,0,-2,8662,874,26963,32493,2050908,2050909,2050905,2050906,0,0,0,0
1790158149.382417,-6,-3,-2,-4,8676,862,26951,32504,2051028,2051029,2051025,2051026,0,0,0,0
1790158149.3954852,-1,-1,0,3,8672,867,26955,32500,2051088,2051089,2051085,2051086,0,0,0,0
1790158149.5916991,4,1,3,-1,8635,894,26978,32470,2051208,2051209,2051205,2051206,0,0,0,0
1790158149.721215,-3,-1,2,1,8652,873,26964,32487,2051268,2051269,2051265,2051266,0,0,0,0
1790158149.7444239,3,2,3,2,8663,867,26956,32493,2051298,2051299,2051295,2051296,0,0,0,0
1790158149.8013985,3,2,1,-2,8665,867,26954,32495,2051328,2051329,2051325,2051326,0,0,0,0
1790158149.9959927,-7,-1,4,-2,8665,875,26961,32493,2051448,2051449,2051445,2051446,0,0,0,0
1790158150.0444844,-4,0,-2,4,8669,874,26959,32496,2051478,2051479,2051475,2051476,0,0,0,0
1790158150.2094402,64,47,44,68,10550,3291,28874,1642,2051538,2051539,2051535,2051536,0,0,0,0
1790158150.2247741,45,49,45,49,12066,4589,30427,3063,2051568,2051569,2051565,2051566,0,0,0,0
1790158150.4176042,62,47,50,54,13352,5999,31771,4392,2051598,2051599,2051595,2051596,0,0,0,0
1790158150.4176042,56,45,53,53,17986,10335,3764,9077,2051688,2051689,2051685,2051686,0,0,0,0
1790158150.6117148,42,76,58,55,21023,13431,6965,12163,2051748,2051749,2051745,2051746,0,0,0,0
1790158150.6117148,59,56,56,49,24316,16690,10054,15217,2051808,2051809,2051805,2051806,0,0,0,0
1790158150.824245,57,54,60,53,27633,19828,13211,18383,2051868,2051869,2051865,2051866,0,0,0,0
1790158150.824245,51,62,53,63,29175,21484,14878,19927,2051898,2051899,2051895,2051896,0,0,0,0
1790158150.824245,68,55,62,63,30789,23147,16469,21563,2051928,2051929,2051925,2051926,0,0,0,0
1790158151.0272508,58,61,47,71,1262,26299,19781,24831,2051988,2051989,2051985,2051986,0,0,0,0
1790158151.0355196,39,63,59,48,4568,29522,23109,28042,2052048,2052049,2052045,2052046,0,0,0,0
1790158151.2272637,67,59,60,67,6128,31106,24575,29637,2052078,2052079,2052075,2052076,0,0,0,0
1790158151.2272637,9,14,23,15,8957,1082,27631,32450,2052168,2052169,2052165,2052166,0,0,0,0
1790158151.405716,-2,-4,-2,-2,9157,1314,28046,32689,2052228,2052229,2052225,2052226,0,0,0,0
1790158151.4244287,-5,-1,-6,2,9170,1301,28032,32698,2052258,2052259,2052255,2052256,0,0,0,0
1790158151.6400437,0,0,2,-5,9190,1265,28003,32718,2052288,2052289,2052285,2052286,0,0,0,0
1790158151.8454669,-2,2,-3,3,9341,1104,27846,103,2052438,2052439,2052435,2052436,0,0,0,0
1790158151.8454669,1,0,5,2,9379,1063,27798,147,2052528,2052529,2052525,2052526,0,0,0,0
1790158151.8657532,-2,1,4,-2,9380,1064,27797,147,2052558,2052559,2052555,2052556,0,0,0,0
1790158152.0489247,-4,-8,0,-5,9361,1067,27784,109,2052648,2052649,2052645,2052646,0,0,0,0
1790158152.0489247,-1,-3,-3,-3,9358,1073,27789,103,2052678,2052679,2052675,2052676,0,0,0,0
1790158152.2501209,1,-1,3,3,9361,1062,27781,108,2052768,2052769,2052765,2052766,0,0,0,0
1790158152.2501209,0,-1,-4,1,9366,1060,27779,112,2052798,2052799,2052795,2052796,0,0,0,0
1790158152.415665,-2,4,4,0,9368,1058,27776,114,2052858,2052859,2052855,2052856,0,0,0,0
1790158152.4225564,0,3,2,-1,9400,1057,27774,139,2052888,2052889,2052885,2052886,0,0,0,0
1790158152.4646394,-6,-1,-3,-5,9401,999,27721,150,2052918,2052919,2052915,2052916,0,0,0,0
1790158152.5425117,-1,0,2,1,9431,1014,27725,172,2052948,2052949,2052945,2052946,0,0,0,0
1790158152.5839546,2,-3,-6,-2,9426,1003,27711,174,2052978,2052979,2052975,2052976,0,0,0,0
1790158152.6450467,5,-5,-3,4,9440,983,27703,179,2053008,2053009,2053005,2053006,0,0,0,0
1790158152.692999,31,-24,-16,15,9722,652,27510,353,2053038,2053039,2053035,2053036,0,0,0,0
1790158152.7492232,59,-97,-44,39,11105,31892,26673,1172,2053068,2053069,2053065,2053066,0,0,0,0
1790158152.7630353,77,-51,-86,81,13118,30134,24945,3017,2053098,2053099,2053095,2053096,0,0,0,0
1790158152.8260071,63,-72,-68,66,14872,28292,23266,4828,2053128,2053129,2053125,2053126,0,0,0,0
1790158152.8665009,93,-68,-82,65,16919,26378,21204,6907,2053158,2053159,2053155,2053156,0,0,0,0
1790158152.9230633,75,-66,-71,78,18920,24301,19059,9114,2053188,2053189,2053185,2053186,0,0,0,0
1790158152.9851704,63,-75,-66,74,20788,22387,17122,11054,2053218,2053219,2053215,2053216,0,0,0,0
1790158153.0409925,56,-60,-61,46,22489,20805,15407,12691,2053248,2053249,2053245,2053246,0,0,0,0
1790158153.0828152,51,-55,-47,48,23911,19315,13958,14171,2053278,2053279,2053275,2053276,0,0,0,0
1790158153.14624,50,-46,-41,42,25236,18050,12660,15427,2053308,2053309,2053305,2053306,0,0,0,0
1790158153.2426093,47,-43,-43,52,26424,16798,11354,16717,2053338,2053339,2053335,2053336,0,0,0,0
1790158153.2822537,48,-56,-52,54,27772,15388,10091,18031,2053368,2053369,2053365,2053366,0,0,0,0
1790158153.2822537,53,-57,-61,55,29209,13940,8556,19498,2053398,2053399,2053395,2053396,0,0,0,0
1790158153.3793485,57,-63,-72,63,32681,10477,5058,23007,2053458,2053459,2053455,2053456,0,0,0,0
1790158153.4119737,74,-79,-57,72,1704,8658,3207,24757,2053488,2053489,2053485,2053486,0,0,0,0
1790158153.5079322,59,-59,-68,57,3454,6922,1472,26536,2053518,2053519,2053515,2053516,0,0,0,0
1790158153.556224,56,-59,-55,58,5068,5372,32629,28113,2053548,2053549,2053545,2053546,0,0,0,0
1790158153.6215324,52,-58,-51,65,6589,3881,31134,29646,2053578,2053579,2053575,2053576,0,0,0,0
1790158153.6373262,42,-51,-54,52,7975,2498,29635,31056,2053608,2053609,2053605,2053606,0,0,0,0
1790158153.702572,44,-48,-52,42,9408,1033,28278,32483,2053638,2053639,2053635,2053636,0,0,0,0
1790158153.7513623,51,-55,-50,55,10818,32415,26766,1167,2053668,2053669,2053665,2053666,0,0,0,0
1790158153.816466,49,-62,-70,55,12439,30798,25266,2759,2053698,2053699,2053695,2053696,0,0,0,0
1790158153.8808987,53,-61,-62,50,14058,29188,23602,4470,2053728,2053729,2053725,2053726,0,0,0,0
1790158153.8975115,65,-55,-55,71,15717,27596,21849,6129,2053758,2053759,2053755,2053756,0,0,0,0
1790158153.9617996,59,-56,-73,57,17376,25903,20188,7792,2053788,2053789,2053785,2053786,0,0,0,0
1790158154.0107164,63,-53,-60,60,18901,24316,18617,9438,2053818,2053819,2053815,2053816,0,0,0,0
1790158154.0754154,55,-64,-58,62,20488,22775,17072,10995,2053848,2053849,2053845,2053846,0,0,0,0
1790158154.1565044,52,-56,-61,43,22067,21295,15464,12527,2053878,2053879,2053875,2053876,0,0,0,0
1790158154.1565044,65,-60,-55,64,25135,18222,12466,15586,2053938,2053939,2053935,2053936,0,0,0,0
1790158154.2203023,56,-56,-59,57,26663,16659,10868,17214,2053968,2053969,2053965,2053966,0,0,0,0
1790158154.268998,50,-51,-57,59,28195,15050,9316,18760,2053998,2053999,2053995,2053996,0,0,0,0
1790158154.3338087,50,-59,-59,52,31439,11905,5993,22008,2054058,2054059,2054055,2054056,0,0,0,0
1790158154.418299,60,-47,-62,60,239,10268,4423,23609,2054088,2054089,2054085,2054086,0,0,0,0
1790158154.4686236,61,-64,-58,65,1877,8703,2872,25225,2054118,2054119,2054115,2054116,0,0,0,0
1790158154.5281138,53,-58,-60,48,3393,7105,1296,26763,2054148,2054149,2054145,2054146,0,0,0,0
1790158154.545295,54,-52,-56,61,4936,5593,32485,28268,2054178,2054179,2054175,2054176,0,0,0,0
1790158154.7076764,37,-46,-42,41,7854,2752,29533,31242,2054238,2054239,2054235,2054236,0,0,0,0
1790158154.7238429,18,-15,-12,27,8619,1987,28854,31998,2054268,2054269,2054265,2054266,0,0,0,0
1790158154.8692768,13,-21,-21,4,9067,1503,28363,32529,2054298,2054299,2054295,2054296,0,0,0,0
1790158154.8692768,1,0,-2,-1,9426,1156,27995,51,2054358,2054359,2054355,2054356,0,0,0,0
1790158154.92001,9,-3,1,-3,9478,1099,27940,102,2054388,2054389,2054385,2054386,0,0,0,0
1790158155.1206236,1,1,0,-1,9514,1067,27904,135,2054418,2054419,2054415,2054416,0,0,0,0
1790158155.1206236,2,0,-3,2,9531,1041,27878,155,2054478,2054479,2054475,2054476,0,0,0,0
1790158155.270091,2,1,4,-6,9530,1044,27880,151,2054508,2054509,2054505,2054506,0,0,0,0
1790158155.270091,-3,2,-1,-3,9522,1053,27890,141,2054568,2054569,2054565,2054566,0,0,0,0
1790158155.276072,0,-2,1,-3,9522,1054,27890,140,2054598,2054599,2054595,2054596,0,0,0,0
1790158155.429289,-5,-5,1,-3,9519,1034,27878,139,2054658,2054659,2054655,2054656,0,0,0,0
1790158155.429289,-2,-2,-3,3,9513,1059,27899,126,2054688,2054689,2054685,2054686,0,0,0,0
1790158155.5291808,0,-4,0,6,9505,1062,27906,120,2054748,2054749,2054745,2054746,0,0,0,0
1790158155.7375553,3,4,-1,-1,9523,1045,27889,139,2054868,2054869,2054865,2054866,0,0,0,0
1790158155.845734,-1,1,1,-1,9524,1042,27885,139,2054928,2054929,2054925,2054926,0,0,0,0
1790158155.9437237,0,1,-10,-2,9526,1041,27884,139,2054988,2054989,2054985,2054986,0,0,0,0
1790158156.1456664,0,1,0,-1,9564,1008,27848,177,2055108,2055109,2055105,2055106,0,0,0,0
1790158156.3534117,0,-3,1,0,9558,1014,27855,172,2055138,2055139,2055135,2055136,0,0,0,0
1790158156.359709,-2,-10,-1,5,9535,1035,27878,148,2055258,2055259,2055255,2055256,0,0,0,0
1790158156.5550873,3,-2,2,-9,9533,1032,27877,145,2055318,2055319,2055315,2055316,0,0,0,0
1790158156.561564,2,-1,-2,-4,9548,1025,27865,154,2055378,2055379,2055375,2055376,0,0,0,0
1790158156.7278726,4,2,-1,4,9548,1026,27858,150,2055438,2055439,2055435,2055436,0,0,0,0
1790158156.7440023,2,-1,-1,-1,9539,1027,27858,143,2055468,2055469,2055465,2055466,0,0,0,0
1790158156.8417737,-4,1,0,1,9535,1028,27866,140,2055558,2055559,2055555,2055556,0,0,0,0
1790158156.9586957,2,1,4,-2,9533,1034,27872,139,2055588,2055589,2055585,2055586,0,0,0,0
1790158156.971286,2,-1,-3,-5,9534,1037,27872,136,2055618,2055619,2055615,2055616,0,0,0,0
1790158157.165278,0,-3,-2,1,9543,1026,27862,146,2055708,2055709,2055705,2055706,0,0,0,0
1790158157.1809409,0,-2,2,0,9545,1024,27859,146,2055738,2055739,2055735,2055736,0,0,0,0
1790158157.3789175,1,-6,3,1,9543,1025,27862,147,2055768,2055769,2055765,2055766,0,0,0,0
1790158157.3789175,-4,1,5,3,9568,1005,27840,172,2055858,2055859,2055855,2055856,0,0,0,0
1790158157.4594946,4,1,-3,1,9562,991,27830,170,2055888,2055889,2055885,2055886,0,0,0,0
1790158157.5526836,-1,1,-7,-1,9563,995,27831,167,2055918,2055919,2055915,2055916,0,0,0,0
1790158157.5724587,-7,-1,-2,2,9560,1004,27841,164,2055948,2055949,2055945,2055946,0,0,0,0
1790158157.5852199,0,-4,1,-2,9559,1010,27848,163,2055978,2055979,2055975,2055976,0,0,0,0
1790158157.7821324,0,-1,-3,3,9587,978,27810,190,2056068,2056069,2056065,2056066,0,0,0,0
1790158157.8568027,-3,1,1,0,9586,980,27810,191,2056098,2056099,2056095,2056096,0,0,0,0
1790158157.8628473,-3,-3,1,-2,9573,992,27824,177,2056128,2056129,2056125,2056126,0,0,0,0
1790158157.9926844,1,0,0,-4,9549,1014,27850,152,2056188,2056189,2056185,2056186,0,0,0,0
1790158157.9926844,3,-1,1,1,9548,1015,27852,151,2056218,2056219,2056215,2056216,0,0,0,0
1790158157.9926844,3,-2,4,-4,9553,1009,27845,156,2056248,2056249,2056245,2056246,0,0,0,0
1790158158.1888306,-2,0,-4,0,9562,1002,27836,166,2056308,2056309,2056305,2056306,0,0,0,0
1790158158.2049103,0,2,-4,-2,9557,1005,27840,161,2056368,2056369,2056365,2056366,0,0,0,0
1790158158.3994226,2,-3,1,-4,9556,1007,27842,160,2056398,2056399,2056395,2056396,0,0,0,0
1790158158.3994226,0,3,-4,2,9561,1002,27837,165,2056488,2056489,2056485,2056486,0,0,0,0
1790158158.4663086,-1,-5,1,-2,9562,1001,27837,166,2056518,2056519,2056515,2056516,0,0,0,0
1790158158.6092114,-4,2,-5,-3,9566,998,27833,170,2056578,2056579,2056575,2056576,0,0,0,0
1790158158.8081644,-1,-4,2,-1,9569,996,27831,172,2056608,2056609,2056605,2056606,0,0,0,0
1790158158.8081644,5,2,-2,3,9576,988,27822,179,2056698,2056699,2056695,2056696,0,0,0,0
1790158158.8201566,-4,0,-7,-1,9577,987,27821,181,2056728,2056729,2056725,2056726,0,0,0,0
1790158158.8663015,-2,-8,5,-1,9577,988,27822,181,2056758,2056759,2056755,2056756,0,0,0,0
1790158159.0148664,-3,4,0,6,9579,987,27821,182,2056818,2056819,2056815,2056816,0,0,0,0
1790158159.0148664,-3,0,-1,-1,9580,986,27820,184,2056848,2056849,2056845,2056846,0,0,0,0
1790158159.2102566,-2,4,-7,3,9582,982,27817,186,2056878,2056879,2056875,2056876,0,0,0,0
1790158159.2314165,-1,-4,6,5,9575,970,27810,186,2056968,2056969,2056965,2056966,0,0,0,0
1790158159.3895855,0,-1,-1,-2,9592,989,27822,191,2057058,2057059,2057055,2057056,0,0,0,0
1790158159.4544342,3,-2,2,-4,9590,988,27819,191,2057088,2057089,2057085,2057086,0,0,0,0
1790158159.6176577,1,2,1,-2,9604,977,27807,201,2057178,2057179,2057175,2057176,0,0,0,0
1790158159.6408849,-5,1,-2,2,9609,970,27800,208,2057208,2057209,2057205,2057206,0,0,0,0
1790158159.8362813,-2,-7,-8,3,9604,977,27808,203,2057328,2057329,2057325,2057326,0,0,0,0
1790158160.0403457,-6,2,2,-9,9578,985,27814,179,2057418,2057419,2057415,2057416,0,0,0,0
1790158160.0403457,-4,3,7,4,9574,1024,27855,169,2057448,2057449,2057445,2057446,0,0,0,0
1790158160.202051,0,1,1,1,9579,991,27825,177,2057538,2057539,2057535,2057536,0,0,0,0
1790158160.4476278,-2,1,1,3,9588,984,27818,187,2057568,2057569,2057565,2057566,0,0,0,0
1790158160.4476278,-1,-1,2,-5,9589,990,27821,187,2057658,2057659,2057655,2057656,0,0,0,0
1790158160.4623506,-1,3,1,6,9590,987,27820,189,2057688,2057689,2057685,2057686,0,0,0,0
1790158160.6545024,-1,2,5,3,9594,983,27815,193,2057718,2057719,2057715,2057716,0,0,0,0
1790158160.656279,49,50,77,51,11796,3588,29876,2427,2057808,2057809,2057805,2057806,0,0,0,0
1790158160.8561213,39,59,41,44,13026,4950,31432,3677,2057838,2057839,2057835,2057836,0,0,0,0
1790158160.8561213,57,52,53,46,17311,9194,3396,8048,2057928,2057929,2057925,2057926,0,0,0,0
1790158161.0636756,44,56,56,46,18678,10676,5032,9517,2057958,2057959,2057955,2057956,0,0,0,0
1790158161.0651822,71,60,50,58,23803,15479,9445,14119,2058048,2058049,2058045,2058046,0,0,0,0
1790158161.2657993,49,52,65,61,30243,21836,15851,20628,2058168,2058169,2058165,2058166,0,0,0,0
1790158161.467387,57,54,65,56,31749,23441,17567,22193,2058198,2058199,2058195,2058196,0,0,0,0
1790158161.467387,66,71,67,59,626,25068,19196,23691,2058228,2058229,2058225,2058226,0,0,0,0
1790158161.467387,58,57,55,67,5606,30037,23963,28491,2058318,2058319,2058315,2058316,0,0,0,0
1790158161.6780417,16,25,24,25,9354,780,27796,32307,2058408,2058409,2058405,2058406,0,0,0,0
1790158161.873491,3,0,7,6,10117,1493,28695,325,2058468,2058469,2058465,2058466,0,0,0,0
1790158161.873491,0,0,1,0,10131,1472,28765,405,2058528,2058529,2058525,2058526,0,0,0,0
1790158161.873491,1,0,-10,0,10140,1450,28749,420,2058558,2058559,2058555,2058556,0,0,0,0
1790158162.085009,0,3,-3,-6,10149,1433,28738,434,2058588,2058589,2058585,2058586,0,0,0,0
1790158162.085009,2,0,0,-4,10155,1428,28732,441,2058618,2058619,2058615,2058616,0,0,0,0
1790158162.085009,3,6,4,2,10154,1431,28733,438,2058648,2058649,2058645,2058646,0,0,0,0
1790158162.1008165,-3,-3,1,0,10150,1436,28739,433,2058678,2058679,2058675,2058676,0,0,0,0
1790158162.2862792,1,1,2,2,10151,1431,28737,434,2058768,2058769,2058765,2058766,0,0,0,0
1790158162.298309,-9,-2,0,1,10153,1429,28736,436,2058798,2058799,2058795,2058796,0,0,0,0
1790158162.4823618,-4,3,3,-3,10143,1426,28729,416,2058918,2058919,2058915,2058916,0,0,0,0
1790158162.6947134,0,0,-1,2,10146,1424,28727,420,2059038,2059039,2059035,2059036,0,0,0,0
1790158162.9079168,-1,0,2,3,10148,1424,28727,421,2059098,2059099,2059095,2059096,0,0,0,0
1790158162.9079168,-2,-3,-3,5,10170,1413,28722,447,2059158,2059159,2059155,2059156,0,0,0,0
1790158163.018295,-1,-2,-6,-1,10169,1350,28679,453,2059188,2059189,2059185,2059186,0,0,0,0
1790158163.018295,-2,0,-1,-1,10183,1367,28687,468,2059218,2059219,2059215,2059216,0,0,0,0
1790158163.0743058,3,4,-4,3,10175,1369,28686,462,2059248,2059249,2059245,2059246,0,0,0,0
1790158163.0822084,-5,3,2,-4,10167,1371,28689,450,2059278,2059279,2059275,2059276,0,0,0,0
1790158163.143532,4,-9,-3,4,10192,1311,28681,460,2059308,2059309,2059305,2059306,0,0,0,0
1790158163.1987658,28,-32,-19,19,10510,846,28440,754,2059338,2059339,2059335,2059336,0,0,0,0
1790158163.295983,98,-91,-58,68,12340,31850,27383,1804,2059368,2059369,2059365,2059366,0,0,0,0
1790158163.3030303,70,-57,-66,90,14395,30305,25943,4021,2059398,2059399,2059395,2059396,0,0,0,0
1790158163.3650591,59,-70,-59,68,16204,28500,24016,5829,2059428,2059429,2059425,2059426,0,0,0,0
1790158163.4209738,65,-73,-71,75,20127,24605,19868,9974,2059488,2059489,2059485,2059486,0,0,0,0
1790158163.46439,60,-67,-70,69,22022,22841,18065,11838,2059518,2059519,2059515,2059516,0,0,0,0
1790158163.5055957,62,-54,-47,52,23624,21194,16373,13528,2059548,2059549,2059545,2059546,0,0,0,0
1790158163.5745728,59,-47,-52,43,25100,19705,14923,15003,2059578,2059579,2059575,2059576,0,0,0,0
1790158163.6359396,51,-49,-44,39,26365,18439,13613,16291,2059608,2059609,2059605,2059606,0,0,0,0
1790158163.644818,48,-44,-49,42,27676,17154,12327,17581,2059638,2059639,2059635,2059636,0,0,0,0
1790158163.704628,49,-66,-59,52,29026,15777,10947,18915,2059668,2059669,2059665,2059666,0,0,0,0
1790158163.7647603,59,-61,-64,76,30506,14224,9439,20503,2059698,2059699,2059695,2059696,0,0,0,0
1790158163.813129,73,-50,-58,49,32255,12542,7808,22131,2059728,2059729,2059725,2059726,0,0,0,0
1790158163.8850133,64,-67,-62,70,1190,10714,5866,23982,2059758,2059759,2059755,2059756,0,0,0,0
1790158163.9251454,64,-58,-77,61,3013,9012,4104,25749,2059788,2059789,2059785,2059786,0,0,0,0
1790158163.9410331,59,-63,-63,60,4730,7284,2428,27415,2059818,2059819,2059815,2059816,0,0,0,0
1790158164.0252028,60,-45,-54,50,6273,5747,859,28978,2059848,2059849,2059845,2059846,0,0,0,0
1790158164.0698853,44,-53,-54,50,7792,4321,32061,30433,2059878,2059879,2059875,2059876,0,0,0,0
1790158164.136121,44,-51,-50,65,9238,2821,30625,31804,2059908,2059909,2059905,2059906,0,0,0,0
1790158164.136121,51,-60,-57,55,10565,1398,29152,495,2059938,2059939,2059935,2059936,0,0,0,0
1790158164.220467,57,-51,-59,49,12120,32677,27707,2136,2059968,2059969,2059965,2059966,0,0,0,0
1790158164.2790313,57,-59,-55,64,13747,31034,26168,3672,2059998,2059999,2059995,2059996,0,0,0,0
1790158164.3594127,75,-59,-72,50,17001,27743,22737,7018,2060058,2060059,2060055,2060056,0,0,0,0
1790158164.456526,49,-58,-59,64,18654,26089,21086,8705,2060088,2060089,2060085,2060086,0,0,0,0
1790158164.4883773,59,-48,-59,46,20196,24513,19458,10299,2060118,2060119,2060115,2060116,0,0,0,0
1790158164.5892715,60,-58,-60,68,21733,22984,17952,11916,2060148,2060149,2060145,2060146,0,0,0,0
1790158164.6010725,45,-56,-52,62,23294,21492,16394,13418,2060178,2060179,2060175,2060176,0,0,0,0
1790158164.6499343,56,-42,-54,53,24770,19902,14898,14955,2060208,2060209,2060205,2060206,0,0,0,0
1790158164.7137454,61,-53,-65,52,26279,18493,13423,16425,2060238,2060239,2060235,2060236,0,0,0,0
1790158164.7793355,46,-60,-57,68,27867,16934,11830,18046,2060268,2060269,2060265,2060266,0,0,0,0
1790158164.8418865,61,-60,-51,50,29431,15197,10285,19620,2060298,2060299,2060295,2060296,0,0,0,0
1790158164.8579662,63,-64,-62,62,31092,13668,8553,21356,2060328,2060329,2060325,2060326,0,0,0,0
1790158164.9064147,49,-60,-53,59,32710,12018,6944,22981,2060358,2060359,2060355,2060356,0,0,0,0
1790158164.9543316,63,-48,-52,56,1532,10421,5379,24513,2060388,2060389,2060385,2060386,0,0,0,0
1790158164.9871802,54,-57,-62,59,3096,8900,3714,26141,2060418,2060419,2060415,2060416,0,0,0,0
1790158165.1477115,49,-58,-53,49,4681,7222,2255,27656,2060448,2060449,2060445,2060446,0,0,0,0
1790158165.1477115,63,-50,-60,48,6166,5744,680,29152,2060478,2060479,2060475,2060476,0,0,0,0
1790158165.1638343,49,-52,-60,58,7748,4210,31871,30739,2060508,2060509,2060505,2060506,0,0,0,0
1790158165.3412392,38,-52,-43,47,9155,2855,30436,32258,2060538,2060539,2060535,2060536,0,0,0,0
1790158165.3412392,19,-22,-14,16,10563,1591,29051,879,2060598,2060599,2060595,2060596,0,0,0,0
1790158165.357197,7,-5,-9,6,10879,1252,28728,1176,2060628,2060629,2060625,2060626,0,0,0,0
1790158165.5193725,2,-6,-1,4,11192,1006,28490,1422,2060718,2060719,2060715,2060716,0,0,0,0
1790158165.5678568,-2,-1,-4,3,11226,979,28458,1453,2060748,2060749,2060745,2060746,0,0,0,0
1790158165.7825165,-3,2,3,1,11256,949,28426,1483,2060808,2060809,2060805,2060806,0,0,0,0
1790158165.7825165,-3,2,3,1,11256,949,28426,1483,2060808,2060809,2060805,2060806,0,0,0,0
1790158165.788914,1,-4,3,-3,11260,950,28425,1485,2060898,2060899,2060895,2060896,0,0,0,0
1790158165.975595,0,0,0,0,11259,950,28425,1483,2060928,2060929,2060925,2060926,0,0,0,0
1790158165.975595,0,-2,-2,1,11281,948,28424,1499,2060988,2060989,2060985,2060986,0,0,0,0
1790158165.975595,6,-3,0,-1,11284,945,28421,1500,2061018,2061019,2061015,2061016,0,0,0,0
1790158166.0910814,1,-1,4,2,11283,940,28415,1497,2061048,2061049,2061045,2061046,0,0,0,0
1790158166.0910814,-5,2,0,2,11282,934,28410,1497,2061078,2061079,2061075,2061076,0,0,0,0
1790158166.1051128,-4,-4,-1,1,11284,929,28410,1502,2061108,2061109,2061105,2061106,0,0,0,0
1790158166.1853569,0,-4,2,2,11293,929,28411,1508,2061138,2061139,2061135,2061136,0,0,0,0
1790158166.3582368,-2,-3,-5,-1,11300,930,28407,1510,2061168,2061169,2061165,2061166,0,0,0,0
1790158166.3582368,1,2,1,1,11299,923,28400,1515,2061228,2061229,2061225,2061226,0,0,0,0
1790158166.3651304,-6,2,-3,-2,11297,923,28400,1514,2061258,2061259,2061255,2061256,0,0,0,0
1790158166.517698,4,3,3,1,11321,908,28392,1538,2061318,2061319,2061315,2061316,0,0,0,0
1790158166.5253398,1,4,0,2,11340,891,28368,1556,2061348,2061349,2061345,2061346,0,0,0,0
1790158166.594844,0,1,1,-1,11344,886,28361,1560,2061378,2061379,2061375,2061376,0,0,0,0
1790158166.796031,-4,-1,5,3,11339,890,28366,1557,2061408,2061409,2061405,2061406,0,0,0,0
1790158166.802241,0,-5,1,0,11325,904,28381,1540,2061498,2061499,2061495,2061496,0,0,0,0
1790158167.0041158,-1,0,11,-2,11326,900,28377,1542,2061528,2061529,2061525,2061526,0,0,0,0
1790158167.0046036,-1,-2,4,3,11334,887,28359,1546,2061618,2061619,2061615,2061616,0,0,0,0
1790158167.1830478,0,0,6,1,11346,892,28375,1568,2061648,2061649,2061645,2061646,0,0,0,0
1790158167.1830478,-2,1,1,-3,11348,894,28370,1567,2061708,2061709,2061705,2061706,0,0,0,0
1790158167.1987252,1,-3,0,4,11344,893,28370,1565,2061738,2061739,2061735,2061736,0,0,0,0
1790158167.4125626,0,-2,1,-1,11344,902,28382,1567,2061798,2061799,2061795,2061796,0,0,0,0
1790158167.4125626,-2,-1,5,1,11331,905,28388,1554,2061858,2061859,2061855,2061856,0,0,0,0
1790158167.4251828,6,1,4,0,11326,911,28392,1546,2061888,2061889,2061885,2061886,0,0,0,0
1790158167.5130851,-1,1,3,-2,11324,910,28392,1546,2061918,2061919,2061915,2061916,0,0,0,0
1790158167.5262005,-2,2,-3,-1,11325,905,28389,1547,2061948,2061949,2061945,2061946,0,0,0,0
1790158167.6192002,0,-5,-4,-5,11330,902,28386,1551,2061978,2061979,2061975,2061976,0,0,0,0
1790158167.6192002,-1,1,-1,-1,11331,903,28384,1553,2062008,2062009,2062005,2062006,0,0,0,0
1790158167.8157115,-9,-6,-1,2,11333,902,28384,1553,2062038,2062039,2062035,2062036,0,0,0,0
1790158167.8157115,1,-1,2,2,11363,877,28354,1586,2062128,2062129,2062125,2062126,0,0,0,0
1790158167.9906654,-3,-4,0,1,11366,867,28352,1594,2062188,2062189,2062185,2062186,0,0,0,0
1790158167.9906654,-2,-2,1,-3,11363,874,28360,1591,2062218,2062219,2062215,2062216,0,0,0,0
1790158168.2185292,0,-1,-2,-3,11363,883,28366,1588,2062248,2062249,2062245,2062246,0,0,0,0
1790158168.2348812,2,-4,0,-2,11391,850,28331,1620,2062338,2062339,2062335,2062336,0,0,0,0
1790158168.2348812,-3,-1,0,3,11389,853,28334,1618,2062368,2062369,2062365,2062366,0,0,0,0
1790158168.4283066,-4,0,2,-3,11362,880,28360,1586,2062458,2062459,2062455,2062456,0,0,0,0
1790158168.4444673,3,4,1,-1,11356,883,28365,1581,2062488,2062489,2062485,2062486,0,0,0,0
1790158168.5261621,3,3,1,0,11355,884,28365,1580,2062518,2062519,2062515,2062516,0,0,0,0
1790158168.6427107,1,3,3,-2,11356,883,28365,1582,2062548,2062549,2062545,2062546,0,0,0,0
1790158168.6427107,-2,0,-3,0,11358,881,28364,1584,2062578,2062579,2062575,2062576,0,0,0,0
1790158168.6504343,-1,-1,0,-2,11360,881,28362,1586,2062608,2062609,2062605,2062606,0,0,0,0
1790158168.843096,-1,0,0,4,11359,880,28361,1585,2062638,2062639,2062635,2062636,0,0,0,0
1790158168.843096,-1,3,-1,-3,11359,880,28361,1584,2062728,2062729,2062725,2062726,0,0,0,0
1790158168.8565795,0,1,-2,-1,11363,878,28358,1587,2062758,2062759,2062755,2062756,0,0,0,0
1790158169.050917,2,1,-5,-1,11369,875,28354,1592,2062788,2062789,2062785,2062786,0,0,0,0
1790158169.050917,3,5,-5,0,11373,868,28349,1598,2062848,2062849,2062845,2062846,0,0,0,0
1790158169.0669084,2,-2,-3,1,11371,869,28350,1597,2062878,2062879,2062875,2062876,0,0,0,0
1790158169.2456245,-3,-5,-1,-1,11371,869,28351,1596,2062908,2062909,2062905,2062906,0,0,0,0
1790158169.2456245,0,-1,1,-2,11374,867,28348,1600,2062968,2062969,2062965,2062966,0,0,0,0
1790158169.2652748,-1,-2,2,0,11375,865,28345,1601,2062998,2062999,2062995,2062996,0,0,0,0
1790158169.4565744,5,-2,1,2,11377,864,28344,1603,2063028,2063029,2063025,2063026,0,0,0,0
1790158169.4565744,-4,1,-1,-3,11381,859,28340,1608,2063088,2063089,2063085,2063086,0,0,0,0
1790158169.4565744,4,1,0,-2,11385,859,28339,1609,2063118,2063119,2063115,2063116,0,0,0,0
1790158169.6566858,2,-4,-3,3,11393,868,28345,1618,2063178,2063179,2063175,2063176,0,0,0,0
1790158169.8301866,4,0,0,-3,11379,863,28345,1607,2063238,2063239,2063235,2063236,0,0,0,0
1790158169.8460915,1,-6,-2,2,11378,856,28342,1604,2063328,2063329,2063325,2063326,0,0,0,0
1790158170.0734155,1,-4,-1,4,11399,875,28354,1616,2063388,2063389,2063385,2063386,0,0,0,0
1790158170.0734155,-2,1,5,-3,11399,867,28348,1615,2063418,2063419,2063415,2063416,0,0,0,0
1790158170.0734155,0,-1,-3,1,11401,861,28339,1620,2063448,2063449,2063445,2063446,0,0,0,0
1790158170.0734155,-7,0,-4,-1,11402,855,28334,1622,2063478,2063479,2063475,2063476,0,0,0,0
1790158170.2708728,3,-2,-1,-1,11397,858,28339,1617,2063568,2063569,2063565,2063566,0,0,0,0
1790158170.2836938,-4,2,-3,-3,11395,860,28340,1615,2063598,2063599,2063595,2063596,0,0,0,0
1790158170.4788215,0,2,1,-3,11371,871,28348,1590,2063688,2063689,2063685,2063686,0,0,0,0
1790158170.531008,-2,-1,-7,-6,11368,890,28380,1586,2063718,2063719,2063715,2063716,0,0,0,0
1790158170.5432198,-4,1,5,-3,11377,892,28375,1594,2063748,2063749,2063745,2063746,0,0,0,0
1790158170.6240938,1,0,-4,1,11394,867,28348,1612,2063808,2063809,2063805,2063806,0,0,0,0
1790158170.8886192,3,-17,-8,-20,11398,856,28338,1621,2063868,2063869,2063865,2063866,0,0,0,0
1790158170.8886192,-3,5,-3,0,11395,860,28343,1616,2063898,2063899,2063895,2063896,0,0,0,0
1790158170.8886192,0,-2,-2,0,11391,868,28351,1612,2063958,2063959,2063955,2063956,0,0,0,0
1790158171.095616,-2,-7,1,-2,11392,867,28349,1612,2063988,2063989,2063985,2063986,0,0,0,0
1790158171.095616,-2,5,3,-2,11392,865,28347,1613,2064018,2064019,2064015,2064016,0,0,0,0
1790158171.095616,-58,-42,-60,-68,8942,31103,26115,32286,2064078,2064079,2064075,2064076,0,0,0,0
1790158171.290393,-46,-49,-54,-48,7543,29896,24686,30919,2064108,2064109,2064105,2064106,0,0,0,0
1790158171.3063545,-47,-54,-62,-52,3285,25595,20332,26358,2064198,2064199,2064195,2064196,0,0,0,0
1790158171.5082755,-64,-57,-52,-73,1685,24055,18703,24743,2064228,2064229,2064225,2064226,0,0,0,0
1790158171.5100386,-58,-55,-52,-45,136,22338,17185,23212,2064258,2064259,2064255,2064256,0,0,0,0
1790158171.5100386,-69,-60,-60,-65,29758,19184,14060,20102,2064318,2064319,2064315,2064316,0,0,0,0
1790158171.537361,-63,-57,-56,-51,28209,17502,12465,18507,2064348,2064349,2064345,2064346,0,0,0,0
1790158171.7124045,-70,-62,-64,-63,21803,11198,6049,11981,2064468,2064469,2064465,2064466,0,0,0,0
1790158171.908903,-70,-62,-64,-63,21803,11198,6049,11981,2064468,2064469,2064465,2064466,0,0,0,0
1790158171.908903,-55,-57,-65,-70,18602,7957,2820,8753,2064528,2064529,2064525,2064526,0,0,0,0
1790158171.908903,-52,-57,-63,-58,15261,4627,32341,5462,2064588,2064589,2064585,2064586,0,0,0,0
1790158172.1212478,-69,-59,-60,-65,13699,2996,30669,3897,2064618,2064619,2064615,2064616,0,0,0,0
1790158172.1212478,-16,-15,-20,-16,11103,511,28064,1225,2064708,2064709,2064705,2064706,0,0,0,0
1790158172.3164024,-5,-5,-6,-4,10884,325,27765,988,2064738,2064739,2064735,2064736,0,0,0,0
1790158172.3164024,-4,1,-4,3,10900,342,27715,975,2064828,2064829,2064825,2064826,0,0,0,0
1790158172.530256,1,-1,2,-4,10896,353,27724,970,2064858,2064859,2064855,2064856,0,0,0,0
1790158172.530256,2,-2,-5,2,10891,361,27731,966,2064948,2064949,2064945,2064946,0,0,0,0
1790158172.7288866,2,-3,1,-1,10894,357,27727,970,2064978,2064979,2064975,2064976,0,0,0,0
1790158172.7397604,0,-3,1,1,10894,361,27727,971,2065068,2065069,2065065,2065066,0,0,0,0
1790158172.9417043,1,0,-1,5,10893,361,27728,970,2065098,2065099,2065095,2065096,0,0,0,0
1790158172.9417043,-1,0,-2,-1,10906,375,27737,977,2065128,2065129,2065125,2065126,0,0,0,0
1790158172.9417043,-3,-4,-1,0,10930,372,27725,987,2065188,2065189,2065185,2065186,0,0,0,0
1790158173.148608,-1,2,1,-2,10932,364,27718,990,2065218,2065219,2065215,2065216,0,0,0,0
1790158173.148608,-4,-4,2,0,10929,364,27718,989,2065278,2065279,2065275,2065276,0,0,0,0
1790158173.1541388,-1,-1,-2,-2,10926,369,27724,986,2065308,2065309,2065305,2065306,0,0,0,0
1790158173.1541388,-3,-1,-1,-3,10923,374,27728,984,2065338,2065339,2065335,2065336,0,0,0,0
1790158173.3507767,1,-3,4,4,10922,375,27728,983,2065368,2065369,2065365,2065366,0,0,0,0
1790158173.3507767,-1,-1,-3,0,10912,366,27721,974,2065398,2065399,2065395,2065396,0,0,0,0
1790158173.3641856,-1,-9,-2,-2,10882,435,27789,953,2065458,2065459,2065455,2065456,0,0,0,0
1790158173.4614143,1,2,-4,-2,10870,444,27789,942,2065488,2065489,2065485,2065486,0,0,0,0
1790158173.475051,2,-3,0,-2,10866,433,27782,938,2065518,2065519,2065515,2065516,0,0,0,0
1790158173.5238771,-3,-2,-5,6,10873,421,27777,946,2065548,2065549,2065545,2065546,0,0,0,0
1790158173.5730305,6,-5,2,-1,10920,378,27750,971,2065578,2065579,2065575,2065576,0,0,0,0
1790158173.6422882,38,-35,-18,18,11435,32653,27465,1213,2065608,2065609,2065605,2065606,0,0,0,0
1790158173.7392337,85,-66,-40,54,13258,30960,26550,2211,2065638,2065639,2065635,2065636,0,0,0,0
1790158173.8081427,83,-74,-79,84,16821,27508,22970,6103,2065698,2065699,2065695,2065696,0,0,0,0
1790158173.8519144,68,-66,-64,69,18802,25591,20904,8191,2065728,2065729,2065725,2065726,0,0,0,0
1790158173.9065597,69,-74,-74,60,20774,23604,18877,10302,2065758,2065759,2065755,2065756,0,0,0,0
1790158173.976102,72,-57,-70,67,22684,21820,16980,12262,2065788,2065789,2065785,2065786,0,0,0,0
1790158173.9822414,55,-63,-55,54,24316,20096,15340,13901,2065818,2065819,2065815,2065816,0,0,0,0
1790158174.0245395,45,-43,-39,48,25745,18739,13865,15293,2065848,2065849,2065845,2065846,0,0,0,0
1790158174.0869699,43,-39,-37,43,27072,17466,12609,16573,2065878,2065879,2065875,2065876,0,0,0,0
1790158174.143398,39,-44,-45,46,28248,16288,11369,17817,2065908,2065909,2065905,2065906,0,0,0,0
1790158174.1924632,56,-46,-49,54,29690,14868,10080,19236,2065938,2065939,2065935,2065936,0,0,0,0
1790158174.256178,55,-74,-59,51,31296,13250,8506,20886,2065968,2065969,2065965,2065966,0,0,0,0
1790158174.337426,70,-63,-64,72,206,11578,6743,22556,2065998,2065999,2065995,2065996,0,0,0,0
1790158174.337426,64,-78,-71,57,2056,9806,4964,24326,2066028,2066029,2066025,2066026,0,0,0,0
1790158174.4015164,73,-57,-61,70,3806,8035,3136,26154,2066058,2066059,2066055,2066056,0,0,0,0
1790158174.4555233,53,-61,-62,53,5483,6309,1468,27813,2066088,2066089,2066085,2066086,0,0,0,0
1790158174.5318263,51,-55,-51,58,7036,4775,32633,29412,2066118,2066119,2066115,2066116,0,0,0,0
1790158174.5318263,53,-46,-51,63,8468,3366,31173,30890,2066148,2066149,2066145,2066146,0,0,0,0
1790158174.579661,48,-38,-62,52,9920,2086,29775,32323,2066178,2066179,2066175,2066176,0,0,0,0
1790158174.6607873,57,-53,-53,56,11314,602,28371,949,2066208,2066209,2066205,2066206,0,0,0,0
1790158174.7186282,51,-60,-53,55,12810,31751,26834,2472,2066238,2066239,2066235,2066236,0,0,0,0
1790158174.7894843,60,-50,-66,64,14411,30251,25266,4114,2066268,2066269,2066265,2066266,0,0,0,0
1790158174.8058658,51,-64,-66,57,16164,28506,23580,5797,2066298,2066299,2066295,2066296,0,0,0,0
1790158174.9028594,67,-62,-49,67,17859,26872,21858,7527,2066328,2066329,2066325,2066326,0,0,0,0
1790158174.9191089,58,-53,-74,43,19473,25339,20195,9234,2066358,2066359,2066355,2066356,0,0,0,0
1790158174.967599,51,-63,-54,61,21004,23652,18597,10790,2066388,2066389,2066385,2066386,0,0,0,0
1790158175.032727,57,-57,-55,43,24093,20687,15553,13865,2066448,2066449,2066445,2066446,0,0,0,0
1790158175.032727,57,-57,-55,43,24093,20687,15553,13865,2066448,2066449,2066445,2066446,0,0,0,0
1790158175.162959,55,-50,-54,65,27144,17601,12559,16986,2066508,2066509,2066505,2066506,0,0,0,0
1790158175.1788402,66,-59,-67,51,28679,16070,10905,18545,2066538,2066539,2066535,2066536,0,0,0,0
1790158175.2274857,57,-59,-56,67,30258,14435,9343,20058,2066568,2066569,2066565,2066566,0,0,0,0
1790158175.243429,63,-56,-57,57,31891,12782,7768,21769,2066598,2066599,2066595,2066596,0,0,0,0
1790158175.2917588,61,-61,-62,57,756,11225,6043,23335,2066628,2066629,2066625,2066626,0,0,0,0
1790158175.388644,48,-62,-62,64,2394,9533,4433,24988,2066658,2066659,2066655,2066656,0,0,0,0
1790158175.4046767,66,-54,-55,52,4047,7981,2876,26618,2066688,2066689,2066685,2066686,0,0,0,0
1790158175.4865413,51,-62,-60,54,5533,6419,1336,28139,2066718,2066719,2066715,2066716,0,0,0,0
1790158175.5513432,55,-63,-50,64,7072,4867,32598,29689,2066748,2066749,2066745,2066746,0,0,0,0
1790158175.563571,65,-46,-54,52,8580,3359,31072,31181,2066778,2066779,2066775,2066776,0,0,0,0
1790158175.794603,46,-29,-50,31,9996,2065,29578,32635,2066808,2066809,2066805,2066806,0,0,0,0
1790158175.794603,-7,17,-6,0,11265,2103,29983,1149,2066898,2066899,2066895,2066896,0,0,0,0
1790158176.007199,-13,6,14,-7,11085,2316,30284,965,2066928,2066929,2066925,2066926,0,0,0,0
1790158176.007199,-2,-4,8,-7,10705,2784,30819,610,2066988,2066989,2066985,2066986,0,0,0,0
1790158176.007199,-4,5,6,-6,10534,2980,31012,430,2067048,2067049,2067045,2067046,0,0,0,0
1790158176.2197783,-2,0,4,-9,10465,3066,31093,346,2067078,2067079,2067075,2067076,0,0,0,0
1790158176.2244925,-9,5,0,-5,10393,3151,31172,259,2067108,2067109,2067105,2067106,0,0,0,0
1790158176.2244925,-2,-1,5,-1,10321,3228,31249,172,2067138,2067139,2067135,2067136,0,0,0,0
1790158176.4201143,-5,0,3,1,10256,3298,31318,95,2067168,2067169,2067165,2067166,0,0,0,0
1790158176.4201143,3,2,6,1,10204,3362,31380,33,2067198,2067199,2067195,2067196,0,0,0,0
1790158176.4201143,1,-4,-2,3,10144,3436,31439,32740,2067258,2067259,2067255,2067256,0,0,0,0
1790158176.5266984,-2,-1,2,-4,10139,3436,31444,32735,2067288,2067289,2067285,2067286,0,0,0,0
1790158176.5266984,2,0,1,-3,10146,3424,31435,32745,2067318,2067319,2067315,2067316,0,0,0,0
1790158176.5424378,1,0,-7,-5,10159,3408,31424,32759,2067348,2067349,2067345,2067346,0,0,0,0
1790158176.787853,1,0,-1,2,10166,3403,31415,32767,2067408,2067409,2067405,2067406,0,0,0,0
1790158176.8018107,5,-2,-2,-1,10160,3415,31427,32760,2067528,2067529,2067525,2067526,0,0,0,0
1790158177.0380483,5,-3,-2,-1,10170,3421,31431,6,2067558,2067559,2067555,2067556,0,0,0,0
1790158177.0380483,-3,-3,-6,-6,10169,3418,31425,12,2067648,2067649,2067645,2067646,0,0,0,0
1790158177.2402332,-2,-5,0,-1,10159,3430,31439,1,2067738,2067739,2067735,2067736,0,0,0,0
1790158177.4476397,-2,0,0,2,10167,3424,31433,8,2067798,2067799,2067795,2067796,0,0,0,0
1790158177.4476397,0,0,1,3,10158,3424,31433,32766,2067888,2067889,2067885,2067886,0,0,0,0
1790158177.5608149,-3,-3,1,2,10161,3418,31434,7,2067918,2067919,2067915,2067916,0,0,0,0
1790158177.5608149,0,-5,3,1,10164,3417,31431,9,2067978,2067979,2067975,2067976,0,0,0,0
1790158177.6408968,0,-4,2,-3,10163,3418,31432,9,2068008,2068009,2068005,2068006,0,0,0,0
1790158177.853051,-5,3,1,-2,10156,3441,31454,5,2068128,2068129,2068125,2068126,0,0,0,0
1790158177.853051,-6,0,3,-5,10158,3443,31453,4,2068158,2068159,2068155,2068156,0,0,0,0
1790158178.064053,-2,-2,0,2,10162,3436,31447,9,2068188,2068189,2068185,2068186,0,0,0,0
1790158178.064053,1,5,-2,2,10165,3433,31445,13,2068248,2068249,2068245,2068246,0,0,0,0
1790158178.2567656,-1,-4,-1,4,10163,3439,31449,10,2068278,2068279,2068275,2068276,0,0,0,0
1790158178.2567656,6,-2,0,-1,10169,3417,31434,13,2068368,2068369,2068365,2068366,0,0,0,0
1790158178.4359295,3,-1,-2,-3,10187,3407,31420,37,2068428,2068429,2068425,2068426,0,0,0,0
1790158178.4516,2,4,-2,-1,10165,3426,31441,15,2068488,2068489,2068485,2068486,0,0,0,0
1790158178.5726535,-2,-1,0,1,10160,3416,31438,7,2068548,2068549,2068545,2068546,0,0,0,0
1790158178.5812695,6,0,-2,0,10178,3396,31419,30,2068578,2068579,2068575,2068576,0,0,0,0
1790158178.6795037,3,2,3,-7,10180,3403,31422,33,2068638,2068639,2068635,2068636,0,0,0,0
1790158178.8805954,-1,-4,-2,4,10156,3433,31450,7,2068728,2068729,2068725,2068726,0,0,0,0
1790158178.8805954,-1,-7,3,-1,10159,3430,31448,8,2068758,2068759,2068755,2068756,0,0,0,0
1790158179.0871274,-3,5,-4,-2,10159,3428,31447,11,2068848,2068849,2068845,2068846,0,0,0,0
1790158179.2832675,-2,-2,-2,-2,10158,3429,31448,10,2068878,2068879,2068875,2068876,0,0,0,0
1790158179.2832675,-3,-2,2,1,10163,3424,31444,14,2068968,2068969,2068965,2068966,0,0,0,0
1790158179.2938836,1,-3,-3,1,10163,3424,31444,14,2068998,2068999,2068995,2068996,0,0,0,0
1790158179.4915612,0,3,2,1,10159,3428,31447,11,2069028,2069029,2069025,2069026,0,0,0,0
1790158179.4915612,-3,-3,-4,-1,10160,3427,31448,10,2069088,2069089,2069085,2069086,0,0,0,0
1790158179.5053782,2,1,0,-8,10164,3424,31443,15,2069118,2069119,2069115,2069116,0,0,0,0
1790158179.5824218,1,0,3,0,10167,3420,31441,19,2069148,2069149,2069145,2069146,0,0,0,0
1790158179.5858996,1,-4,-3,-4,10168,3419,31440,19,2069178,2069179,2069175,2069176,0,0,0,0
1790158179.6999927,-2,-8,-3,-4,10167,3419,31440,19,2069268,2069269,2069265,2069266,0,0,0,0
1790158179.9016771,4,-3,-2,0,10172,3414,31435,26,2069358,2069359,2069355,2069356,0,0,0,0
1790158180.1044416,-1,1,4,-1,10180,3425,31442,31,2069478,2069479,2069475,2069476,0,0,0,0
1790158180.120607,-1,2,0,-4,10173,3428,31445,27,2069508,2069509,2069505,2069506,0,0,0,0
1790158180.2888522,1,2,-2,6,10175,3432,31447,29,2069538,2069539,2069535,2069536,0,0,0,0
1790158180.2985482,3,3,0,-2,10174,3430,31445,26,2069568,2069569,2069565,2069566,0,0,0,0
1790158180.2985482,-2,-1,-2,3,10179,3426,31440,29,2069628,2069629,2069625,2069626,0,0,0,0
1790158180.508638,-1,-7,0,4,10181,3432,31444,30,2069718,2069719,2069715,2069716,0,0,0,0
1790158180.5246193,-3,4,7,5,10181,3429,31441,29,2069748,2069749,2069745,2069746,0,0,0,0
1790158180.5725572,5,2,2,5,10183,3428,31440,31,2069778,2069779,2069775,2069776,0,0,0,0
1790158180.7180498,-2,5,-9,-3,10183,3426,31439,31,2069808,2069809,2069805,2069806,0,0,0,0
1790158180.9249392,-1,3,1,0,10178,3434,31445,27,2069868,2069869,2069865,2069866,0,0,0,0
1790158180.9303086,6,-3,-3,1,10178,3435,31445,26,2069898,2069899,2069895,2069896,0,0,0,0
1790158180.9303086,-1,-1,4,-2,10159,3466,31479,5,2069988,2069989,2069985,2069986,0,0,0,0
1790158181.1249216,4,1,1,2,10170,3457,31466,15,2070018,2070019,2070015,2070016,0,0,0,0
1790158181.1249216,3,-3,1,3,10178,3441,31453,24,2070048,2070049,2070045,2070046,0,0,0,0
1790158181.1406689,3,-2,-1,-1,10178,3437,31446,27,2070108,2070109,2070105,2070106,0,0,0,0
1790158181.3396795,0,3,2,3,10170,3445,31455,19,2070138,2070139,2070135,2070136,0,0,0,0
1790158181.3396795,1,-11,-2,-2,10164,3450,31461,10,2070198,2070199,2070195,2070196,0,0,0,0
1790158181.3850446,-2,-3,-3,6,10168,3441,31453,18,2070258,2070259,2070255,2070256,0,0,0,0
1790158181.5400546,1,-9,3,-1,10169,3451,31459,18,2070348,2070349,2070345,2070346,0,0,0,0
1790158181.6058984,-1,2,-2,-1,10168,3451,31458,14,2070378,2070379,2070375,2070376,0,0,0,0
1790158181.6445591,2,-4,-4,-4,10168,3449,31457,13,2070408,2070409,2070405,2070406,0,0,0,0
1790158181.7091796,1,-1,-3,-5,10168,3447,31457,15,2070438,2070439,2070435,2070436,0,0,0,0
1790158181.7258415,0,2,1,0,10167,3443,31456,15,2070468,2070469,2070465,2070466,0,0,0,0
1790158181.8395216,4,-8,0,3,10224,3360,31418,50,2070498,2070499,2070495,2070496,0,0,0,0
1790158181.8555121,47,-50,-21,36,10768,2745,31146,506,2070528,2070529,2070525,2070526,0,0,0,0
1790158181.8981795,83,-77,-61,57,12932,896,30048,1768,2070558,2070559,2070555,2070556,0,0,0,0
1790158181.9556744,68,-69,-76,64,14604,31817,28154,3480,2070588,2070589,2070585,2070586,0,0,0,0
1790158182.0261214,67,-68,-65,83,18482,27952,24056,7590,2070648,2070649,2070645,2070646,0,0,0,0
1790158182.0716436,67,-68,-65,83,18482,27952,24056,7590,2070648,2070649,2070645,2070646,0,0,0,0
1790158182.1278853,60,-59,-73,56,22325,24243,20139,11517,2070708,2070709,2070705,2070706,0,0,0,0
1790158182.14458,54,-58,-48,59,23860,22685,18606,13046,2070738,2070739,2070735,2070736,0,0,0,0
1790158182.2307465,54,-45,-44,51,25288,21337,17165,14468,2070768,2070769,2070765,2070766,0,0,0,0
1790158182.245041,51,-46,-45,45,26496,19958,15947,15729,2070798,2070799,2070795,2070796,0,0,0,0
1790158182.3703365,44,-41,-50,54,27812,18730,14657,17042,2070828,2070829,2070825,2070826,0,0,0,0
1790158182.3859663,45,-49,-61,52,29173,17316,13246,18450,2070858,2070859,2070855,2070856,0,0,0,0
1790158182.4184477,62,-68,-58,67,30738,15773,11662,19958,2070888,2070889,2070885,2070886,0,0,0,0
1790158182.500608,68,-67,-60,63,1458,12221,8127,23474,2070948,2070949,2070945,2070946,0,0,0,0
1790158182.5571558,61,-62,-68,65,3197,10475,6353,25339,2070978,2070979,2070975,2070976,0,0,0,0
1790158182.6025498,54,-56,-59,53,4864,8883,4721,26946,2071008,2071009,2071005,2071006,0,0,0,0
1790158182.7166786,50,-50,-57,62,6491,7295,3106,28526,2071038,2071039,2071035,2071036,0,0,0,0
1790158182.7273192,50,-54,-59,47,7924,5870,1688,30014,2071068,2071069,2071065,2071066,0,0,0,0
1790158182.7855957,45,-42,-54,44,9385,4396,280,31357,2071098,2071099,2071095,2071096,0,0,0,0
1790158182.8345826,56,-60,-60,50,10747,2915,31538,49,2071128,2071129,2071125,2071126,0,0,0,0
1790158182.930956,59,-66,-58,64,12329,1416,30082,1701,2071158,2071159,2071155,2071156,0,0,0,0
1790158182.9450235,51,-45,-65,56,13968,32628,28408,3261,2071188,2071189,2071185,2071186,0,0,0,0
1790158182.9771395,69,-57,-51,63,15567,30910,26728,4910,2071218,2071219,2071215,2071216,0,0,0,0
1790158183.065532,59,-61,-78,58,17241,29237,25118,6628,2071248,2071249,2071245,2071246,0,0,0,0
1790158183.1223698,58,-54,-50,61,18823,27671,23484,8174,2071278,2071279,2071275,2071276,0,0,0,0
1790158183.1381998,50,-55,-55,58,20379,26097,21787,9872,2071308,2071309,2071305,2071306,0,0,0,0
1790158183.1869073,56,-53,-68,47,21914,24583,20252,11478,2071338,2071339,2071335,2071336,0,0,0,0
1790158183.2521966,43,-50,-52,48,23381,23117,18772,12918,2071368,2071369,2071365,2071366,0,0,0,0
1790158183.3664622,69,-53,-45,66,24991,21618,17267,14508,2071398,2071399,2071395,2071396,0,0,0,0
1790158183.3826985,49,-47,-57,55,28074,18469,14083,17633,2071458,2071459,2071455,2071456,0,0,0,0
1790158183.4634933,68,-62,-51,64,29681,16881,12515,19258,2071488,2071489,2071485,2071486,0,0,0,0
1790158183.51275,58,-65,-54,62,126,13653,9275,22514,2071548,2071549,2071545,2071546,0,0,0,0
1790158183.5940073,60,-59,-58,54,1737,12045,7686,24092,2071578,2071579,2071575,2071576,0,0,0,0
1790158183.5940073,50,-50,-53,53,3263,10465,6021,25670,2071608,2071609,2071605,2071606,0,0,0,0
1790158183.658772,53,-57,-57,62,4843,8972,4522,27155,2071638,2071639,2071635,2071636,0,0,0,0
1790158183.726133,64,-63,-56,52,6407,7391,2975,28756,2071668,2071669,2071665,2071666,0,0,0,0
1790158183.805895,48,-58,-58,49,7931,5793,1436,30351,2071698,2071699,2071695,2071696,0,0,0,0
1790158183.805895,44,-49,-44,62,9463,4320,32646,31834,2071728,2071729,2071725,2071726,0,0,0,0
1790158183.9999695,23,-31,-31,37,10559,3197,31375,355,2071758,2071759,2071755,2071756,0,0,0,0
1790158183.9999695,0,-5,-5,0,11426,3052,31367,1234,2071818,2071819,2071815,2071816,0,0,0,0
1790158184.202307,-1,1,2,2,11493,2961,31283,1260,2071878,2071879,2071875,2071876,0,0,0,0
1790158184.2101307,-1,2,1,0,11459,2995,31306,1217,2071908,2071909,2071905,2071906,0,0,0,0
1790158184.2111373,7,3,4,2,11386,3066,31371,1140,2071968,2071969,2071965,2071966,0,0,0,0
1790158184.4120448,1,-5,1,-6,11353,3095,31400,1113,2071998,2071999,2071995,2071996,0,0,0,0
1790158184.4190242,-4,-1,3,1,11332,3113,31418,1091,2072028,2072029,2072025,2072026,0,0,0,0
1790158184.4190242,1,-1,-2,-2,11316,3127,31433,1075,2072088,2072089,2072085,2072086,0,0,0,0
1790158184.5957289,4,-1,5,0,11331,3124,31428,1086,2072208,2072209,2072205,2072206,0,0,0,0
1790158184.7143126,3,-1,-3,1,11331,3127,31427,1084,2072238,2072239,2072235,2072236,0,0,0,0
1790158184.7253253,-1,5,-1,5,11332,3123,31424,1085,2072268,2072269,2072265,2072266,0,0,0,0
1790158184.8147962,2,0,-1,0,11334,3120,31422,1087,2072298,2072299,2072295,2072296,0,0,0,0
1790158184.8233094,-1,0,-4,2,11339,3118,31420,1089,2072328,2072329,2072325,2072326,0,0,0,0
1790158184.988193,-2,4,2,-2,11337,3118,31419,1090,2072358,2072359,2072355,2072356,0,0,0,0
1790158184.9942849,0,3,1,-2,11331,3125,31426,1083,2072448,2072449,2072445,2072446,0,0,0,0
1790158185.2306898,1,0,-3,7,11339,3131,31430,1091,2072478,2072479,2072475,2072476,0,0,0,0
1790158185.2444437,0,1,4,4,11342,3111,31410,1093,2072568,2072569,2072565,2072566,0,0,0,0
1790158185.2444437,-1,3,-1,-1,11326,3126,31426,1079,2072598,2072599,2072595,2072596,0,0,0,0
1790158185.4327009,-3,-3,-1,3,11318,3129,31431,1072,2072688,2072689,2072685,2072686,0,0,0,0
1790158185.4462285,-2,1,-2,2,11320,3126,31427,1076,2072718,2072719,2072715,2072716,0,0,0,0
1790158185.6125438,1,2,2,-1,11321,3123,31426,1076,2072748,2072749,2072745,2072746,0,0,0,0
1790158185.6125438,-5,2,0,-2,11310,3114,31417,1062,2072778,2072779,2072775,2072776,0,0,0,0
1790158185.6272628,-1,2,1,1,11311,3116,31402,1057,2072808,2072809,2072805,2072806,0,0,0,0
1790158185.7905407,-3,1,1,-4,11311,3123,31412,1062,2072868,2072869,2072865,2072866,0,0,0,0
1790158185.8061929,-4,-4,-1,-2,11307,3136,31417,1057,2072928,2072929,2072925,2072926,0,0,0,0
1790158186.048152,-5,1,-1,-4,11310,3148,31425,1059,2072958,2072959,2072955,2072956,0,0,0,0
1790158186.048152,-1,-3,2,-4,11311,3154,31430,1055,2072988,2072989,2072985,2072986,0,0,0,0
1790158186.048152,1,0,-1,0,11294,3157,31431,1042,2073048,2073049,2073045,2073046,0,0,0,0
1790158186.0635276,-1,3,-5,-6,11292,3157,31433,1040,2073078,2073079,2073075,2073076,0,0,0,0
1790158186.2412362,-1,-3,0,3,11297,3150,31427,1045,2073138,2073139,2073135,2073136,0,0,0,0
1790158186.2570834,8,1,3,-2,11301,3146,31423,1048,2073168,2073169,2073165,2073166,0,0,0,0
1790158186.2570834,0,4,0,0,11302,3142,31421,1049,2073198,2073199,2073195,2073196,0,0,0,0
1790158186.4520426,0,-1,0,-1,11290,3131,31416,1039,2073258,2073259,2073255,2073256,0,0,0,0
1790158186.468249,-3,0,-4,1,11312,3110,31399,1056,2073288,2073289,2073285,2073286,0,0,0,0
1790158186.6240523,0,-3,1,-4,11321,3110,31397,1065,2073318,2073319,2073315,2073316,0,0,0,0
1790158186.6240523,3,0,1,0,11316,3121,31406,1060,2073348,2073349,2073345,2073346,0,0,0,0
1790158186.631813,-4,-1,-3,-2,11303,3149,31424,1045,2073408,2073409,2073405,2073406,0,0,0,0
1790158186.8613691,-4,1,1,5,11314,3128,31409,1054,2073498,2073499,2073495,2073496,0,0,0,0
1790158187.0698924,0,-2,4,-2,11299,3144,31421,1043,2073588,2073589,2073585,2073586,0,0,0,0
1790158187.0698924,4,2,0,1,11272,3165,31443,1020,2073678,2073679,2073675,2073676,0,0,0,0
1790158187.2738864,-2,-1,-1,3,11273,3161,31440,1021,2073708,2073709,2073705,2073706,0,0,0,0
1790158187.2738864,0,-5,-2,-5,11270,3163,31442,1020,2073798,2073799,2073795,2073796,0,0,0,0
1790158187.477798,-3,1,-3,-2,11267,3166,31446,1017,2073858,2073859,2073855,2073856,0,0,0,0
1790158187.477798,2,-4,2,2,11271,3163,31443,1020,2073918,2073919,2073915,2073916,0,0,0,0
1790158187.630372,3,-2,0,1,11274,3162,31443,1021,2074008,2074009,2074005,2074006,0,0,0,0
1790158187.672396,10,-3,-2,-1,11275,3160,31441,1022,2074038,2074039,2074035,2074036,0,0,0,0
1790158187.8850415,0,1,-2,0,11283,3156,31436,1029,2074158,2074159,2074155,2074156,0,0,0,0
1790158187.9011595,-3,-5,0,-2,11284,3156,31435,1029,2074188,2074189,2074185,2074186,0,0,0,0
1790158188.09494,-1,-3,0,-3,11286,3159,31436,1030,2074248,2074249,2074245,2074246,0,0,0,0
1790158188.09494,-2,-2,0,-2,11289,3159,31435,1031,2074278,2074279,2074275,2074276,0,0,0,0
1790158188.2893195,1,-6,-4,-3,11303,3162,31433,1045,2074368,2074369,2074365,2074366,0,0,0,0
1790158188.2893195,3,3,-3,-2,11308,3163,31435,1044,2074398,2074399,2074395,2074396,0,0,0,0
1790158188.4728456,3,3,4,3,11285,3152,31431,1034,2074428,2074429,2074425,2074426,0,0,0,0
1790158188.4728456,-2,3,4,4,11277,3152,31430,1024,2074458,2074459,2074455,2074456,0,0,0,0
1790158188.4831605,1,3,3,-8,11266,3156,31438,1015,2074518,2074519,2074515,2074516,0,0,0,0
1790158188.6409934,-5,4,-3,0,11280,3165,31441,1019,2074578,2074579,2074575,2074576,0,0,0,0
1790158188.6409934,0,-2,-2,-2,11276,3150,31434,1017,2074608,2074609,2074605,2074606,0,0,0,0
1790158188.7258377,-3,-3,-1,4,11284,3149,31431,1025,2074668,2074669,2074665,2074666,0,0,0,0
1790158188.9032776,1,0,-1,1,11281,3155,31433,1024,2074698,2074699,2074695,2074696,0,0,0,0
1790158188.9192095,-2,-3,-6,1,11276,3162,31439,1018,2074758,2074759,2074755,2074756,0,0,0,0
1790158188.9192095,-2,-6,-1,0,11278,3163,31439,1018,2074788,2074789,2074785,2074786,0,0,0,0
1790158189.1140804,-1,-4,-1,-2,11226,3191,31473,976,2074908,2074909,2074905,2074906,0,0,0,0
1790158189.2457128,-7,-3,-1,-6,11230,3193,31472,977,2074938,2074939,2074935,2074936,0,0,0,0
1790158189.2650294,0,-2,-3,4,11244,3186,31465,988,2074968,2074969,2074965,2074966,0,0,0,0
1790158189.3251524,-2,5,-7,3,11254,3182,31460,998,2074998,2074999,2074995,2074996,0,0,0,0
1790158189.5255492,-2,-2,0,2,11263,3180,31453,1004,2075088,2075089,2075085,2075086,0,0,0,0
1790158189.5388882,2,0,-1,-1,11257,3180,31456,999,2075148,2075149,2075145,2075146,0,0,0,0
1790158189.5853252,-2,-2,1,-1,11259,3179,31455,1000,2075178,2075179,2075175,2075176,0,0,0,0
1790158189.6339397,-1,1,0,7,11261,3177,31452,1003,2075208,2075209,2075205,2075206,0,0,0,0
1790158189.736626,-45,-44,-47,-45,8069,109,28378,31199,2075268,2075269,2075265,2075266,0,0,0,0
1790158189.9422088,-69,-51,-53,-49,3987,28699,23923,26612,2075358,2075359,2075355,2075356,0,0,0,0
1790158189.9422088,-58,-55,-60,-72,2439,27262,22312,25114,2075388,2075389,2075385,2075386,0,0,0,0
1790158190.1363938,-53,-59,-51,-59,28912,20780,16154,18896,2075508,2075509,2075505,2075506,0,0,0,0
1790158190.3499453,-46,-53,-49,-63,25725,17492,12856,15664,2075568,2075569,2075565,2075566,0,0,0,0
1790158190.3499453,-64,-57,-66,-49,22518,14357,9726,12418,2075628,2075629,2075625,2075626,0,0,0,0
1790158190.5567057,-59,-59,-63,-47,14386,6223,1634,4343,2075778,2075779,2075775,2075776,0,0,0,0
1790158190.6379573,-45,-58,-62,-56,12765,4619,32744,2722,2075808,2075809,2075805,2075806,0,0,0,0
1790158190.6625583,-70,-62,-59,-57,11158,3009,31122,1120,2075838,2075839,2075835,2075836,0,0,0,0
1790158190.7671444,-62,-54,-67,-58,7842,32522,27916,30676,2075898,2075899,2075895,2075896,0,0,0,0
1790158190.964461,-68,-52,-51,-47,6201,30844,26328,29021,2075928,2075929,2075925,2075926,0,0,0,0
1790158191.1659777,-50,-50,-62,-66,32527,24389,19596,22536,2076048,2076049,2076045,2076046,0,0,0,0
1790158191.1659777,-62,-64,-73,-52,30936,22765,18021,20810,2076078,2076079,2076075,2076076,0,0,0,0
1790158191.1659777,-55,-64,-49,-68,29269,21186,16411,19204,2076108,2076109,2076105,2076106,0,0,0,0
1790158191.1738179,-56,-49,-65,-48,27719,19435,14835,17581,2076138,2076139,2076135,2076136,0,0,0,0
1790158191.3691509,-61,-52,-55,-60,24409,16245,11560,14524,2076198,2076199,2076195,2076196,0,0,0,0
1790158191.3867323,-48,-65,-59,-65,21150,12901,8347,11205,2076258,2076259,2076255,2076256,0,0,0,0
1790158191.5816736,-59,-63,-63,-60,19672,11261,6763,9573,2076288,2076289,2076285,2076286,0,0,0,0
1790158191.5816736,-49,-52,-52,-72,16433,8108,3415,6316,2076348,2076349,2076345,2076346,0,0,0,0
1790158191.6458154,-40,-59,-53,-56,13129,4939,207,2992,2076408,2076409,2076405,2076406,0,0,0,0
1790158191.6674838,-25,-26,-33,-22,12251,3976,31883,2024,2076438,2076439,2076435,2076436,0,0,0,0
1790158191.7788672,-7,-6,-12,-5,11282,3033,30884,1062,2076498,2076499,2076495,2076496,0,0,0,0
1790158191.972387,-5,1,-5,-2,11315,3020,30821,1079,2076558,2076559,2076555,2076556,0,0,0,0
1790158191.972387,0,-1,0,1,11322,3026,30820,1088,2076618,2076619,2076615,2076616,0,0,0,0
1790158192.1894326,-1,-3,-3,2,11297,3126,30900,1050,2076708,2076709,2076705,2076706,0,0,0,0
1790158192.1979628,-2,-2,0,0,11264,3156,30932,1025,2076738,2076739,2076735,2076736,0,0,0,0
1790158192.3931208,-25,-4,1,0,11247,3162,30944,1011,2076768,2076769,2076765,2076766,0,0,0,0
1790158192.3931208,-1,1,-3,0,11253,3157,30941,1015,2076798,2076799,2076795,2076796,0,0,0,0
1790158192.3931208,1,2,4,1,11287,3131,30913,1043,2076858,2076859,2076855,2076856,0,0,0,0
1790158192.605234,-6,1,-3,-2,11311,3110,30888,1065,2076918,2076919,2076915,2076916,0,0,0,0
1790158192.605234,4,-4,-4,3,11313,3109,30886,1068,2076978,2076979,2076975,2076976,0,0,0,0
1790158192.6671572,2,-5,0,-2,11309,3116,30891,1064,2077008,2077009,2077005,2077006,0,0,0,0
1790158192.8060608,-1,-7,-1,2,11305,3120,30896,1059,2077038,2077039,2077035,2077036,0,0,0,0
1790158192.8060608,0,-1,-3,1,11304,3120,30897,1059,2077098,2077099,2077095,2077096,0,0,0,0
1790158193.0072632,1,1,-5,3,11306,3118,30895,1061,2077128,2077129,2077125,2077126,0,0,0,0
1790158193.0218146,0,5,-1,-3,11259,3154,30926,1025,2077248,2077249,2077245,2077246,0,0,0,0
1790158193.1267798,5,0,-4,-2,11258,3184,30969,1024,2077278,2077279,2077275,2077276,0,0,0,0
1790158193.1328616,3,-3,-1,1,11258,3199,30978,1018,2077308,2077309,2077305,2077306,0,0,0,0
1790158193.1812742,-1,-2,0,4,11252,3185,30965,1016,2077338,2077339,2077335,2077336,0,0,0,0
1790158193.2093928,3,-4,-1,3,11282,3163,30955,1034,2077368,2077369,2077365,2077366,0,0,0,0
1790158193.2933812,24,-34,-19,13,11563,2832,30794,1202,2077398,2077399,2077395,2077396,0,0,0,0
1790158193.3064954,73,-88,-64,41,13103,1266,29863,2063,2077428,2077429,2077425,2077426,0,0,0,0
1790158193.402715,66,-70,-77,71,14787,32037,28199,3679,2077458,2077459,2077455,2077456,0,0,0,0
1790158193.465464,63,-61,-63,65,16424,30320,26227,5563,2077488,2077489,2077485,2077486,0,0,0,0
1790158193.4816647,66,-72,-68,75,18490,28305,24166,7587,2077518,2077519,2077515,2077516,0,0,0,0
1790158193.5326855,72,-75,-71,73,20443,26302,22050,9661,2077548,2077549,2077545,2077546,0,0,0,0
1790158193.5942638,64,-60,-68,54,22344,24429,20026,11566,2077578,2077579,2077575,2077576,0,0,0,0
1790158193.5942638,61,-71,-55,62,24019,22817,18411,13266,2077608,2077609,2077605,2077606,0,0,0,0
1790158193.7292452,46,-45,-60,41,25507,21336,16896,14806,2077638,2077639,2077635,2077636,0,0,0,0
1790158193.7398682,47,-52,-55,43,26798,19933,15605,16085,2077668,2077669,2077665,2077666,0,0,0,0
1790158193.7882042,41,-40,-56,38,28014,18730,14352,17377,2077698,2077699,2077695,2077696,0,0,0,0
1790158193.8042107,51,-45,-62,45,29343,17363,12975,18685,2077728,2077729,2077725,2077726,0,0,0,0
1790158193.8527026,67,-62,-50,84,30868,15901,11492,20224,2077758,2077759,2077755,2077756,0,0,0,0
1790158193.9871488,54,-54,-68,58,32559,14172,9888,21944,2077788,2077789,2077785,2077786,0,0,0,0
1790158194.0004988,61,-60,-74,59,3301,10587,6279,25547,2077848,2077849,2077845,2077846,0,0,0,0
1790158194.111001,67,-59,-68,65,5027,8951,4536,27181,2077878,2077879,2077875,2077876,0,0,0,0
1790158194.1271703,62,-59,-51,56,6719,7314,2935,28835,2077908,2077909,2077905,2077906,0,0,0,0
1790158194.1885993,48,-51,-58,47,8135,5796,1464,30312,2077938,2077939,2077935,2077936,0,0,0,0
1790158194.239372,52,-44,-53,54,9605,4413,65,31640,2077968,2077969,2077965,2077966,0,0,0,0
1790158194.3098607,61,-53,-42,58,10959,2962,31387,331,2077998,2077999,2077995,2077996,0,0,0,0
1790158194.328861,55,-64,-61,52,12498,1559,29892,1978,2078028,2078029,2078025,2078026,0,0,0,0
1790158194.3839533,45,-53,-60,55,14049,32760,28351,3437,2078058,2078059,2078055,2078056,0,0,0,0
1790158194.4667525,68,-56,-55,65,15665,31038,26713,5085,2078088,2078089,2078085,2078086,0,0,0,0
1790158194.4711137,55,-72,-73,52,17343,29411,25080,6796,2078118,2078119,2078115,2078116,0,0,0,0
1790158194.5624378,54,-51,-61,68,18949,27797,23428,8399,2078148,2078149,2078145,2078146,0,0,0,0
1790158194.578308,64,-56,-52,55,20564,26176,21772,10119,2078178,2078179,2078175,2078176,0,0,0,0
1790158194.6450775,53,-62,-77,55,22099,24638,20140,11711,2078208,2078209,2078205,2078206,0,0,0,0
1790158194.7020855,55,-54,-52,65,23567,23118,18675,13210,2078238,2078239,2078235,2078236,0,0,0,0
1790158194.755982,61,-57,-54,54,25133,21632,17173,14788,2078268,2078269,2078265,2078266,0,0,0,0
1790158194.8211899,56,-65,-60,52,26707,20040,15677,16244,2078298,2078299,2078295,2078296,0,0,0,0
1790158194.8430772,60,-53,-55,65,28196,18583,14108,17825,2078328,2078329,2078325,2078326,0,0,0,0
1790158194.9015732,66,-61,-53,65,29818,16957,12521,19433,2078358,2078359,2078355,2078356,0,0,0,0
1790158194.950029,54,-65,-63,57,31434,15303,10892,21125,2078388,2078389,2078385,2078386,0,0,0,0
1790158195.0148213,59,-59,-57,59,230,13780,9318,22699,2078418,2078419,2078415,2078416,0,0,0,0
1790158195.050447,58,-62,-54,49,1857,12199,7801,24248,2078448,2078449,2078445,2078446,0,0,0,0
1790158195.1534786,49,-56,-65,48,3348,10622,6151,25812,2078478,2078479,2078475,2078476,0,0,0,0
1790158195.1632013,50,-56,-59,64,4897,9042,4602,27323,2078508,2078509,2078505,2078506,0,0,0,0
1790158195.2647014,54,-61,-53,49,6465,7487,3061,28891,2078538,2078539,2078535,2078536,0,0,0,0
1790158195.2647014,46,-59,-63,52,7991,5939,1541,30480,2078568,2078569,2078565,2078566,0,0,0,0
1790158195.4519713,49,-45,-49,62,9493,4487,39,31981,2078598,2078599,2078595,2078596,0,0,0,0
1790158195.4519713,19,-21,-20,37,10470,3450,31710,388,2078628,2078629,2078625,2078626,0,0,0,0
1790158195.4519713,-2,-6,-4,7,11586,3323,30844,1457,2078718,2078719,2078715,2078716,0,0,0,0
1790158195.6826086,1,-1,-1,3,11633,3271,30783,1518,2078748,2078749,2078745,2078746,0,0,0,0
1790158195.6826086,0,1,4,0,11647,3247,30758,1539,2078778,2078779,2078775,2078776,0,0,0,0
1790158195.6826086,3,2,1,1,11645,3248,30758,1536,2078808,2078809,2078805,2078806,0,0,0,0
1790158195.6826086,-3,-2,-4,0,11633,3261,30774,1520,2078838,2078839,2078835,2078836,0,0,0,0
1790158195.8811674,-2,1,-2,-2,11619,3281,30795,1500,2078868,2078869,2078865,2078866,0,0,0,0
1790158195.8821704,-1,2,-1,-2,11604,3298,30814,1481,2078898,2078899,2078895,2078896,0,0,0,0
1790158195.888653,1,0,1,1,11581,3315,30836,1454,2078958,2078959,2078955,2078956,0,0,0,0
1790158196.0720484,-2,1,2,-3,11576,3319,30842,1448,2078988,2078989,2078985,2078986,0,0,0,0
1790158196.0720484,-1,-6,-1,-1,11562,3316,30847,1434,2079078,2079079,2079075,2079076,0,0,0,0
1790158196.1844962,-2,1,0,-4,11564,3320,30852,1436,2079108,2079109,2079105,2079106,0,0,0,0
1790158196.200609,0,3,-2,5,11572,3330,30857,1440,2079168,2079169,2079165,2079166,0,0,0,0
1790158196.2978704,-3,-2,4,2,11567,3327,30852,1438,2079198,2079199,2079195,2079196,0,0,0,0
1790158196.2978704,-1,2,-4,1,11565,3323,30851,1437,2079228,2079229,2079225,2079226,0,0,0,0
1790158196.467749,5,2,1,1,11565,3321,30851,1435,2079258,2079259,2079255,2079256,0,0,0,0
1790158196.486308,-5,-3,-1,-4,11571,3328,30856,1438,2079318,2079319,2079315,2079316,0,0,0,0
1790158196.673309,-2,0,3,-3,11568,3330,30857,1437,2079348,2079349,2079345,2079346,0,0,0,0
1790158196.673309,-4,1,1,-2,11582,3330,30861,1451,2079378,2079379,2079375,2079376,0,0,0,0
1790158196.6870987,-2,-7,1,-1,11598,3296,30824,1476,2079438,2079439,2079435,2079436,0,0,0,0
1790158196.9003963,0,0,-3,-5,11592,3312,30836,1463,2079468,2079469,2079465,2079466,0,0,0,0
1790158196.9003963,-1,1,2,1,11540,3356,30889,1405,2079588,2079589,2079585,2079586,0,0,0,0
1790158197.1083345,2,-6,-5,4,11527,3354,30881,1384,2079678,2079679,2079675,2079676,0,0,0,0
1790158197.2773974,2,8,1,4,11539,3363,30892,1404,2079708,2079709,2079705,2079706,0,0,0,0
1790158197.2773974,-3,2,-2,2,11536,3354,30883,1402,2079738,2079739,2079735,2079736,0,0,0,0
1790158197.2915502,3,-3,2,-3,11540,3356,30890,1408,2079798,2079799,2079795,2079796,0,0,0,0
1790158197.5145125,-2,-1,2,-2,11541,3362,30895,1406,2079828,2079829,2079825,2079826,0,0,0,0
1790158197.5193515,-1,1,-1,4,11526,3384,30927,1408,2079918,2079919,2079915,2079916,0,0,0,0
1790158197.5193515,-5,3,0,-2,11517,3391,30933,1395,2079948,2079949,2079945,2079946,0,0,0,0
1790158197.6815116,0,0,-2,-3,11512,3398,30942,1389,2080038,2080039,2080035,2080036,0,0,0,0
1790158197.9252417,1,-14,0,3,11510,3377,30927,1386,2080158,2080159,2080155,2080156,0,0,0,0
1790158198.1038597,2,-1,-2,-2,11548,3372,30913,1431,2080188,2080189,2080185,2080186,0,0,0,0
1790158198.1185834,2,-4,-1,-3,11531,3370,30919,1414,2080278,2080279,2080275,2080276,0,0,0,0
1790158198.330932,0,-3,-6,-1,11529,3382,30931,1408,2080308,2080309,2080305,2080306,0,0,0,0
1790158198.3469148,-2,1,-1,-3,11545,3362,30904,1425,2080428,2080429,2080425,2080426,0,0,0,0
1790158198.5417109,2,-1,1,-2,11501,3401,30950,1375,2080548,2080549,2080545,2080546,0,0,0,0
1790158198.6881206,-3,0,-1,2,11492,3412,30962,1363,2080608,2080609,2080605,2080606,0,0,0,0
1790158198.7041478,-7,0,-2,0,11481,3423,30973,1351,2080668,2080669,2080665,2080666,0,0,0,0
1790158198.7688813,-7,0,-2,0,11481,3423,30973,1351,2080668,2080669,2080665,2080666,0,0,0,0
1790158198.9504316,1,-7,-1,-4,11468,3432,30983,1339,2080728,2080729,2080725,2080726,0,0,0,0
1790158198.9504316,3,-5,0,0,11465,3436,30988,1336,2080758,2080759,2080755,2080756,0,0,0,0
1790158198.9632347,-4,2,2,2,11464,3437,30989,1333,2080788,2080789,2080785,2080786,0,0,0,0
1790158199.1578867,-5,2,-2,-6,11465,3440,30990,1333,2080878,2080879,2080875,2080876,0,0,0,0
1790158199.1578867,-1,-2,2,2,11465,3439,30990,1332,2080908,2080909,2080905,2080906,0,0,0,0
1790158199.1578867,1,0,6,0,11464,3438,30990,1333,2080938,2080939,2080935,2080936,0,0,0,0
1790158199.3525481,-1,-2,0,1,11465,3437,30989,1335,2080968,2080969,2080965,2080966,0,0,0,0
1790158199.3525481,3,4,-4,-2,11467,3435,30987,1337,2081058,2081059,2081055,2081056,0,0,0,0
1790158199.564842,-1,3,-4,3,11468,3437,30988,1336,2081178,2081179,2081175,2081176,0,0,0,0
1790158199.6928484,0,0,-6,0,11470,3435,30986,1339,2081238,2081239,2081235,2081236,0,0,0,0
1790158199.6928484,-4,-5,0,-2,11478,3437,30988,1346,2081268,2081269,2081265,2081266,0,0,0,0
1790158199.8781238,3,-3,-2,2,11461,3426,30983,1330,2081328,2081329,2081325,2081326,0,0,0,0
1790158199.8847246,-5,-3,-4,-3,11462,3433,30992,1331,2081358,2081359,2081355,2081356,0,0,0,0
1790158199.9803872,-3,0,1,-1,11475,3456,31005,1336,2081418,2081419,2081415,2081416,0,0,0,0
1790158200.1739004,4,-2,4,-2,11474,3438,30991,1339,2081508,2081509,2081505,2081506,0,0,0,0
1790158200.1739004,-1,1,0,2,11470,3442,30995,1334,2081538,2081539,2081535,2081536,0,0,0,0
1790158200.384791,0,-6,-7,1,11461,3451,31005,1323,2081658,2081659,2081655,2081656,0,0,0,0
1790158200.5303714,5,0,-9,0,11447,3441,30995,1312,2081688,2081689,2081685,2081686,0,0,0,0
1790158200.5797212,1,1,1,2,11414,3485,31053,1284,2081748,2081749,2081745,2081746,0,0,0,0
1790158200.7033691,-5,-2,3,-6,11418,3502,31064,1279,2081778,2081779,2081775,2081776,0,0,0,0
1790158200.7033691,3,0,0,2,11414,3497,31056,1277,2081868,2081869,2081865,2081866,0,0,0,0
1790158200.8065166,1,-1,-1,-1,11415,3490,31053,1280,2081928,2081929,2081925,2081926,0,0,0,0
1790158200.8432784,1,-1,-1,-1,11415,3490,31053,1280,2081928,2081929,2081925,2081926,0,0,0,0
1790158201.000338,78,74,53,65,12048,4222,31426,1650,2081988,2081989,2081985,2081986,0,0,0,0
1790158201.0054324,46,48,48,50,15172,7240,1910,4684,2082048,2082049,2082045,2082046,0,0,0,0
1790158201.1953697,51,64,55,63,20875,12938,8176,10827,2082168,2082169,2082165,2082166,0,0,0,0
1790158201.4074736,58,62,55,51,22517,14588,9693,12317,2082198,2082199,2082195,2082196,0,0,0,0
1790158201.4074736,57,63,47,57,25825,17850,12667,15299,2082258,2082259,2082255,2082256,0,0,0,0
1790158201.4235864,66,57,56,59,27546,19445,14203,16910,2082288,2082289,2082285,2082286,0,0,0,0
1790158201.6096992,50,54,67,53,29136,21058,15805,18464,2082318,2082319,2082315,2082316,0,0,0,0
1790158201.6170378,54,56,45,47,1010,25848,20875,23256,2082408,2082409,2082405,2082406,0,0,0,0
1790158201.7083037,51,56,65,76,2594,27467,22502,24959,2082438,2082439,2082435,2082436,0,0,0,0
1790158201.7083037,52,58,53,51,4336,29062,24077,26552,2082468,2082469,2082465,2082466,0,0,0,0
1790158201.8268557,62,63,76,69,7644,32369,27266,29745,2082528,2082529,2082525,2082526,0,0,0,0
1790158202.0225477,26,24,36,37,10510,2429,30301,32711,2082588,2082589,2082585,2082586,0,0,0,0
1790158202.0225477,16,9,16,13,11774,3598,31704,1263,2082648,2082649,2082645,2082646,0,0,0,0
1790158202.218396,0,-3,-4,-4,11885,3728,31943,1431,2082678,2082679,2082675,2082676,0,0,0,0
1790158202.218396,2,-4,-4,-1,11832,3645,31871,1378,2082708,2082709,2082705,2082706,0,0,0,0
1790158202.218396,-1,-2,-5,0,11923,3551,31768,1472,2082768,2082769,2082765,2082766,0,0,0,0
1790158202.4303026,0,-6,-5,-1,11985,3488,31705,1544,2082798,2082799,2082795,2082796,0,0,0,0
1790158202.4303026,2,0,-7,1,12136,3351,31560,1721,2082888,2082889,2082885,2082886,0,0,0,0
1790158202.628666,-3,-1,3,-2,12161,3329,31533,1752,2083008,2083009,2083005,2083006,0,0,0,0
1790158202.6453965,0,-2,1,-1,12150,3340,31544,1739,2083038,2083039,2083035,2083036,0,0,0,0
1790158202.7083406,-3,-2,1,-3,12135,3339,31546,1719,2083068,2083069,2083065,2083066,0,0,0,0
1790158202.8300357,3,0,3,-3,12124,3354,31552,1698,2083128,2083129,2083125,2083126,0,0,0,0
1790158202.8476293,-2,0,0,0,12122,3362,31557,1693,2083158,2083159,2083155,2083156,0,0,0,0
1790158203.04651,-2,-1,0,1,12123,3353,31551,1696,2083248,2083249,2083245,2083246,0,0,0,0
1790158203.256638,5,2,1,1,12127,3353,31549,1699,2083278,2083279,2083275,2083276,0,0,0,0
1790158203.2633092,-6,-4,-2,1,12158,3288,31496,1740,2083398,2083399,2083395,2083396,0,0,0,0
1790158203.4232287,-1,-2,-2,0,12176,3308,31503,1754,2083458,2083459,2083455,2083456,0,0,0,0
1790158203.4501965,0,-1,0,0,12160,3308,31508,1739,2083488,2083489,2083485,2083486,0,0,0,0
1790158203.4639192,5,-10,-2,2,12182,3272,31501,1751,2083518,2083519,2083515,2083516,0,0,0,0
1790158203.547226,40,-41,-15,18,12681,2792,31284,2021,2083548,2083549,2083545,2083546,0,0,0,0
1790158203.5892825,81,-70,-56,71,14407,1127,30235,3204,2083578,2083579,2083575,2083576,0,0,0,0
1790158203.6447542,49,-65,-60,82,16359,32224,28678,5168,2083608,2083609,2083605,2083606,0,0,0,0
1790158203.7002916,73,-68,-67,60,18147,30430,26830,7084,2083638,2083639,2083635,2083636,0,0,0,0
1790158203.756357,73,-84,-84,70,20057,28417,24780,9150,2083668,2083669,2083665,2083666,0,0,0,0
1790158203.7628548,69,-69,-86,84,22092,26529,22749,11171,2083698,2083699,2083695,2083696,0,0,0,0
1790158203.8271098,72,-72,-67,77,23908,24695,20859,13122,2083728,2083729,2083725,2083726,0,0,0,0
1790158203.866741,45,-54,-57,49,25600,23079,19156,14851,2083758,2083759,2083755,2083756,0,0,0,0
1790158203.938233,49,-50,-50,48,27054,21650,17706,16248,2083788,2083789,2083785,2083786,0,0,0,0
1790158203.987104,43,-61,-46,39,28258,20349,16412,17515,2083818,2083819,2083815,2083816,0,0,0,0
1790158204.046866,50,-53,-46,41,29540,19139,15139,18742,2083848,2083849,2083845,2083846,0,0,0,0
1790158204.1604557,63,-50,-54,62,30867,17676,13826,20043,2083878,2083879,2083875,2083876,0,0,0,0
1790158204.2256784,64,-51,-58,63,32425,16208,12351,21643,2083908,2083909,2083905,2083906,0,0,0,0
1790158204.2256784,66,-66,-68,57,1320,14493,10645,23315,2083938,2083939,2083935,2083936,0,0,0,0
1790158204.2416892,61,-53,-64,75,3126,12664,8867,25136,2083968,2083969,2083965,2083966,0,0,0,0
1790158204.2738986,65,-67,-71,63,4903,10914,6985,26893,2083998,2083999,2083995,2083996,0,0,0,0
1790158204.3586957,63,-56,-61,65,6619,9178,5314,28637,2084028,2084029,2084025,2084026,0,0,0,0
1790158204.4187772,51,-59,-60,51,8159,7611,3630,30241,2084058,2084059,2084055,2084056,0,0,0,0
1790158204.467218,48,-52,-40,49,9647,6164,2260,31608,2084088,2084089,2084085,2084086,0,0,0,0
1790158204.4832258,65,-48,-50,56,10991,4719,868,323,2084118,2084119,2084115,2084116,0,0,0,0
1790158204.5666335,54,-54,-60,59,12422,3306,32180,1804,2084148,2084149,2084145,2084146,0,0,0,0
1790158204.6139882,46,-60,-58,53,13954,1856,30687,3242,2084178,2084179,2084175,2084176,0,0,0,0
1790158204.6948588,69,-56,-50,60,15482,240,29069,4813,2084208,2084209,2084205,2084206,0,0,0,0
1790158204.6948588,63,-58,-71,63,17177,31311,27470,6546,2084238,2084239,2084235,2084236,0,0,0,0
1790158204.7438245,54,-73,-69,61,18810,29731,25775,8161,2084268,2084269,2084265,2084266,0,0,0,0
1790158204.828007,54,-55,-64,54,22164,26390,22370,11617,2084328,2084329,2084325,2084326,0,0,0,0
1790158204.8740666,54,-55,-64,54,22164,26390,22370,11617,2084328,2084329,2084325,2084326,0,0,0,0
1790158204.8740666,59,-46,-54,50,25211,23375,19349,14739,2084388,2084389,2084385,2084386,0,0,0,0
1790158205.003367,59,-46,-54,50,25211,23375,19349,14739,2084388,2084389,2084385,2084386,0,0,0,0
1790158205.019186,46,-70,-53,55,28130,20311,16344,17674,2084448,2084449,2084445,2084446,0,0,0,0
1790158205.068746,46,-70,-53,55,28130,20311,16344,17674,2084448,2084449,2084445,2084446,0,0,0,0
1790158205.0890014,54,-53,-61,53,31326,17225,13209,20923,2084508,2084509,2084505,2084506,0,0,0,0
1790158205.1335347,54,-53,-61,53,31326,17225,13209,20923,2084508,2084509,2084505,2084506,0,0,0,0
1790158205.264514,66,-54,-61,57,1820,13956,9991,24128,2084568,2084569,2084565,2084566,0,0,0,0
1790158205.2787335,54,-58,-55,54,3384,12375,8272,25777,2084598,2084599,2084595,2084596,0,0,0,0
1790158205.342952,60,-51,-60,50,6569,9238,5185,28966,2084658,2084659,2084655,2084656,0,0,0,0
1790158205.4068115,51,-58,-54,50,8142,7633,3551,30498,2084688,2084689,2084685,2084686,0,0,0,0
1790158205.5048559,45,-44,-57,54,11080,4691,614,697,2084748,2084749,2084745,2084746,0,0,0,0
1790158205.6521668,3,15,13,1,12523,3995,182,1910,2084808,2084809,2084805,2084806,0,0,0,0
1790158205.6662028,-12,11,6,-14,12425,4451,552,1803,2084838,2084839,2084835,2084836,0,0,0,0
1790158205.7165043,-24,24,15,-12,12050,4861,894,1395,2084868,2084869,2084865,2084866,0,0,0,0
1790158205.914201,-19,22,19,-21,11523,5522,1460,893,2084898,2084899,2084895,2084896,0,0,0,0
1790158205.9272833,2,-4,6,5,10738,6335,2405,93,2084988,2084989,2084985,2084986,0,0,0,0
1790158206.1062994,3,-3,0,1,10728,6331,2411,83,2085078,2085079,2085075,2085076,0,0,0,0
1790158206.1278522,-8,0,-1,-2,10750,6305,2391,104,2085108,2085109,2085105,2085106,0,0,0,0
1790158206.321051,-1,6,-2,1,10812,6267,2355,162,2085198,2085199,2085195,2085196,0,0,0,0
1790158206.321051,4,-6,1,4,10826,6258,2343,173,2085228,2085229,2085225,2085226,0,0,0,0
1790158206.440793,-4,1,-2,1,10837,6236,2323,185,2085288,2085289,2085285,2085286,0,0,0,0
1790158206.5250425,0,-3,0,0,10839,6231,2318,188,2085318,2085319,2085315,2085316,0,0,0,0
1790158206.7416403,2,4,-3,-2,10841,6220,2311,188,2085348,2085349,2085345,2085346,0,0,0,0
1790158206.7416403,1,-2,1,-1,10860,6210,2303,208,2085468,2085469,2085465,2085466,0,0,0,0
1790158206.91274,1,-4,0,4,10865,6206,2299,212,2085498,2085499,2085495,2085496,0,0,0,0
1790158206.91274,0,1,2,-4,10871,6200,2294,219,2085528,2085529,2085525,2085526,0,0,0,0
1790158206.91274,5,1,-2,0,10877,6196,2289,224,2085558,2085559,2085555,2085556,0,0,0,0
1790158206.9221168,-3,-1,0,-3,10883,6187,2283,229,2085588,2085589,2085585,2085586,0,0,0,0
1790158207.1442208,2,-4,-6,-2,10927,6163,2270,274,2085648,2085649,2085645,2085646,0,0,0,0
1790158207.1442208,2,-3,-4,-5,10974,6110,2222,320,2085708,2085709,2085705,2085706,0,0,0,0
1790158207.346363,-1,1,5,4,10984,6104,2216,329,2085738,2085739,2085735,2085736,0,0,0,0
1790158207.346363,-1,-6,-1,-1,10986,6102,2213,331,2085798,2085799,2085795,2085796,0,0,0,0
1790158207.554336,-5,1,3,-4,10984,6103,2214,330,2085828,2085829,2085825,2085826,0,0,0,0
1790158207.554336,2,-4,3,4,10985,6103,2214,331,2085888,2085889,2085885,2085886,0,0,0,0
1790158207.554336,-2,-2,-1,6,10986,6104,2210,325,2085948,2085949,2085945,2085946,0,0,0,0
1790158207.7245648,1,-3,-5,3,11001,6109,2225,345,2085978,2085979,2085975,2085976,0,0,0,0
1790158207.736522,2,3,-2,3,11015,6095,2216,361,2086038,2086039,2086035,2086036,0,0,0,0
1790158207.7406077,5,-1,1,0,11022,6086,2208,368,2086068,2086069,2086065,2086066,0,0,0,0
1790158207.9543092,10,1,-5,5,11035,6083,2208,383,2086128,2086129,2086125,2086126,0,0,0,0
1790158207.9543092,-6,0,-2,0,11033,6078,2207,382,2086158,2086159,2086155,2086156,0,0,0,0
1790158207.9671624,3,-2,8,-2,11031,6078,2210,385,2086188,2086189,2086185,2086186,0,0,0,0
1790158208.1615436,-3,2,1,-1,11030,6081,2210,382,2086218,2086219,2086215,2086216,0,0,0,0
1790158208.1615436,-2,3,0,4,11029,6081,2209,382,2086248,2086249,2086245,2086246,0,0,0,0
1790158208.1615436,-31,-4,-1,6,11028,6080,2209,382,2086308,2086309,2086305,2086306,0,0,0,0
1790158208.3712695,2,0,-2,0,11030,6079,2209,383,2086338,2086339,2086335,2086336,0,0,0,0
1790158208.3712695,-3,-1,-3,-5,11033,6079,2208,385,2086368,2086369,2086365,2086366,0,0,0,0
1790158208.3712695,2,-4,-7,0,11034,6060,2195,386,2086428,2086429,2086425,2086426,0,0,0,0
1790158208.5482345,0,-5,1,-4,11090,6025,2161,439,2086488,2086489,2086485,2086486,0,0,0,0
1790158208.5712998,-1,-3,-3,0,11113,6006,2146,459,2086548,2086549,2086545,2086546,0,0,0,0
1790158208.726961,-6,3,1,3,11127,5989,2132,469,2086638,2086639,2086635,2086636,0,0,0,0
1790158208.7428315,0,-1,0,-6,11154,5977,2117,495,2086668,2086669,2086665,2086666,0,0,0,0
1790158208.7906766,1,0,-2,1,11154,5973,2113,498,2086698,2086699,2086695,2086696,0,0,0,0
1790158208.9858499,-2,-2,5,3,11144,5983,2122,488,2086818,2086819,2086815,2086816,0,0,0,0
1790158208.9858499,-3,-4,-3,3,11144,5982,2121,488,2086848,2086849,2086845,2086846,0,0,0,0
1790158209.1876433,2,0,-1,0,11143,5982,2119,488,2086938,2086939,2086935,2086936,0,0,0,0
1790158209.3918514,4,-1,2,-5,11146,5979,2117,490,2087058,2087059,2087055,2087056,0,0,0,0
1790158209.407962,-2,-2,-2,5,11146,5979,2117,490,2087088,2087089,2087085,2087086,0,0,0,0
1790158209.5974836,-4,0,-1,-4,11150,5975,2113,494,2087178,2087179,2087175,2087176,0,0,0,0
1790158209.6034758,2,0,-4,0,11150,5974,2113,495,2087208,2087209,2087205,2087206,0,0,0,0
1790158209.7426345,-2,4,0,3,11152,5974,2112,497,2087268,2087269,2087265,2087266,0,0,0,0
1790158209.7501786,-1,-1,-5,2,11154,5972,2111,498,2087298,2087299,2087295,2087296,0,0,0,0
1790158209.7991621,1,1,0,-4,11156,5969,2109,500,2087328,2087329,2087325,2087326,0,0,0,0
1790158210.010221,-1,-1,7,-2,11191,5886,2038,556,2087448,2087449,2087445,2087446,0,0,0,0
1790158210.2097032,-2,-3,7,0,11214,5857,2018,583,2087478,2087479,2087475,2087476,0,0,0,0
1790158210.2097032,1,0,-3,-1,11240,5842,2000,607,2087508,2087509,2087505,2087506,0,0,0,0
1790158210.2097032,1,-3,-1,5,11271,5841,1994,633,2087538,2087539,2087535,2087536,0,0,0,0
1790158210.2212148,6,-4,-1,1,11266,5823,1979,630,2087568,2087569,2087565,2087566,0,0,0,0
1790158210.3927083,-4,-3,-6,0,11277,5829,1980,633,2087598,2087599,2087595,2087596,0,0,0,0
1790158210.3927083,3,-1,-8,1,11270,5827,1984,635,2087628,2087629,2087625,2087626,0,0,0,0
1790158210.3927083,0,1,-1,0,11268,5835,1989,631,2087658,2087659,2087655,2087656,0,0,0,0
1790158210.609495,3,-1,-1,-8,11272,5837,1987,631,2087688,2087689,2087685,2087686,0,0,0,0
1790158210.6254687,-5,-1,-3,-1,11305,5822,1965,659,2087808,2087809,2087805,2087806,0,0,0,0
1790158210.755872,-16,-4,-3,0,11309,5815,1959,663,2087868,2087869,2087865,2087866,0,0,0,0
1790158210.7709134,-1,1,0,-2,11311,5811,1955,666,2087898,2087899,2087895,2087896,0,0,0,0
1790158210.8199375,1,-5,-1,2,11314,5808,1952,668,2087928,2087929,2087925,2087926,0,0,0,0
1790158211.0305402,-1,-3,2,2,11281,5828,1967,637,2088018,2088019,2088015,2088016,0,0,0,0
1790158211.0506108,-5,-3,-7,3,11276,5855,2006,631,2088048,2088049,2088045,2088046,0,0,0,0
1790158211.2336743,-5,-1,3,-2,11310,5822,1964,661,2088138,2088139,2088135,2088136,0,0,0,0
1790158211.248609,0,-1,-2,-1,11314,5816,1958,665,2088168,2088169,2088165,2088166,0,0,0,0
1790158211.4410672,-3,2,-5,-2,11306,5817,1960,659,2088258,2088259,2088255,2088256,0,0,0,0
1790158211.4410672,-1,-1,-1,3,11304,5817,1962,658,2088288,2088289,2088285,2088286,0,0,0,0
1790158211.6349773,-2,3,2,4,11311,5811,1958,666,2088348,2088349,2088345,2088346,0,0,0,0
1790158211.650869,-2,0,7,2,11316,5810,1955,670,2088408,2088409,2088405,2088406,0,0,0,0
1790158211.7553585,-1,-3,-11,-1,11314,5812,1957,668,2088468,2088469,2088465,2088466,0,0,0,0
1790158211.8526034,-5,-1,3,-5,11316,5814,1958,668,2088528,2088529,2088525,2088526,0,0,0,0
1790158212.053958,0,2,-2,-2,11319,5812,1955,674,2088588,2088589,2088585,2088586,0,0,0,0
1790158212.0603254,1,-3,-7,-5,11318,5817,1958,669,2088648,2088649,2088645,2088646,0,0,0,0
1790158212.150057,-6,0,-7,-4,11318,5817,1958,670,2088708,2088709,2088705,2088706,0,0,0,0
1790158212.150057,-6,0,-7,-4,11318,5817,1958,670,2088708,2088709,2088705,2088706,0,0,0,0
1790158212.1924381,2,-5,-4,0,11318,5816,1957,670,2088768,2088769,2088765,2088766,0,0,0,0
1790158212.2559767,-7,0,1,-3,11316,5816,1957,668,2088798,2088799,2088795,2088796,0,0,0,0
1790158212.4642155,1,0,5,-2,11321,5810,1952,674,2088888,2088889,2088885,2088886,0,0,0,0
1790158212.4703896,-1,3,2,-1,11321,5810,1951,674,2088918,2088919,2088915,2088916,0,0,0,0
1790158212.6587718,-3,-4,1,-2,11319,5810,1952,671,2088948,2088949,2088945,2088946,0,0,0,0
1790158212.6746783,-4,2,-3,1,11322,5807,1950,673,2089038,2089039,2089035,2089036,0,0,0,0
1790158212.6906817,3,-2,-3,3,11322,5805,1948,675,2089068,2089069,2089065,2089066,0,0,0,0
1790158212.7716484,-4,1,0,2,11319,5806,1949,673,2089098,2089099,2089095,2089096,0,0,0,0
1790158212.8697376,4,2,-1,-1,11318,5806,1951,672,2089158,2089159,2089155,2089156,0,0,0,0
1790158212.8913355,3,3,0,-2,11322,5803,1948,676,2089188,2089189,2089185,2089186,0,0,0,0
1790158213.0819364,6,-3,1,5,11324,5800,1946,679,2089218,2089219,2089215,2089216,0,0,0,0
1790158213.0819364,-2,0,-9,-2,11326,5800,1944,680,2089248,2089249,2089245,2089246,0,0,0,0
1790158213.2833464,-4,-1,-5,-5,11329,5796,1942,684,2089308,2089309,2089305,2089306,0,0,0,0
1790158213.2833464,1,-2,0,0,11334,5795,1940,687,2089338,2089339,2089335,2089336,0,0,0,0
1790158213.2833464,3,-2,0,-2,11334,5795,1938,688,2089368,2089369,2089365,2089366,0,0,0,0
1790158213.2833464,-5,1,-1,-3,11332,5796,1940,688,2089398,2089399,2089395,2089396,0,0,0,0
1790158213.483961,-4,-2,2,-4,11332,5797,1940,688,2089428,2089429,2089425,2089426,0,0,0,0
1790158213.483961,2,-5,3,0,11335,5795,1940,688,2089458,2089459,2089455,2089456,0,0,0,0
1790158213.483961,1,-4,1,0,11337,5793,1937,692,2089488,2089489,2089485,2089486,0,0,0,0
1790158213.4999003,0,1,3,-1,11333,5799,1942,687,2089548,2089549,2089545,2089546,0,0,0,0
1790158213.693454,0,-4,-11,-2,11331,5804,1947,684,2089578,2089579,2089575,2089576,0,0,0,0
1790158213.693454,-6,-1,-6,1,11330,5804,1947,684,2089608,2089609,2089605,2089606,0,0,0,0
1790158213.693454,-2,-1,2,-4,11338,5798,1939,691,2089668,2089669,2089665,2089666,0,0,0,0
1790158213.7572143,-6,-1,-1,3,11340,5797,1938,692,2089698,2089699,2089695,2089696,0,0,0,0
1790158213.9025986,0,-1,5,4,11334,5801,1941,686,2089758,2089759,2089755,2089756,0,0,0,0
1790158213.907515,-2,0,-6,0,11336,5801,1940,687,2089788,2089789,2089785,2089786,0,0,0,0
1790158214.0979183,0,-1,-1,-1,11337,5797,1939,690,2089818,2089819,2089815,2089816,0,0,0,0
1790158214.0979183,0,0,5,3,11338,5795,1935,691,2089878,2089879,2089875,2089876,0,0,0,0
1790158214.1954296,6,2,1,-3,11338,5797,1938,691,2089908,2089909,2089905,2089906,0,0,0,0
1790158214.2114732,0,4,-3,-2,11339,5795,1934,691,2089938,2089939,2089935,2089936,0,0,0,0
1790158214.227766,6,2,-1,0,11341,5790,1933,692,2089968,2089969,2089965,2089966,0,0,0,0
1790158214.307188,1,1,1,3,11344,5789,1931,696,2089998,2089999,2089995,2089996,0,0,0,0
