unix_timestamp,acc_x,acc_y,acc_z,gyro_x,gyro_y,gyro_z
1790068928.3655753,-0.00345,0.00573,-0.99852,0.00383,0.00334,0.00033
1790068928.3655753,-0.00428,0.0071,-0.99866,0.00172,0.00357,-0.00033
1790068928.3655753,-0.00369,0.00569,-0.99824,0.0044,0.00352,0.00261
1790068928.5727186,-0.0049,0.00395,-0.99781,0.00281,0.00698,0.0044
1790068928.5727186,-0.00285,0.00587,-1.00025,0.00153,0.00301,-0.00123
1790068928.7737894,-0.00227,0.00513,-0.99752,0.00121,0.00164,0.0011
1790068928.950317,-0.00344,0.00621,-0.99971,0.00297,0.00505,-1e-05
1790068929.190682,-0.00434,0.00597,-0.99802,0.00236,0.00266,-0.00118
1790068929.190682,-0.00309,0.00672,-0.99683,0.00326,0.00562,-0.00223
1790068929.3977494,-0.00266,0.00655,-0.99839,0.00078,0.00415,0.00059
1790068929.5931904,-0.00313,0.00622,-0.99828,0.00183,0.0028,-0.00013
1790068929.794154,-0.00502,0.00391,-0.99909,0.00535,0.0039,0.00197
1790068929.794154,-0.00326,0.009,-0.9991,0.00154,0.00301,6e-05
1790068929.9556036,-0.00353,0.00227,-0.99949,0.0025,0.00548,0.00014
1790068930.0034122,-0.00469,0.00696,-0.99859,0.00508,0.00315,0.00132
1790068930.0988622,-0.00494,0.00561,-0.99773,0.00068,0.00349,0.00031
1790068930.209719,-0.00322,0.00588,-0.99734,0.0003,0.00275,0.00271
1790068930.4208715,-0.0043,0.00613,-0.99779,0.00041,0.00217,0.00109
1790068930.6017618,-0.0044,0.00533,-0.99875,0.00232,0.00098,0.00255
1790068930.6057506,-0.00367,0.0058,-1.00045,0.00096,0.00424,0.0015
1790068930.8266158,-0.00457,0.00387,-1.00099,0.00228,0.00534,0.00288
1790068930.8309712,-0.0054,0.00517,-0.99688,0.00729,0.00441,0.00266
1790068930.9412837,-0.00318,0.00702,-0.99887,0.00016,0.00355,0.00243
1790068931.0367773,-0.00393,0.00664,-0.99821,0.00234,0.00222,2e-05
1790068931.1319523,-0.0039,0.00509,-0.99916,0.00394,0.00349,0.00096
1790068931.2272618,-0.00342,0.00635,-0.99793,-0.00014,0.004,0.00232
1790068931.4336724,-0.00434,0.00297,-0.99792,0.00124,0.00371,0.00075
1790068931.6392887,-0.00711,0.0026,-0.99919,0.00389,0.0018,0.00256
1790068931.8467124,-0.00509,0.00673,-0.99966,0.00245,0.00366,-0.00042
1790068931.8467124,-0.00307,0.00431,-0.99834,0.00195,-0.00034,-0.00121
1790068931.9599557,-0.00967,0.00104,-1.00034,0.00426,0.00669,0.01731
1790068932.023308,0.00266,0.02073,-0.99941,-0.00093,0.00673,-0.0256
1790068932.2620194,-0.0062,0.00031,-0.99785,0.00387,0.00063,0.00825
1790068932.4550772,-0.00304,0.00564,-0.99896,0.00348,0.00338,0.00124
1790068932.673335,-0.00413,0.00726,-0.99993,0.00373,0.00353,0.00031
1790068932.6753423,-0.00581,0.00434,-1.00084,0.00183,0.00429,0.00398
1790068932.8724623,-0.00467,0.00481,-0.99894,0.00146,0.0064,-0.00013
1790068932.8724623,-0.00317,0.00776,-1.00041,0.00242,0.00143,-0.00182
1790068932.9850621,-0.00404,0.00451,-0.99948,0.00177,0.00482,-0.00069
1790068933.0816746,-0.00581,0.00399,-0.99839,0.00358,0.00129,0.00307
1790068933.2778215,-0.00359,0.00637,-0.99995,0.00109,0.00458,-0.00138
1790068933.4854648,-0.00529,0.00559,-0.9993,0.00184,0.00052,0.00161
1790068933.50141,0.00574,0.02741,-0.99932,-0.00262,0.00826,-0.03069
1790068933.6450415,-0.00127,-0.00423,-0.99916,-0.00029,0.00917,0.01202
1790068933.6450415,-0.00028,0.01239,-0.99851,0.00084,0.00222,-0.00436
1790068933.886366,-0.00573,0.00608,-0.99838,0.00454,0.00346,-0.00128
1790068933.9822774,-0.00617,0.00701,-0.99944,0.00381,-0.00195,-0.00086
1790068934.1101992,-0.00477,0.00269,-1.0003,-0.00161,0.00383,0.00576
1790068934.303103,-0.00344,0.00591,-0.99806,0.0017,0.00665,0.00032
1790068934.3131788,-0.00579,-0.00035,-0.99746,0.00532,0.00697,0.02237
1790068934.5137787,0.01316,0.01549,-0.99899,0.005,-0.0036,-0.02313
1790068934.5137787,0.00361,0.01175,-0.99993,0.00226,0.00068,-0.01825
1790068934.7046988,-0.01288,-0.00888,-1.00047,0.00051,0.00319,0.01123
1790068934.714994,-0.00349,0.01034,-0.99845,-0.00042,0.00318,0.0051
1790068934.925078,-0.00134,0.00988,-0.99852,-0.00098,0.00451,-0.0043
1790068934.925078,-0.00596,0.00391,-0.99925,0.00269,0.00522,0.00245
1790068934.9898407,-0.00192,0.00941,-0.99761,0.00772,0.0041,0.00233
1790068935.1019473,-0.00192,0.00941,-0.99761,0.00772,0.0041,0.00233
1790068935.1816006,-0.00383,0.00825,-0.99838,0.0027,0.00502,-0.00453
1790068935.2456846,0.1053,0.00391,-0.99094,-0.0273,0.03115,-0.00802
1790068935.3415015,0.09328,-0.00147,-1.01223,0.00404,-0.04683,-0.00092
1790068935.4375913,-0.09955,0.01251,-0.99023,-0.0036,-0.02238,-0.00531
1790068935.536812,-0.09955,0.01251,-0.99023,-0.0036,-0.02238,-0.00531
1790068935.6786146,0.02125,0.00503,-0.99956,0.00454,0.01086,0.00795
1790068935.7425203,0.09037,0.0206,-0.99837,-0.00383,-0.00798,-0.0005
1790068935.871774,0.02014,0.01089,-1.00875,-0.01005,0.00036,-0.02379
1790068935.9990914,-0.08669,-0.01803,-1.00536,0.02696,-0.00179,0.02837
1790068936.062624,-0.04671,0.02152,-0.97944,0.03001,0.02287,-0.02188
1790068936.1912978,0.00934,-0.00903,-0.99648,-0.00617,-0.00244,0.00132
1790068936.3213289,0.04693,0.02237,-0.98846,0.00834,0.01253,-0.00535
1790068936.3822086,0.00331,0.01609,-1.00452,-0.00221,0.00887,-0.02242
1790068936.4626045,-0.04076,-0.02898,-0.994,-0.03305,0.0019,0.04342
1790068936.559202,-0.04285,0.00581,-1.00681,-0.00854,-0.03271,0.02752
1790068936.722793,0.00012,-0.00344,-1.00614,-0.03106,-0.00804,0.00719
1790068936.7833803,0.01424,-0.00219,-0.9956,0.04258,-0.00723,-0.0011
1790068936.8958724,0.00092,0.03132,-1.00021,0.00723,0.0099,-0.00013
1790068937.0074556,-0.01354,0.03156,-1.00609,-0.01681,0.00808,-0.02675
1790068937.0882783,-0.02138,-0.01722,-1.00814,-0.01376,-0.01405,0.02621
1790068937.1845813,-0.02048,-0.01111,-1.00554,0.01548,-0.01351,0.00428
1790068937.382279,-0.24231,-0.03107,-1.00259,-0.0054,0.02233,0.12198
1790068937.382279,-0.09875,0.03227,-0.99342,-0.01003,0.02396,0.03521
1790068937.5835087,0.00713,-0.00471,-0.99932,0.00124,0.01077,0.00646
1790068937.599449,-0.00765,-0.00176,-0.99964,0.00426,-0.00016,0.01566
1790068937.78987,-0.0122,-0.00456,-0.99643,0.00158,0.00449,0.01766
1790068937.78987,-0.01591,-0.0071,-0.99968,0.00062,0.00256,0.0226
1790068937.9614162,-0.01436,-0.00524,-0.99838,0.00139,0.00423,0.02087
1790068937.997697,-0.01368,-0.0014,-0.99929,0.00212,0.00334,0.01751
1790068938.1419556,-0.0124,-0.00154,-0.99865,0.00173,0.00245,0.01819
1790068938.1901433,-0.01112,-0.00422,-0.99965,0.00316,0.00703,0.01678
1790068938.3994014,-0.01674,-0.00078,-0.99736,-0.00028,0.00413,0.01121
1790068938.6092563,-0.01361,-6e-05,-1.00109,0.00373,0.00137,0.01519
1790068938.8041363,-0.01295,-0.00075,-1.00031,0.00273,0.00428,0.01445
1790068938.819856,-0.00926,0.00244,-0.99999,-0.00027,0.00205,0.01559
1790068938.9812684,-0.00826,0.00334,-0.99618,0.00301,0.00124,-0.001
1790068938.9812684,-0.01475,-0.00119,-0.99932,0.0049,0.00535,0.01178
1790068939.2223012,-0.00885,0.00208,-0.99875,0.00322,0.00657,-0.00081
1790068939.4161084,0.00089,0.02213,-1.00078,0.00197,0.00512,-0.00695
1790068939.4321973,-0.00935,0.00616,-0.99862,0.0015,0.00288,0.00434
1790068939.6366048,-0.01128,0.00462,-0.9999,0.00049,0.00202,0.00991
1790068939.838158,-0.01198,-0.00345,-0.99974,0.00184,0.00606,0.0169
1790068940.0443428,-0.01475,-0.00832,-0.99832,0.00384,0.00632,0.02162
1790068940.0443428,-0.01362,-0.00956,-0.99899,0.00464,0.00551,0.02214
1790068940.253039,-0.01453,-0.00677,-0.99985,0.003,0.00869,0.01469
1790068940.253039,-0.01142,-0.00304,-0.99832,0.00313,0.00528,0.0077
1790068940.4473157,-0.00495,0.00115,-1.00169,-0.00034,0.00384,-0.01101
1790068940.4473157,-0.02091,-0.0191,-1.00022,-0.00436,-0.00438,0.02069
1790068940.6073782,-0.01684,-0.00554,-0.99918,0.00369,0.00216,0.02414
1790068940.6234186,-0.01568,-0.00561,-0.99817,0.00131,0.00343,0.03169
1790068940.8648646,-0.00689,0.01117,-1.00089,-0.00011,0.00619,-0.00294
1790068941.0739574,-0.01358,-0.01219,-0.99743,0.00243,0.00478,0.02113
1790068941.0739574,-0.01347,-0.00319,-0.99863,0.00088,0.00298,0.00494
1790068941.268575,-0.01272,-0.00025,-0.99828,0.00094,0.00334,-0.00044
1790068941.4864414,-0.01277,0.01054,-0.99822,0.00103,0.00537,-0.00799
1790068941.6783278,-0.00848,0.00774,-0.99844,0.00119,0.00583,-0.01124
1790068941.6783278,-0.00505,0.01888,-0.99842,0.00388,0.00344,-0.02321
1790068941.8806603,-0.00284,0.01777,-0.99781,0.00582,0.00652,-0.02275
1790068941.8806603,-0.0044,0.02963,-0.99934,0.00211,0.00664,-0.02103
1790068941.9933774,-0.01282,-0.00127,-0.9996,0.00228,0.00356,0.01163
1790068942.0898983,-0.01323,-0.00188,-0.99896,0.00391,-0.00073,0.01572
1790068942.1440012,-0.01388,-0.00635,-1.00065,0.0005,0.00493,0.02521
1790068942.2516832,0.20993,0.05012,-1.0033,0.0007,0.04595,-0.11282
1790068942.3791873,0.17151,-0.0282,-1.00014,0.04328,0.00883,0.0145
1790068942.4646902,0.01809,0.03148,-0.99154,-0.01091,-0.02032,-0.00793
1790068942.5860422,-0.08299,-0.01216,-1.01938,-0.0232,0.00089,0.0197
1790068942.6343632,-0.08299,-0.01216,-1.01938,-0.0232,0.00089,0.0197
1790068942.7626083,0.03826,-0.00906,-1.00604,-0.01614,-0.00332,0.04328
1790068942.8428912,-0.00559,-0.00998,-1.00383,0.03678,0.01343,0.01004
1790068942.956119,-0.05658,0.00994,-0.99908,-0.00987,0.02265,0.00749
1790068943.0846822,-0.02723,0.00971,-0.99577,-0.01368,0.01871,-0.00174
1790068943.1653326,0.01519,0.00501,-1.00408,-0.02275,0.02974,-0.01068
1790068943.3087435,0.0324,0.0109,-0.98955,-0.00174,0.00423,-0.013
1790068943.3571692,-0.02735,0.0037,-0.99483,0.0188,-0.01617,0.01195
1790068943.4861138,-0.01528,0.01901,-0.98578,-0.00741,0.00903,-0.02249
1790068943.60106,0.00135,0.02135,-1.00026,0.03114,-0.00963,-0.01356
1790068943.679606,0.00116,0.00235,-1.01387,-0.01172,-0.00065,0.03224
1790068943.7913625,-0.01108,-0.00422,-0.99781,-0.02283,-0.0039,0.01045
1790068943.9205198,-0.0112,0.01092,-0.98845,-0.01957,-0.00663,-0.01338
1790068944.001042,-0.02658,-0.00969,-0.99497,0.02035,-0.00038,0.0045
1790068944.0823653,-0.00373,0.03072,-0.99622,0.03195,0.01824,-0.01606
1790068944.3410468,-0.04865,-0.00517,-0.98443,0.00337,-0.03815,0.03252
1790068944.3410468,-0.17386,-0.01505,-0.99896,-0.01053,0.00945,0.08022
1790068944.5504847,-0.05899,0.01019,-0.99618,0.01228,0.02224,0.02053
1790068944.5663478,-0.01932,0.00832,-0.99935,0.00581,0.0072,-0.00094
1790068944.7431867,-0.01202,0.00563,-1.00011,0.00139,0.00449,-0.00132
1790068944.7832289,-0.0091,0.00638,-0.99846,0.00027,0.00518,0.00098
1790068944.96443,-0.00759,0.01358,-0.99943,0.00287,0.00953,0.00033
1790068945.0046008,-0.01315,-0.00107,-1.00159,0.0038,0.00577,0.00835
1790068945.160837,-0.01158,0.00923,-1.0005,-0.00048,0.00419,-0.00189
1790068945.3185716,-0.00899,0.00653,-0.99918,-0.00074,0.00648,-0.00199
1790068945.3420005,-0.01114,0.00507,-0.99976,0.00262,0.00249,0.0027
1790068945.5691247,-0.00976,0.00964,-0.99886,0.00035,0.0047,-0.00037
1790068945.5691247,-0.01334,0.01864,-0.9995,0.00032,0.00564,-0.00946
1790068945.7782335,-0.0081,0.00769,-0.99956,0.0029,0.00451,-0.00064
1790068945.97207,-0.00926,0.00308,-0.99766,0.00313,0.00228,-0.00129
1790068945.9897816,-0.01211,0.00563,-1.00015,0.00024,0.00706,0.00214
1790068946.0842314,-0.00966,0.00739,-0.99943,0.00094,0.00493,0.00015
1790068946.164939,-0.01039,0.01523,-0.9984,5e-05,0.00739,-0.0043
1790068946.3917134,-0.0131,-0.00243,-0.999,0.0004,0.00315,-0.00538
1790068946.3917134,-0.00746,0.01485,-0.99833,-0.00173,0.00838,-0.00049
1790068946.423929,-0.00652,0.01582,-0.99867,0.00125,-0.00015,-0.0046
1790068946.6013696,-0.01126,0.00527,-0.99848,0.00448,0.00298,0.00505
1790068946.795121,-0.01068,0.00492,-1.00036,0.00326,0.00359,0.00107
1790068947.003933,-0.00946,0.00648,-1.00095,0.00187,0.00182,0.00122
1790068947.003933,-0.00848,0.00603,-0.99952,0.00115,0.00469,0.00414
1790068947.0842788,-0.00944,0.00645,-0.99844,0.00193,0.00615,0.00196
1790068947.1975918,-0.01196,0.0056,-1.00142,0.00167,0.00137,0.00253
1790068947.409529,-0.00846,0.0086,-0.99788,0.00282,0.00672,0.00117
1790068947.409529,-0.00924,0.00938,-0.99888,0.00164,0.00336,-0.0005
1790068947.5911758,-0.01435,-0.00859,-0.99778,0.00722,0.00105,0.00983
1790068947.6011276,-0.01828,-0.03028,-0.99872,0.00356,0.00712,0.02675
1790068947.8225858,-0.00933,0.00697,-0.99885,0.00418,0.00489,-0.00307
1790068948.0342884,-0.01406,0.00328,-1.00136,-0.00049,0.00165,0.00299
1790068948.0965886,-0.00867,0.00845,-0.99824,-0.00091,0.0043,0.00283
1790068948.209034,-0.015,0.00942,-0.99793,0.0017,0.00379,0.00057
1790068948.43547,-0.01173,0.00746,-0.99854,9e-05,0.0084,0.00588
1790068948.5317323,-0.01399,0.00263,-0.99916,0.00234,0.00347,0.00141
1790068948.6465108,-0.00733,0.00939,-0.99768,0.00313,0.00198,-0.00166
1790068948.8366067,0.0351,0.05521,-1.01694,-0.02706,-0.05158,1.44646
1790068948.8524492,-0.00332,-0.05932,-1.01367,-0.0143,-0.01948,1.42625
1790068949.1119573,0.03313,0.00477,-0.99607,0.01106,0.00211,1.4404
1790068949.1119573,-0.01866,-0.01767,-0.98944,-0.00606,-0.01365,1.55326
1790068949.2569869,0.0023,-0.01679,-0.97024,0.01529,0.02096,1.57281
1790068949.4655123,0.01963,-0.01611,-0.99688,-0.03936,-0.01417,1.58409
1790068949.4675236,0.0256,0.01958,-1.04613,-0.0456,-0.02621,1.50826
1790068949.670771,0.01366,0.00342,-0.99471,0.00687,-0.00282,1.53236
1790068949.670771,0.01136,-0.01808,-1.00169,-0.02126,-0.01003,1.61932
1790068949.862357,-0.0284,-0.01797,-0.99745,0.01253,-0.01132,0.65975
1790068949.8824074,0.01248,0.06918,-0.99863,0.0104,0.00773,0.12229
1790068950.072642,-0.00774,0.01606,-0.99715,0.00252,0.00699,0.0098
1790068950.0833695,-0.00593,0.01147,-0.99899,0.00453,0.00064,0.00284
1790068950.1206279,-0.00785,0.00838,-0.99854,0.00025,0.00675,0.00162
1790068950.284809,-0.00671,0.01215,-0.99807,0.00545,0.00483,0.00112
1790068950.4856396,-0.0079,0.01074,-0.99748,0.00339,0.00494,0.00202
1790068950.4856396,-0.00843,0.00227,-0.99958,0.00611,0.00324,-0.01444
1790068950.6923738,-0.004,0.01003,-0.99883,-0.00062,0.00294,-0.01033
1790068950.7887747,-0.00821,0.01053,-0.99789,0.00195,0.00324,0.00092
1790068950.9013863,-0.00819,0.01109,-1.00006,0.00299,0.00472,0.00191
1790068950.988012,-0.01888,0.01328,-0.99847,0.00285,0.00987,-0.00278
1790068951.0457542,-0.00269,0.02412,-0.99891,0.00652,-0.00386,-0.0143
1790068951.1586626,0.20475,0.01132,-1.00967,0.00777,0.00809,-0.00197
1790068951.2387369,0.1989,0.02381,-0.99537,0.02341,-0.02045,-0.04645
1790068951.3663945,-0.14874,0.01042,-0.94653,-0.01163,0.03556,0.01192
1790068951.4897752,-0.07503,0.02058,-0.97457,-0.01364,0.00226,0.00999
1790068951.5592904,0.05514,0.01816,-0.99283,0.00389,0.02189,0.00734
1790068951.6722517,0.07501,-0.00131,-0.96705,-0.01539,0.02562,0.00305
1790068951.799752,-0.02948,0.0313,-1.00132,-0.00023,-0.00342,-0.02128
1790068951.8793073,-0.07614,0.00328,-0.99825,-0.02115,0.05389,0.01412
1790068951.9917705,-0.04989,-0.01661,-1.02075,-0.01377,-0.00507,0.03277
1790068952.1353636,0.02033,0.00046,-1.02087,0.03019,0.01226,0.01227
1790068952.1992087,0.02645,0.02445,-0.99005,0.00218,0.02673,-0.02526
1790068952.3122473,-0.00998,0.022,-0.9642,0.00102,0.02848,-0.00407
1790068952.3763714,-0.03794,0.01861,-1.00064,-0.00055,0.01764,-0.00286
1790068952.5204015,-0.01726,0.00116,-1.01216,0.00342,0.02816,0.01494
1790068952.5849192,-0.00381,-0.00242,-1.01453,0.01237,0.01468,-0.01759
1790068952.7292829,-0.00666,-0.01209,-1.02703,-0.00819,-0.0345,0.01582
1790068952.8274016,-0.01164,0.01376,-0.99232,-0.00768,-0.02444,-0.01647
1790068952.9033055,-0.01293,0.02623,-0.99641,0.0011,-0.00193,-0.00314
1790068953.1601639,-0.00806,0.02058,-0.9992,-0.00452,0.02003,-0.00458
1790068953.1601639,-0.05002,0.03858,-1.00196,-0.00401,-0.0407,-0.03836
1790068953.2589455,-0.19843,-0.01543,-0.99058,0.02213,0.00469,-0.01752
1790068953.3691952,-0.05126,0.00357,-1.00406,0.00229,0.01199,-0.0131
1790068953.5615606,-0.0217,-0.00327,-1.00099,0.00365,0.00744,0.01336
1790068953.5615606,-0.0046,0.01554,-0.99883,0.00359,0.00596,-0.00521
1790068953.6830342,-0.00672,0.00835,-0.99895,0.00692,0.00494,0.00296
1790068953.769908,-0.0054,0.01239,-0.99948,-0.00034,0.00467,-0.00048
1790068953.866283,-0.00117,0.03503,-0.99789,0.00202,0.0059,-0.05516
1790068953.962925,0.00248,0.02953,-0.99747,0.00201,0.00472,-0.02555
1790068954.1239843,-0.0086,0.0004,-0.99892,0.00424,0.00729,0.02578
1790068954.1401393,-0.00685,0.01129,-1.00019,0.00408,0.00062,-0.00119
1790068954.3818111,-0.00684,0.01205,-0.99935,0.00114,0.00413,-0.00198
1790068954.5755663,-0.00882,0.01386,-0.9985,0.00249,0.00461,0.00364
1790068954.5755663,-0.00612,0.01032,-0.99763,0.00034,0.00545,0.00253
1790068954.785246,-0.00648,0.00866,-0.99935,0.00114,0.00234,0.00024
1790068954.785246,-0.00764,0.00869,-1.0018,-0.001,0.00302,-0.00058
1790068954.969585,-0.0097,0.01041,-0.99998,0.00216,0.00708,0.00034
1790068954.9774375,-0.00244,0.04366,-0.99741,0.00434,0.00318,-0.04031
1790068955.170028,-0.00796,-0.0045,-0.99996,0.00274,0.00333,-0.00515
1790068955.3952982,-0.00614,0.01797,-0.9996,0.00236,-0.00159,-0.00259
1790068955.609564,-0.00914,0.01009,-0.99939,0.00527,0.00426,0.00259
1790068955.609564,-0.00545,0.01144,-0.99843,0.00214,0.00582,0.00034
1790068955.8131104,-0.00751,0.00831,-0.99827,0.00142,0.00399,0.00039
1790068955.8131104,-0.00738,0.01183,-0.99918,0.00299,0.00508,-0.00063
1790068956.0106518,-0.00617,0.01069,-0.99823,0.00424,0.00415,-0.00108
1790068956.0106518,-0.00643,0.00947,-0.99828,0.00272,0.00384,0.00229
1790068956.1850803,-0.00857,0.01224,-0.99879,0.00309,0.00246,-0.00251
1790068956.201106,-0.00673,0.0084,-0.99887,0.00058,0.0031,-0.00048
1790068956.3624618,-0.01275,-0.00257,-0.99759,0.00327,0.00966,0.00603
1790068956.3784175,-0.0143,-0.01363,-0.99891,0.00349,0.01093,0.02887
1790068956.6193476,-0.01247,0.00089,-0.99734,0.00454,-0.00491,0.00317
1790068956.635214,-0.0107,0.00101,-1.00043,0.00264,0.00564,0.00607
1790068956.8271635,-0.00519,0.01378,-0.99704,0.00197,0.00781,-0.00321
1790068956.8271635,-0.00666,0.0096,-0.99938,0.00076,0.0055,-0.00023
1790068957.0368278,-0.00778,0.00931,-0.99904,0.00397,0.00415,0.00101
1790068957.0368278,-0.00493,0.02608,-0.9996,0.00041,0.00187,-0.03642
1790068957.1484466,-0.01364,-0.01289,-0.99829,0.00569,0.00336,0.04517
1790068957.1655493,-0.00961,-0.00579,-0.99756,0.00128,0.00981,0.01134
1790068957.4527738,-0.00869,0.01888,-0.99776,0.00326,0.0005,4e-05
1790068957.4527738,-0.00886,0.01072,-0.9985,0.00236,0.00384,0.00158
1790068957.6465044,-0.1544,-0.3975,-0.98996,0.06357,-0.01573,1.61265
1790068957.6625514,0.0086,-0.02031,-0.98968,0.02091,0.02261,1.2755
1790068957.8562315,0.00519,0.00011,-1.01079,-0.01235,-0.01124,1.52042
1790068958.0639179,-0.00164,-0.04189,-1.00656,0.01698,-0.01406,1.55766
1790068958.0795915,0.02881,0.01335,-0.98946,0.01768,0.00772,1.51894
1790068958.2225072,0.02897,-0.0105,-0.98457,-0.01815,0.00516,1.56694
1790068958.2859824,0.02351,0.00322,-0.97233,0.0713,-0.0048,1.5154
1790068958.4632232,0.00528,-0.00407,-1.02785,-0.02129,0.01015,1.60236
1790068958.671822,0.00828,-0.02312,-1.00462,0.03539,-0.02619,1.59368
1790068958.8804684,0.02982,-0.02132,-0.9723,0.00716,-0.01389,1.62489
1790068959.0896628,0.01508,0.0003,-1.0107,0.00936,-0.02112,1.57051
1790068959.1057844,0.0011,-0.00203,-1.01725,-0.02094,-0.02644,1.62482
1790068959.2248924,0.03032,-0.00108,-1.00439,-0.01578,-0.04119,1.57742
1790068959.299659,0.02442,-0.01065,-0.98082,0.01157,-0.01104,1.53445
1790068959.4927597,0.0179,-0.00184,-0.97105,0.04052,0.01497,1.53788
1790068959.701848,0.01306,0.07326,-0.99759,0.00082,-0.00381,0.25038
1790068959.895642,-0.01603,-0.01111,-1.0003,0.0087,0.00963,-0.00213
1790068959.9115384,-0.00464,0.00497,-1.00037,0.00359,0.00272,0.00083
1790068960.023713,-0.00432,0.00485,-0.99762,0.00273,0.00457,-0.00083
1790068960.2295337,-0.00799,0.00812,-0.99856,0.00479,0.00426,-0.00535
1790068960.3213558,0.00319,0.00857,-0.99825,0.00346,0.00499,-0.00603
1790068960.5125468,-0.00709,0.00395,-0.99893,3e-05,0.00167,0.00428
1790068960.5125468,-0.01018,0.00582,-0.99937,0.00377,0.00521,-0.00164
1790068960.730446,-0.00749,0.00557,-0.99815,0.00588,0.00355,0.00076
1790068960.9311616,-0.00823,0.00617,-1.00003,0.00419,0.00198,0.00176
1790068960.9311616,-0.01007,0.00313,-0.99848,0.00267,0.00546,-0.00137
1790068961.1381109,-0.00748,0.00499,-0.99901,0.00484,0.00248,0.00107
1790068961.1381109,-0.00364,0.00734,-1.00036,0.00561,-0.0052,-0.04116
1790068961.2347064,0.00024,-0.00316,-0.99873,0.00148,0.00482,0.00769
1790068961.3219607,-0.00837,0.01054,-1.00038,0.00422,0.00215,0.00318
1790068961.459299,0.07856,0.00778,-0.99388,0.01148,0.02351,-0.00339
1790068961.5229573,0.24201,0.03726,-0.99357,0.00072,0.00991,-0.06745
1790068961.6343718,0.09281,-0.02683,-0.9681,0.00637,-0.03559,0.04926
1790068961.7455359,-0.08416,0.01004,-1.0305,0.00217,-0.03226,0.01613
1790068961.8456118,-0.13382,0.00624,-1.01444,-0.03793,-0.01222,0.01019
1790068962.0152721,-0.00633,-0.00512,-0.99695,-0.04167,0.00152,0.02016
1790068962.0152721,0.07204,-0.00382,-1.00616,-0.01733,-0.00929,0.00179
1790068962.1592238,0.02192,0.02891,-0.9716,0.04302,0.02067,-0.03505
1790068962.2229848,-0.05764,0.00699,-0.99509,0.0165,0.01455,0.00143
1790068962.336683,-0.04565,0.01484,-0.99317,0.02553,0.0133,0.00258
1790068962.4793565,0.00923,-0.00176,-0.99872,0.01501,0.03817,0.02162
1790068962.5437698,0.02793,0.01041,-0.99774,-0.0216,0.03727,0.01426
1790068962.6557274,-0.00314,-0.00175,-1.01238,-0.02671,0.00833,0.00098
1790068962.7677698,-0.03241,-0.00832,-0.98518,0.00409,0.01955,0.00217
1790068962.8632896,-0.00673,0.05146,-0.97588,0.00035,0.03311,-0.02619
1790068962.991252,0.03343,0.01539,-0.98644,0.02246,0.00389,-0.00281
1790068963.1035929,0.00546,-0.00588,-1.01338,0.0045,-0.00994,0.02553
1790068963.1671288,-0.01423,0.02833,-1.00158,0.00949,0.03316,-0.02311
1790068963.2472866,-0.01999,0.00505,-0.99422,-0.00195,0.00518,-0.00503
1790068963.4050932,0.004,0.00343,-0.97982,-0.01313,-0.002,0.01235
1790068963.5971382,0.004,0.00343,-0.97982,-0.01313,-0.002,0.01235
1790068963.7897656,0.00673,-0.00955,-1.00058,0.00717,0.01107,-0.01549
1790068963.9981458,-0.01267,-0.0072,-0.99826,0.00332,0.00636,0.0157
1790068964.205542,-0.01165,0.01261,-0.9983,0.00363,0.00605,-0.00906
1790068964.2534466,-0.00643,0.00994,-0.99831,0.0025,0.00408,0.00159
1790068964.4158874,-0.00825,0.00215,-0.99753,0.00239,0.0024,0.01688
1790068964.576599,-0.0108,-0.00118,-0.99966,0.00336,0.00573,0.02165
1790068964.8132334,0.0056,0.00932,-0.99893,0.00323,0.01108,-0.00354
1790068964.8132334,-0.00694,0.01979,-0.99866,-0.00179,0.00444,-0.01714
1790068965.0199225,-1e-05,0.01788,-0.99851,0.0034,0.00684,-0.01458
1790068965.0199225,-0.00227,0.01399,-0.99966,0.00193,0.0045,-0.00322
1790068965.2269554,-0.00673,0.00797,-0.99742,0.00249,0.00488,0.00761
1790068965.38729,-0.00487,0.00725,-1.00076,0.00101,0.00156,0.00389
1790068965.4033813,-6e-05,0.0089,-0.99886,0.0011,0.00549,-0.04475
1790068965.6436348,-0.00457,0.00463,-0.99781,0.00275,0.00503,-0.00877
1790068965.8505483,-0.00736,0.01044,-1.00078,0.00339,0.00613,-0.01671
1790068966.02765,-0.00227,0.02155,-0.99798,0.00087,0.00223,-0.02478
1790068966.02765,-0.00056,0.02011,-0.99898,-0.00025,0.004,-0.0196
1790068966.2533278,-0.00055,0.02128,-0.99969,0.00291,0.00492,-0.02207
1790068966.2533278,-0.00396,0.0176,-0.99985,0.00381,0.00382,-0.01213
1790068966.285782,-0.00364,0.01457,-0.99807,0.00271,0.00369,-0.00021
1790068966.4636126,-0.0081,0.00337,-0.99715,0.00156,0.0035,0.01106
1790068966.6581452,-0.00888,-0.00151,-0.99765,0.00391,0.00279,0.02151
1790068966.6581452,-0.01049,-0.00446,-0.99816,0.00111,0.00203,0.0235
1790068966.855132,-0.00654,-0.00118,-0.99779,0.0051,0.00553,-0.00535
1790068967.0103412,-0.0046,0.02217,-1.00013,0.00313,-0.00024,-0.02252
1790068967.024266,-0.00258,0.02029,-0.9984,0.00673,0.00471,-0.01534
1790068967.2817917,0.00145,0.02379,-0.99824,0.00362,0.00208,-0.02088
1790068967.2817917,0.00089,0.0162,-0.99942,0.00154,0.00568,-0.01796
1790068967.4740648,-0.00438,0.01538,-0.99919,0.00217,0.0038,-0.02381
1790068967.4740648,-0.00199,0.02457,-0.99964,-0.00011,0.0053,-0.02451
1790068967.682175,0.00018,0.01913,-1.00042,0.00208,0.0047,-0.0239
1790068967.6979048,-0.0054,-0.01032,-0.99854,0.00542,0.01104,0.01404
1790068967.8107188,-0.01185,-0.00076,-0.99909,0.00376,0.00551,0.0146
1790068968.0607755,-0.00911,-0.00411,-0.99893,0.00167,0.00408,0.0084
1790068968.2903252,-0.00324,0.01236,-0.9999,-0.00247,0.00354,-0.02242
1790068968.3060412,-0.00095,0.01938,-0.99788,0.00348,0.00278,-0.02314
1790068968.325818,-0.03036,-0.12046,-0.97539,0.02826,0.04186,-1.29414
1790068968.514389,0.02077,0.00226,-0.99948,0.03012,0.04865,-1.44854
1790068968.7193651,0.02527,0.00795,-0.99615,-0.02266,0.0315,-1.53064
1790068968.7193651,0.02621,0.01005,-0.97642,-0.02385,0.03299,-1.56481
1790068968.9134364,0.03587,0.05806,-1.01334,-0.02623,-0.01912,-1.62021
1790068969.1195476,0.01469,-0.02725,-0.99975,0.00808,0.02853,-1.57038
1790068969.2947423,0.04087,0.00562,-0.99763,-0.00129,0.02013,-1.5734
1790068969.2947423,-0.00634,-0.0696,-0.99901,0.02123,-0.00844,-1.34028
1790068969.5325124,-0.01464,-0.03732,-0.99917,0.00078,0.00865,0.04143
1790068969.5325124,-0.00489,0.00867,-0.99933,0.00345,0.00772,0.00282
1790068969.7362053,-0.00696,-0.00076,-0.99976,0.00036,0.00402,0.02945
1790068969.7362053,-0.0078,0.01838,-0.9995,0.00509,0.00508,-0.00753
1790068969.9460678,-0.00598,0.00482,-1.00063,0.00025,0.00304,0.00538
1790068970.1394284,-0.00314,0.01107,-0.9989,0.00356,0.00116,-0.00214
1790068970.1394284,-0.0056,0.00823,-0.99807,0.00387,0.00411,0.00198
1790068970.1664598,0.00138,0.00063,-1.00039,0.00356,0.00444,0.00612
1790068970.2667532,0.00244,0.02671,-0.99728,0.00185,0.00529,-0.02062
1790068970.379449,0.0463,-0.00732,-0.99848,-0.00024,0.02,0.01316
1790068970.4596457,0.22415,0.0248,-1.0076,0.00763,-0.00261,0.01825
1790068970.5561426,0.10196,-0.02268,-0.9882,0.03523,-0.04796,0.0122
1790068970.6986058,-0.03922,0.01073,-0.99858,-0.01345,-0.0304,0.01798
1790068970.7624686,-0.15196,0.00762,-1.04026,0.00848,-0.01771,0.0019
1790068970.890424,-0.03529,-0.00453,-1.00405,0.02276,0.00743,0.05317
1790068970.9542644,0.05963,-0.00945,-1.02352,0.02012,-0.0276,0.02883
1790068971.0977938,0.02642,0.01781,-0.97612,0.03636,-0.01901,0.00784
1790068971.1624305,-0.03809,0.01059,-0.9869,0.00973,0.00691,-0.01456
1790068971.2747266,-0.06787,-0.0129,-1.00179,0.01161,0.00881,0.04394
1790068971.3866038,-0.00885,0.04207,-1.00013,0.00338,0.01362,-0.0301
1790068971.486863,0.04163,0.0348,-1.00737,0.01425,0.01133,-0.03604
1790068971.5793693,0.0045,0.01061,-1.03618,-0.00943,-0.01156,0.00227
1790068971.7235072,-0.04203,0.00319,-0.98596,0.01023,0.00247,0.01019
1790068971.851169,-0.00738,0.03532,-0.95843,0.0,0.0434,-0.01947
1790068971.915582,0.00166,-0.00079,-0.99345,0.00278,0.00663,0.01783
1790068972.0443525,0.02031,-0.0055,-1.0055,-0.01331,0.01632,0.01288
1790068972.1091073,0.00653,0.02407,-1.00405,-0.01629,0.00957,-0.00842
1790068972.1728637,-0.02316,0.00638,-1.00686,0.02143,-0.02284,0.0052
1790068972.3175583,-0.02557,-0.0057,-0.99121,0.00342,-0.00793,0.01312
1790068972.3977137,-0.00036,0.02714,-0.98854,-0.00538,0.00298,-0.04161
1790068972.6062317,-0.19415,0.00015,-0.97586,0.00533,0.01801,-0.05012
1790068972.6062317,-0.17528,0.09976,-0.99752,-0.006,0.01038,0.03479
1790068972.8011649,0.02869,0.02867,-0.99325,0.00458,0.02807,-0.06162
1790068972.929712,0.00435,0.01114,-1.00081,0.00089,0.00461,-0.00528
1790068973.010621,0.0003,0.00867,-0.99901,0.00275,0.00481,0.00409
1790068973.224172,-0.00146,0.01374,-0.99876,0.00262,0.00196,-0.00115
1790068973.224172,-0.01422,-0.00471,-1.00007,0.00687,-0.00432,-0.00699
1790068973.336628,-0.00699,0.01591,-0.99961,0.00194,0.00701,0.00767
1790068973.4166238,-0.00698,0.0096,-0.9986,0.00289,0.00309,-0.00244
1790068973.5787003,-0.01011,-0.01058,-0.99856,0.00339,0.00559,0.03223
1790068973.5929017,-0.00626,0.00973,-0.99737,0.00212,0.00244,-0.00308
1790068973.8326437,0.00251,0.00759,-1.00106,0.00364,0.00518,0.0053
1790068973.840734,-0.01151,0.01213,-0.99835,0.00239,0.00151,0.00062
1790068974.0384297,-0.00321,0.01209,-0.99715,0.00194,0.00238,0.00095
1790068974.2455266,-0.00825,0.0107,-0.99859,0.00583,0.00544,-6e-05
1790068974.326474,-0.00713,0.01298,-0.99897,0.00463,0.0051,0.00168
1790068974.326474,-0.00725,0.00524,-1.00057,0.00427,-0.00232,0.00124
1790068974.422644,-0.00824,0.00147,-0.99986,0.00027,0.00408,-0.0109
1790068974.6515675,-0.01212,-0.00025,-0.9982,0.00329,0.00214,0.00635
1790068974.8568292,-0.00717,0.008,-0.9997,0.00419,0.00014,0.00157
1790068974.8568292,-0.00608,0.01201,-0.99911,0.00306,0.00304,-0.00235
1790068975.0641446,-0.00618,0.00991,-0.99862,0.00434,0.00141,-0.00151
1790068975.0641446,-0.00871,0.00918,-0.99896,0.00509,0.00402,0.00253
1790068975.2722464,-0.00732,0.01275,-1.00014,0.00307,0.00455,-0.00017
1790068975.4660728,-0.00729,0.00879,-0.99986,0.00071,0.00306,-0.00047
1790068975.4761024,-0.00647,0.01155,-0.99923,-0.00114,0.00245,0.00416
1790068975.6846073,-0.00743,0.01218,-0.99892,0.00303,0.00473,0.00266
1790068975.885397,-0.0057,0.01098,-1.00061,0.00204,0.00409,-3e-05
1790068975.886397,0.00064,0.02934,-0.99824,0.00216,0.01063,-0.02198
1790068976.0441802,-0.00316,-0.00238,-0.99786,1e-05,0.01948,0.01181
1790068976.0599525,-0.00484,0.01074,-0.99924,0.00255,0.00261,-0.00267
1790068976.2888536,-0.00597,0.01625,-0.99701,0.00605,0.00252,-0.00657
1790068976.3628554,-0.00915,0.0069,-0.99937,0.00093,0.00498,0.00076
1790068976.4902954,-0.00554,0.00709,-0.99846,0.00206,0.00622,0.00366
1790068976.6979148,-0.0131,-0.00394,-0.99779,0.0051,0.00665,0.03361
1790068976.8113198,0.00424,0.02339,-0.99975,0.00184,-0.00337,-0.0272
1790068976.9042468,-0.00772,0.01486,-0.99867,0.00403,0.00026,-0.00738
1790068977.0161731,-0.01111,-0.00251,-0.99731,-0.00063,0.00672,0.01772
1790068977.1440258,-0.00483,0.014,-0.99839,0.00275,0.00334,0.00012
1790068977.1617122,0.15988,0.01671,-0.99473,-0.00192,0.03963,-0.00339
1790068977.274055,0.21765,0.00665,-1.00358,0.00248,-0.01462,-0.07365
1790068977.367415,0.02285,-0.02469,-0.96167,-0.02075,-0.013,0.05026
1790068977.4792016,-0.12064,0.01722,-1.02814,0.02425,-0.04156,0.01863
1790068977.5934935,-0.1007,0.03382,-1.01473,-0.02786,-0.02079,-0.01936
1790068977.6555226,0.03924,0.00753,-1.0065,0.0018,0.00337,0.02118
1790068977.7986653,0.08363,0.02187,-1.02313,0.0124,-0.02733,-0.01764
1790068977.8624773,-0.01724,0.02441,-0.98456,0.05325,0.03897,0.00564
1790068977.9741602,-0.06102,0.0172,-0.99057,0.02037,-0.01703,-0.00773
1790068978.1016548,-0.07143,-0.0091,-1.00536,0.01087,0.01956,0.03887
1790068978.181314,0.02645,0.00203,-0.99667,0.00123,0.0001,0.03833
1790068978.3096466,0.03955,0.0153,-1.00626,0.00458,0.00302,-0.02792
1790068978.4227953,-0.02736,0.00071,-1.01983,-0.03132,-0.04392,0.0298
1790068978.5021145,-0.05237,-0.00651,-0.99316,0.00405,0.05063,0.00271
1790068978.6146867,0.00182,0.0408,-0.96531,0.0126,0.03532,-0.03597
1790068978.7597787,0.02753,0.01024,-0.98502,0.01469,0.01629,0.00117
1790068978.8079886,0.01504,0.01432,-1.01582,0.00599,-0.00683,0.00823
1790068978.904469,-0.00827,0.00616,-1.00861,0.003,0.00672,0.01192
1790068979.0164344,-0.03246,0.00442,-1.00099,-0.00514,-0.03355,0.02629
1790068979.155498,-0.02388,0.0113,-0.99828,0.01706,0.00768,-0.02108
1790068979.368341,-0.0351,0.01489,-1.00066,0.01322,-0.01706,-0.03555
1790068979.368341,-0.23842,0.0432,-0.99607,-0.01198,0.00433,-0.00031
1790068979.5618708,-0.10204,0.00288,-0.99751,-0.00189,-0.00541,0.07471
1790068979.5779383,-0.00124,0.02717,-0.99938,0.00814,0.00598,-0.01785
1790068979.7704303,-0.00104,0.01176,-0.9983,0.00602,0.0053,-0.0008
1790068979.7704303,-0.00575,0.01314,-0.99789,0.00409,0.00498,0.00144
1790068979.9741879,-0.01077,0.01071,-0.99947,0.0024,0.00295,0.00399
1790068979.9741879,-0.01482,0.00777,-0.99762,0.00277,0.00472,0.00954
1790068980.0862944,-0.01191,0.00598,-0.99797,0.00243,0.00406,0.01204
1790068980.1016014,-0.01297,0.00406,-0.9978,0.0018,0.00322,0.01419
1790068980.2782433,-0.01207,0.00276,-0.99887,0.00271,0.00507,0.01122
1790068980.3743303,-0.01472,0.00564,-0.99934,0.00152,0.00506,0.0099
1790068980.5985262,-0.00637,-0.00237,-0.99855,0.00183,0.00026,0.00668
1790068980.7923496,-0.00885,0.00576,-0.99909,0.00301,0.00528,0.00944
1790068980.9986255,-0.01328,0.0065,-0.99698,0.00199,0.00479,0.00966
1790068981.0041184,-0.0124,0.01122,-0.99823,0.0006,0.0054,0.00396
1790068981.1580906,-0.00488,0.0274,-0.99898,-0.0003,0.00857,-0.00845
1790068981.2048686,-0.00402,0.03085,-0.99916,-0.00044,0.00312,-0.01647
1790068981.2369146,-0.00666,0.01259,-0.99893,0.00364,0.00543,0.00164
1790068981.3818262,-0.00725,0.01736,-0.99909,0.00551,0.00925,0.01926
1790068981.6077726,-0.01102,0.01224,-1.00015,0.00071,0.00432,-0.00748
1790068981.81598,-0.01246,0.01903,-0.99814,0.00398,0.00113,-0.01289
1790068982.0249357,-0.00963,0.01625,-0.99824,0.00351,0.00416,-0.00516
1790068982.0249357,-0.00809,0.01549,-0.99987,0.00388,0.00027,0.00271
1790068982.233914,-0.01255,0.01107,-0.99936,0.00348,0.00372,0.00794
1790068982.233914,-0.01288,0.00155,-0.99835,0.00346,0.00269,0.01889
1790068982.233914,-0.01539,0.00915,-0.99814,0.00197,0.00489,0.00038
1790068982.3968842,-0.01539,0.00915,-0.99814,0.00197,0.00489,0.00038
1790068982.4429393,-0.01173,0.00858,-0.99856,0.0049,0.00597,-0.01076
1790068982.5560782,-0.01206,0.01066,-0.9955,0.00503,0.01709,0.00916
1790068982.6365666,-0.01097,0.01173,-0.99686,0.00342,0.00478,0.00032
1790068982.845934,-0.00996,0.01472,-0.99908,0.00588,0.00769,-0.00615
1790068982.9433777,-0.01178,0.01,-0.99968,0.00274,0.00596,0.00923
1790068983.0564106,-0.01172,0.00425,-1.00152,0.00046,0.00102,0.01376
1790068983.2493074,-0.00877,0.01973,-0.99778,0.0038,0.00183,-0.03282
1790068983.265283,-0.00644,0.00753,-0.99877,0.00057,0.01216,0.01244
1790068983.3609083,-0.01325,0.00705,-0.99771,0.00457,0.00104,0.00438
1790068983.4567606,-0.01363,0.01155,-0.99695,0.00077,0.00047,0.00105
1790068983.6654124,-0.00607,0.01682,-1.00058,0.00352,0.00562,-0.01148
1790068983.6811156,-0.00842,0.01834,-0.9978,0.00326,0.00343,-0.00986
1790068983.8721187,0.12864,0.36775,-1.00957,-0.0193,0.01778,-0.9241
1790068983.8721187,0.00369,0.02279,-0.99089,-0.0218,-0.00275,-1.25639
1790068984.0648272,0.02583,0.02675,-0.97488,0.0105,0.04551,-1.44038
1790068984.277723,0.0225,0.03293,-1.01136,0.01038,0.01295,-1.52677
1790068984.277723,0.00317,0.00454,-0.99618,0.00814,0.02575,-1.53463
1790068984.4185197,0.02106,0.04474,-0.99647,0.01512,-0.00302,-1.61957
1790068984.6872694,0.02234,-0.03019,-1.00766,0.01659,0.02729,-1.54918
1790068984.8809884,-0.07574,-0.20506,-0.99313,-0.0135,0.02931,-0.82303
1790068984.8967261,-0.02571,-0.03979,-1.00217,0.00189,0.01004,-0.35016
1790068985.0893502,0.00838,0.01063,-1.00358,9e-05,0.00897,-0.00379
1790068985.1051004,-0.00792,0.00943,-0.9983,-0.0,0.0052,-0.00384
1790068985.2983441,-0.0161,0.00105,-0.99941,0.00315,0.00587,0.00475
1790068985.426082,-0.01005,0.00458,-0.99929,0.00422,0.00231,0.00258
1790068985.5055678,-0.00778,0.00385,-0.99812,0.00252,0.00367,0.00232
1790068985.7089474,-0.01437,-0.00837,-0.99909,0.00405,0.0072,0.02153
1790068985.924871,-0.01001,0.00308,-0.99958,0.0021,0.00501,0.00357
1790068986.1257129,-0.00215,-0.00257,-0.99854,0.00081,0.00656,0.00924
1790068986.225773,-0.00986,0.00407,-0.99958,0.00111,0.00917,-0.00468
1790068986.3034632,-0.01547,-0.00784,-0.99837,0.00409,0.00386,0.01601
1790068986.4147887,0.12914,-0.00099,-0.99247,-0.00867,0.03271,-0.00407
1790068986.5264227,0.24386,0.00982,-1.00541,-0.03222,-0.0174,0.01279
1790068986.6268034,0.0631,0.02287,-0.99152,0.03272,-0.02001,-0.04658
1790068986.6708663,-0.14223,-0.04208,-1.03602,-0.05406,-0.02462,0.08439
1790068986.8624322,-0.11028,0.0037,-0.99672,-0.00477,0.02018,-0.02295
1790068986.9291596,0.01436,-0.01042,-1.00413,0.00242,0.0376,0.03054
1790068986.99088,0.08121,0.00499,-1.00849,-0.02774,0.00999,-0.00482
1790068987.1833901,-0.00714,-0.01252,-1.00991,0.00357,0.00823,0.00772
1790068987.199363,-0.0524,0.01298,-1.00086,-0.01527,-0.12019,0.01142
1790068987.3122077,-0.05576,-0.00866,-0.9966,-0.00499,0.02353,0.02898
1790068987.440693,0.00864,-0.00127,-1.00487,-0.0105,0.00669,0.0075
1790068987.5247557,0.05413,0.01385,-0.99509,0.00034,-0.00331,-0.01624
1790068987.6321898,-0.0238,0.0012,-1.00295,0.01116,-0.00331,0.01386
1790068987.7613413,-0.04122,0.02633,-0.99455,0.01654,0.0439,-0.04749
1790068987.841971,-0.0159,0.04371,-0.99793,0.0075,0.01088,-0.03855
1790068987.9068608,0.00767,-0.001,-1.04355,-0.03688,0.00775,0.01423
1790068988.083321,-0.00297,-0.01564,-1.00451,-0.03091,-0.00398,0.01621
1790068988.099493,0.01956,0.02952,-0.99124,0.00107,-0.01685,-0.02529
1790068988.2119815,-0.03422,-0.01761,-1.0039,0.02541,-0.0032,0.03148
1790068988.3722463,0.00322,0.0331,-0.98332,0.0197,0.0165,-0.03041
1790068988.4523695,-0.01279,0.01649,-0.99164,0.01058,0.0028,-0.01998
1790068988.581291,-0.23153,-0.04553,-0.98264,0.01771,-0.01019,0.09372
1790068988.77272,-0.16836,0.10646,-0.99761,-0.00047,0.00523,-0.06687
1790068988.9791648,0.02823,0.02772,-0.99966,0.0035,0.0041,-0.02696
1790068988.9791648,0.01042,0.01567,-0.99878,0.0037,0.00227,-0.01187
1790068989.1917791,-0.00028,0.00454,-0.99977,0.00417,0.0018,0.00388
1790068989.1917791,0.00046,0.01103,-0.99798,-0.00024,0.00533,-0.0174
1790068989.3072968,-0.01053,-0.00697,-0.99834,-0.00066,0.01116,0.02856
1790068989.385572,-0.01155,0.00284,-0.99768,0.00126,0.00867,0.00185
1790068989.481232,-0.00277,0.01777,-0.99851,0.00197,0.00364,-0.01434
1790068989.5755446,-0.01091,0.0019,-0.99958,0.00188,0.00162,0.0073
1790068989.7987533,-0.00504,-0.00205,-0.99942,0.00144,0.00406,0.00986
1790068990.0073633,-0.00757,0.00486,-1.00004,0.00343,0.00379,0.00504
1790068990.2170355,-0.00601,0.00699,-0.9996,0.00142,0.00265,0.00116
1790068990.3751068,0.00116,0.01902,-0.99991,0.00298,0.00237,-0.00877
1790068990.4858778,-0.00337,0.01535,-0.9977,0.00028,0.00665,-0.00471
1790068990.630614,-0.0044,0.00924,-0.99874,0.00479,0.00831,0.00292
1790068990.8234243,-0.00674,0.00561,-0.99978,0.00121,0.0025,0.00253
1790068991.0356073,-0.00801,0.00435,-0.99886,0.00613,0.00395,0.00318
1790068991.0444243,-0.00612,0.00958,-0.99809,0.00184,0.00551,0.00014
1790068991.2446892,-0.00449,0.01071,-0.99861,0.00432,0.00297,-0.0053
1790068991.2446892,-0.00795,0.00894,-0.99832,0.00221,0.00596,-0.00594
1790068991.4493227,-0.00778,0.00831,-0.99932,-0.00046,0.0037,-0.00184
1790068991.6461387,-0.00946,0.00012,-1.00111,0.00131,0.00526,0.00638
1790068991.6579866,-0.01058,-0.0001,-0.99993,-0.001,0.00487,0.00973
1790068991.8517213,-0.00409,0.00684,-0.99732,-0.00202,0.00027,-0.01395
1790068991.8517213,-0.01218,-0.01683,-1.00049,0.00473,-0.00291,-0.00179
1790068992.017859,-0.0088,0.01235,-0.99895,0.00319,-0.00066,-0.00615
1790068992.017859,-0.00901,0.0136,-0.99817,0.0042,0.0031,-0.0064
1790068992.2653391,-0.00817,0.00808,-0.99832,0.00485,0.0067,0.0033
1790068992.2653391,-0.00522,-0.00068,-1.00046,0.00237,0.00497,0.00917
1790068992.4588053,-0.01092,0.00167,-0.99858,0.00391,0.00069,0.00919
1790068992.5066283,-0.0075,0.00652,-1.00067,-0.00151,0.00313,0.00198
1790068992.6661947,-0.00437,0.0306,-0.99835,-0.00093,0.00756,-0.01445
1790068992.8757896,4e-05,-0.01835,-0.99735,0.00386,0.00328,0.02233
1790068992.8757896,-0.01628,0.00084,-0.99874,0.0007,0.00991,0.01028
1790068992.945517,-0.00692,0.01437,-0.99815,0.00228,0.00434,-0.00383
1790068993.086158,-0.00298,0.01329,-0.99671,0.00109,0.0054,-0.0116
1790068993.2120516,-0.00611,0.02128,-1.00015,0.00623,0.00048,-0.01088
1790068993.2120516,-0.00973,-0.00086,-0.99849,0.0014,0.00631,0.00517
1790068993.3390594,-0.0077,0.00852,-0.99803,0.00301,0.00652,0.00318
1790068993.4567485,0.20168,0.01917,-0.99992,0.00728,0.01986,-0.04104
1790068993.5153985,0.18458,-0.01822,-0.99263,-0.00397,0.00524,-0.01388
1790068993.659553,0.01345,0.01326,-0.97173,0.03583,-0.04627,0.00608
1790068993.7717092,-0.13308,-0.01049,-0.98858,-0.01153,0.001,0.03092
1790068993.900081,-0.07421,-0.01174,-1.01185,-0.01825,0.00449,-0.00201
1790068993.9806764,0.04093,-0.00139,-0.99929,-0.01059,0.01758,0.01312
1790068994.04488,0.06111,-0.01708,-1.00786,-0.03359,-0.03533,0.04162
1790068994.220979,-0.00542,-0.0056,-0.98282,-0.00529,0.0356,0.04845
1790068994.2458994,-0.06527,0.02081,-1.01639,0.02937,-0.01251,-0.02494
1790068994.3652918,0.02629,0.01283,-0.99786,-0.00621,0.02704,-0.00799
1790068994.5258226,0.01353,-0.00599,-1.00282,-0.00426,0.01671,-0.008
1790068994.5421772,-0.01783,-0.015,-1.03454,-0.05697,-0.01419,0.03232
1790068994.6851616,-0.0234,0.01293,-0.9975,0.00851,0.02041,-0.01607
1790068994.7966099,0.0031,0.02501,-0.98978,-0.03624,0.0225,0.00508
1790068994.8813136,0.03715,0.02362,-0.99228,0.03617,-0.00164,-0.02371
1790068994.9886565,0.01702,0.02627,-1.01676,0.00709,-0.02384,-0.03571
1790068995.0569992,-0.01309,0.01266,-0.99143,-0.01734,0.00541,-0.02019
1790068995.2457361,-0.03752,-0.01808,-1.00358,0.01695,-0.01462,0.00271
1790068995.2684042,-0.00499,-0.00273,-0.97485,0.02016,0.04019,0.01566
1790068995.5172327,-0.07223,0.0082,-0.98858,0.00682,-0.03013,-0.02505
1790068995.5172327,-0.23574,-0.01513,-1.00408,-0.00278,0.00373,0.18824
1790068995.5621138,-0.0388,0.04561,-0.99965,-0.0011,0.01418,-0.17359
1790068995.7384806,0.04073,0.00374,-0.99695,0.00413,0.00828,0.01406
1790068995.9473376,-0.00282,-0.00441,-0.99951,0.00166,0.00571,0.00422
1790068996.1519997,-0.00275,0.00918,-0.99741,0.00262,0.00507,-0.00571
1790068996.1598644,-0.00213,0.00946,-0.99837,4e-05,0.00475,-0.0023
1790068996.2641366,-0.00299,0.00453,-0.99834,0.0028,0.00617,0.00323
1790068996.2802355,-0.00727,0.00712,-0.99834,0.00133,0.00337,0.00264
1790068996.4399202,-0.01173,0.00761,-0.99646,0.00381,0.0061,0.00542
1790068996.519307,-0.00411,0.00447,-0.99913,0.00315,0.00582,0.00118
1790068996.766083,0.00805,-0.01145,-0.99895,0.00485,0.00741,0.0219
1790068996.7766585,-0.00796,0.01071,-1.0008,0.00485,0.00302,-0.0003
1790068996.9696338,-0.00619,0.00764,-0.99936,0.00161,0.00324,0.00384
1790068997.1791573,-0.00142,0.00692,-0.99999,0.00342,0.00085,0.00324
1790068997.1791573,-0.00379,0.00911,-0.99945,0.00155,0.00284,0.00096
1790068997.3397872,-0.00056,0.01368,-0.99918,0.00295,0.00349,-0.0199
1790068997.3397872,-0.00545,-0.00619,-0.99832,0.00565,0.00719,0.02219
1790068997.5330658,-0.00506,0.00621,-1.00015,0.00297,0.00095,0.00249
1790068997.5330658,-0.00331,0.01278,-1.00026,0.00338,0.00637,-0.01788
1790068997.597285,0.00158,0.00746,-0.99984,0.00194,0.0025,0.00129
1790068997.7900004,-0.00283,0.00747,-0.99771,0.00155,0.00352,-0.00025
1790068997.7900004,-0.00322,0.00867,-1.00034,0.00083,0.00266,-0.00279
1790068997.9988127,0.00073,0.00972,-0.99941,0.00265,0.00331,-0.00253
1790068997.9988127,-0.00189,0.01039,-0.99855,0.00132,0.00314,-0.00271
1790068998.1926699,-0.00167,0.00842,-0.99961,0.00339,0.00341,-0.00025
1790068998.4020636,-0.00218,0.01132,-0.99964,0.0006,0.00294,-0.00675
1790068998.4182186,-0.00253,0.00838,-0.99964,0.00064,0.00547,-0.00337
1790068998.5469291,-0.00137,0.00831,-0.99892,0.00473,0.00334,-0.0013
1790068998.6272323,-0.0032,0.00858,-1.00101,0.00352,0.00069,0.00174
1790068998.7884908,-0.00566,0.01849,-0.99787,0.00307,-0.00165,-0.00031
1790068998.9503508,0.00319,0.0191,-0.99889,0.00104,0.00051,-0.00407
1790068998.966078,0.00252,0.01625,-0.99952,-0.00195,0.01005,-0.01292
1790068999.2236655,-0.00448,0.00469,-0.99905,0.00397,0.00421,0.00557
1790068999.2393856,0.00034,0.0091,-0.99857,0.00028,0.00467,-0.00058
1790068999.432189,-0.01246,-0.00338,-0.99874,0.00074,0.00266,-0.00054
1790068999.432189,-0.0066,0.0271,-0.99906,-0.00087,-0.00532,-0.02429
1790068999.5600736,-0.00656,0.00797,-0.99904,0.00136,0.00604,0.00465
1790068999.639551,-0.00158,0.00392,-0.99818,0.00058,0.00352,0.00276
1790068999.8309069,-0.00343,0.00836,-0.99927,0.00254,0.00376,0.0009
1790069000.0389209,0.15506,0.42301,-0.97516,0.01615,0.0059,-1.58474
1790069000.0548756,0.04751,0.05188,-0.98848,0.00114,0.0029,-1.34567
1790069000.2485101,0.04703,0.02573,-0.96438,-0.02711,0.05818,-1.5021
1790069000.2646067,0.03276,0.045,-0.99319,0.00382,0.03315,-1.54266
1790069000.4575145,0.02088,-0.00429,-1.01828,0.02202,0.0173,-1.53012
1790069000.4575145,0.01375,-0.0384,-1.02137,0.01549,-0.01802,-1.51546
1790069000.5772128,0.00248,-0.0225,-1.00653,8e-05,0.00236,-1.48586
1790069000.6666052,0.025,-0.01685,-0.98495,0.03749,-0.00926,-1.52131
1790069000.8611968,0.02305,0.02245,-0.99914,-0.04153,0.00614,-1.60909
1790069001.0794284,-0.07024,-0.15424,-1.01211,0.00812,0.01463,-0.55797
1790069001.0867229,-0.03823,-0.0749,-0.99845,0.00059,0.00043,-0.12431
1790069001.27991,-0.00673,0.01359,-0.99704,0.00189,0.00428,-0.00124
1790069001.4843996,-0.00468,0.01306,-0.99873,-0.00084,0.00806,0.00205
1790069001.4864028,-0.0067,0.01388,-1.00071,0.00124,0.0019,0.00232
1790069001.59817,-0.00854,0.01289,-0.9991,0.00323,0.00548,-8e-05
1790069001.694445,-0.00782,0.01371,-0.99946,0.00186,0.00531,-0.00022
1790069001.8846972,-0.00831,0.00997,-1.00109,0.00216,0.00472,0.00169
1790069002.0946286,-0.00602,0.01061,-0.99976,0.00063,0.0025,0.00194
1790069002.3044279,-0.00689,0.01249,-0.9983,0.0024,0.00418,0.00274
1790069002.3044279,-0.0031,0.0143,-1.00008,0.00149,0.00618,0.01202
1790069002.4170988,-0.00739,0.00655,-0.99712,0.0037,0.01776,0.03065
1790069002.545158,-0.00807,0.01879,-0.99817,0.00379,0.0024,0.00058
1790069002.5931947,0.12383,0.00115,-0.99578,-0.01062,0.02438,0.02504
1790069002.7384033,0.21683,0.07264,-1.00976,0.0035,-0.0321,-0.13935
1790069002.8185372,0.05775,-0.00192,-1.0088,0.0019,0.00415,-0.00887
1790069002.9158294,-0.07968,0.01608,-1.00149,-0.00372,-0.01903,0.01822
1790069003.0597703,-0.08836,0.00511,-1.00765,-0.00636,0.01458,0.01112
1790069003.1232097,0.00786,0.00246,-1.01394,0.00561,0.00878,0.02326
1790069003.2667634,0.0571,0.01541,-1.0221,-0.0159,0.02198,-2e-05
1790069003.3470328,-0.0004,-0.00122,-1.01545,0.03105,0.00474,0.01078
1790069003.460205,-0.04876,0.00258,-0.98796,0.00776,0.01763,0.0166
1790069003.5727446,-0.04469,0.0063,-0.98763,0.00638,0.01405,-0.01148
1790069003.6363065,0.02347,0.02327,-0.98757,0.00827,0.03269,0.00022
1790069003.7324219,0.03711,0.02712,-0.98554,0.0132,0.03778,-0.01646
1790069003.8458521,-0.00167,0.03055,-0.9969,0.00922,0.01345,-0.01964
1790069003.942116,-0.01709,0.01253,-1.00416,0.02399,-0.00669,-0.0241
1790069004.0386205,0.00637,0.04033,-0.96491,-0.01119,0.00039,0.00028
1790069004.1344233,0.01785,-0.0001,-0.97337,-0.01161,0.02581,0.03796
1790069004.359082,-0.00741,0.00382,-0.99956,-0.04229,0.00449,0.0008
1790069004.359082,-0.00357,0.04726,-0.99681,0.01325,0.00208,-0.03518
1790069004.487153,-0.00803,0.00888,-1.01246,-0.01723,0.00799,0.01735
1790069004.5675504,-0.01754,0.00034,-0.99962,0.02165,-0.02748,-0.00612
1790069004.7441523,-0.24361,-0.0069,-1.00371,-0.00499,0.0015,0.01099
1790069004.760305,-0.11969,0.01105,-0.99769,0.00409,0.01211,0.02948
1790069004.9572666,-0.03048,0.0008,-0.99869,-0.00021,0.00584,0.01337
1790069004.9572666,-0.01594,0.01863,-0.99705,0.00376,0.00585,-0.00514
1790069005.1592839,-0.01365,0.01382,-0.99875,0.00382,0.00488,-0.00248
1790069005.2151787,-0.01406,0.01285,-0.99966,0.00429,0.00753,0.00131
1790069005.3626266,0.00145,0.00301,-0.99742,0.00515,0.00529,0.02767
1790069005.4745493,0.0036,0.01359,-1.00033,0.00186,0.00482,-0.00883
1790069005.5869415,-0.01492,0.00105,-0.99564,0.00632,0.00463,0.02351
1790069005.7311478,-0.01449,0.01424,-0.9965,0.00615,0.00288,-0.00115
1790069005.7789912,-0.00816,0.01495,-0.99841,0.00175,0.00215,-0.00264
1790069005.9891033,-0.01409,0.01338,-0.99747,0.00392,0.00754,0.00663
1790069006.1961741,-0.01021,0.0141,-0.99714,0.00153,0.0037,0.0019
1790069006.400443,-0.01108,0.01286,-0.99672,-0.00081,0.00197,-0.0002
1790069006.400443,-0.01189,0.01506,-0.99904,0.00425,0.00323,0.00171
1790069006.5609837,-0.00469,0.028,-0.99856,0.00224,0.00494,-0.03164
1790069006.5967028,-0.01856,-0.00635,-0.99798,0.0027,0.00184,0.02199
1790069006.7981458,-0.00873,0.02059,-0.99785,0.0017,0.00394,-0.00209
1790069006.7981458,-0.01179,0.01217,-0.99847,0.00234,0.00046,0.00709
1790069007.0072727,-0.01231,0.01441,-0.99844,0.0003,0.00327,-0.0037
1790069007.2170668,-0.00805,0.01528,-0.99791,0.00189,0.00328,-0.00042
1790069007.4115574,-0.0102,0.01339,-1.00023,0.00019,0.004,-0.00137
1790069007.620772,-0.0089,0.01189,-0.99844,0.00234,0.00434,0.00254
1790069007.620772,-0.01229,0.01185,-1.00013,0.00473,0.00397,0.00335
1790069007.8281546,-0.00961,0.01278,-0.99921,-0.00094,0.00514,0.00144
1790069007.9892406,-0.01385,0.00446,-0.99898,0.00077,0.00514,-0.0083
1790069008.005104,-0.0132,0.00682,-0.99848,0.00397,0.00735,0.01697
1790069008.2295964,-0.00437,0.02668,-0.99974,-0.00136,0.01196,-0.02472
1790069008.2295964,-0.00798,0.01695,-0.99851,0.00312,0.00126,-0.00578
1790069008.4476063,-0.01273,0.01598,-1.0002,0.00155,0.00512,-0.00405
1790069008.4476063,-0.01039,0.01096,-0.99948,0.00647,0.00515,0.0055
1790069008.6462898,-0.00959,0.01306,-0.99742,0.00439,0.00673,0.00165
1790069008.6462898,-0.0168,0.01353,-0.99877,0.00023,0.00563,0.00163
1790069008.8551245,-0.00862,0.03757,-0.99946,-0.00071,-0.00286,-0.03163
1790069008.8551245,-0.01596,0.01309,-0.99799,0.00313,0.004,0.00687
1790069009.0483654,-0.01141,0.00908,-0.99896,0.00035,0.00109,0.00041
1790069009.0643098,-0.01155,0.01259,-0.99841,0.00275,0.00362,0.00335
1790069009.2577093,-0.00948,0.01262,-0.99926,0.00191,0.00295,0.00131
1790069009.2696066,-0.01219,-0.00676,-0.99485,0.00328,0.00763,0.04962
1790069009.3646345,-0.00811,0.0206,-1.00018,0.00206,0.00227,-0.01402
1790069009.435706,-0.00916,0.0176,-0.99917,0.00302,0.00106,-0.00347
1790069009.5066679,0.0196,0.01524,-0.99846,0.00267,0.00873,-0.00562
1790069009.649966,0.21701,0.03798,-1.00663,0.01369,-0.00921,-0.12504
1790069009.7457123,0.13179,0.00094,-0.99702,-0.01224,-0.00702,-0.01146
1790069009.8263826,-0.05308,-0.01615,-1.02498,-0.03596,-0.07013,0.09784
1790069010.008999,-0.10963,0.01277,-0.98907,-0.02576,0.00185,-0.0029
1790069010.0193543,-0.02629,0.05808,-0.98039,-0.0044,0.00226,-0.02634
1790069010.1316528,0.07143,0.05516,-0.98428,0.00561,0.03349,-0.0272
1790069010.2058163,0.0613,0.03898,-0.98989,0.00774,0.03195,-0.02734
1790069010.3383794,-0.03744,0.01483,-1.01085,0.00283,-0.00084,-0.00441
1790069010.4506354,-0.07008,-0.00626,-1.01066,-0.00152,-0.02211,0.00819
1790069010.5145378,-0.03687,-0.03384,-0.9871,0.04133,0.0437,0.04687
1790069010.6589506,0.02031,-0.00549,-1.00517,-0.02005,0.01743,0.00789
1790069010.7713792,0.02451,0.03076,-1.03589,-0.00586,-0.02612,-0.0252
1790069010.8355958,0.00287,0.02977,-1.00167,0.03342,-0.02726,-0.02992
1790069010.9629025,-0.03453,0.01132,-1.01342,0.02857,-0.02761,0.02782
1790069011.0434444,-0.02353,0.02835,-1.03569,0.02176,-0.05202,0.01499
1790069011.1564214,-0.01233,-0.00835,-1.02002,-0.00761,0.0025,0.05325
1790069011.220456,-0.01025,-0.01951,-0.98854,0.02224,0.01172,0.02753
1790069011.348576,0.00498,0.04377,-0.98657,0.01668,-0.0014,-0.01132
1790069011.4142601,0.00586,0.05179,-1.0109,-0.01241,-0.00438,-0.04417
1790069011.5262492,-0.01219,0.00549,-1.00523,-0.00671,-0.01226,0.02068
1790069011.6715047,-0.19283,0.01503,-1.00109,0.01519,-0.02908,-0.00129
1790069011.719417,-0.18984,-0.02171,-0.98498,0.00813,-0.01437,0.00551
1790069011.928857,-0.017,0.00767,-0.99604,0.01993,0.01028,0.00647
1790069011.928857,-0.00948,0.0088,-0.99861,0.00535,0.00699,-0.00417
1790069012.121782,-0.00169,0.01143,-0.99976,0.00195,0.00317,0.00204
1790069012.1451662,-0.00012,0.01043,-0.99888,0.00201,0.00256,0.00206
1790069012.3404353,-0.01185,0.02478,-0.99905,-7e-05,-0.00026,-0.0109
1790069012.3404353,-0.01352,0.00963,-1.00045,0.00232,0.00206,-7e-05
1790069012.436587,-0.01152,0.00833,-0.99911,0.00197,0.00551,0.0041
1790069012.5465684,-0.01175,0.01358,-0.9988,0.00286,0.00103,-0.00199
1790069012.673296,-0.0102,0.01187,-0.99819,0.00064,0.0036,0.00256
1790069012.8503044,-0.01048,0.0122,-0.99735,0.00218,0.00433,-0.00143
1790069012.866068,-0.01666,0.01518,-1.00017,0.00272,0.00503,0.00234
1790069012.9631412,-0.01174,0.01252,-1.00065,0.00077,0.00182,0.00017
1790069013.1557972,-0.00987,0.01012,-1.0004,0.00187,0.00426,0.00034
1790069013.3484614,-0.01087,0.01046,-1.00016,0.00022,0.00438,0.00183
1790069013.3642778,-0.01071,0.00843,-1.00106,0.00098,0.0021,0.00476
1790069013.558061,-0.02234,-0.01221,-1.00019,0.00398,-0.00074,0.03965
1790069013.558061,-0.00409,0.02167,-0.99841,0.00231,0.00216,-0.01255
1790069013.6906116,-0.00891,0.01692,-0.99959,0.00125,0.00401,-0.00287
1790069013.7829394,-0.01274,0.01061,-1.00031,0.00158,0.00294,0.00328
1790069013.977051,-0.01012,0.01438,-0.99833,0.00423,0.00247,0.00096
1790069014.169835,-0.00979,0.01276,-1.0002,0.00411,0.00597,0.00341
1790069014.3787858,-0.01073,0.0115,-0.99914,0.00368,0.00413,0.00102
1790069014.5884783,-0.01177,0.01403,-0.99939,-4e-05,0.00307,0.00054
1790069014.5884783,-0.01056,0.01088,-0.99976,0.00301,0.0015,-0.00013
1790069014.7015147,-0.01015,0.01221,-1.00037,0.00406,0.00278,0.00221
1790069014.7970831,-0.01097,0.0127,-0.99751,0.0003,0.00561,-0.00031
1790069015.0069973,-0.01119,0.01064,-0.99908,0.00226,0.00309,0.00179
1790069015.1844344,-0.0119,0.01196,-0.99945,0.0038,0.00362,0.01279
1790069015.2006466,-0.00375,0.00603,-0.99878,-0.00157,0.01279,-0.00123
1790069015.4093513,-0.01296,0.01018,-0.99772,0.00166,0.00386,-0.00129
1790069015.61635,-0.00948,0.00771,-0.99802,0.00214,0.00776,0.00195
1790069015.7120936,-0.01309,0.01387,-0.99864,0.00401,0.00372,0.00251
1790069015.8247907,-0.0159,0.01912,-0.99853,0.00177,0.00468,-0.00314
1790069016.0157573,-0.00785,0.02872,-0.99938,0.00355,0.00767,-0.0375
1790069016.0157573,-0.01441,0.01288,-0.99895,0.00244,0.00122,0.00872
1790069016.1321633,-0.01364,0.00605,-0.99872,-0.00114,0.00567,0.00041
1790069016.43414,-0.00987,0.01164,-0.99954,0.00197,0.00521,0.00335
1790069016.43414,-0.01316,-0.06471,-0.99815,0.00987,-0.02017,1.41434
1790069016.6350574,-0.00241,0.00245,-0.98731,0.03363,0.00773,1.52491
1790069016.7351935,0.02642,0.01984,-1.00727,-0.03251,-0.03233,1.57321
1790069016.8401077,0.04569,0.04985,-1.03874,0.02265,-0.031,1.5014
1790069017.0460136,0.02203,0.03892,-1.03679,-0.00229,-0.0096,1.48885
1790069017.2550771,0.02966,-0.00483,-0.98708,0.00743,0.03038,1.6025
1790069017.448474,0.02321,0.00572,-1.026,-0.00083,0.02598,1.54009
1790069017.448474,0.01831,0.02611,-1.00621,-0.02812,0.00804,1.55744
1790069017.6577241,0.02961,-0.00879,-0.99144,0.013,0.02241,1.56101
1790069017.865899,0.01054,-0.02737,-0.97392,0.01228,0.01278,1.64604
1790069018.0712843,0.03283,0.03591,-1.05771,0.01319,-0.00133,1.49435
1790069018.0712843,0.02392,0.00887,-1.00389,-0.00372,-0.01439,1.56313
1790069018.262225,0.01189,-0.06212,-0.97388,-0.00052,-0.00066,1.65647
1790069018.2782028,0.00924,-0.02312,-0.98496,0.01114,0.0061,1.62333
1790069018.4719026,0.02903,0.06753,-0.99403,0.00785,-0.0016,0.59393
1790069018.4719026,0.01231,0.06519,-1.00676,-0.0154,-0.00522,0.09179
1790069018.599323,-0.00333,-0.00507,-1.00083,-0.0001,0.00301,-0.00108
1790069018.6754496,-0.00382,0.00031,-0.99974,0.00473,0.0033,0.00687
1790069018.7424433,-0.00485,0.01625,-0.99719,-0.00072,0.00893,-0.02298
1790069018.889225,0.00741,0.01783,-0.99932,0.00135,0.00488,-0.00874
1790069019.090687,0.00123,0.00399,-0.99708,0.00117,0.00207,-0.00125
1790069019.090687,-0.00524,0.00365,-0.99694,0.00075,0.00578,-0.00209
1790069019.2994924,-0.00783,0.00475,-1.00008,0.00362,0.00324,-0.00031
1790069019.2994924,-0.00408,0.00648,-0.99906,0.00289,0.00423,0.00059
1790069019.493981,-0.00236,0.00353,-0.99866,0.0038,0.00493,0.00045
1790069019.493981,-0.00435,0.00467,-0.99802,0.00538,0.00067,0.00061
1790069019.7016163,-0.00405,0.00484,-0.99929,0.00237,0.00683,-0.00038
1790069019.717305,0.01388,0.00793,-0.99813,-0.00238,0.01114,-0.00965
1790069019.8770967,-0.00233,-0.00294,-0.99711,0.00677,0.00719,0.0098
1790069019.9493043,-0.00741,0.00052,-0.99942,0.00452,0.00523,0.00565
1790069020.0717804,0.15766,0.0148,-0.99373,0.00589,0.03109,-0.01073
1790069020.1337445,0.18399,0.01533,-1.00728,0.00904,-0.02006,-0.15838
1790069020.2787173,0.03975,-0.0407,-0.98928,0.02898,-0.0101,0.1252
1790069020.3913457,-0.09789,-0.00429,-0.99381,-0.0076,-0.00485,0.05148
1790069020.5357878,0.01456,-0.00055,-0.99039,0.00381,0.00943,0.02029
1790069020.5443053,0.061,-0.01008,-1.00196,-0.00604,-0.01095,0.0258
1790069020.6628177,-0.00059,-0.02035,-1.01601,-0.00632,-0.02777,0.02346
1790069020.7741177,-0.054,-0.02048,-0.99415,-0.01099,0.02212,0.03509
1790069020.9030852,-0.03945,0.00892,-1.00179,0.01875,-0.00039,0.0117
1790069020.982826,0.00663,0.0282,-0.99304,0.03019,0.03677,-0.01515
1790069021.094634,0.00851,0.00527,-0.9899,-0.00257,0.02099,-0.00915
1790069021.1585412,-0.00489,-0.00019,-1.0033,0.00276,0.01217,0.02372
1790069021.2876096,-0.02313,-0.01332,-1.00855,-0.03135,0.01562,0.01483
1790069021.3553598,-0.01905,-0.02349,-1.00632,-0.01369,0.01557,0.01787
1790069021.4971166,0.01552,0.03318,-0.98716,-0.00078,0.00088,-0.00776
1790069021.5615067,0.02356,0.03167,-0.97665,0.02241,0.00304,-0.03299
1790069021.6759388,0.01179,0.02137,-0.99719,0.02437,-0.0133,-0.03209
1790069021.770348,-0.01788,0.00484,-0.99522,0.00932,-0.04165,-0.04533
1790069021.8824666,-0.02149,-0.02409,-0.99465,-0.00477,-0.01143,0.01624
1790069021.9628806,-0.00835,-0.00794,-0.98496,-0.00706,-0.01353,0.00698
1790069022.1589103,-0.23283,-0.02029,-0.99756,8e-05,-0.03285,0.0622
1790069022.1708817,-0.1666,0.01334,-0.99178,0.00819,-0.01371,-0.01524
1790069022.3656418,0.01737,0.00798,-0.99818,0.00241,0.00215,-0.00398
1790069022.3793106,0.01224,0.00544,-0.99839,0.00189,0.00865,-0.01202
1790069022.5713,-0.00309,0.00903,-0.9983,0.00144,0.00649,-0.00716
1790069022.7895663,-0.00729,-0.01192,-0.9973,0.00333,0.0096,0.02668
1790069022.9021494,-0.00537,-0.00237,-0.99778,0.00028,0.00834,0.00244
1790069023.1908185,-0.00732,-0.00358,-0.9978,0.00797,0.00469,0.02344
1790069023.1908185,-0.00586,0.00215,-0.99884,0.00261,0.00303,0.00175
1790069023.3640459,-0.00472,-0.00036,-0.99804,0.00458,0.00152,0.01481
1790069023.386392,-0.00526,-0.00056,-1.0011,-0.00159,0.00505,0.00827
1790069023.5925484,0.00251,0.00532,-0.99832,0.00532,0.00285,0.00011
1790069023.5925484,-0.0094,0.00084,-0.99884,0.00303,0.00494,0.00542
1790069023.7857125,-0.00556,-2e-05,-0.99977,0.00263,0.00371,0.00892
1790069024.0118454,-0.00629,-0.00286,-0.99865,0.00225,0.00293,0.01209
1790069024.1727557,0.0004,0.00491,-0.99728,0.00176,0.0063,0.01526
1790069024.1727557,-0.003,0.01386,-0.99894,0.0048,0.00478,0.01096
1790069024.4138868,-0.00512,0.00518,-0.9991,0.00056,0.00525,0.00857
1790069024.6237998,-0.00774,-0.003,-0.99818,0.00417,0.00359,0.00955
1790069024.8015947,-0.01084,-0.00474,-0.99872,-0.0002,0.0045,0.01139
1790069025.0270853,-0.00818,-0.00363,-0.9979,0.00198,0.00332,0.00691
1790069025.2347538,-0.00674,-0.00398,-0.99745,0.00105,0.00454,0.00682
1790069025.4462724,-0.00657,0.00039,-0.99955,-0.00017,0.00401,-0.00032
1790069025.612654,-0.00411,0.00247,-0.99829,0.00291,0.00022,-0.00303
1790069025.6224785,-0.01459,-0.02173,-0.99979,-0.00323,-0.00737,0.00397
1790069025.810735,-0.00744,0.00053,-0.99835,0.00133,-0.00214,-0.00233
1790069025.810735,0.00278,0.01155,-0.99823,0.00168,0.01147,-0.00783
1790069026.0506465,-0.00324,0.01732,-0.99914,0.0035,0.0026,-0.01638
1790069026.2601247,-0.00709,0.01865,-0.99877,0.00373,0.00271,-0.00736
1790069026.3755202,0.00529,0.0054,-0.99932,0.00599,0.01054,-0.00396
1790069026.6619678,-0.00958,0.00305,-0.99898,0.00475,0.00939,0.00544
1790069026.6619678,-0.00835,-0.00051,-0.99758,0.00066,0.00453,0.00299
1790069026.8222706,-0.08297,-0.17201,-0.98942,0.00699,-0.02103,0.50637
1790069026.8383093,-0.03243,-0.0749,-0.99351,0.00157,0.01212,1.3366
1790069027.07812,0.03281,-0.04832,-0.99223,0.00088,0.00593,1.47371
1790069027.07812,0.02454,-0.02948,-1.00065,-0.00249,0.00196,1.48899
1790069027.2878463,0.00974,-0.02428,-1.01823,-0.00913,-0.04083,1.54882
1790069027.2878463,0.01489,0.03154,-1.0132,0.01431,-0.04965,1.52277
1790069027.4821982,0.01845,-0.02679,-0.96278,0.01451,-0.02971,1.54038
1790069027.6916146,-0.00797,-0.03468,-1.00917,-0.00537,-0.02436,1.63742
1790069027.8368232,0.03338,0.12615,-1.00326,-0.02608,-0.01476,1.22455
1790069027.8526878,0.00511,0.01297,-0.99861,0.02013,0.01106,0.51353
1790069028.0931864,0.00634,0.06858,-0.99678,-0.00219,-0.00196,0.03007
1790069028.3027742,-0.01585,0.00619,-0.99893,0.00163,0.00312,0.00236
1790069028.4637208,-0.01458,0.00492,-1.00022,0.00306,0.00614,-0.00093
1790069028.4871178,-0.01378,0.0047,-0.99909,0.00167,0.00276,0.00065
1790069028.7143524,-0.01268,0.00166,-0.9994,0.00172,0.00422,-0.00782
1790069028.7143524,-0.01184,0.0032,-1.00028,0.00409,0.00382,-0.00902
1790069028.841877,-0.01338,0.00946,-0.99947,0.00296,0.00418,0.0007
1790069028.922062,-0.01326,0.0054,-0.99929,0.0024,0.00127,0.00322
1790069029.1296976,-0.01157,0.00513,-0.99785,0.00185,0.0045,0.00293
1790069029.1296976,-0.01639,0.00178,-1.00015,0.004,0.00587,-0.01734
1790069029.2568898,0.00144,0.00934,-0.99956,0.00432,0.00764,-0.00844
1790069029.3199768,-0.01293,0.00869,-0.99866,0.00435,0.00628,-0.0028
1790069029.3857343,0.07781,0.0093,-0.99398,0.0083,0.02395,0.00891
1790069029.5418482,0.22766,0.03107,-0.98403,0.0112,0.00676,0.00614
1790069029.6381423,0.10689,-0.01967,-0.99603,0.02654,-0.04336,0.00192
1790069029.7021909,-0.08012,0.01029,-0.9694,-0.00275,-0.01383,-0.01401
1790069029.8145351,-0.12545,-0.0124,-0.99858,-0.01589,0.00473,0.01958
1790069029.959222,0.00499,0.00479,-0.99267,0.00703,0.0111,0.00369
1790069030.0232365,0.06115,-0.02328,-1.00517,-0.00726,-0.00186,0.0314
1790069030.1357524,0.02461,0.01166,-1.01654,-0.01108,0.00807,-0.00188
1790069030.2155685,-0.0538,-0.0036,-1.00773,0.02458,-0.01093,-0.00984
1790069030.3456564,-0.05594,0.02529,-0.996,0.02176,0.01882,-0.01569
1790069030.456476,0.00115,0.05511,-0.98699,0.01795,0.01991,-0.02265
1790069030.5364215,0.02827,-0.00052,-0.98063,0.01369,0.03976,0.02762
1790069030.6005578,-0.01492,-0.02292,-1.00446,-0.00811,0.02991,0.06628
1790069030.712734,-0.03988,-0.00065,-0.9993,-0.12873,-0.00573,0.03822
1790069030.8565655,-0.02377,-0.01479,-1.00071,0.02453,0.02268,0.00642
1790069030.9209902,0.01056,0.03302,-0.97934,-0.01466,0.00773,-0.03339
1790069031.032126,0.0229,0.03991,-0.98975,0.00688,0.01062,-0.07699
1790069031.159912,-0.00718,0.0093,-0.99093,-0.01444,0.03784,-0.00731
1790069031.2401676,-0.01854,0.00216,-0.98997,-0.01312,0.00505,0.00179
1790069031.370193,-0.01142,-0.00959,-0.98661,-0.00059,0.01024,-0.00411
1790069031.5780096,0.00022,0.00064,-0.99751,0.02576,-0.01455,-0.00216
1790069031.5780096,-0.22654,-0.04537,-1.01135,-0.01825,-0.00547,0.08798
1790069031.7850149,-0.1512,0.10681,-0.99299,-0.00978,-0.00104,-0.0051
1790069031.7956927,-0.01981,0.03016,-0.99934,0.01162,0.0084,-0.03497
1790069031.8670504,0.01127,0.01316,-0.99934,0.00406,0.00171,-0.00237
1790069031.996486,0.00325,0.017,-0.99885,0.00241,0.00253,-0.00872
1790069032.1987317,-0.00156,0.01181,-1.00035,0.00159,0.00054,-0.00093
1790069032.1987317,-0.01786,0.0017,-1.00037,0.0082,0.00292,0.02274
1790069032.3227546,-0.012,-0.00082,-1.00067,0.00143,0.00277,-0.002
1790069032.4033515,-0.00599,0.01226,-0.99938,0.00115,0.0035,-0.00939
1790069032.613051,-0.00584,0.01159,-0.99899,0.00374,0.0031,-0.00974
1790069032.7749627,-0.00267,0.02119,-0.9974,-0.00084,0.00399,-0.02333
1790069032.7826414,-0.00409,0.01771,-0.99756,-3e-05,0.0047,-0.01784
1790069032.8680804,0.0061,0.0089,-0.99933,0.00609,0.01034,0.00203
1790069032.9325743,-0.01013,0.02403,-0.99796,-0.00118,0.00433,-0.01773
1790069033.2217581,-0.00122,0.01617,-0.99715,0.00354,0.0112,-0.00794
1790069033.2217581,-0.00422,0.01205,-1.00059,0.0037,0.00415,-0.0014
1790069033.4263902,-0.00995,0.0007,-0.9986,0.001,0.00291,0.01631
1790069033.4421887,-0.00675,0.00433,-0.99918,0.00397,0.00053,0.00272
1790069033.5836642,-0.0054,0.01457,-0.99946,-0.00073,0.00809,-0.01038
1790069033.6314852,-0.00481,0.01199,-0.99807,0.00418,0.00154,-0.01258
1790069033.8560297,-0.00137,0.02168,-0.99817,0.00318,0.00609,-0.01531
1790069033.8560297,-0.00538,0.01073,-0.99589,0.00176,0.00056,0.00349
1790069034.0328064,-0.00958,0.00499,-0.99811,0.0013,0.00066,0.01215
1790069034.2418618,-0.00899,-0.00051,-0.99903,0.00358,0.00242,0.0223
1790069034.2418618,-0.01116,-0.00629,-0.99861,0.00281,0.00119,0.02459
1790069034.257865,-0.01254,-0.00657,-0.9981,0.0028,0.00175,0.01694
1790069034.4495676,-0.01062,-0.00489,-1.00093,0.00284,0.00352,0.00972
1790069034.4495676,-0.00879,0.00677,-0.99961,0.00466,0.00498,-0.00818
1790069034.6564684,-0.00838,0.01281,-0.99856,0.00126,0.00654,-0.01914
1790069034.6564684,-0.00375,0.01855,-0.99937,0.00175,0.00313,-0.02358
1790069034.8658793,-0.00355,0.02382,-0.99935,0.0002,0.0038,-0.02121
1790069034.8818269,0.00391,0.0308,-0.99924,0.0054,0.00522,-0.04366
1790069035.058532,0.00497,0.02405,-1.00039,-0.00125,0.00627,-0.03974
1790069035.0746634,-0.00134,0.02198,-1.00119,0.00239,0.00188,-0.02326
1790069035.2203307,-0.00561,0.01464,-0.99854,0.00217,0.00417,-0.00381
1790069035.477676,-0.0088,0.00548,-1.00033,0.00396,0.00306,0.0088
1790069035.477676,-0.00981,-0.00166,-0.99847,0.00794,0.00133,0.03586
1790069035.477676,-0.01069,-0.00096,-0.99985,0.00176,0.0044,0.01895
1790069035.6719153,-0.01217,-0.00843,-0.99894,0.00236,0.0061,0.02427
1790069035.882712,-0.01796,0.00228,-1.00004,0.00331,-0.00364,-0.00027
1790069035.8966672,0.00468,-0.01271,-0.9969,0.00521,-0.00418,0.0282
1790069035.9932091,-0.01655,-0.00899,-1.00026,0.00234,-0.0026,0.03106
1790069036.1048381,-0.01099,-0.0031,-1.00156,0.00521,0.00952,0.02095
1790069036.2980804,-0.01151,-0.00533,-0.99879,0.00419,0.00397,0.01537
1790069036.3033292,-0.01201,-0.0014,-1.00043,0.00242,0.00523,0.00445
1790069036.5034413,-0.01058,0.00733,-0.99746,0.00103,0.00529,-0.01237
1790069036.5034413,0.05308,0.135,-0.9934,0.03114,-0.00774,1.22776
1790069036.7016435,0.02996,-0.02099,-1.00814,0.00489,-0.00247,1.41336
1790069036.9227087,0.02662,0.02342,-1.01604,0.02181,-0.03465,1.46864
1790069037.1189048,0.02229,0.00477,-0.9692,0.02188,0.02704,1.522
1790069037.3182662,0.02664,-0.00319,-1.03196,0.01946,-0.00687,1.56662
1790069037.3182662,0.00167,0.00306,-1.0287,0.03171,-0.03308,1.59352
1790069037.519683,0.01577,0.0153,-0.983,0.00846,-0.00704,1.53133
1790069037.727612,0.01837,-0.01984,-1.0002,0.02004,-0.03287,1.60531
1790069037.9032147,-0.01,-0.03366,-1.02526,0.01917,-0.02615,1.59238
1790069037.9032147,0.02346,0.04031,-1.01456,0.03842,-0.0162,1.54636
1790069038.1444106,0.02222,-0.023,-0.97414,0.05343,0.02227,1.55701
1790069038.3377562,0.00849,-0.01962,-1.01446,0.00303,0.00423,1.6154
1790069038.5469534,0.03964,0.04322,-1.00889,0.02599,-0.05172,1.51923
1790069038.5469534,0.00486,0.03566,-1.00597,0.0007,-0.0028,0.56241
1790069038.7570035,-0.01308,0.00403,-1.00195,0.00276,0.00654,0.00492
1790069038.870989,-0.01453,0.01127,-0.99598,0.00324,0.00372,-0.00039
1790069038.9247196,-0.00805,0.00875,-0.99768,0.00136,0.0022,-0.00134
1790069039.167878,-0.00356,0.00292,-0.99775,0.00199,0.00302,0.0013
1790069039.360179,-0.0082,0.01567,-0.99976,0.00334,0.00536,-0.00102
1790069039.5689516,-0.00999,0.00959,-1.00037,0.00275,0.00506,0.00271
1790069039.5689516,-0.00915,0.00783,-1.00018,0.00483,0.00524,1e-05
1790069039.7778597,-0.00915,0.00783,-1.00018,0.00483,0.00524,1e-05
1790069039.9342,-0.01123,0.01812,-0.99896,0.00546,0.00782,-0.00657
1790069039.9441907,-0.0136,-0.02672,-1.00001,0.00689,0.00872,0.04209
1790069040.0339618,-0.00021,0.02507,-0.99949,0.00135,0.00279,-0.0194
1790069040.183581,0.10162,0.01017,-0.99709,0.00863,0.02643,0.00213
1790069040.240861,0.20254,0.02023,-0.99153,0.04654,0.01946,-0.14773
1790069040.3523872,0.08066,-0.0239,-0.99081,0.00295,-0.00664,0.05784
1790069040.5522578,-0.06412,0.01976,-1.02685,-0.00887,-0.0761,0.04441
1790069040.560318,-0.12176,0.01799,-1.01515,0.00459,0.00844,0.00228
1790069040.686601,-0.02753,0.00415,-0.99689,-0.01388,-0.01845,0.00381
1790069040.7977967,0.04867,0.00958,-1.0077,0.00514,-0.01014,0.00573
1790069040.8776078,0.04106,0.03038,-0.97341,-0.00648,-0.00565,0.00014
1790069041.0070953,-0.0449,-0.00531,-0.99437,-0.03041,0.0472,0.01708
1790069041.1187334,-0.0394,0.02291,-1.00077,0.01451,0.02081,-0.01843
1790069041.1985664,-0.00013,0.006,-1.01022,0.00134,0.0243,0.01897
1790069041.3114429,0.01661,-0.00176,-1.03103,-0.02663,-0.01021,0.01984
1790069041.3751855,0.01322,0.03194,-0.99744,0.00916,0.00901,-0.06161
1790069041.5187926,-0.02177,0.0059,-0.99268,0.0126,0.0304,-3e-05
1790069041.5849073,8e-05,0.02124,-0.99358,-0.00919,0.02373,-0.01258
1790069041.6938548,0.00569,0.0194,-0.98284,0.0126,-0.02575,-0.01384
1790069041.8218172,0.01598,0.00266,-1.01369,-0.01051,0.01624,-0.00521
1790069041.9059474,-5e-05,-0.0003,-1.01918,0.04688,-0.02911,0.01884
1790069042.0150235,-0.01108,0.0252,-0.99733,0.01503,-0.02129,-0.04416
1790069042.0950253,-0.03518,0.0076,-1.00386,0.01204,-0.00941,0.01913
1790069042.237843,0.00776,0.02007,-0.98796,0.00314,0.01801,0.00118
1790069042.385069,-0.24177,-0.00777,-0.98552,0.00108,0.00566,0.08015
1790069042.400957,-0.08621,0.077,-0.98738,-0.0242,0.03295,-0.01066
1790069042.6428733,0.02069,0.00059,-0.99963,-0.00192,0.0008,-0.00902
1790069042.659285,0.00705,0.01967,-0.99844,0.00076,0.0042,-0.01082
1790069042.8129413,-0.00094,0.01972,-0.99853,0.00404,0.00592,-0.01138
1790069042.8235111,-0.00659,0.01602,-0.99737,0.00376,0.00536,-0.01127
1790069042.9440274,-0.00537,0.01293,-0.99764,0.00279,0.00446,-0.00624
1790069043.05652,-0.00428,0.02258,-1.00109,0.00026,-0.00448,-0.0471
1790069043.2501583,-0.00245,0.01621,-0.99793,0.00212,0.00378,-0.01139
1790069043.2662382,-0.00938,-0.01909,-0.99921,0.00433,0.00383,0.03267
1790069043.4111066,-0.0053,-0.00072,-0.99965,-0.00011,0.00579,0.01156
1790069043.4269648,-0.00642,0.0031,-0.99793,0.00455,0.00531,0.01562
1790069043.6668444,-0.00901,0.01271,-0.99901,0.00151,0.00076,-0.0054
1790069043.8759823,0.00417,0.01962,-0.9981,0.00087,0.00777,-0.01103
1790069043.9722438,0.00086,0.0179,-0.99747,0.00078,0.00303,-0.01178
1790069044.0680969,9e-05,0.01828,-0.9993,0.00351,0.00437,-0.01311
1790069044.276138,-0.00194,0.01429,-0.99827,0.00176,0.00335,-0.01021
1790069044.2922704,-0.00138,0.0305,-0.99761,0.00478,0.00465,-0.01447
1790069044.4474113,0.00297,0.02287,-0.99784,0.00315,0.00425,-0.02903
1790069044.6933494,-0.00331,0.0135,-0.9997,0.00331,0.00374,-0.00481
1790069044.6933494,-0.00489,0.00898,-0.99832,0.00431,0.00238,-0.0136
1790069044.8999424,-6e-05,0.01056,-0.9974,0.0031,0.0014,-0.00564
1790069044.8999424,-0.00401,0.00925,-0.99928,0.00303,0.00433,-0.00541
1790069044.9636493,-0.00609,0.01195,-0.99896,0.00295,0.00338,-0.00649
1790069045.0950184,0.00068,0.01492,-1.00074,0.00119,0.00336,-0.00941
1790069045.3012626,-0.00223,0.01555,-0.99774,0.0013,0.00469,-0.01358
1790069045.3012626,-0.0022,0.01616,-0.99761,0.00084,0.00378,-0.01324
1790069045.3169644,-0.00382,0.01509,-0.99869,0.0009,0.00268,-0.01116
1790069045.5099545,0.00017,0.01318,-0.99886,0.00043,0.00645,-0.01122
1790069045.5257115,-0.00296,0.01152,-0.99976,0.00091,0.00496,-0.00885
1790069045.715893,-0.00356,0.0151,-0.99908,0.00208,0.00627,-0.00813
1790069045.8772516,-0.00226,0.01286,-1.00046,-2e-05,0.00533,-0.00534
1790069045.8772516,-0.00469,0.01734,-0.99949,0.00344,0.00413,-0.00553
1790069045.9731185,-0.00246,0.00479,-0.9998,0.00212,-0.00193,-0.00593
1790069046.1325204,-0.00246,0.00479,-0.9998,0.00212,-0.00193,-0.00593
1790069046.1325204,-0.00599,0.00722,-0.99952,0.00338,0.00559,0.00952
1790069046.3260105,-0.00599,0.00722,-0.99952,0.00338,0.00559,0.00952
1790069046.341659,-0.00565,0.00095,-0.99916,0.00162,0.00658,0.01613
1790069046.5322723,-0.012,0.00253,-0.99805,-0.00111,0.00285,0.00745
1790069046.6555777,-0.00073,0.02468,-0.99751,0.00101,-0.00223,-0.00265
1790069046.7391224,-0.00073,0.02468,-0.99751,0.00101,-0.00223,-0.00265
1790069046.9456382,0.00078,0.01669,-0.99746,0.00137,0.0057,-0.01045
1790069046.9456382,0.00266,0.01779,-0.99793,0.00446,0.00519,-0.00871
1790069047.0583768,-0.17513,-0.37789,-0.99324,0.04378,0.01756,1.5033
1790069047.157646,-0.01721,-0.07232,-1.01592,0.0364,-0.00431,1.36469
1790069047.358748,0.06071,0.00989,-0.98748,0.00351,-0.01419,1.42205
1790069047.364462,0.02459,0.00658,-1.01479,-0.02799,-0.06306,1.48881
1790069047.55903,0.01924,0.01551,-1.02617,-0.01729,-0.01746,1.55943
1790069047.76026,0.02994,0.02585,-1.01438,0.0064,-0.02687,1.53093
1790069047.765185,0.03236,-0.01905,-0.9946,0.00484,0.01546,1.54298
1790069047.973568,0.04371,0.02755,-0.9875,0.09432,0.03293,1.54461
1790069047.973568,0.0004,-0.03644,-0.98834,-0.04669,-0.03506,1.62883
1790069048.166393,0.06231,0.17787,-1.01931,-0.01083,-0.00101,0.69073
1790069048.166393,0.03942,0.08153,-0.99869,0.00495,0.00421,0.11447
1790069048.3756344,0.00213,-0.00111,-0.99939,0.00943,0.00876,-0.03615
1790069048.3756344,-0.00927,-0.00196,-0.9979,0.00393,0.00335,0.00164
1790069048.48722,-0.0136,0.00218,-0.9993,0.0011,0.00428,0.00186
1790069048.592173,-0.00046,0.014,-0.99847,0.00191,0.00321,-0.0299
1790069048.788939,-0.01031,0.00012,-0.99918,0.00346,0.00374,0.00769
1790069048.9951792,-0.00477,0.00419,-0.99867,0.0056,0.00277,-0.00238
1790069049.108012,-0.00899,0.00505,-0.9999,-0.00233,0.0056,-0.00608
1790069049.1799924,0.0078,0.02099,-0.99825,-0.00076,0.00665,-0.0155
1790069049.3679771,0.15761,0.01322,-0.9917,-0.00183,0.04581,-0.02961
1790069049.37893,0.21346,0.00782,-0.99389,0.00232,0.01539,-0.03695
1790069049.4914715,0.05741,-0.04343,-0.98376,-0.04086,-0.00854,0.06752
1790069049.6038902,-0.10136,-0.00931,-0.97315,-0.01622,0.0106,0.02255
1790069049.6999512,-0.1115,-0.01264,-0.99487,0.00385,0.003,0.03645
1790069049.8134975,0.03093,0.02041,-0.98919,0.00391,0.03021,-0.00516
1790069049.8929873,0.0818,0.00281,-0.99422,0.01036,0.0045,0.02637
1790069050.0050023,-0.00805,-0.00076,-1.02604,-0.00814,-0.00545,-0.00349
1790069050.0847194,-0.05194,0.03004,-0.98409,0.01934,-0.00775,-0.05309
1790069050.2609928,-0.06703,0.00535,-0.99334,0.00664,0.0056,-0.00107
1790069050.3251917,0.00683,0.02578,-0.99592,0.03643,0.02017,-0.01529
1790069050.405156,0.03277,0.00052,-0.98446,-0.00856,0.03867,-0.01803
1790069050.5820727,-0.00772,-0.03988,-1.00398,0.00156,0.01923,0.07212
1790069050.5978956,-0.04209,0.01344,-1.00695,0.00019,0.01624,-0.01343
1790069050.7103462,-0.0255,-0.00429,-1.0023,-0.0196,-0.00054,0.00982
1790069050.838262,-0.0125,-0.03634,-1.01344,-0.04244,-0.02196,0.0646
1790069050.918161,0.01786,0.01622,-0.97864,0.0029,-0.0113,-0.02161
1790069051.0212307,0.01734,0.02947,-0.98884,0.00687,0.02563,-0.03429
1790069051.0926623,-0.02733,-0.01269,-1.00058,-0.01774,0.00928,0.02249
1790069051.3482885,-0.01511,-0.0028,-1.00517,0.01859,-0.03988,-0.01274
1790069051.4604366,-0.24885,-0.03225,-1.00321,-0.01413,0.00042,0.14491
1790069051.653766,-0.05236,0.04025,-1.00366,0.01829,-0.01262,-0.10417
1790069051.653766,0.01033,-0.01887,-0.99887,0.00596,0.006,-0.00086
1790069051.8629906,0.00593,0.00665,-1.00194,0.00155,0.00406,-0.02027
1790069051.8629906,-0.00018,0.0006,-0.99883,0.00492,0.00513,0.002
1790069052.0194962,-0.00835,0.00217,-0.99858,0.00737,0.00315,0.00259
1790069052.035264,-0.01118,0.02174,-0.99911,0.00055,0.00775,-0.04637
1790069052.131792,-0.00731,-0.00194,-0.99885,0.00231,0.00594,0.00996
1790069052.272313,-0.00844,0.00634,-0.99987,0.00198,0.00273,-0.0035
1790069052.433627,-0.01195,0.00273,-1.00002,-1e-05,0.00114,-0.00667
1790069052.433627,-0.01187,0.00126,-0.99748,0.00236,0.0024,0.00343
1790069052.6806521,-0.01302,-0.00863,-0.99961,0.00495,0.00577,-0.00222
1790069052.8829627,-0.01364,0.0,-1.00145,0.0009,0.00465,-0.00634
1790069053.0256872,-0.00624,0.00524,-1.00028,0.00186,0.00358,-0.00128
1790069053.041505,-0.00909,0.00246,-0.99804,0.00538,0.00359,-0.00042
1790069053.2667742,-0.0077,0.00111,-0.99717,0.00143,0.00499,0.00462
1790069053.282342,-0.00791,0.00644,-0.99988,0.00264,0.00531,-0.0335
1790069053.4926782,-0.00398,0.00653,-0.9988,0.00309,0.00256,-0.00644
1790069053.699434,-0.00603,0.00298,-0.99831,0.00068,0.00459,0.00068
1790069053.699434,-0.01133,0.00416,-0.99963,0.00133,0.00436,-0.00184
1790069053.9085183,-0.00769,0.00274,-0.99808,0.00115,0.00298,-0.00317
1790069053.9085183,-0.0088,0.0042,-0.99736,0.00364,0.00522,0.00168
1790069054.0370204,-0.01094,0.00283,-1.0009,0.00346,0.00519,0.00124
1790069054.1162372,-0.00793,0.00253,-0.9994,0.00267,0.00337,0.00071
1790069054.3135064,-0.00778,0.00172,-0.99902,-0.00037,0.00309,0.00106
1790069054.5178792,-0.00541,0.00318,-0.99816,0.00333,0.00812,0.0017
1790069054.5178792,-0.0079,0.00352,-0.99915,0.0002,0.00411,4e-05
1790069054.6869204,-0.00952,0.00925,-0.99895,-0.0051,0.00351,-0.00975
1790069054.6953683,-0.01786,-0.0155,-1.00085,0.00018,-0.00587,0.00778
1790069054.9329436,-0.00549,0.01071,-0.99957,0.00428,-0.00016,-0.01527
1790069054.9329436,-0.00862,0.01089,-0.99965,0.00231,0.00305,-0.00919
1790069055.0451307,-0.01126,0.00165,-0.99787,0.00421,0.00217,0.00532
1790069055.0609117,-0.00833,-0.00153,-0.99792,0.00237,0.00334,0.00355
1790069055.3341694,-0.00963,0.00522,-0.99766,0.00338,0.00402,0.0001
1790069055.4469028,-0.00874,0.02164,-1.00045,-0.00116,0.0013,-0.05129
1790069055.5454257,-0.01271,0.00201,-0.99997,0.00318,0.00172,0.01062
1790069055.7506833,-0.01128,-0.0035,-0.99927,0.00063,0.00388,0.00169
1790069055.7666814,-0.00566,0.00463,-0.9981,0.0025,0.00247,0.00143
1790069055.9592257,-0.0077,0.00364,-1.00029,-0.00107,0.00311,-0.0032
1790069055.9592257,-0.16844,-0.40855,-1.00605,0.00531,-0.03375,1.25289
1790069056.0559297,-0.01347,-0.04663,-1.00647,-0.01229,0.0032,1.29109
1790069056.151848,0.04362,0.01819,-0.99387,-0.00484,0.03688,1.40597
1790069056.3610501,0.01179,0.00993,-0.99713,0.00662,-0.00063,1.43784
1790069056.3610501,0.01146,-0.00199,-1.021,-0.06301,0.01075,1.54253
1790069056.570226,-0.00971,-0.026,-1.04709,0.01381,-0.05402,1.59521
1790069056.570226,0.01786,0.01693,-1.02454,-0.02661,0.00196,1.53591
1790069056.7629037,0.01705,-0.00578,-0.98004,-0.02258,-0.02678,1.56447
1790069056.7790177,0.03044,0.00691,-0.97154,-0.00081,-0.02568,1.58031
1790069056.971925,-0.0026,-0.00918,-0.98305,-0.01105,-0.02469,1.52052
1790069057.068324,0.04408,0.10437,-0.99551,0.00388,0.00397,0.15017
1790069057.1801705,-0.00519,-0.00573,-0.99631,0.00754,0.00464,-0.00134
1790069057.2755706,-0.00913,0.00931,-0.99914,0.00448,0.00262,-0.00023
1790069057.295589,-0.01469,0.00718,-1.00046,0.00592,0.00513,-9e-05
1790069057.39797,-0.01696,0.01034,-0.99983,-0.00186,0.00404,-0.01031
1790069057.5883133,-0.01437,0.01073,-0.99869,-0.00069,0.00213,-0.01165
1790069057.799964,-0.01554,0.00658,-0.99857,0.00271,0.00504,0.00253
1790069057.799964,-0.01394,0.00934,-1.0003,0.00307,0.00513,0.00075
1790069057.90864,-0.01741,0.01753,-1.0001,-0.00155,0.003,-0.00851
1790069058.0361462,-0.00208,0.0343,-0.99703,0.00627,-0.00693,-0.02741
1790069058.1010077,0.15868,-0.00428,-0.9939,0.00169,0.03918,-0.0221
1790069058.2011492,0.19349,0.00312,-0.99611,0.00453,-0.01094,-0.03897
1790069058.356614,0.04635,-0.01096,-1.00155,-0.04248,-0.00067,0.03649
1790069058.4204454,-0.11471,0.00306,-0.95799,-0.02662,0.02275,0.04213
1790069058.5497088,-0.09984,0.0189,-0.99452,0.01412,0.01554,0.00508
1790069058.6451125,0.02652,0.04029,-0.99355,0.01621,0.02771,-0.01489
1790069058.7577488,0.07686,0.00427,-0.99539,0.02595,-0.00447,0.02106
1790069058.8706646,0.00239,0.02394,-1.01608,0.04123,-0.00518,-0.02974
1790069058.9352443,-0.04761,0.01498,-0.98213,0.00453,0.02154,-0.00109
1790069059.0787315,0.02151,0.02514,-0.9758,0.0291,0.04746,-0.02062
1790069059.142127,0.02994,0.02221,-0.98928,0.00754,0.04331,-0.02551
1790069059.2370875,-0.01485,-0.01715,-0.99951,0.00486,0.0098,0.03071
1790069059.3821335,-0.0263,0.00269,-1.00671,-0.04046,0.09312,0.02623
1790069059.4463117,-0.02572,0.02,-1.00679,0.00121,-0.03696,-0.01247
1790069059.5746624,-0.01842,-0.00859,-1.01481,-0.01371,-0.01012,0.04292
1790069059.6383486,0.02476,0.03685,-0.97872,-0.00487,-0.02302,-0.02793
1790069059.7336934,0.01039,0.04105,-0.9977,0.01865,-0.01293,-0.03001
1790069059.8457327,-0.0336,-0.00516,-0.99213,-0.01824,0.02376,0.02546
1790069060.0442054,-0.00524,0.00505,-0.99728,0.01097,0.00149,-0.01314
1790069060.0558174,-0.02937,0.00292,-1.00875,0.02028,-0.03954,-0.01507
1790069060.264208,-0.22501,-0.04149,-0.99163,0.0207,0.01864,0.10979
1790069060.264208,-0.08703,0.07632,-0.99354,-0.0232,0.04275,-0.06744
1790069060.4578352,-0.0058,0.0136,-0.99924,0.00597,0.00372,0.00385
1790069060.6663613,-0.01013,0.00649,-0.99981,0.00106,0.00469,0.00642
1790069060.6663613,-0.01198,0.00656,-1.00064,0.00526,0.00237,0.01342
1790069060.873518,-0.00786,0.01795,-0.99994,0.00427,-0.00724,-0.03713
1790069060.873518,-0.00319,0.01359,-1.00075,0.00457,-0.00013,0.0003
1790069060.9851692,-0.00973,0.00988,-0.99984,0.00111,0.00723,0.00511
1790069061.0817935,-0.01051,0.00781,-1.0004,-0.00038,0.00252,-0.00881
1790069061.2884223,-0.00548,0.01176,-0.99884,0.0005,0.00321,0.00398
1790069061.2884223,-0.00917,0.00789,-0.99852,0.00174,0.00491,0.00514
1790069061.4794185,-0.00192,0.00385,-1.00082,-0.00063,0.00588,0.00589
1790069061.6864965,-0.00757,0.00607,-0.99832,0.00222,0.00805,0.00445
1790069061.89571,-0.01016,0.00871,-1.00099,0.00556,0.00463,0.00523
1790069062.055929,-0.01125,-0.00147,-0.99893,0.00187,-5e-05,0.01386
1790069062.087856,-0.01639,-0.01891,-0.9992,0.00437,-0.00021,0.00364
1790069062.2983468,-0.00754,0.01026,-0.99862,0.00209,0.00793,-0.00125
1790069062.5055914,-0.00669,0.0154,-0.99938,0.00303,0.00359,-0.01114
1790069062.5055914,-0.00509,0.02123,-0.99693,-0.00025,0.00596,-0.0153
1790069062.7112417,-0.00283,0.01985,-0.99804,0.00075,0.007,-0.01469
1790069062.922335,-0.00592,0.01273,-1.00095,-0.00064,0.00147,0.00764
1790069062.922335,-0.009,0.00511,-0.99915,0.00199,0.00578,0.01216
1790069063.1234076,-0.01154,0.00151,-0.99782,0.00116,0.00283,0.01952
1790069063.323812,-0.01105,-0.00046,-0.99999,0.00051,0.00351,0.01371
1790069063.3382587,-0.01052,0.0058,-0.99993,0.00351,0.00185,0.00323
1790069063.4998822,-0.01259,-0.00472,-0.99995,-0.00033,0.00719,0.00555
1790069063.515738,-0.01767,-0.01106,-0.99752,0.00641,0.01539,0.03043
1790069063.7419076,-0.00372,0.01038,-0.99943,-0.0003,0.0064,-0.00821
1790069063.9350643,-0.00658,0.01705,-1.00011,0.00273,0.00032,-0.00702
1790069064.144785,-0.0084,0.00618,-1.00036,0.00027,0.00329,0.01
1790069064.2580426,-0.00365,0.01483,-0.99866,0.00296,0.01447,0.00168
1790069064.3659198,-0.01274,0.01169,-0.9972,0.00681,0.00766,-0.00073
1790069064.4624157,-0.00815,-0.00381,-0.99975,0.00172,0.0065,0.04265
1790069064.5441368,-0.0163,-0.00122,-0.99759,0.00107,0.0053,0.0153
1790069064.606694,0.02321,0.0112,-0.9987,0.00597,0.0099,-0.00169
1790069064.768146,0.22138,0.05794,-1.01576,0.01179,0.00681,-0.10934
1790069064.8482306,0.14609,-0.01547,-0.99985,0.00782,-0.01995,-0.01311
1790069064.9125476,-0.0272,0.04405,-1.01175,-0.00635,-0.0294,-0.01149
1790069065.0569475,-0.14166,0.00368,-1.02544,0.03802,-0.02335,-0.00604
1790069065.1212554,-0.06747,0.00814,-1.00668,0.03454,-0.00097,0.00835
1790069065.234,0.03715,0.01431,-1.02403,-0.00647,-0.02146,0.00325
1790069065.3636136,0.05562,0.01252,-0.98546,-0.00095,-0.02888,0.01325
1790069065.4434762,-0.02012,0.00632,-0.97127,-0.01098,0.01205,0.0296
1790069065.619815,-0.06908,-0.00332,-1.00357,-0.00755,0.00119,0.00995
1790069065.6358871,-0.02569,0.00863,-1.01557,-0.01689,0.01129,0.01636
1790069065.7637,0.01934,0.01206,-1.01001,0.01379,0.03491,-0.03381
1790069065.87694,-0.02376,-0.01686,-0.97116,-0.00129,0.03251,0.04008
1790069065.9601502,-0.01679,0.02292,-0.97985,-0.01161,0.00871,-0.01163
1790069066.0686915,-0.01679,0.02292,-0.97985,-0.01161,0.00871,-0.01163
1790069066.137216,0.01144,0.03034,-1.01297,-0.0093,0.00948,-0.01984
1790069066.261271,0.01144,0.03034,-1.01297,-0.0093,0.00948,-0.01984
1790069066.341098,-0.03544,-0.01162,-1.01466,-0.00141,-0.0712,-0.00318
1790069066.4531689,-0.02078,0.01774,-1.00158,-0.02057,0.01221,-0.02345
1790069066.598712,-0.0011,0.01935,-0.99344,-0.00455,0.01394,-0.00621
1790069066.8087268,-0.13743,0.02499,-1.00491,-0.03136,0.0036,-0.00733
1790069066.8087268,-0.24675,0.00416,-0.99586,-0.00339,0.00478,0.09997
1790069066.8402958,-0.07025,0.02067,-0.99602,-0.01255,0.01558,-0.06883
1790069067.0085585,0.10074,0.0367,-1.00509,-0.00186,-0.00518,-0.06904
1790069067.1716645,0.0009,0.0086,-0.99847,0.00337,0.00089,0.00016
1790069067.4260695,-0.0039,0.00846,-0.99979,-0.00143,0.00509,0.00082
1790069067.4260695,-0.00211,0.02446,-0.9991,0.00333,0.00247,-0.02336
1790069067.541247,-0.00876,0.01244,-0.99898,0.00243,0.00452,0.00241
1790069067.5545347,-0.00667,0.01187,-0.99818,0.002,0.00578,0.00174
1790069067.7930453,-0.00237,0.01581,-0.99662,0.0014,0.0036,-0.00518
1790069067.7930453,-0.00811,0.01179,-0.99764,0.00234,0.00086,-0.00014
1790069068.0334272,-0.00178,0.01732,-0.99974,0.0039,0.00067,-0.02229
1790069068.0415769,-0.01402,0.00727,-0.99898,0.00317,0.00091,0.00883
1790069068.1793647,-0.00357,0.01377,-0.99934,0.00237,0.00331,-0.00398
1790069068.1931543,-0.00232,0.01298,-0.99662,0.0012,0.0062,-0.00145
1790069068.4509213,-0.00514,0.01072,-0.99936,0.00321,0.00293,0.00099
1790069068.4509213,-0.00838,0.01314,-0.99737,0.00178,0.00224,0.00135
1790069068.4533257,-0.00777,0.0048,-0.9984,-0.00169,0.00695,0.0257
1790069068.6452887,-0.01793,-0.01256,-0.99887,0.00036,0.00646,0.03175
1790069068.6611314,-0.00707,0.00529,-0.99808,0.00406,0.00547,0.01336
1790069068.815588,-0.00258,0.01687,-0.99817,0.0006,0.00397,-0.00129
1790069068.853626,-0.0058,0.01279,-0.99829,0.00111,0.00095,-0.00101
1790069069.0634608,-0.00744,0.00828,-1.00027,0.00439,0.00302,-0.00057
1790069069.1922963,-0.005,0.01288,-0.99847,0.00295,-0.00071,0.00138
1790069069.1922963,-0.00527,0.01058,-0.99847,0.00096,0.00762,0.0012
1790069069.2727997,-0.00496,0.01297,-0.99877,0.00326,0.0052,-0.00056
1790069069.4656334,-0.00611,0.01127,-0.99794,0.00315,0.00255,0.00106
1790069069.4817739,-0.00557,0.01035,-0.99828,0.00393,0.00203,0.00295
1790069069.6749997,-0.00772,0.01092,-0.99707,-0.00043,0.0046,0.00338
1790069069.6749997,-0.00637,0.0093,-1.00056,0.00409,0.00389,0.00089
1790069069.8845782,-0.00427,0.01395,-0.99919,0.00127,0.00373,-0.00239
1790069069.9006872,-0.00617,0.01264,-0.99828,0.00386,0.00365,-0.00126
1790069070.078734,-0.00455,0.01315,-0.9965,0.00288,0.00787,-0.00049
1790069070.0945165,-0.00478,0.01355,-0.99874,0.00198,0.00449,-0.00197
1790069070.2073271,-0.00321,0.02018,-0.99773,0.00362,0.0079,-0.00727
1790069070.4977202,-0.00342,-0.00202,-0.99863,0.00161,0.01678,0.01735
1790069070.4977202,-0.00469,0.00791,-0.99725,0.00251,0.01033,-0.00241
1790069070.6906195,-0.00643,0.01817,-0.99838,0.00142,0.00724,0.00021
1790069070.9002316,-0.00467,0.01242,-0.99961,0.00039,0.00613,-0.00079
1790069070.9002316,-0.00583,0.00958,-0.99721,0.00016,0.00185,0.00267
1790069070.9159577,0.00565,0.01834,-0.99875,0.00188,-0.00068,-0.05984
1790069071.112808,-0.00308,0.01334,-0.99702,0.00158,0.01075,0.0142
1790069071.112808,-0.01091,-0.00176,-0.99928,0.00372,-0.00061,0.01045
1790069071.2243664,-0.0098,0.00825,-0.99798,0.00303,0.00379,0.01462
1790069071.3216474,-0.00588,0.0073,-0.99729,-0.00073,0.00672,0.0051
1790069071.5155742,-0.0062,0.00895,-1.00138,0.00353,0.00345,0.00855
1790069071.723456,-0.00636,0.00819,-0.9974,0.00067,0.00429,0.00444
1790069071.9287753,-0.00491,0.01024,-0.99844,0.00067,0.0069,0.00592
1790069071.9444177,-0.00621,0.00985,-0.99938,0.0005,0.00595,0.00346
1790069072.136176,-0.00728,0.00719,-0.9968,0.00292,0.00488,0.00809
1790069072.136176,-0.00853,0.00704,-0.99846,0.00302,0.00348,0.00668
1790069072.3446145,-0.00722,0.00732,-0.99825,0.00347,0.00416,0.00785
1790069072.5371609,-0.00494,0.01092,-0.99915,0.00231,0.00459,-0.00219
1790069072.5371609,-0.0049,0.01493,-0.99845,0.0026,0.00489,-0.00722
1790069072.7471821,-0.0044,0.01896,-0.99862,0.00301,0.00295,-0.013
1790069072.9555125,-0.00283,0.01636,-0.99694,0.00308,0.00555,-0.005
1790069073.1551764,-0.00646,0.01094,-0.99848,0.00159,0.00023,0.00647
1790069073.2351964,-0.00767,0.00673,-0.99883,0.00543,0.00391,0.01284
1790069073.3801634,-0.00947,0.00543,-0.99972,0.00116,0.00279,0.01258
1790069073.5732477,-0.00462,0.00777,-0.99994,0.00549,0.00558,0.00268
1790069073.7667615,-0.00535,0.01389,-0.99843,0.00393,0.00729,-0.00398
1790069073.9758308,-8e-05,0.02101,-0.99805,0.00259,0.00402,-0.01363
1790069073.9758308,-0.00228,0.02087,-1.00073,0.00368,0.00591,-0.01319
1790069074.184153,-0.00068,0.02059,-0.9992,0.00223,0.00276,-0.00799
1790069074.184153,-0.00675,0.01239,-0.99932,0.00297,0.00369,0.00424
1790069074.3901093,-0.00818,0.0086,-0.99938,0.00193,0.00675,0.00996
1790069074.403484,-0.00825,0.00324,-0.99829,0.00066,0.00393,0.01863
1790069074.5950177,-0.01007,0.00225,-0.99959,0.00076,0.00496,0.0187
1790069074.5950177,-0.00739,0.00222,-0.99881,0.00372,0.0052,0.01448
1790069074.7999542,-0.00905,0.00448,-0.99674,0.00506,0.0057,0.00638
1790069074.7999542,-0.0051,0.01131,-0.99891,0.00451,0.00354,-0.00425
1790069075.0041683,-0.00309,0.01969,-0.99854,0.00287,0.00573,-0.01218
1790069075.0191193,-0.00058,0.024,-0.9997,0.00302,-0.00123,-0.02546
1790069075.213008,-0.00144,0.02755,-1.00009,0.00304,0.00488,-0.01968
1790069075.2196143,-0.00254,0.02221,-0.99926,0.00525,0.00443,-0.01379
1790069075.4157023,-0.00435,0.01736,-0.99689,0.00202,0.00358,0.00247
1790069075.4183178,-0.00542,0.01273,-1.00048,0.0024,0.00448,0.00655
1790069075.6193917,-0.00847,0.00737,-0.99892,0.0049,0.00283,0.01848
1790069075.6261363,-0.00972,0.00133,-0.99929,0.00268,0.00348,0.02252
1790069075.8241315,-0.00988,-0.00193,-0.99907,1e-05,0.00653,0.02487
1790069075.8241315,-0.01067,-0.00162,-1.00056,0.00177,0.00733,0.0189
1790069076.0306098,-0.01025,0.00029,-0.99785,0.0025,0.00389,0.01272
1790069076.2311523,-0.0094,0.00732,-1.00022,0.00325,0.0037,0.00188
1790069076.437991,-0.00352,0.02155,-0.99913,-0.00014,-0.00063,-0.02166
1790069076.4390569,0.00024,0.02459,-0.9988,0.00119,0.00364,-0.02007
1790069076.6497533,-0.00224,0.02678,-0.99822,0.0049,0.00713,-0.01931
1790069076.652699,-0.00032,0.02561,-0.99932,0.00176,0.00299,-0.01974
1790069076.8485067,0.00038,0.02422,-0.99956,0.00394,0.00386,-0.01571
1790069077.050428,-0.00723,0.01319,-0.99927,0.00252,0.00359,0.00811
1790069077.2582822,-0.0104,-0.0001,-1.00081,0.00332,0.00519,0.0196
1790069077.4588416,-0.00863,0.00216,-0.99922,0.00343,0.00488,0.00878
1790069077.6673932,-0.00355,0.01974,-0.99974,6e-05,0.00051,-0.02007
1790069077.7833838,0.0001,0.02439,-0.9974,0.00442,0.00374,-0.01527
1790069077.824659,-0.00551,0.02119,-1.00052,0.00155,0.00412,-0.0053
1790069078.0713475,-0.00573,0.01456,-0.9999,0.00355,0.00454,0.0077
1790069078.0713475,-0.00865,0.00289,-0.99805,0.00524,0.00346,0.02266
1790069078.2640638,-0.01128,-0.00344,-0.99894,0.00058,0.00633,0.02555
1790069078.283005,-0.01294,-0.00444,-0.99861,0.00137,0.00534,0.02594
1790069078.4784055,-0.00232,0.01918,-0.99746,0.0037,0.00283,-0.0193
1790069078.6831949,-0.00058,0.02788,-0.99799,-0.0002,0.00703,-0.02904
1790069078.6994634,-0.0,0.02873,-0.99924,0.00415,0.00566,-0.0193
1790069078.896119,-0.00023,0.02171,-0.99971,-0.00031,-0.00059,-0.00938
1790069078.9051766,-0.00851,0.01189,-0.99953,0.00217,0.0063,0.0113
1790069079.1001256,-0.01043,0.00011,-0.99974,0.00321,0.00464,0.02724
1790069079.1046476,-0.01303,-0.00522,-0.99695,0.00134,0.00283,0.02838
1790069079.2566135,-0.01174,-0.00517,-0.99894,0.00389,0.00428,0.02157
1790069079.2726974,-0.00564,0.00547,-0.99887,0.00243,0.00286,0.00188
1790069079.511808,-0.00158,0.01707,-1.0008,0.00349,0.00115,-0.01618
1790069079.5140796,-0.00178,0.02685,-0.99983,0.00313,0.00344,-0.03009
1790069079.715294,-0.00129,0.02618,-0.99857,0.00222,0.00708,-0.01324
1790069079.724659,-0.00433,0.01554,-0.99943,7e-05,0.00353,0.00613
1790069079.9092696,-0.0096,0.0043,-0.99775,0.00263,0.00189,0.02232
1790069079.923312,-0.01204,-0.00312,-0.99979,0.00098,0.00468,0.02556
1790069080.1247897,-0.01138,-0.00261,-0.99802,0.00457,0.00362,0.01609
1790069080.1247897,-0.00918,0.00175,-0.99928,0.00329,0.00414,0.00171
1790069080.285499,-0.00387,0.01726,-0.99861,0.0016,0.00211,-0.01726
1790069080.319487,0.00031,0.02623,-0.99915,0.00075,0.00154,-0.02591
1790069080.5318735,-0.00097,0.02583,-0.99854,0.00329,0.00489,-0.01229
1790069080.5318735,-0.00551,0.01427,-0.99883,0.00342,0.00503,0.00908
1790069080.7253666,-0.01091,0.00031,-0.99791,0.00507,0.00577,0.02643
1790069080.7253666,-0.01171,-0.00334,-0.99746,0.00093,0.00824,0.02169
1790069080.94286,-0.00835,0.00593,-0.9998,0.00121,0.00361,-0.00447
1790069081.1436214,0.00088,0.02917,-0.99931,0.00171,0.00633,-0.0253
1790069081.1436214,-0.00359,0.02285,-0.99945,0.00128,0.00128,-0.00139
1790069081.1436214,-0.00761,0.00564,-0.9967,0.00134,0.00552,0.02016
1790069081.3043387,-0.0097,-0.00395,-0.99854,0.00425,0.00487,0.03222
1790069081.356963,-0.01175,-0.00357,-1.00105,0.00281,0.00571,0.02061
1790069081.549409,-0.01118,0.00041,-0.99959,0.00046,0.0032,0.00599
1790069081.5653968,-0.0039,0.0125,-0.99805,-0.00134,0.00615,-0.01527
1790069081.758937,-0.00193,0.0257,-0.99994,0.0014,-0.00053,-0.03181
1790069081.9682326,-0.00258,0.02277,-1.00116,0.00449,0.00324,-0.00378
1790069082.1733534,-0.0102,-0.00114,-0.9994,0.00189,0.00321,0.02903
1790069082.1744297,-0.0137,-0.00635,-1.00127,0.00181,0.00557,0.02681
1790069082.3023193,-0.00952,0.00117,-0.99806,0.00388,0.00374,0.00548
1790069082.3773153,-0.00268,0.01792,-0.99834,0.00417,0.00333,-0.02182
1790069082.5801144,0.00041,0.02918,-0.99819,0.00196,0.00701,-0.02102
1790069082.7876484,-0.00226,0.01568,-0.99866,0.00188,0.00671,0.0102
1790069082.986651,-0.00847,0.00417,-0.99986,0.00231,0.00244,0.02497
1790069082.9931,-0.01103,-0.00176,-1.00012,0.00151,0.0038,0.01645
1790069083.1978824,-0.00449,0.00976,-0.99886,0.00457,0.00509,-0.00728
1790069083.1988804,-0.00183,0.02401,-0.99772,0.00442,0.00311,-0.0281
1790069083.3056386,0.00279,0.03263,-0.99874,0.0027,0.00537,-0.03014
1790069083.604738,-0.00109,0.02581,-0.99978,0.00432,0.00368,-0.00994
1790069083.607772,-0.00807,0.00933,-0.99882,0.00448,0.00387,0.0187
1790069083.6089606,-0.01028,-0.0044,-0.9999,0.00261,0.00329,0.02686
1790069083.813315,-0.00959,-0.00398,-0.99815,0.00161,0.00481,0.02081
1790069083.8262138,-0.00679,0.00497,-0.99859,-0.00029,0.00366,-0.00187
1790069084.0162165,-0.00073,0.0233,-0.99596,0.00189,0.00289,-0.02626
1790069084.0278306,0.00277,0.0319,-1.00005,0.00246,0.00272,-0.03063
1790069084.2215397,-0.00183,0.01903,-0.99896,0.00217,0.00425,-0.00055
1790069084.223027,-0.00869,0.00278,-0.99913,0.00221,0.00197,0.02499
1790069084.4239488,-0.01189,-0.00457,-0.99745,0.00211,0.00492,0.02669
1790069084.6313393,-0.00272,0.01997,-0.99896,0.00362,0.00394,-0.02459
1790069084.6450176,0.00249,0.02858,-1.00042,0.00356,0.00113,-0.02286
1790069084.8343916,-0.00218,0.02039,-0.99855,0.0011,0.00547,-0.00229
1790069084.8398955,-0.01094,0.0016,-0.99613,0.00183,0.00261,0.02941
1790069085.0244563,-0.01078,-0.00703,-0.99911,0.00441,0.00842,0.02614
1790069085.2433226,-0.00019,0.02665,-0.9989,0.00294,0.00298,-0.033
1790069085.3270972,-0.00427,0.01357,-0.99963,0.00365,0.00403,0.01329
1790069085.4518044,-0.01011,-0.0013,-0.99898,0.00441,0.00212,0.02794
1790069085.6588526,-0.00591,0.01013,-0.99866,-0.00041,0.00658,-0.00907
1790069085.8610716,0.00187,0.02763,-1.00149,0.0035,0.00222,-0.01583
1790069086.0341408,-0.00738,0.00865,-0.99976,0.00423,0.00304,0.02065
1790069086.0375438,-0.01174,-0.00599,-0.999,0.0035,0.005,0.02946
1790069086.2701204,-0.00461,0.01475,-0.999,0.00427,0.00209,-0.01766
1790069086.326411,0.00354,0.03137,-0.99847,0.00322,0.00423,-0.03411
1790069086.4724917,-0.00279,0.02093,-0.99813,0.00035,0.0038,0.0011
1790069086.677805,-0.00987,0.00191,-0.99841,-0.00027,0.00614,0.02985
1790069086.6846006,-0.01197,-0.00516,-0.9984,0.00197,0.00442,0.02519
1790069086.8838062,-0.00644,0.0076,-0.99934,0.00322,0.00565,-0.00485
1790069087.0379694,-0.00536,0.01294,-0.99772,0.00198,0.00471,0.01503
1790069087.042103,-0.01266,-0.0031,-0.99734,0.00271,0.00406,0.03147
1790069087.2912996,-0.01059,-0.00019,-0.99713,0.0056,0.00749,0.01269
1790069087.3004928,-0.00374,0.01668,-1.00136,0.00434,0.00403,-0.02206
1790069087.494649,0.00171,0.03287,-0.9985,0.00535,0.0043,-0.03643
1790069087.494649,-0.001,0.01766,-0.99866,-0.00041,0.00059,0.00463
1790069087.7012208,-0.01074,-0.0004,-0.99902,0.00255,0.00032,0.03015
1790069087.7039907,-0.0129,-0.00746,-0.99764,0.00432,0.00477,0.02478
1790069087.888742,-0.00521,0.01372,-0.99817,0.00149,0.00744,-0.01958
1790069087.9048884,-3e-05,0.02688,-0.99826,0.00417,0.00326,-0.03449
1790069088.0172174,0.00092,0.02243,-0.99942,0.00196,0.00358,-0.00751
1790069088.051166,-0.0072,0.00838,-0.99901,0.00239,0.0028,0.02373
1790069088.17654,-0.01465,-0.00719,-0.99756,0.00284,0.00134,0.03569
1790069088.3199248,-0.01011,-0.00146,-0.99968,0.00309,0.00623,0.00957
1790069088.351814,-0.00324,0.01843,-1.00121,0.00087,0.00166,-0.02587
1790069088.4628859,0.00147,0.03258,-0.99653,-0.00138,0.00402,-0.03443
1790069088.6018515,-0.00049,0.02001,-0.99981,0.00213,0.00279,0.00349
1790069088.743264,-0.0103,-0.00021,-0.99977,0.00079,0.00303,0.03293
1790069088.7639513,-0.0117,-0.00778,-0.99783,0.00305,0.00749,0.02731
1790069088.8737123,-0.00666,0.0057,-0.99965,0.00333,0.0048,-0.00717
1790069089.0415242,0.00037,0.02644,-0.99776,0.00443,0.00194,-0.03404
1790069089.0575802,0.00164,0.02605,-0.99651,-0.00049,0.0061,-0.01313
1790069089.1990569,-0.00869,0.00935,-0.99991,0.00092,0.00691,0.02085
1790069089.3336697,-0.01155,-0.00328,-0.99675,0.0021,0.00307,0.02732
1790069089.386437,-0.00754,0.00713,-0.99921,-0.00056,0.00241,-0.00954
1790069089.4862418,-0.00057,0.02565,-0.99805,0.00263,0.00565,-0.03236
1790069089.651584,6e-05,0.02933,-0.99808,0.0012,0.00402,-0.02139
1790069089.6871014,-0.00621,0.01465,-1.00029,0.0011,0.00329,0.01469
1790069089.8004785,-0.01196,-0.00683,-0.99881,0.00496,0.00422,0.03446
1790069090.0060272,-0.00067,0.01951,-0.99778,0.00265,0.00367,-0.02666
1790069090.103167,0.00314,0.03157,-1.00104,0.00149,0.00333,-0.03533
1790069090.2560875,-0.0027,0.02733,-0.99902,0.00307,0.00466,-0.00738
1790069090.2858758,-0.0076,0.00604,-0.998,0.00602,0.00285,0.02437
1790069090.401751,-0.01145,-0.00402,-1.00074,0.00238,0.00212,0.02614
1790069090.5413477,-0.00787,0.00202,-1.00012,0.00341,0.0058,-0.00084
1790069090.5852847,-0.00091,0.02475,-0.9987,0.00213,0.00227,-0.03156
1790069090.7055902,0.00046,0.02818,-1.0013,0.00104,0.00477,-0.01765
1790069090.8432794,-0.00657,0.01005,-0.99811,0.00349,0.00135,0.02
1790069090.8856173,-0.01162,-0.0064,-0.99812,0.00067,0.00328,0.03362
1790069090.9780056,-0.0107,-0.00136,-0.99845,0.0014,0.00198,0.00545
1790069091.1242287,4e-05,0.02121,-0.99694,0.00271,0.00335,-0.02744
1790069091.2857041,0.0022,0.03272,-0.99985,0.00384,0.00361,-0.03171
1790069091.286699,-0.00253,0.01736,-0.99996,0.00195,0.0037,0.00982
1790069091.4013472,-0.01193,-0.00188,-0.99825,0.00147,0.00506,0.03132
1790069091.5400202,-0.013,-0.00566,-0.99938,0.00138,0.00579,0.02587
1790069091.728427,-0.00069,0.02593,-0.99968,0.00427,0.00175,-0.03289
1790069091.8119094,-2e-05,0.02871,-1.00137,0.00287,0.00338,-0.02038
1790069091.9571235,-0.00252,0.01498,-0.99925,0.00216,0.00532,0.01286
1790069092.0954447,-0.01257,-0.00645,-0.99792,0.00193,0.00346,0.03684
1790069092.1044154,-0.01355,-0.0049,-0.99797,0.00067,0.00565,0.01371
1790069092.2356663,-0.00091,0.01702,-0.99886,0.00356,0.00316,-0.02145
1790069092.367469,0.00189,0.0319,-0.99913,-0.00023,0.0003,-0.04095
1790069092.4015596,0.0003,0.02424,-0.9992,0.00399,0.00137,-0.0077
1790069092.496413,-0.00857,0.00288,-0.99963,0.00317,-0.00048,0.02887
1790069092.639992,-0.01216,-0.00816,-1.00004,0.00316,0.00399,0.02754
1790069092.7835,-0.00635,0.00833,-1.00155,0.00189,0.00327,-0.00911
1790069092.799618,-0.00317,0.02453,-0.99816,0.00154,0.00082,-0.03133
1790069093.0618227,-0.00279,0.02004,-0.99949,0.00471,0.00312,0.0046
1790069093.10364,-0.01066,-0.00045,-0.99945,0.00216,0.00264,0.03217
1790069093.2006414,-0.01341,-0.00773,-0.99802,0.00047,0.00617,0.02534
1790069093.339543,-0.00786,0.00415,-0.99911,0.00531,0.00253,-0.00365
1790069093.478464,0.00037,0.02755,-1.00027,-5e-05,0.00538,-0.03468
1790069093.603315,0.00024,0.02771,-0.99986,0.00325,0.00487,-0.0221
1790069093.6241925,-0.00526,0.01413,-0.99902,0.00429,0.00202,0.01939
1790069093.759095,-0.01193,-0.0006,-0.99768,0.0005,0.00661,0.03095
1790069093.844295,-0.00798,0.00504,-0.99975,0.00134,0.00361,-0.00328
1790069094.0478354,-0.00148,0.02305,-0.99876,-0.0008,0.00424,-0.03017
1790069094.05734,0.00241,0.02976,-0.99752,0.00353,0.00421,-0.02407
1790069094.2559824,-0.01014,-0.00497,-0.99871,0.00395,0.0026,0.03547
1790069094.3744714,-0.0128,-0.00647,-0.99864,0.00597,0.00714,0.02166
1790069094.4643798,-0.00381,0.01115,-0.99986,0.00522,0.00407,-0.01717
1790069094.66634,-0.00086,0.03217,-1.00037,0.00229,0.00294,-0.03826
1790069094.8699298,-0.00983,0.0028,-0.99835,0.00139,0.00094,0.02993
1790069094.8719103,-0.01183,-0.0086,-0.99897,0.00127,0.00333,0.02672
1790069095.075421,-0.00671,0.00562,-0.99919,-9e-05,0.00276,-0.00201
1790069095.0765684,0.00027,0.02624,-0.99969,0.00173,0.00229,-0.03531
1790069095.2794101,-0.00016,0.03009,-0.99878,0.0017,0.00568,-0.02633
1790069095.2826214,-0.00185,0.01722,-1.00013,0.00362,0.0041,0.01048
1790069095.3768694,-0.01231,-0.00408,-0.99984,0.00439,0.00406,0.03555
1790069095.484889,-0.01101,-0.00087,-0.9975,0.003,0.00854,0.00642
1790069095.6864636,-0.00029,0.025,-0.99991,0.00103,0.0028,-0.03236
1790069095.8936582,-0.00631,0.01322,-0.99969,0.00071,0.00578,0.01602
1790069095.901705,-0.01086,-0.00506,-0.99742,0.00229,0.00163,0.03244
1790069096.0961237,-0.0113,-0.00264,-1.0001,0.00454,0.00487,0.01051
1790069096.1030202,-0.00318,0.02032,-0.9989,0.00343,0.00269,-0.02991
1790069096.304873,-0.00268,0.01413,-0.9968,0.00186,0.00407,0.01438
1790069096.3807507,-0.01182,-0.00419,-0.99844,0.0,0.00528,0.03342
1790069096.50562,-0.01401,-0.00924,-0.99849,0.00494,0.00365,0.02748
1790069096.7129648,-0.00826,0.00362,-0.99819,0.00094,0.00369,-0.00127
1790069096.714325,-0.00296,0.02167,-1.00013,0.00252,0.00479,-0.03236
1790069096.9153452,0.00022,0.0319,-1.00006,0.00319,0.0077,-0.02733
1790069096.9153452,-0.00516,0.01464,-0.99911,0.00278,0.00285,0.01555
1790069097.1233282,-0.00935,-0.00634,-1.00014,-9e-05,0.00168,0.03627
1790069097.3250146,-0.00412,0.01537,-0.99807,0.00202,0.00401,-0.02603
1790069097.4014604,-0.00302,0.01853,-0.99989,0.00647,0.00399,0.0077
1790069097.5321646,-0.01046,-0.00202,-1.00021,0.00431,0.00313,0.03249
1790069097.737717,-0.01,-0.00373,-0.99875,0.00179,0.00581,0.0145
1790069097.739714,-0.00346,0.01538,-1.00029,0.00379,0.0021,-0.02362
1790069097.9529903,-0.0017,0.02392,-1.00073,0.00252,0.00195,-0.00123
1790069098.1443005,-0.01017,0.0018,-0.99872,0.00265,0.0045,0.03054
1790069098.351448,-0.0039,0.01652,-0.9982,0.00168,0.00505,-0.02627
1790069098.4045188,-0.00245,0.01911,-0.99981,0.00317,0.00446,0.00592
1790069098.561145,-0.01134,-0.00187,-0.99954,0.00351,0.00486,0.03496
1790069098.755575,-0.01197,-0.00499,-0.99871,0.00205,0.00936,0.01324
1790069098.7628822,-0.00419,0.01614,-0.99862,0.00236,0.00726,-0.02152
1790069098.9666865,-8e-05,0.03159,-1.00092,0.00193,0.00357,-0.03244
1790069098.9776266,-0.0042,0.01647,-0.99738,-0.00098,0.00379,0.01133
1790069099.16707,-0.01146,-0.00309,-1.00037,0.00388,0.00213,0.03257
1790069099.1793666,-0.00985,-0.00165,-0.99998,0.00175,0.00869,0.01367
1790069099.3736143,-0.00357,0.0179,-0.99899,0.00154,0.00126,-0.02706
1790069099.3806434,-0.00096,0.02788,-0.99762,-0.00122,0.00621,-0.02545
1790069099.575229,-0.00465,0.01322,-0.99818,0.00168,0.004,0.01941
1790069099.5817764,-0.00945,-0.00345,-0.99767,0.00572,0.00057,0.03194
1790069099.7840533,-0.01185,-0.00493,-0.99973,0.00297,0.0054,0.01578
1790069099.7871587,-0.00179,0.01973,-0.99862,0.00378,0.00222,-0.02745
1790069099.9905093,0.00139,0.03191,-0.99824,0.00162,0.00466,-0.02679
1790069100.0045373,-0.00285,0.01918,-0.99888,0.00612,0.00336,0.00773
1790069100.1926658,-0.00853,-0.0024,-0.99948,0.00432,0.00406,0.03051
1790069100.1997473,-0.0101,-0.00291,-0.99831,0.00288,0.00407,0.01215
1790069100.3947747,-0.00355,0.02046,-0.99823,0.00353,0.00599,-0.0307
1790069100.401612,-0.00563,0.01046,-0.99778,0.00605,0.0001,0.0215
1790069100.6027694,-0.01266,-0.00767,-0.99894,0.00121,0.00166,0.03446
1790069100.6027694,-0.00768,0.00568,-0.99995,0.00456,0.00514,-0.00731
1790069100.809679,0.00207,0.02697,-0.99802,0.00191,0.00514,-0.03351
1790069100.8110197,0.00298,0.02579,-0.99854,0.00218,0.00583,-0.0109
1790069101.0126724,-0.00892,0.00646,-0.99672,0.00052,0.00246,0.02673
1790069101.0186915,-0.01156,-0.00637,-0.99782,0.00345,0.00195,0.02613
1790069101.2181416,-0.003,0.01374,-0.99862,0.0023,0.0021,-0.01804
1790069101.2191136,0.00144,0.02969,-1.00125,0.00523,0.00269,-0.03269
1790069101.4087017,-0.00427,0.01789,-0.99872,0.00352,0.00486,0.0095
1790069101.413802,-0.01251,-0.00491,-0.99877,0.00372,0.0025,0.03496
1790069101.6239562,-0.00942,0.00012,-1.0006,0.00196,0.00377,0.00269
1790069101.630599,-0.00314,0.02403,-0.99864,-0.00052,0.00311,-0.03134
1790069101.8321645,0.00037,0.02666,-0.99972,0.00145,0.00271,-0.01053
1790069101.8321645,-0.00741,0.00362,-0.99908,0.0034,0.00497,0.02933
1790069102.038651,-0.01269,-0.00508,-1.00042,0.00132,0.00539,0.02439
1790069102.0446215,-0.00738,0.01281,-0.99964,0.00201,0.00021,-0.01911
1790069102.241744,0.00288,0.02909,-0.99955,0.00297,0.00086,-0.03168
1790069102.241744,-0.00496,0.02047,-0.99691,0.00273,0.00231,0.00476
1790069102.415501,-0.01229,-0.0033,-0.99766,0.00378,0.00285,0.0341
1790069102.4216373,-0.00893,-0.00231,-1.00008,0.00355,0.00401,0.00593
1790069102.651443,-0.00419,0.02277,-0.99849,0.00343,0.00342,-0.02917
1790069102.651443,0.00067,0.02876,-0.9979,0.00109,0.00451,-0.02339
1790069102.8529682,-0.00467,0.01261,-1.00021,0.00269,0.00331,0.01969
1790069103.0607128,-0.00808,0.00267,-0.99934,0.00115,0.00577,-0.00251
1790069103.0628119,0.00087,0.02821,-0.99847,0.0034,0.0042,-0.03526
1790069103.262141,-0.00105,0.02699,-0.99813,0.00152,0.00242,-0.01102
1790069103.269165,-0.0074,0.00281,-0.99831,0.00211,0.00294,0.03204
1790069103.2830796,-0.01174,-0.00566,-0.99897,-0.00081,0.00121,0.0233
1790069103.47023,-0.00499,0.01173,-1.0004,0.00431,0.00194,-0.02311
1790069103.6716185,-0.00064,0.03192,-0.99914,0.00347,0.00255,-0.03516
1790069103.677491,-0.00353,0.01601,-0.99907,0.00203,0.00459,0.01319
1790069103.8801713,-0.01005,-0.00352,-1.0003,0.00023,0.00477,0.03445
1790069103.8801713,-0.01214,-0.00487,-0.99993,0.00326,0.00283,0.01683
1790069104.084233,-0.00237,0.02028,-0.9992,0.00281,0.00595,-0.03139
1790069104.0940132,-0.0065,0.01453,-0.99959,0.00098,0.00181,0.01908
1790069104.3044043,-0.01124,-0.00641,-0.99867,0.00237,0.00333,0.02614
1790069104.3044043,-0.00744,0.00758,-0.99827,0.00217,0.00182,-0.01368
1790069104.422382,0.00137,0.03091,-0.99757,0.00079,0.00495,-0.03552
1790069104.503939,-0.00417,0.02117,-0.99742,0.00053,0.00557,0.00526
1790069104.6998281,-0.01244,-0.00515,-0.99984,0.00367,0.00268,0.03631
1790069104.9015627,-0.01031,-0.00147,-1.00048,0.00185,0.0055,0.01171
1790069104.9061732,-0.00147,0.01878,-0.99847,0.00463,0.00046,-0.02848
1790069105.109843,-0.00596,0.01134,-0.99742,0.00406,0.00412,0.02359
1790069105.1166456,-0.0129,-0.00794,-0.99961,0.00131,0.00585,0.03201
1790069105.3116615,-0.00623,0.0092,-0.9986,0.00095,0.00388,-0.01414
1790069105.3250062,-0.00041,0.02963,-0.99919,0.00397,0.0034,-0.03132
1790069105.4357865,0.00109,0.02997,-1.00102,9e-05,0.0033,-0.02529
1790069105.5250711,-0.00677,0.01368,-1.00053,0.00113,0.00213,0.02296
1790069105.7204278,-0.00884,0.0023,-0.99989,0.00222,0.00545,0.00245
1790069105.9290657,-0.00178,0.02548,-0.99933,0.00365,0.00131,-0.03594
1790069105.9420207,0.00203,0.03235,-0.99828,0.00226,0.00525,-0.02707
1790069106.1300914,-0.00621,0.01011,-0.99785,0.00033,0.00252,0.02219
1790069106.1441064,-0.01254,-0.00711,-0.99894,0.00328,0.00212,0.03144
1790069106.338235,-0.00457,0.00883,-0.99915,0.00119,0.00202,-0.0122
1790069106.3450506,-0.00076,0.02921,-0.99918,0.00365,0.00185,-0.03366
1790069106.4350011,-0.00232,0.02545,-0.99891,-0.00062,0.00475,-0.00041
1790069106.545973,-0.00934,-0.00109,-0.99742,0.0021,0.00361,0.03337
1790069106.7477894,-0.00275,0.02127,-1.00049,0.00211,0.0042,-0.03022
1790069106.9488022,-0.00612,0.01096,-1.00047,0.00442,0.00308,0.02539
1790069106.9556668,-0.01181,-0.00683,-0.99976,0.00388,0.00251,0.03008
1790069107.1576705,-0.00722,0.00703,-0.99916,0.00378,0.00124,-0.01414
1790069107.1643243,-0.0014,0.02807,-0.99815,0.0022,0.00182,-0.03482
1790069107.365274,-0.00544,0.00894,-1.00011,0.00156,0.00099,0.0244
1790069107.5663147,-0.01198,-0.00786,-0.99847,0.00387,0.00237,0.03518
1790069107.5732408,-0.01109,-0.00746,-0.99878,0.00236,0.00639,0.01833
1790069107.7740946,-0.00293,0.01383,-0.99774,0.00427,0.00454,-0.02078
1790069107.7755773,0.00184,0.03104,-0.99976,0.00368,0.00211,-0.03491
1790069107.976735,-0.00443,0.01669,-0.99714,0.00134,0.00485,0.01367
1790069107.9834025,-0.00981,-0.00372,-0.99855,0.00241,0.00368,0.03157
1790069108.1791658,-0.01148,-0.00398,-0.99655,0.005,0.00093,0.01323
1790069108.1846812,-0.01088,0.00198,-0.99997,0.00387,0.00317,-0.00571
1790069108.3863587,-0.0018,0.02163,-0.99752,-0.00054,0.00351,-0.03393
1790069108.3932917,0.00133,0.03118,-0.99966,0.00136,0.00297,-0.03595
1790069108.5875418,0.00062,0.02736,-0.99829,0.00552,0.0033,-0.01169
1790069108.796553,-0.01059,0.00051,-0.99927,0.00312,0.001,0.02977
1790069108.796553,-0.00941,-0.00141,-0.99814,0.00136,0.0041,0.01419
1790069109.00163,-0.00573,0.01023,-0.99903,0.00197,0.00103,-0.01568
1790069109.0049756,-0.00039,0.02221,-0.99807,0.00062,0.00438,-0.03348
1790069109.2061725,-0.00078,0.02695,-0.99908,-4e-05,0.00724,-0.02655
1790069109.3172534,-0.00278,0.0249,-0.99716,0.00115,0.00473,-0.00715
1790069109.4438202,-0.00245,0.01905,-0.99712,0.00076,0.0064,0.00453
1790069109.6159797,-0.00677,0.0107,-0.99779,0.00212,0.00543,0.01769
1790069109.6227689,-0.00628,0.00869,-0.99788,0.00135,0.00591,0.01982
1790069109.8306832,-0.00956,0.00332,-1.00035,0.00486,0.00069,0.02574
1790069110.0250733,-0.00951,-0.00137,-0.99912,0.00258,0.00447,0.02669
1790069110.2358525,-0.00955,-0.00181,-0.99971,0.00336,0.00525,0.01227
1790069110.434959,-0.0065,0.00808,-0.99808,0.00019,0.00116,-0.00919
1790069110.8429673,-0.00382,0.01994,-0.99878,0.00394,0.00301,-0.02286
1790069110.8429673,-0.00055,0.02698,-0.99939,0.00204,0.00769,-0.0148
1790069111.0516367,-0.00186,0.01739,-0.99866,0.00246,0.00214,0.00548
1790069111.0658772,-0.00669,0.00637,-0.99901,0.00089,0.00338,0.02139
1790069111.2533216,-0.01152,-0.00197,-0.99917,0.00295,0.00175,0.03099
1790069111.2601159,-0.01127,-0.00608,-0.99789,0.00074,0.00483,0.02612
1790069111.3929708,-0.00986,0.00218,-0.99957,0.00269,0.00247,0.01178
1790069111.467184,-0.00726,0.00969,-0.99772,-0.00012,0.00638,-0.00923
1790069111.6670585,0.00212,0.02767,-0.99789,0.00144,0.0042,-0.02486
1790069111.865173,-0.01018,-8e-05,-0.99895,-4e-05,0.00353,0.02598
1790069112.0726924,-0.01068,-0.00048,-0.99699,0.00117,0.0047,0.01122
1790069112.4617746,-0.00115,0.02512,-0.99866,0.0029,0.00193,-0.03183
1790069112.4617746,0.001,0.02753,-0.99778,0.00425,0.00386,-0.01566
1790069112.6911428,-0.00261,0.01687,-0.99877,0.00241,0.00369,0.00567
1790069112.8924444,-0.01131,-0.00147,-0.99912,0.00195,0.00315,0.01158
1790069113.0932784,-0.00399,0.01418,-0.99889,0.00469,0.0044,-0.01522
1790069113.1004665,0.00032,0.02556,-0.99922,0.0047,0.00393,-0.02968
1790069113.3017373,-0.00281,0.02126,-0.9979,0.00026,0.00257,0.00088
1790069113.461849,-0.00765,0.00546,-0.99938,-0.00052,0.00326,0.02181
1790069113.4749496,-0.01186,-0.00487,-0.99939,0.00205,0.00318,0.03037
1790069113.7108543,-0.01138,-0.00155,-0.99847,0.00264,0.00529,0.00816
1790069113.9120827,0.00265,0.02657,-0.99988,0.00282,0.00307,-0.03337
1790069114.1209688,-0.00198,0.02291,-0.99911,0.00187,0.00704,-0.00376
1790069114.321788,-0.01051,-0.00301,-0.99927,-0.00152,0.00294,0.02799
1790069114.3295388,-0.0125,-0.00294,-0.99918,-0.00192,0.00658,0.01972
1790069114.4681022,-0.00708,0.00619,-0.99812,0.00401,0.00332,-0.00362
1790069114.4681022,-0.00098,0.02005,-0.99847,0.00181,0.00559,-0.02644
1790069114.7338948,0.00267,0.03067,-0.99697,0.00241,0.00399,-0.03242
1790069114.7338948,-0.00167,0.02304,-0.99824,0.00035,0.00309,-0.00573
1790069114.9398596,-0.0076,0.00969,-0.99916,0.00186,0.00246,0.02334
1790069114.9408665,-0.01242,-0.00369,-0.99791,0.00289,0.00331,0.03219
1790069115.1455526,-0.01042,-0.00728,-0.99965,0.00297,0.00676,0.02135
1790069115.1455526,-0.00828,0.00603,-0.99908,0.00241,0.00133,-0.00265
1790069115.3452904,-0.00166,0.01957,-1.00064,0.00388,0.00674,-0.02794
1790069115.3522797,0.00287,0.03115,-0.9977,0.00267,0.0023,-0.0372
1790069115.4837427,-0.0013,0.02676,-0.99969,-0.0004,0.00497,-0.0168
1790069115.5527954,-0.00577,0.01414,-1.00031,0.00601,0.00401,0.01641
1790069115.7589798,-0.01127,-0.00452,-0.99791,0.00323,0.00029,0.03531
1790069115.760057,-0.01278,-0.00902,-0.99671,0.00228,0.00421,0.03366
1790069115.9632034,-0.01042,-0.0036,-0.99972,0.00434,0.00466,0.01261
1790069115.9632034,-0.00567,0.01065,-1.00005,0.00458,0.00582,-0.0156
1790069116.1686804,-0.0007,0.0244,-0.99986,0.00088,0.00756,-0.02993
1790069116.1841915,0.00045,0.02911,-1.00044,0.00461,0.006,-0.02588
1790069116.372836,-0.00262,0.02159,-1.00035,0.00191,0.00588,0.00276
1790069116.4840555,-0.01158,-0.00777,-0.99894,0.00091,0.00709,0.02995
1790069116.580734,-0.01452,-0.00605,-0.99852,0.00367,0.00829,0.01434
1790069116.7822073,-0.00166,0.0217,-1.00014,-0.00056,0.00254,-0.0281
1790069116.9841251,0.00166,0.03275,-0.99702,0.00216,0.00392,-0.03777
1790069116.9891236,-0.00045,0.02519,-0.99826,0.0,0.0032,-0.00797
1790069117.1918604,-0.00757,0.00756,-0.99719,0.00228,0.00456,0.02337
1790069117.197235,-0.01173,-0.00543,-0.99936,0.00309,0.00408,0.03774
1790069117.3958561,-0.015,-0.01198,-1.00096,0.00434,0.00404,0.03272
1790069117.3978746,-0.00919,-0.00035,-0.99903,0.00205,0.00575,0.00264
1790069117.6022043,-0.0032,0.01907,-0.99738,0.00181,0.00379,-0.03053
1790069117.8063014,-0.00325,0.01309,-0.99954,0.00563,0.00296,0.01798
1790069117.807732,-0.01011,-0.00225,-0.9991,0.00386,0.00234,0.03428
1790069118.0103242,-0.01325,-0.00974,-0.99839,0.00061,0.00329,0.0306
1790069118.01338,-0.01281,-0.00367,-0.99885,0.00132,0.00665,0.00921
1790069118.2157104,-0.00372,0.01492,-1.00005,-0.00074,0.00325,-0.01897
1790069118.2169256,0.00035,0.02792,-0.99834,0.00167,0.00135,-0.03447
1790069118.4203448,0.00267,0.03252,-0.99842,0.00312,0.00339,-0.03047
1790069118.483259,-0.00995,0.00314,-0.99823,0.00408,0.00221,0.03102
1790069118.625122,-0.01301,-0.00974,-0.9974,0.00491,0.00064,0.03938
1790069118.8306954,-0.01244,-0.00922,-0.9999,0.00104,0.00549,0.02206
1790069118.8306954,-0.01028,0.00509,-1.00001,0.00218,0.00261,-0.00377
1790069119.034508,-0.00383,0.02126,-0.99862,0.00135,0.00639,-0.03044
1790069119.037098,0.00364,0.02967,-0.99956,0.00246,0.0018,-0.0313
1790069119.243751,-0.00181,0.02309,-0.99801,0.0014,0.00083,-0.00217
1790069119.243751,-0.01016,0.00323,-0.99743,0.00326,0.00374,0.02934
1790069119.2663045,-0.01032,-0.0077,-0.99976,0.00296,0.00471,0.0323
1790069119.4460905,-0.01328,-0.00504,-0.99946,0.00738,0.00538,0.01174
1790069119.4642563,-0.00293,0.0108,-0.99919,0.00258,0.00286,-0.01264
1790069119.652943,-0.0001,0.02388,-0.9989,0.00275,0.00135,-0.03135
1790069119.6632571,0.00309,0.03032,-0.99886,-0.00058,0.00355,-0.02574
1790069119.8580546,-0.00159,0.02243,-0.99929,0.00029,0.00415,0.00425
1790069120.0584557,-0.00872,0.00415,-0.99918,0.00446,0.00298,0.02529
1790069120.0594103,-0.00929,-0.00385,-0.9987,0.0012,0.00375,0.03248
1790069120.2636504,-0.01096,-0.00433,-0.9987,0.00316,0.00784,0.0183
1790069120.2662146,-0.00956,0.00298,-0.99866,0.00093,0.00308,-0.00161
1790069120.2739446,-0.00261,0.01888,-0.99892,0.00067,0.00395,-0.0291
1790069120.474427,0.00295,0.03358,-0.99899,-0.0002,0.00195,-0.04146
1790069120.4764106,0.00096,0.03001,-0.99829,0.00514,0.0058,-0.0176
1790069120.675512,-0.00363,0.01356,-0.99856,0.0039,0.00584,0.01604
1790069120.878017,-0.01067,-0.00126,-0.99933,0.00347,0.00134,0.0376
1790069120.8784306,-0.01378,-0.01087,-1.00094,0.00205,0.005,0.03409
1790069121.079742,-0.01278,-0.00447,-0.99876,0.00357,0.00225,0.01312
1790069121.2878242,-0.00102,0.0249,-0.99884,0.00151,0.00364,-0.03643
1790069121.4892848,-0.00094,0.02288,-0.99989,0.00352,0.00597,-0.00089
1790069121.6975925,-0.00919,-0.00369,-0.99935,0.00471,0.00479,0.03561
1790069121.898267,-0.01359,-0.00834,-0.99891,-0.001,0.00359,0.01831
1790069121.898267,-0.00828,0.00594,-0.99776,0.00219,0.00391,-0.0054
1790069122.1066408,-0.00228,0.01632,-0.99763,-0.00038,0.00297,-0.02381
1790069122.1066408,-0.00041,0.02821,-0.99882,0.00346,0.00364,-0.03437
1790069122.1122904,0.00243,0.03047,-0.99933,0.0009,0.00382,-0.02766
1790069122.3152478,-0.00598,0.00276,-0.99845,0.00204,0.00209,0.03196
1790069122.5238545,-0.01353,-0.0044,-0.99848,0.00383,0.0044,0.01075
1790069122.725482,-0.00654,0.01111,-0.99906,0.00248,0.00524,-0.01668
1790069122.9263043,0.00075,0.03248,-0.99655,0.00236,0.00309,-0.03141
1790069122.9455168,-0.00217,0.02366,-1.00022,0.00209,0.00512,-0.00477
1790069123.1284616,-0.00661,0.01066,-0.99837,0.0017,0.0041,0.0225
1790069123.1412544,-0.01126,-0.00674,-0.99918,0.00365,0.00304,0.03981
1790069123.337089,-0.01355,-0.00953,-0.99901,0.00305,0.00567,0.02494
1790069123.343632,-0.00849,0.00391,-0.99946,-0.00108,0.00532,-0.00472
1790069123.5166638,0.00183,0.02732,-0.99891,0.00161,0.00443,-0.03864
1790069123.544436,0.00183,0.02732,-0.99891,0.00161,0.00443,-0.03864
1790069123.7461147,0.00312,0.03383,-0.99982,0.00175,0.00487,-0.03223
1790069123.7520297,-0.0018,0.02356,-0.99903,0.00303,0.00366,0.00194
1790069123.9541829,-0.01133,-0.00338,-0.998,0.00145,0.0014,0.03451
1790069124.1557138,-0.01133,-0.00338,-0.998,0.00145,0.0014,0.03451
1790069124.3637364,-0.01324,-0.00618,-0.99795,0.00197,0.0055,0.01563
1790069124.3637364,-0.00098,0.02527,-0.9995,-0.00073,0.00561,-0.03065
1790069124.5241637,0.0029,0.0344,-0.99999,0.00025,0.0015,-0.04259
1790069124.5640142,0.00198,0.03379,-0.99761,0.00242,0.00482,-0.02413
1790069124.772928,-0.0087,0.00573,-0.99994,0.0012,0.00119,0.02511
1790069124.9775543,-0.01182,-0.00599,-0.99819,0.00161,0.00387,0.03477
1790069124.9799042,-0.01253,-0.0117,-0.99916,0.00313,0.00551,0.03266
1790069125.181548,-0.0107,-0.00817,-0.99647,0.00264,0.00567,0.01684
1790069125.1835794,-0.00752,0.0067,-0.99966,0.00085,0.00187,-0.01005
1790069125.3844597,-0.00048,0.02273,-0.9996,-1e-05,0.00367,-0.02934
1790069125.524066,0.00192,0.03054,-0.99787,0.00089,0.00629,-0.02472
1790069125.79399,-0.00327,0.02508,-1.0001,0.0027,0.00463,-0.0035
1790069125.7943177,-0.01276,-0.00209,-0.99856,0.00374,0.00322,0.03507
1790069125.9959052,-0.01277,-0.00867,-0.99898,-0.00059,0.00385,0.03215
1790069126.0019403,-0.00968,-0.00324,-0.99952,0.00249,0.00459,0.01167
1790069126.2037427,-0.00562,0.01125,-1.00022,0.00097,0.00432,-0.01687
1790069126.2037427,0.00046,0.02933,-0.99825,0.00031,0.00287,-0.03709
1790069126.405345,0.00152,0.03249,-0.99678,0.00028,0.00523,-0.0352
1790069126.411513,0.00325,0.03395,-0.99919,0.00122,0.00824,-0.01931
1790069126.5231562,-0.00149,0.0231,-0.99906,0.00513,0.00229,0.00474
1790069126.6204402,-0.00711,0.01137,-0.99946,0.00286,0.00574,0.01995
1790069126.814689,-0.00906,0.00022,-0.99951,0.00393,0.00614,0.03403
1790069126.8210206,-0.01404,-0.00903,-0.99813,0.00124,-0.00107,0.04115
1790069127.023199,-0.01411,-0.0139,-0.99945,0.00139,0.00408,0.0302
1790069127.224751,-0.0117,-0.00301,-1.00012,0.0001,0.00387,0.00883
1790069127.418814,-0.00469,0.01268,-0.99686,0.00283,0.00433,-0.02133
1790069127.418814,-0.00221,0.02531,-0.99961,-0.00317,0.00496,-0.0362
1790069127.529975,0.00481,0.03373,-0.99756,0.00077,0.00367,-0.04565
1790069127.6406186,0.00435,0.03737,-0.99989,-0.00169,0.0044,-0.04138
1790069127.8427272,0.00166,0.03384,-0.99943,0.00024,0.00515,-0.02519
1790069128.0442848,-0.00073,0.02563,-0.99967,0.00359,0.00417,-0.00392
1790069128.0508316,-0.00358,0.01916,-0.9997,0.00314,0.00555,0.00209
1790069128.2531095,-0.00468,0.0163,-0.99874,0.00287,0.00554,0.00626
1790069128.3577569,-0.00656,0.01543,-0.99914,0.00288,0.00242,0.01105
1790069128.4655335,-0.00577,0.01777,-0.99752,0.00159,0.00847,0.00797
1790069128.543643,-0.00516,0.01968,-0.99837,-0.00023,0.00529,0.00074
1790069128.6614153,-0.00178,0.02001,-0.99905,0.00017,0.00446,-0.0041
1790069128.8661513,0.00017,0.02406,-1.00007,-0.00472,0.00279,-0.01159
1790069128.8681426,-0.00182,0.0229,-1.00001,-0.00112,0.00636,-0.01169
1790069129.0718312,-0.00074,0.02105,-0.99922,-0.00256,0.00561,-0.00973
1790069129.0840743,0.0007,0.02495,-1.00018,0.00231,0.00531,-0.01361
1790069129.2729886,0.00164,0.02524,-0.99911,-0.0004,0.00516,-0.02522
1790069129.4800377,0.00075,0.02735,-0.99827,0.00016,0.00427,-0.02656
1790069129.4810495,-0.00065,0.02693,-0.99903,-0.00134,-0.00097,-0.02567
1790069129.543253,0.00205,0.02732,-1.001,0.00021,0.0015,-0.02684
1790069129.682554,-5e-05,0.02474,-0.99945,0.00335,0.00768,-0.01889
1790069129.8896453,0.00031,0.02572,-0.99959,0.00071,0.00404,-0.0185
1790069129.890666,0.00259,0.02707,-1.00029,-0.00067,0.00464,-0.02151
1790069129.9803452,-0.00132,0.02671,-0.99793,-0.00063,0.00609,-0.01865
1790069130.022284,-0.00073,0.0276,-0.99937,0.00442,0.00421,-0.01838
1790069130.2996948,-0.00152,0.02527,-0.99906,0.00426,0.00571,-0.01264
1790069130.5016725,-0.00638,0.01598,-0.99908,0.00226,0.00455,0.00348
1790069130.5016725,-0.0049,0.01411,-0.99974,0.00476,0.00476,0.00863
1790069130.5434356,-0.00567,0.01258,-0.99972,0.00179,0.00396,0.01119
1790069130.7100692,-0.00757,0.0111,-0.9985,0.00266,0.00363,0.01504
1790069130.9112453,-0.00709,0.00614,-0.99915,0.00171,0.00465,0.01818
1790069130.924746,-0.01042,0.00239,-0.99922,0.00268,0.0058,0.02012
1790069131.112141,-0.01074,-0.00155,-1.00055,0.00081,0.00321,0.0205
1790069131.11928,-0.01154,-0.00136,-0.99951,0.00224,0.00331,0.0207
1790069131.32067,-0.011,-0.00205,-0.99716,0.00386,0.00166,0.02324
1790069131.32067,-0.00874,0.00037,-0.99834,0.00328,0.00671,0.0194
1790069131.5278203,-0.01066,0.00143,-0.99796,0.00478,0.00346,0.01557
1790069131.5364192,-0.00511,0.00658,-0.99791,0.00261,0.00616,-0.00234
1790069131.7304406,-0.00633,0.00835,-0.99708,0.00405,0.00389,-0.00209
1790069131.937922,-0.00739,0.01016,-0.9984,0.00318,0.00296,-0.00792
1790069131.9389303,-0.00652,0.00814,-0.99677,0.00292,0.00421,-0.00335
1790069132.1397095,-0.00798,0.0103,-0.99912,0.00368,0.00442,-0.00762
1790069132.1397095,-0.00485,0.01458,-0.99815,0.00242,0.00377,-0.01212
1790069132.3483841,-0.0019,0.01759,-0.99683,0.00144,0.00751,-0.01868
1790069132.3619084,-0.0003,0.02672,-0.9998,0.00253,0.00658,-0.02719
1790069132.5623598,0.00053,0.02535,-0.99863,0.0019,0.00588,-0.02609
1790069132.7509143,-0.00102,0.02345,-0.99909,-0.00047,0.00191,-0.02472
1790069132.7578,-0.00152,0.0246,-0.998,0.00087,0.00349,-0.02448
1790069132.9593234,-0.00108,0.02462,-0.99806,-0.00014,0.00059,-0.02308
1790069132.9593234,0.00277,0.02801,-1.0005,0.00224,0.00395,-0.02761
1790069133.1662126,-0.00223,0.02714,-0.9997,0.00046,0.00373,-0.02072
1790069133.1751106,-0.00057,0.02757,-0.99884,0.00386,0.00462,-0.01783
1790069133.3686848,0.00113,0.02581,-0.9987,0.00298,0.00065,-0.0139
1790069133.557117,-0.00147,0.01984,-0.99946,0.00661,0.00532,-0.00304
1790069133.5629675,-0.00358,0.01594,-0.99724,0.00598,0.00298,0.00771
1790069133.7794554,-0.0051,0.01129,-0.99972,0.00499,0.00201,0.01308
1790069133.7794554,-0.00864,0.00499,-0.99779,0.0001,0.00283,0.01895
1790069133.9829586,-0.00961,0.00047,-0.99882,0.00137,0.00426,0.02231
1790069134.190139,-0.00976,-0.00221,-0.99822,0.00405,0.00295,0.02701
1790069134.3897905,-0.01095,-0.00313,-0.99771,0.00468,0.0054,0.0199
1790069134.3962424,-0.01064,0.00042,-0.9997,0.00114,0.0028,0.014
1790069134.5576003,-0.01138,-0.00027,-1.00018,0.00389,0.00355,0.0105
1790069134.5631337,-0.0094,0.00226,-0.99985,0.00359,0.00503,0.00978
1790069134.8050709,-0.00815,0.00293,-0.99866,0.00488,0.00267,0.00044
1790069135.0076332,-0.00057,0.01947,-0.99858,0.00061,0.00386,-0.02254
1790069135.0076332,-0.00206,0.02167,-0.99891,0.00094,0.00295,-0.02281
1790069135.0218072,-0.00142,0.02611,-0.99692,0.00264,0.00232,-0.0217
1790069135.2148113,0.00034,0.02884,-0.99976,-0.00111,0.00391,-0.02544
1790069135.2239475,-0.00065,0.02896,-1.00083,0.00333,0.00289,-0.01878
1790069135.4178405,-0.00173,0.02469,-0.9982,-0.00097,0.00337,-0.00934
1790069135.5632312,-0.00288,0.02237,-1.00039,0.00138,0.00351,7e-05
1790069135.6243818,-0.00387,0.01752,-0.9981,0.003,0.00806,0.0076
1790069135.8274229,-0.00529,0.01565,-0.99622,0.00119,0.00374,0.0088
1790069135.8274229,-0.00463,0.01273,-0.99903,-1e-05,0.00694,0.01398
1790069136.0415125,-0.00924,0.00111,-1.00072,0.00287,0.00175,0.02184
1790069136.2427285,-0.00954,-0.00075,-1.00116,0.00174,0.00373,0.02473
1790069136.443741,-0.01052,-0.00338,-1.00036,0.00476,0.00221,0.02087
1790069136.5702844,-0.00995,-0.00439,-1.00095,0.00288,0.0036,0.01899
1790069136.5832138,-0.01199,-0.00219,-0.99963,0.00187,0.0041,0.01613
1790069136.8534293,-0.00998,-0.00533,-0.99895,0.00166,0.00146,0.01524
1790069137.0564535,-0.01066,0.00137,-0.99964,0.00127,0.00319,0.00653
1790069137.0630805,-0.00808,0.00508,-0.99841,0.00218,0.00234,-0.00177
1790069137.2630606,-0.00478,0.01252,-0.9993,-2e-05,0.00249,-0.01063
1790069137.4664233,-0.00544,0.01191,-0.99917,0.00187,0.00445,-0.01416
1790069137.472859,-0.00454,0.01648,-0.99802,0.00177,0.00606,-0.01592
1790069137.584512,-0.0052,0.01695,-0.99968,0.00265,-0.00126,-0.02103
1790069137.6814241,-0.00188,0.02009,-0.99662,0.00043,0.00498,-0.02416
1790069137.8765786,-0.00416,0.02419,-0.99868,-1e-05,0.00291,-0.0259
1790069137.886189,-0.0002,0.02368,-0.99928,-0.00187,0.00203,-0.03007
1790069138.084185,0.00071,0.02697,-1.00153,0.00025,0.00546,-0.03069
1790069138.2854562,0.00261,0.0294,-0.99984,-0.00251,0.00314,-0.03164
1790069138.4878902,0.00047,0.03061,-1.00047,0.00085,0.0037,-0.03417
1790069138.4931526,0.00211,0.02964,-0.99833,-0.00124,0.00205,-0.03233
1790069138.4946086,0.0008,0.02798,-0.99992,0.00172,0.00482,-0.02914
1790069138.6950617,0.0006,0.02899,-0.99761,0.00058,0.00523,-0.01796
1790069138.7019749,0.0009,0.03075,-0.99898,0.00029,0.0041,-0.02187
1790069138.902081,-0.00038,0.02985,-0.99981,0.00476,0.00322,-0.02376
1790069138.902533,0.00254,0.03214,-0.99952,0.00393,0.00287,-0.02142
1790069139.1056745,0.00202,0.02999,-0.99847,0.00179,0.00471,-0.02029
1790069139.3059256,0.00137,0.03053,-0.99957,0.00314,0.00405,-0.01876
1790069139.3194435,0.00302,0.02918,-1.00019,0.00098,0.00705,-0.01792
1790069139.514412,-0.0006,0.02954,-1.00022,0.00106,0.00432,-0.0163
1790069139.5211084,0.00197,0.03015,-1.00008,0.00109,0.00501,-0.01667
1790069139.7159083,-0.00025,0.02949,-0.99848,0.00542,0.00536,-0.0161
1790069139.72207,0.00128,0.03033,-0.99928,0.00111,0.00891,-0.01571
1790069139.9240565,-0.0004,0.02848,-0.9987,0.00012,0.00291,-0.01239
1790069139.9240565,0.00149,0.02389,-0.99777,-8e-05,0.00366,-0.00605
1790069140.126142,-0.00201,0.02676,-0.99857,0.00064,0.00481,-0.00898
1790069140.1400893,-0.00015,0.02444,-0.9988,0.00108,0.00169,-0.00783
1790069140.3357275,0.00106,0.02721,-0.99736,0.00145,0.00575,-0.01078
1790069140.5392535,-0.00174,0.02687,-0.99964,0.00291,0.00528,-0.01139
1790069140.5434952,0.00068,0.0273,-0.99992,0.00373,0.00388,-0.00493
1790069140.7431593,-0.00366,0.01852,-1.00002,0.00126,0.00263,0.00355
1790069140.7431593,-0.00165,0.02266,-0.99801,0.00368,0.00303,-0.0012
1790069140.9513996,-0.0009,0.02591,-0.99912,0.00515,0.00373,-0.00185
1790069140.9639497,-0.00117,0.02491,-0.99887,0.00324,0.00251,-0.00489
1790069141.1534011,-0.00127,0.02564,-0.99895,0.00378,0.00835,-0.00621
1790069141.159952,-0.00159,0.02486,-0.99799,0.00164,0.004,-0.00135
1790069141.3542383,-0.0041,0.02547,-0.99823,0.0012,0.00143,-0.00165
1790069141.36253,-0.00167,0.02174,-1.00137,0.00079,0.00518,0.00189
1790069141.562908,-0.00316,0.01819,-0.99638,0.00248,0.00335,0.00901
1790069141.7715285,-0.00479,0.01406,-0.99871,0.0023,0.00368,0.01188
1790069141.7831416,-0.00523,0.00928,-0.99874,0.00337,0.00354,0.0166
1790069141.9722607,-0.00729,0.00929,-0.99833,0.00121,0.00261,0.02143
1790069141.9722607,-0.00624,0.00911,-0.99892,0.00195,0.00162,0.0174
1790069142.0626383,-0.00928,0.00532,-0.99761,0.00434,0.00134,0.02508
1790069142.1730168,-0.0082,0.0045,-1.00029,0.00478,0.00329,0.0285
1790069142.38216,-0.00897,0.00653,-0.99923,0.00447,0.00194,0.02398
1790069142.5837526,-0.00614,0.00809,-0.99974,0.00531,0.00394,0.02021
1790069142.792324,-0.00729,0.00776,-0.99917,0.00613,0.00175,0.0235
1790069142.8048627,-0.00857,0.00349,-0.99839,0.00296,0.0039,0.02753
1790069142.9993668,-0.00851,0.00119,-0.99848,0.00576,0.0029,0.02873
1790069143.2013233,-0.01196,-0.00101,-0.99771,0.00559,0.00068,0.03024
1790069143.4080093,-0.00842,-0.00058,-0.99949,0.00359,0.0037,0.03022
1790069143.5348523,-0.01214,-0.00766,-0.99817,0.00422,0.00265,0.03459
1790069143.6024122,-0.00964,-0.00477,-0.99858,0.00358,0.00315,0.02883
1790069143.8126447,-0.01299,-0.00671,-0.99713,0.00332,0.00524,0.02836
1790069144.0205822,-0.01162,-0.00805,-0.99924,0.0039,0.00285,0.02429
1790069144.0205822,-0.01258,-0.00898,-0.99978,0.0055,0.00466,0.02379
1790069144.2221086,-0.01279,-0.00302,-0.99943,0.00588,0.00325,0.0151
1790069144.428919,-0.00911,-0.00388,-0.99968,0.00155,0.00174,0.00954
1790069144.4303539,-0.01194,-0.00392,-0.99831,0.00197,0.00204,0.01272
1790069144.6038876,-0.01259,-0.00464,-0.99897,0.0053,0.00314,0.00841
1790069144.6230335,-0.00921,-0.00251,-0.99811,0.00606,0.00153,0.00382
1790069144.840033,-0.0077,0.00615,-0.99961,0.00288,0.0029,-0.00633
1790069145.041009,-0.00437,0.01565,-0.9979,0.00102,0.00297,-0.01942
1790069145.2496994,-0.00385,0.01865,-0.99789,-0.0012,0.0072,-0.02519
1790069145.4509978,-0.0058,0.01594,-0.99802,-0.00021,0.00312,-0.02175
1790069145.6032345,-0.00212,0.02021,-1.00015,0.00093,0.00139,-0.02671
1790069145.6229067,-0.00194,0.02339,-0.99772,-0.00031,0.00425,-0.031
1790069145.860865,-0.00142,0.02354,-0.9969,-3e-05,0.00592,-0.03013
1790069145.860865,-0.00178,0.02424,-0.99964,-0.00259,0.0057,-0.02881
1790069146.068793,0.00041,0.02947,-0.99826,-0.00129,0.00559,-0.03582
1790069146.068793,0.0022,0.03047,-1.00061,-0.00091,0.00326,-0.03812
1790069146.2704303,0.00142,0.03319,-1.00053,-0.00087,0.00327,-0.03497
1790069146.4787123,0.0034,0.03846,-0.99828,-0.00056,0.00575,-0.03782
1790069146.48279,-0.00096,0.03433,-0.99708,3e-05,0.00744,-0.02677
1790069146.6159923,0.00385,0.03385,-0.99759,0.00393,0.00569,-0.02206
1790069146.6220982,0.00072,0.03332,-0.99693,0.00286,0.00683,-0.02242
1790069146.881796,0.00147,0.03403,-0.99825,0.00327,0.00353,-0.02207
1790069146.8898544,0.00084,0.03072,-1.00092,-0.00283,0.0058,-0.01433
1790069147.0819025,0.00057,0.02716,-1.00058,0.00097,0.00369,-0.00803
1790069147.0819025,0.00029,0.02691,-0.99838,0.00151,0.00314,-0.00612
1790069147.2857997,7e-05,0.02127,-0.99936,0.00164,0.00598,0.00495
1790069147.3018641,-0.00328,0.01908,-0.99871,0.00087,0.00488,0.00989
1790069147.499771,-0.00229,0.01657,-0.9985,0.00573,0.00505,0.01141
1790069147.5047863,-0.00477,0.01505,-0.99988,-0.00053,0.00762,0.01686
1790069147.6724355,-0.00732,0.01123,-0.99772,0.00548,0.00474,0.02253
1790069147.683113,-0.00583,0.01031,-0.99802,0.00364,0.00529,0.02237
1790069148.1169536,-0.00534,0.00844,-0.99871,0.00359,0.00435,0.0211
1790069148.1169536,-0.007,0.00695,-0.9986,0.00457,0.00149,0.02292
1790069148.3182304,-0.00885,0.00566,-0.99799,0.00218,0.00065,0.02258
1790069148.5137,-0.0086,-0.00022,-1.0005,0.00566,0.00266,0.03418
1790069148.6767774,-0.01109,-0.00323,-0.99965,0.00354,0.00143,0.03279
1790069148.682374,-0.01096,-0.00117,-0.99944,0.00402,0.00318,0.03216
1790069148.9305058,-0.00969,-0.00246,-0.99683,0.00352,0.00534,0.03043
1790069148.9423134,-0.01167,-0.00287,-0.99816,0.00526,0.00357,0.0296
1790069149.140787,-0.01166,-0.0049,-0.9991,0.00481,0.00359,0.03155
1790069149.3481832,-0.00823,-0.00277,-0.99823,0.00447,0.00352,0.0309
1790069149.3565664,-0.01216,-0.00391,-0.99994,0.00464,0.00462,0.03285
1790069149.5463214,-0.01125,-0.00616,-0.99923,0.00528,0.00328,0.03431
1790069149.5463214,-0.0114,-0.00704,-0.99837,0.00267,0.00237,0.0317
1790069149.6802652,-0.01383,-0.0093,-1.00009,0.00396,0.00522,0.03063
1790069149.7546194,-0.01226,-0.00554,-0.99856,0.0024,0.00367,0.02526
1790069149.9596415,-0.01149,-0.00925,-0.99969,0.00342,0.00306,0.02707
1790069150.1639438,-0.01233,-0.00772,-0.99726,0.00622,0.0078,0.02068
1790069150.1743813,-0.01455,-0.00626,-0.99755,0.00427,0.00373,0.01809
1790069150.3670592,-0.00984,-0.00404,-0.99763,0.00052,0.00483,0.0071
1790069150.573709,-0.00964,-0.00127,-0.99776,0.0015,0.00241,0.00391
1790069150.5747218,-0.00774,0.0013,-0.99837,0.00284,0.00205,-0.0016
1790069150.6873665,-0.00808,0.00263,-0.99845,0.00143,0.00295,-0.0026
1790069150.7759156,-0.00749,0.00414,-0.99837,0.00375,-0.00113,-0.0056
1790069150.9843671,-0.00576,0.00493,-0.99782,0.00379,0.00043,-0.00772
1790069150.9910264,-0.00875,0.00434,-0.99876,0.00431,0.00289,-0.00112
1790069151.1875687,-0.01038,-1e-05,-0.99796,0.00018,-0.00164,-0.00272
1790069151.1875687,-0.0059,0.00543,-0.99887,0.00203,0.00307,-0.00272
1790069151.3939116,-0.00743,0.00195,-1.00136,0.00243,0.00398,-0.00184
1790069151.3939116,-0.00775,0.00442,-0.99855,0.00373,-0.00063,-0.00567
1790069151.5977259,-0.00944,0.00134,-0.99818,0.00217,0.0034,-0.00208
1790069151.6015837,-0.01,0.00361,-0.99933,0.00516,0.00211,-0.00521
1790069151.6884806,-0.009,0.00146,-0.99779,0.00318,0.00382,-0.00211
1790069151.802803,-0.00663,0.00497,-0.99763,0.00426,9e-05,-0.00367
1790069152.0076902,-0.00625,0.0054,-1.00073,0.00157,0.00651,-0.00953
1790069152.0086923,-0.00825,0.00135,-0.99907,0.00111,0.00397,-0.00412
1790069152.212737,-0.00878,0.00164,-0.99907,0.00294,0.00308,-0.00295
1790069152.4168355,-0.00469,0.01089,-1.00022,0.00202,0.00422,-0.0123
1790069152.7001538,-0.005,0.01138,-0.99903,-0.00229,0.00653,-0.01566
1790069152.7001538,-0.00656,0.00666,-0.99968,0.00439,0.00485,-0.01411
1790069152.7001538,-0.00538,0.0109,-0.99902,-3e-05,0.00326,-0.01706
1790069152.8263245,-0.0064,0.01161,-0.9988,-0.00011,0.00454,-0.01874
1790069152.953364,-0.00518,0.01218,-1.00025,0.00127,0.00249,-0.01606
1790069152.9819822,-0.00051,0.01645,-1.00103,-0.00085,0.0032,-0.02665
1790069153.2368314,-0.00451,0.01824,-0.99909,-0.00132,0.0052,-0.02503
1790069153.4416,-0.00066,0.02234,-1.00019,0.00114,0.00257,-0.03391
1790069153.6497407,-0.00076,0.02176,-0.99924,-0.00215,0.00422,-0.03289
1790069153.6497407,-0.00198,0.02256,-1.00058,-0.00323,0.00576,-0.02969
1790069153.8444278,-0.0007,0.02234,-0.99809,-0.00183,0.00259,-0.03092
1790069153.8512151,-0.00021,0.0293,-0.99784,-0.001,-0.0018,-0.03973
1790069154.0526562,0.00088,0.0277,-1.00016,-0.00231,0.00164,-0.04017
1790069154.2610364,-0.00185,0.02621,-0.998,0.00092,0.00425,-0.03612
1790069154.4650652,-0.00131,0.02535,-0.99906,0.00212,0.00155,-0.03089
1790069154.4650652,0.00128,0.02507,-0.99827,-0.00133,0.00242,-0.03532
1790069154.668574,0.00093,0.02609,-0.9986,0.00146,0.00217,-0.03526
1790069154.668574,-0.0002,0.02327,-0.99932,-0.00072,0.00277,-0.03031
1790069154.716634,-0.00343,0.0181,-1.0005,-0.00092,0.00247,-0.02492
1790069154.8754723,-0.00401,0.01483,-0.9992,-0.00017,0.00397,-0.02434
1790069155.0800967,-0.0057,0.01278,-0.99836,0.0007,0.00264,-0.01881
1790069155.285176,-0.00368,0.01167,-0.99845,0.00042,0.00268,-0.01977
1790069155.286176,-0.00477,0.01349,-0.9987,-0.00152,0.00449,-0.02231
1790069155.4914804,-0.00549,0.01302,-0.99934,-0.00105,0.0053,-0.02
1790069155.502976,-0.00484,0.01581,-0.99875,-0.00018,0.00277,-0.02361
1790069155.6842215,-0.00163,0.01938,-0.99768,0.00028,0.00251,-0.02456
1790069155.6947956,-0.00182,0.01868,-0.99823,-0.00069,0.00238,-0.02765
1790069155.8949838,-0.00457,0.01524,-0.99885,0.00234,0.00107,-0.01793
1790069155.8949838,-0.00469,0.01085,-1.00078,0.00043,0.00373,-0.01885
1790069156.09536,-0.0067,0.0067,-0.99843,0.0023,0.0011,-0.01234
1790069156.09536,-0.0086,0.00732,-0.99741,0.00313,0.0036,-0.01011
1790069156.3127468,-0.00869,0.00165,-0.99899,0.00487,0.00182,0.0019
1790069156.316765,-0.0098,0.00071,-0.99969,0.00494,0.00339,3e-05
1790069156.49994,-0.00904,2e-05,-0.99959,0.00465,0.0035,0.00074
1790069156.7069383,-0.00938,-0.00377,-0.99943,0.00386,-0.00106,0.00047
1790069156.9171424,-0.01037,-0.00197,-0.99748,0.00396,0.00365,0.00809
1790069156.9171424,-0.01151,-0.00662,-0.99838,0.0017,0.00118,0.0143
1790069157.1285233,-0.01203,-0.00891,-0.99809,0.00333,0.00542,0.02116
1790069157.1285233,-0.01291,-0.00901,-0.99929,0.00354,0.00486,0.02353
1790069157.1421394,-0.01228,-0.01061,-0.99946,0.00344,0.00543,0.02445
1790069157.3299754,-0.01287,-0.00754,-0.99816,0.0062,0.00679,0.01817
1790069157.5313694,-0.01225,-0.0085,-0.99831,0.00791,0.00239,0.02341
1790069157.5313694,-0.01452,-0.0088,-0.99821,0.00476,0.00473,0.02428
1790069157.7327683,-0.01465,-0.00908,-0.99781,0.00564,0.00802,0.02779
1790069157.7327683,-0.01287,-0.00936,-0.99847,0.00472,0.00463,0.03067
1790069157.9327066,-0.01275,-0.00949,-0.99986,0.00607,0.00812,0.0327
1790069157.9327066,-0.01204,-0.00895,-0.99824,0.00524,0.00578,0.03534
1790069157.948438,-0.01443,-0.00888,-0.9978,0.0029,0.00622,0.03693
1790069158.1384778,-0.01099,-0.00514,-1.00046,0.00523,0.00388,0.03351
1790069158.154332,-0.01079,-0.00425,-0.99997,0.00498,0.0036,0.02953
1790069158.3567808,-0.01089,-0.00322,-0.99925,0.00453,0.00259,0.03068
1790069158.5599053,-0.01189,8e-05,-0.99929,0.00653,0.00644,0.02508
1790069158.5599053,-0.00746,0.00197,-0.99828,0.00667,0.00179,0.03126
1790069158.7374916,-0.00786,0.00636,-0.99793,0.00285,0.00639,0.02546
1790069158.74448,-0.00699,0.00521,-0.99754,0.00454,0.00448,0.02506
1790069158.962414,-0.00731,0.01201,-0.99582,0.00683,0.00358,0.02388
1790069158.962414,-0.00566,0.01127,-0.99969,0.00249,0.00601,0.01741
1790069158.9819994,-0.00408,0.01975,-1.00042,0.00317,0.00201,0.0105
1790069159.1650999,-0.00082,0.02408,-0.99815,0.00395,0.00818,0.00274
1790069159.181096,-0.00221,0.02602,-0.99898,0.00204,0.00543,0.00101
1790069159.3717678,-0.00021,0.02783,-0.99878,0.00472,0.00632,-0.00609
1790069159.3717678,0.00083,0.02871,-0.99808,0.00113,0.00624,-0.01232
1790069159.5258102,0.00121,0.02969,-0.99918,-0.00094,0.00649,-0.01707
1790069159.7462933,0.00173,0.03594,-0.99873,0.00033,0.00608,-0.02736
1790069159.7462933,0.0026,0.03465,-0.9988,0.00199,0.00541,-0.03429
1790069159.9792802,0.00299,0.03448,-0.99797,-0.00292,0.00549,-0.03483
1790069159.994983,0.0015,0.03214,-0.99752,-0.00096,0.00799,-0.03393
1790069160.1852853,0.00444,0.03869,-1.00025,-0.00092,0.00244,-0.04406
1790069160.2020812,0.00168,0.03193,-1.00021,0.00032,0.00163,-0.04019
1790069160.4043424,0.00063,0.02513,-0.99919,-0.00098,0.00257,-0.03367
1790069160.4053273,0.00056,0.02637,-0.99941,-0.00058,0.00205,-0.03163
1790069160.602889,-0.00242,0.01925,-0.99912,0.00107,0.00262,-0.02984
1790069160.743761,-0.00706,0.01358,-0.99814,0.00197,0.0039,-0.02425
1790069160.8239841,-0.00364,0.0107,-0.99929,0.00254,0.006,-0.01463
1790069161.0187247,-0.00491,0.00427,-0.99986,0.00091,0.00182,-0.00634
1790069161.2249198,-0.00966,-0.00115,-0.9996,0.00143,0.00258,0.00075
1790069161.4266288,-0.00867,-0.00212,-0.99977,0.00256,0.00356,0.00139
1790069161.4405262,-0.00679,-0.00214,-0.99895,0.00304,0.00317,0.00303
1790069161.6286907,-0.01196,-0.00458,-1.0004,0.00534,0.00224,0.01028
1790069161.6426618,-0.0105,-0.00454,-0.99873,0.00144,0.00462,0.01577
1790069161.753093,-0.01164,-0.01025,-0.99949,0.00531,0.00603,0.02534
1790069161.8428707,-0.01278,-0.00968,-0.99772,0.00271,0.00397,0.02433
1790069162.0379176,-0.0125,-0.01042,-0.99739,0.00709,0.00656,0.02433
1790069162.0521138,-0.01449,-0.0126,-0.99822,0.00737,0.00741,0.02983
1790069162.2466097,-0.01283,-0.00857,-1.00006,0.00506,0.00174,0.0255
1790069162.2577586,-0.01315,-0.01076,-0.99942,0.00861,0.00319,0.03245
1790069162.4518504,-0.01327,-0.01045,-0.99773,0.00748,0.00067,0.03555
1790069162.4599597,-0.01363,-0.00775,-0.99843,0.00573,0.00043,0.03453
1790069162.64171,-0.01173,-0.00619,-0.99771,0.00523,0.00156,0.02967
1790069162.6577556,-0.01272,-0.00734,-1.00021,0.00857,0.00282,0.03451
1790069162.7631083,-0.01138,-0.00856,-0.99741,0.00678,0.00088,0.0361
1790069162.857815,-0.01236,-0.00294,-0.99951,0.00715,0.0023,0.0301
1790069163.06836,-0.00927,-0.00146,-0.99866,0.00616,0.00327,0.03387
1790069163.2672715,-0.00874,0.00282,-0.99938,0.0034,0.00488,0.02914
1790069163.2672715,-0.01057,0.00817,-0.99902,0.00446,0.00595,0.02676
1790069163.4670722,-0.00733,0.00796,-0.99851,0.00605,0.00271,0.02614
1790069163.675634,-0.00674,0.00914,-0.99919,0.00457,0.00344,0.0219
1790069163.675634,-0.00578,0.01444,-0.99855,0.00424,0.00591,0.02239
1790069163.7552845,-0.00122,0.01734,-0.99783,0.00401,0.00316,0.0162
1790069163.8822298,-0.00543,0.01866,-0.99926,0.00353,0.0023,0.01389
1790069164.0880797,-0.003,0.01396,-0.99738,0.00302,0.00245,0.01951
1790069164.1038218,-0.00538,0.00994,-0.99793,0.00514,0.00326,0.02358
1790069164.292928,-0.00665,0.00906,-0.99865,0.00684,0.00284,0.02535
1790069164.3009546,-0.00729,0.00746,-0.99749,0.00685,0.00226,0.02279
1790069164.4995635,-0.00773,0.00785,-0.99702,0.00455,0.00768,0.02773
1790069164.4995635,-0.00623,0.00746,-0.9994,0.0034,0.0068,0.02412
1790069164.704417,-0.0057,0.00986,-1.00009,0.00372,0.00082,0.02933
1790069164.7143059,-0.0095,0.0025,-0.99871,0.00295,0.00431,0.02842
1790069164.7746024,-0.00977,0.00698,-0.99899,0.0028,0.00589,0.03009
1790069164.9129665,-0.00833,-0.00118,-0.99765,0.00449,0.00285,0.03311
1790069165.1134226,-0.00912,0.00357,-0.99802,0.00326,0.00304,0.03197
1790069165.1214063,-0.01206,-0.00118,-0.99767,0.00336,0.00079,0.03373
1790069165.3152838,-0.00805,0.00407,-0.99944,0.00458,0.00585,0.0293
1790069165.3220315,-0.00948,0.00105,-0.99921,0.00102,0.00348,0.02926
1790069165.5230896,-0.01102,8e-05,-0.99765,0.00441,0.00233,0.03376
1790069165.5301852,-0.0093,0.00302,-1.00001,0.00231,0.00695,0.02995
1790069165.7280183,-0.00903,-0.00119,-0.99801,0.00427,0.00514,0.03613
1790069165.739272,-0.00927,0.0029,-0.99791,0.0029,0.00497,0.03045
1790069165.7818909,-0.00875,0.00259,-0.99738,0.00244,0.00694,0.03104
1790069165.934762,-0.01086,0.00075,-0.99695,3e-05,0.00373,0.03314
1790069166.1304188,-0.01014,-8e-05,-0.99699,0.0062,0.00386,0.03318
1790069166.1304188,-0.00866,0.0013,-0.99827,0.00365,0.00626,0.03063
1790069166.3433142,-0.01138,-0.00447,-0.99788,0.00276,0.00421,0.03819
1790069166.3433142,-0.01205,-0.00271,-0.99807,0.00322,0.00348,0.02848
1790069166.547783,-0.0113,-0.00368,-0.99817,0.00862,0.0007,0.03507
1790069166.54979,-0.01115,-0.00607,-0.99728,0.00246,0.00512,0.03608
1790069166.7421567,-0.01018,-0.00368,-0.99834,0.00347,0.00394,0.03518
1790069166.7578692,-0.01007,-0.00445,-0.99794,0.00811,0.00348,0.03447
1790069166.7738175,-0.01125,-0.00224,-0.99864,0.00736,0.00671,0.03304
1790069166.948979,-0.0099,0.00068,-0.99752,0.00441,0.00714,0.03156
1790069167.161266,-0.00828,0.00042,-0.9978,0.00534,0.00391,0.03429
1790069167.3474107,-0.01018,-0.00103,-0.99872,0.0051,0.00651,0.03721
1790069167.3474107,-0.01122,-0.00359,-0.99915,0.00358,0.0071,0.02979
1790069167.5723386,-0.01023,-0.00083,-0.99638,0.00512,0.00208,0.03203
1790069167.573526,-0.01255,-0.00396,-0.9979,0.00466,-0.00015,0.03435
1790069167.7779143,-0.01276,-0.00528,-0.99716,0.00363,0.00545,0.03623
1790069167.7789516,-0.01082,-0.00376,-0.99893,0.00463,0.00274,0.02873
1790069167.981115,-0.01132,-0.00408,-0.9985,0.00474,0.00219,0.03057
1790069167.9821951,-0.01091,-0.00369,-0.99738,0.00658,0.00093,0.03344
1790069168.1823556,-0.01418,-0.00664,-0.99802,0.00717,0.0048,0.03906
1790069168.1965814,-0.01113,-0.00612,-0.99803,0.0048,0.00269,0.03718
1790069168.3846784,-0.01166,-0.00436,-0.9973,0.00334,0.00416,0.03252
1790069168.4045646,-0.01071,-0.00485,-0.99834,0.00528,0.00545,0.03653
1790069168.419463,-0.01144,-0.00378,-0.99835,0.00404,0.0033,0.03357
1790069168.5919204,-0.01386,-0.00558,-0.99752,0.00346,0.00439,0.03403
1790069168.793519,-0.00988,-0.00531,-0.99858,0.00616,0.00424,0.03571
1790069168.800781,-0.01268,-0.00558,-0.99802,0.00412,0.00346,0.03784
1790069168.997399,-0.01052,-0.00548,-0.99648,0.00285,0.00436,0.03479
1790069168.997399,-0.01247,-0.00267,-0.99827,0.00655,0.00238,0.03778
1790069169.0160096,-0.01235,-0.0045,-0.99762,0.00527,0.00128,0.0352
1790069169.2176905,-0.01137,-0.00586,-0.99647,0.00589,0.00496,0.03604
1790069169.4202776,-0.0124,-0.00349,-0.99642,0.00614,0.00253,0.03786
1790069169.6186182,-0.00957,-0.00244,-0.99986,0.0036,0.00047,0.02992
1790069169.620775,-0.01063,-0.00131,-0.99646,0.00583,-0.00101,0.02864
1790069169.8005035,-0.01423,-0.00715,-0.99715,0.00584,0.00318,0.03663
1790069169.8073583,-0.01376,-0.00813,-0.99942,0.00498,0.00281,0.0349
1790069170.0292704,-0.01453,-0.01268,-0.99878,0.00804,0.00379,0.03931
1790069170.029667,-0.01189,-0.00894,-0.99633,0.00682,0.00385,0.0385
1790069170.231015,-0.01294,-0.00864,-0.99569,0.00627,0.00416,0.03625
1790069170.231015,-0.01429,-0.00889,-0.99937,0.00704,0.00353,0.04101
1790069170.4374878,-0.01356,-0.0095,-0.99905,0.00502,0.0016,0.03521
1790069170.4406366,-0.01163,-0.00827,-0.99963,0.0062,0.0033,0.03129
1790069170.6431983,-0.01402,-0.01117,-0.99671,0.00581,0.0077,0.03461
1790069170.644474,-0.01228,-0.01145,-0.99801,0.00576,0.00795,0.03039
1790069170.8072445,-0.01379,-0.01206,-0.99746,0.00359,0.00577,0.03464
1790069170.813912,-0.01271,-0.01401,-0.99949,0.00566,0.0045,0.03363
1790069171.0509846,-0.01202,-0.01067,-0.99729,0.00707,0.00548,0.02621
1790069171.2565367,-0.01343,-0.01212,-0.99723,0.00644,0.00991,0.02953
1790069171.2586875,-0.01439,-0.01343,-0.99696,0.00468,0.0061,0.03592
1790069171.4629226,-0.01486,-0.01422,-0.99739,0.00822,0.00419,0.03801
1790069171.4694848,-0.01192,-0.00996,-0.9988,0.00311,0.00394,0.03825
1790069171.6675484,-0.01273,-0.0075,-0.9973,0.00581,0.00436,0.03657
1790069171.66955,-0.01373,-0.00851,-0.99781,0.00565,0.0026,0.04258
1790069171.8070302,-0.01108,-0.00762,-0.99705,0.00584,0.0031,0.03712
1790069171.8221436,-0.01155,-0.00902,-0.99859,0.00497,0.00341,0.03755
1790069172.081702,-0.01133,-0.00468,-0.99923,0.00611,0.0064,0.03814
1790069172.2834785,-0.01247,-0.00493,-0.99833,0.00749,0.00725,0.0373
1790069172.4850085,-0.00986,-0.00471,-0.99652,0.00467,0.00305,0.03474
1790069172.4890184,-0.00991,-0.00683,-0.99878,0.00413,0.00166,0.03228
1790069172.6904185,-0.01254,-0.00688,-0.99809,0.00589,0.00198,0.03806
1790069172.692289,-0.01347,-0.00519,-0.99732,0.00645,0.00373,0.04054
1790069172.8224177,-0.00936,-0.00202,-0.99755,0.00575,0.00289,0.03532
1790069172.893844,-0.00779,0.00654,-0.99902,0.0053,0.00305,0.02592
1790069173.0998309,-0.00618,0.00677,-0.99845,0.00349,0.00724,0.02679
1790069173.0998309,-0.00705,0.01158,-0.99999,0.0005,0.0047,0.02466
1790069173.3060565,-0.00509,0.01175,-0.99905,0.00232,0.00444,0.02249
1790069173.307933,-0.00391,0.01494,-0.99918,0.00348,0.00031,0.01644
1790069173.5082176,-0.00175,0.02041,-0.99869,0.00286,0.00114,0.01271
1790069173.5082176,-0.0014,0.0223,-0.99862,0.00353,0.00161,0.0072
1790069173.7164488,5e-05,0.02363,-0.99972,0.00395,0.00364,0.0035
1790069173.8235354,0.00036,0.02805,-0.99998,0.00337,0.00567,-0.00319
1790069173.9217446,0.00062,0.02811,-0.99979,-0.00064,0.00405,-0.00681
1790069174.1247973,0.00325,0.03499,-0.99923,-0.00142,0.0088,-0.02015
1790069174.1258245,0.00183,0.03524,-0.99911,0.00069,0.00359,-0.02308
1790069174.3299012,0.00098,0.03526,-0.99893,0.0003,0.00821,-0.02795
1790069174.334249,0.00442,0.03393,-0.9977,0.00069,0.00625,-0.02488
1790069174.5340142,0.00196,0.03637,-0.99987,0.0012,0.00483,-0.02664
1790069174.5417225,0.00196,0.03422,-1.00024,-0.00059,0.00623,-0.02536
1790069174.735123,0.00156,0.03113,-1.0006,0.00154,0.00511,-0.02526
1790069174.735123,0.00531,0.03767,-0.99999,0.00024,0.00407,-0.03347
1790069174.8272123,0.00361,0.03253,-0.99884,0.00125,0.00501,-0.02689
1790069175.1485555,0.00333,0.03829,-0.99966,0.00184,0.00629,-0.04078
1790069175.1525326,-0.00011,0.02452,-1.00027,-0.00304,0.00051,-0.03752
1790069175.3480926,0.00023,0.02415,-0.99703,0.00241,0.00159,-0.02909
1790069175.3553674,-0.00271,0.02145,-1.00075,0.00288,0.00354,-0.02847
1790069175.5565126,-0.00282,0.02178,-0.99836,-0.00036,0.00312,-0.02738
1790069175.5565126,-0.00438,0.01619,-0.99784,-0.00038,0.00382,-0.02188
1790069175.6350102,-0.00679,0.00558,-0.99815,0.00088,0.00584,-0.00543
1790069175.7578313,-0.00973,0.00213,-0.9985,0.00359,0.00413,-0.0013
1790069175.8244987,-0.01299,-0.005,-0.99903,0.00205,0.00473,0.00895
1790069175.9618425,-0.01048,-0.00366,-0.99916,0.0022,0.00504,0.01056
1790069176.1684399,-0.00983,-0.00492,-0.99916,0.00127,0.00402,0.01068
1790069176.1684399,-0.01391,-0.00914,-0.9991,0.0043,0.00315,0.02234
1790069176.3714106,-0.01378,-0.00707,-0.99791,0.00336,0.00595,0.02714
1790069176.3714106,-0.01328,-0.00809,-0.9994,0.00502,0.00951,0.03355
1790069176.5703473,-0.01424,-0.00612,-0.99793,0.00549,0.00282,0.03041
1790069176.5703473,-0.01104,-0.00693,-0.99633,0.00463,0.00479,0.03009
1790069176.7873087,-0.01398,-0.0071,-0.99781,0.00544,0.00267,0.03578
1790069176.7893088,-0.01173,-0.00547,-0.9978,0.00172,0.00169,0.03123
1790069176.8338513,-0.01191,-0.00108,-0.99839,0.00784,0.00724,0.03109
1790069176.9946039,-0.01,0.00104,-0.99654,0.00563,0.00534,0.02865
1790069177.3971395,-0.00912,0.00545,-0.99784,0.00336,0.00725,0.02717
1790069177.4037864,-0.00757,0.01018,-0.99636,0.00201,0.00254,0.01703
1790069177.4084477,-0.00499,0.01106,-0.99987,0.00155,0.00313,0.02019
1790069177.421412,-0.00706,0.01465,-0.99822,0.00394,0.00373,0.01331
1790069177.6193407,-0.00373,0.018,-0.998,0.0029,0.00359,0.00706
1790069177.6193407,-0.00183,0.02028,-0.99775,0.0019,0.00355,0.00546
1790069177.8129823,-0.00133,0.02362,-0.99768,-0.00055,0.00049,0.0031
1790069177.827358,-0.00037,0.02607,-0.99929,0.00447,0.00381,-0.00126
1790069178.0147479,0.00144,0.02966,-0.99903,0.00471,0.00303,-0.01134
1790069178.216579,0.0011,0.03132,-0.99922,-3e-05,0.00296,-0.01476
1790069178.2225804,0.00147,0.03315,-1.00104,-0.00073,0.00578,-0.01956
1790069178.424095,0.00147,0.03315,-1.00104,-0.00073,0.00578,-0.01956
1790069178.424095,0.00213,0.03243,-0.99943,0.00075,0.0076,-0.03408
1790069178.6355643,0.00398,0.03333,-1.00055,0.001,0.0036,-0.04076
1790069178.8327966,0.00164,0.02795,-0.99807,0.00098,0.00021,-0.03404
1790069179.033786,-0.0019,0.01914,-0.99864,0.00146,0.00461,-0.02588
1790069179.2407885,-0.00152,0.01806,-0.99896,-0.00049,0.00332,-0.0276
1790069179.2565625,-0.00425,0.01466,-0.99787,0.00083,0.00527,-0.02194
1790069179.4500804,-0.00395,0.01483,-0.99728,0.00143,0.00477,-0.01856
1790069179.4500804,-0.00304,0.0123,-1.00068,0.00043,0.00266,-0.01724
1790069179.6425655,-0.00728,0.00772,-1.00075,0.00201,0.00366,-0.01087
1790069179.6585732,-0.00862,0.00023,-0.99806,0.00221,0.00347,0.0012
1790069179.8673065,-0.0091,-0.00062,-1.00014,0.00106,0.00131,0.00185
1790069180.0604546,-0.01093,-0.00387,-0.99978,0.00126,0.00573,0.00987
1790069180.0604546,-0.01304,-0.00665,-0.99904,0.00313,0.0023,0.01323
1790069180.2693002,-0.01039,-0.00631,-0.99841,0.00554,0.00489,0.01481
1790069180.2693002,-0.01314,-0.01014,-0.99877,0.00247,0.00535,0.02493
1790069180.461615,-0.01483,-0.01006,-0.99911,0.00564,0.00429,0.03139
1790069180.4777358,-0.0137,-0.01085,-0.99883,0.00583,0.00123,0.02887
1790069180.6719844,-0.01338,-0.00949,-1.00025,0.00429,0.00634,0.03167
1790069180.6719844,-0.01374,-0.00823,-0.99981,0.00394,0.00366,0.03092
1790069180.864411,-0.01378,-0.00841,-0.99854,0.00547,0.00376,0.02882
1790069180.8806498,-0.014,-0.01054,-1.00021,0.0036,0.00402,0.03531
1790069181.0878446,-0.01407,-0.00811,-0.99803,0.00329,0.00562,0.03664
1790069181.2963274,-0.01283,-0.00686,-0.99844,-0.00105,0.00481,0.0342
1790069181.4908144,-0.01107,-0.00043,-0.99815,0.00697,0.00323,0.03073
1790069181.699065,-0.01203,0.00057,-0.99789,0.00677,0.00237,0.02724
1790069181.699065,-0.00942,0.00557,-0.99611,0.00064,0.00437,0.02621
1790069181.8737047,-0.00773,0.00579,-0.99853,0.00288,0.00423,0.02247
1790069182.3172324,-0.0088,0.01292,-0.99817,0.00074,0.00795,0.01866
1790069182.3172324,-0.00835,0.01126,-1.00041,0.00351,0.00259,0.01924
1790069182.3172324,-0.00717,0.00807,-0.99749,0.00345,0.00449,0.02224
1790069182.510506,-0.00576,0.01043,-0.99824,0.00246,0.00433,0.017
1790069182.510506,-0.00681,0.01178,-0.99816,0.00331,0.0034,0.0182
1790069182.7198558,-0.00707,0.00702,-0.99881,0.00195,0.00477,0.02203
1790069182.735555,-0.00642,0.01191,-0.99767,0.00313,0.0069,0.01827
1790069182.8801234,-0.00744,0.00888,-0.99775,0.00348,0.00753,0.01901
1790069182.927298,-0.00687,0.01211,-1.00007,0.00454,0.00379,0.01799
1790069183.133382,-0.00679,0.00907,-0.99855,0.00036,0.00524,0.01945
1790069183.3407605,-0.00446,0.01095,-0.99774,0.00138,0.00653,0.01758
1790069183.3407605,-0.00691,0.01081,-0.99852,0.00384,0.00397,0.02166
1790069183.5327392,-0.00815,0.00928,-0.99793,0.00207,0.00479,0.02196
1790069183.5484452,-0.00621,0.00838,-0.99754,0.00262,0.00357,0.02495
1790069183.7523355,-0.00678,0.00768,-0.99771,0.00451,0.00195,0.02513
1790069183.755401,-0.01017,0.00455,-0.99955,0.00424,0.00427,0.03007
1790069183.9057395,-0.00731,0.00709,-1.00039,0.00459,0.0034,0.02365
1790069183.921133,-0.00653,0.01031,-0.99812,0.00015,0.00699,0.01717
1790069184.162253,-0.00945,0.00467,-0.99773,0.00112,0.00157,0.02794
1790069184.3624394,-0.00996,-0.00281,-0.99671,0.00319,0.0034,0.03207
1790069184.5709445,-0.01187,-0.00212,-0.99814,0.00239,0.00173,0.03579
1790069184.5729494,-0.01327,-0.00307,-0.99825,0.00355,0.00443,0.02943
1790069184.767602,-0.0092,-0.00455,-0.99837,0.00398,0.00286,0.03408
1790069184.9060133,-0.01038,-0.00546,-0.99732,0.00276,0.00328,0.03296
1790069184.9801464,-0.01395,-0.0095,-0.99773,0.0044,0.0058,0.03721
1790069185.1712549,-0.01468,-0.0108,-0.99909,0.00578,0.00776,0.03632
1790069185.3808308,-0.01346,-0.01114,-0.99809,0.00706,0.00493,0.03926
1790069185.5947993,-0.01218,-0.00681,-0.99886,0.00453,0.0046,0.02786
1790069185.7991056,-0.01413,-0.01112,-0.99963,0.006,0.00663,0.02638
1790069185.7991056,-0.01537,-0.01184,-0.99761,0.00164,0.00323,0.02971
1790069185.9180052,-0.01269,-0.01144,-0.99746,0.00673,0.0039,0.03058
1790069186.2081032,-0.01344,-0.01189,-0.99829,0.00397,0.00735,0.03142
1790069186.2101636,-0.0155,-0.0119,-0.99791,0.00497,0.00494,0.02992
1790069186.2165008,-0.01582,-0.01319,-0.99802,0.00471,0.00291,0.03363
1790069186.4097176,-0.01177,-0.00898,-0.99908,0.00294,0.00481,0.02599
1790069186.617683,-0.01578,-0.01267,-0.99784,0.00292,0.00668,0.03044
1790069186.617683,-0.01533,-0.01159,-0.99815,0.0038,0.0045,0.02885
1790069186.8225129,-0.01395,-0.01225,-0.9988,0.00296,0.00577,0.03305
1790069186.92401,-0.01536,-0.01291,-0.99967,0.00485,0.00124,0.03024
1790069187.2308316,-0.01456,-0.01022,-0.99836,0.00124,0.00321,0.02936
1790069187.2328267,-0.01317,-0.00965,-0.99912,0.00499,0.00112,0.02069
1790069187.437121,-0.0118,-0.00555,-0.99897,0.00251,0.00642,0.01491
1790069187.639659,-0.01032,-0.00357,-0.99776,0.00297,0.00347,0.00559
1790069187.8476238,-0.00623,0.00876,-0.99836,0.00148,0.00198,-0.01351
1790069187.9334478,-0.00538,0.01813,-0.99777,-0.00034,0.00066,-0.02738
1790069188.050714,-0.00069,0.01886,-0.99809,0.00281,0.00166,-0.03149
1790069188.255993,0.00138,0.02879,-1.00021,-0.00187,0.00692,-0.04043
1790069188.4622562,0.00434,0.03218,-1.00019,-0.0019,0.00276,-0.04228
1790069188.463252,0.00118,0.03491,-0.99903,0.00012,0.00339,-0.04335
1790069188.8702054,0.00229,0.03697,-0.99976,0.00129,0.00413,-0.04248
1790069188.8702054,0.00382,0.03778,-0.99853,9e-05,0.00633,-0.042
1790069188.8702054,0.0045,0.03651,-0.99854,0.00105,0.0082,-0.03411
1790069189.0703003,0.00145,0.03472,-1.00104,0.0013,0.01268,-0.02536
1790069189.0753481,0.00288,0.03259,-0.99922,0.00369,0.00692,-0.01618
1790069189.2793567,0.0001,0.02952,-0.99821,0.00452,0.00476,-0.01033
1790069189.2803504,-9e-05,0.02747,-0.99958,0.00111,0.00676,-0.00867
1790069189.4849236,0.00244,0.03343,-1.00173,0.0028,0.00399,-0.00924
1790069189.4939034,-0.0007,0.02581,-0.99994,0.00283,0.00486,0.00556
1790069189.687369,-0.00122,0.02546,-0.99782,0.00409,0.00637,0.00326
1790069189.8888757,-0.00269,0.01633,-0.9973,0.0048,0.00239,0.01393
1790069189.8955898,-0.00354,0.01479,-0.9977,0.00427,0.00335,0.01692
1790069189.9808745,-0.0047,0.01743,-0.99741,-1e-05,0.00601,0.01416
1790069190.097588,-0.0037,0.01776,-0.99852,0.00092,0.00244,0.01133
1790069190.3048089,-0.00485,0.01352,-0.99804,0.00238,0.00436,0.0155
1790069190.5071554,-0.00938,0.00025,-0.99875,0.00374,0.00385,0.03179
1790069190.5071554,-0.01209,-0.00168,-0.99848,0.00406,0.00551,0.03472
1790069190.708207,-0.01377,-0.00788,-0.99733,0.00533,0.00462,0.04064
1790069190.7140708,-0.01316,-0.01015,-0.9978,0.00297,0.00296,0.03888
1790069190.9170177,-0.0149,-0.01002,-0.99825,0.00174,0.00393,0.03801
1790069190.9783309,-0.01196,-0.01043,-0.99689,0.00745,0.00463,0.02929
1790069191.1172204,-0.01509,-0.01293,-0.99876,0.00452,0.00425,0.0245
1790069191.3255153,-0.01294,-0.00574,-0.99825,0.00403,0.00387,0.01015
1790069191.527569,-0.01007,-0.00811,-0.99848,0.00301,0.00098,0.01527
1790069191.5337536,-0.0111,-0.00735,-1.00058,0.00365,0.00347,0.01105
1790069191.7465217,-0.01034,-0.00175,-0.99828,0.0054,0.00192,-0.00067
1790069191.9398267,-0.00867,0.00446,-0.99822,0.00286,0.00423,-0.00839
1790069191.9776266,-0.00519,0.01068,-0.99892,0.0024,0.00054,-0.01712
1790069192.1464417,-0.00429,0.01491,-1.0,0.00184,-0.0007,-0.0228
1790069192.3515308,-0.00488,0.01675,-0.9993,0.00278,0.00327,-0.02642
1790069192.3526208,-0.00077,0.02146,-0.99944,0.00123,0.00188,-0.03375
1790069192.55469,-0.00209,0.02395,-0.99712,0.00169,0.00238,-0.03748
1790069192.55469,-0.00014,0.02906,-0.99771,-0.00236,0.00367,-0.04201
1790069192.7606666,0.003,0.0333,-0.99903,-0.00341,-0.00044,-0.04249
1790069192.9652462,0.00346,0.03516,-0.99791,-0.00223,0.00637,-0.04156
1790069192.9652462,0.00355,0.03646,-1.00071,-0.00069,0.00379,-0.03713
1790069193.1656485,0.00228,0.03506,-0.99709,-0.00081,0.00249,-0.02995
1790069193.1656485,0.00425,0.03694,-1.00122,0.00337,0.00583,-0.02331
1790069193.373436,0.00384,0.03478,-1.00022,0.00046,0.0081,-0.02036
1790069193.373436,0.00051,0.03241,-0.99937,0.00446,0.0056,-0.00463
1790069193.58026,0.00016,0.03156,-0.99912,0.00413,0.00526,-0.00246
1790069193.781134,-0.00285,0.01714,-0.99775,0.0016,0.00424,0.01707
1790069193.988981,-0.00683,0.00934,-0.9964,0.00142,0.00518,0.02928
1790069194.1935048,-0.00991,-0.00246,-0.99699,0.00408,0.00434,0.04009
1790069194.1981082,-0.01237,-0.00717,-0.9996,0.00398,0.00104,0.04364
1790069194.3938193,-0.01,-0.00575,-0.99818,0.00262,0.00115,0.0403
1790069194.3938193,-0.01133,-0.00645,-0.99841,0.00645,0.00776,0.04009
1790069194.5972593,-0.0139,-0.0133,-0.99817,0.00287,0.00356,0.03894
1790069194.5972593,-0.01452,-0.01275,-0.99727,0.00549,0.00577,0.03861
1790069194.6172285,-0.01502,-0.01505,-0.99666,0.00615,0.00585,0.03277
1790069194.806756,-0.01271,-0.00904,-0.99798,0.0009,0.00532,0.02327
1790069195.0083675,-0.01262,-0.0091,-0.99923,0.0041,0.0031,0.01784
1790069195.0102434,-0.0134,-0.01033,-0.99934,0.00443,0.00385,0.01116
1790069195.2170877,-0.01263,-0.00786,-0.9996,0.00337,0.00319,0.00718
1790069195.2190988,-0.00922,-0.00201,-0.99852,0.00341,0.00354,0.00258
1790069195.4256897,-0.0061,0.00589,-0.99922,0.00051,0.0031,-0.017
1790069195.4256897,-0.00647,0.0129,-0.99973,0.00316,-0.00034,-0.02539
1790069195.442142,-0.00618,0.01504,-0.99952,-0.00033,0.00124,-0.02904
1790069195.618679,-0.00218,0.01956,-1.00005,0.00032,-0.00235,-0.03428
1790069195.6344018,-0.00157,0.02257,-0.99926,0.00174,0.00065,-0.04025
1790069195.827502,0.00362,0.03223,-0.99981,0.00083,-0.00341,-0.04703
1790069196.002905,0.00252,0.03623,-0.99912,-0.00061,0.00088,-0.04124
1790069196.002905,0.00179,0.03487,-0.99979,0.00051,0.00615,-0.02995
1790069196.2292514,0.00276,0.03597,-1.00056,0.00269,0.00921,-0.02508
1790069196.438171,0.00621,0.03699,-0.99956,0.00163,0.0089,-0.02072
1790069196.6469965,-0.00031,0.02682,-0.99672,0.00305,0.00501,0.0004
1790069196.6469965,-0.0009,0.02254,-0.99772,0.00259,0.00049,0.01073
1790069196.85919,-0.00673,0.01284,-0.99806,0.00135,0.00466,0.02392
1790069196.85919,-0.00595,0.00761,-0.99726,0.00471,0.00602,0.027
1790069197.0154843,-0.00782,0.00574,-0.99586,0.00853,0.00261,0.03342
1790069197.255348,-0.01333,-0.0076,-0.99792,0.00146,0.0033,0.04309
1790069197.4623642,-0.01407,-0.01211,-0.99787,0.00464,0.00544,0.0395
1790069197.4623642,-0.01218,-0.01092,-0.99769,0.00299,0.0063,0.02775
1790069197.6696503,-0.01398,-0.01168,-0.99921,0.00558,0.00686,0.02803
1790069197.8774676,-0.01311,-0.01128,-0.99869,0.00248,0.00541,0.01335
1790069197.8774676,-0.01027,-0.00201,-0.99813,0.00349,0.00242,0.00153
1790069198.0201871,-0.00983,0.00167,-0.99916,0.004,0.00107,-0.01038
1790069198.275327,-0.0058,0.01095,-0.99971,0.00241,-0.00127,-0.02426
1790069198.2912953,-0.00462,0.01759,-0.99983,0.00028,0.00151,-0.03152
1790069198.481745,-0.00688,0.01553,-0.9958,0.00132,0.00067,-0.0295
1790069198.481745,-0.00136,0.02099,-0.99849,0.00176,0.00422,-0.03952
1790069198.6912203,0.00031,0.02775,-0.99995,-3e-05,-0.0009,-0.03956
1790069198.6912203,0.00108,0.03148,-1.00112,-0.00157,0.00076,-0.05155
1790069198.901036,-0.00069,0.02892,-0.9985,-0.00127,0.00101,-0.03993
1790069198.9124749,0.00479,0.0362,-0.99953,-0.00251,0.00282,-0.04696
1790069199.0304906,0.00216,0.03667,-0.99983,-0.0025,0.00379,-0.04965
1790069199.127066,0.00169,0.0326,-0.99944,-0.0006,0.00624,-0.04545
1790069199.3154845,0.00188,0.0345,-1.00058,0.00217,0.00728,-0.04844
1790069199.5160582,0.00375,0.03595,-0.99972,-0.00364,0.00088,-0.04794
1790069199.5194364,0.00188,0.0357,-0.99981,-3e-05,0.00812,-0.03566
1790069199.7187743,0.00326,0.03503,-0.99793,0.00049,0.00628,-0.03198
1790069199.7187743,0.00326,0.0354,-1.00069,0.00156,0.00827,-0.02268
1790069199.734795,0.00345,0.03554,-0.99989,0.00425,0.00445,-0.0217
1790069199.9256868,0.00198,0.03572,-0.99975,-0.00165,0.00902,-0.02108
1790069199.9417481,0.00219,0.03304,-1.0002,0.00139,0.00562,-0.01099
1790069200.0542595,0.00159,0.02734,-0.99808,-0.00194,0.00513,0.0022
1790069200.1340475,-0.00061,0.02105,-0.999,0.00139,0.00552,0.0101
1790069200.3400261,-0.00379,0.01467,-0.99958,0.00161,0.00538,0.0201
1790069200.5436363,-0.0074,0.01422,-0.99932,0.00084,0.00148,0.02419
1790069200.5446355,-0.0062,0.01022,-0.99891,0.00212,0.00462,0.02612
1790069200.7460194,-0.00801,0.00299,-0.99852,0.00522,0.00499,0.03011
1790069200.7460194,-0.01062,-0.00169,-0.99815,0.00591,0.0051,0.03818
1790069200.7460194,-0.01229,-0.00294,-0.99879,0.00539,0.00483,0.03898
1790069200.9548774,-0.0121,-0.00456,-0.99852,0.00274,0.00557,0.03719
1790069200.9611335,-0.0117,-0.00542,-0.99744,0.00301,0.00359,0.03902
1790069201.0594404,-0.01081,-0.00383,-0.99775,0.0048,0.00156,0.03938
1790069201.1619473,-0.01231,-0.00353,-0.999,0.00332,0.00284,0.04033
1790069201.35982,-0.01113,-0.00527,-0.99758,0.00376,0.00272,0.03962
1790069201.375527,-0.01068,-0.00544,-0.99791,0.00412,0.00177,0.03669
1790069201.5688348,-0.01264,-0.00938,-0.99772,0.00332,0.00645,0.03626
1790069201.5688348,-0.01408,-0.01229,-0.99686,0.0075,0.00645,0.03876
1790069201.775548,-0.01505,-0.01388,-0.99818,0.00331,0.0075,0.03151
1790069201.775548,-0.01667,-0.01396,-0.99815,0.00557,0.00599,0.03193
1790069201.9777796,-0.01458,-0.01202,-0.99966,0.00307,0.00605,0.02699
1790069201.9777796,-0.01327,-0.00999,-0.99949,0.0036,0.00496,0.02074
1790069202.1835632,-0.01068,-0.00765,-0.99753,-3e-05,0.00267,0.00761
1790069202.1865633,-0.01132,0.00095,-1.00049,0.0021,7e-05,-0.00342
1790069202.3867302,-0.00883,0.00284,-1.00001,0.00441,0.00041,-0.00639
1790069202.3867302,-0.00622,0.00489,-0.999,0.00191,0.00294,-0.01166
1790069202.5942395,-0.0065,0.00689,-0.99899,0.00351,0.00406,-0.01369
1790069202.5952475,-0.00906,0.0046,-0.99897,-0.00138,0.00449,-0.01434
1790069202.800182,-0.00836,0.00684,-0.99837,0.00119,0.0014,-0.01463
1790069202.801183,-0.00461,0.01213,-0.99973,-0.0005,0.00242,-0.02256
1790069203.004393,-0.004,0.01744,-0.99983,-0.00017,0.00451,-0.02746
1790069203.4085913,-0.00133,0.01967,-0.99822,0.00139,0.00285,-0.0321
1790069203.4140103,-0.00097,0.02509,-0.99741,0.00058,-0.00056,-0.03399
1790069203.4140103,-0.00521,0.02063,-0.99797,-0.00084,0.00147,-0.03346
1790069203.4208767,-0.00166,0.02115,-0.99985,-0.00111,0.00172,-0.03495
1790069203.615756,-0.00051,0.02146,-0.99927,-0.00164,0.0013,-0.03667
1790069203.8168406,0.00023,0.02859,-0.99935,-0.00204,0.00102,-0.04337
1790069203.8168406,0.00131,0.03311,-0.99967,0.00055,-0.00012,-0.04865
1790069204.0170856,0.00109,0.02874,-0.99851,0.00016,0.00281,-0.04388
1790069204.0297909,-0.00053,0.02657,-0.99967,0.00087,-0.00032,-0.04128
1790069204.2300441,0.00108,0.02807,-0.99866,-0.00211,0.0035,-0.04201
1790069204.2322235,0.00223,0.03114,-0.99856,-0.0012,5e-05,-0.04113
1790069204.4307053,0.00167,0.03304,-0.99958,0.00256,0.00282,-0.03492
1790069204.4307053,0.0033,0.03409,-0.99943,0.00069,0.00672,-0.03495
1790069204.6407762,0.00484,0.03965,-0.99924,0.0012,0.00479,-0.04305
1790069204.6425385,0.00301,0.04133,-0.99957,0.00245,0.00486,-0.04507
1790069204.8415217,0.00424,0.03571,-0.99808,-0.00254,0.00292,-0.03602
1790069205.0257778,0.00504,0.03667,-1.00107,0.00027,0.00613,-0.0291
1790069205.03246,0.00218,0.03901,-0.99937,0.00307,0.00468,-0.03235
1790069205.2541203,0.00584,0.03771,-0.99918,-0.00041,0.00932,-0.02479
1790069205.2541203,0.00497,0.037,-0.99842,2e-05,0.00889,-0.02532
1790069205.4570715,0.00625,0.03825,-0.99887,0.00112,0.00452,-0.02384
1790069205.4570715,0.00362,0.03775,-1.00111,-0.00161,0.00951,-0.02778
1790069205.6650748,0.00621,0.03612,-0.99947,-0.00171,0.00115,-0.02351
1790069205.6650748,0.00158,0.03287,-0.998,0.00228,0.00606,-0.01134
1790069205.8791122,0.00053,0.02606,-0.99942,0.00235,0.00207,-0.0005
1790069205.8791122,-0.00261,0.0257,-0.99903,0.00617,0.00561,0.00157
1790069206.0458465,-0.00166,0.02554,-0.99902,0.00099,0.00454,0.0038
1790069206.0458465,-0.00185,0.02135,-0.99947,0.00378,0.00637,0.00833
1790069206.2765174,-0.00332,0.01611,-0.99727,0.00648,0.00523,0.01891
1790069206.2765174,-0.00597,0.01071,-0.9988,0.00473,0.00278,0.02648
1790069206.4698417,-0.00779,0.00568,-0.99789,0.00517,0.00448,0.02802
1790069206.4859827,-0.00829,0.00313,-0.99728,0.00858,0.00029,0.03547
1790069206.677409,-0.0122,-0.0057,-0.998,0.00257,0.00187,0.03654
1790069206.6933722,-0.0118,-0.00293,-0.99951,0.00417,0.00474,0.04001
1790069206.8874521,-0.013,-0.01069,-0.99656,0.0054,0.00291,0.0418
1790069206.8874521,-0.01388,-0.01309,-0.99609,0.00479,0.00527,0.04205
1790069207.0485265,-0.01578,-0.01046,-0.99729,0.00754,0.00535,0.03403
1790069207.0485265,-0.01521,-0.01398,-0.99765,0.0054,0.00393,0.03221
1790069207.2886024,-0.01339,-0.00991,-1.0005,0.00347,0.00284,0.02377
1790069207.3044102,-0.01282,-0.0079,-0.99802,0.00632,0.00198,0.01018
1790069207.4978833,-0.01188,-0.00787,-0.99853,0.00399,0.00317,0.00612
1790069207.5140777,-0.01246,-0.00242,-0.9979,0.00062,0.00032,-0.00042
1790069207.7075386,-0.00952,0.00075,-0.99776,0.0001,0.00266,-0.00644
1790069207.7075386,-0.00669,0.00584,-1.00069,-0.0003,0.0065,-0.01418
1790069207.8200533,-0.005,0.01515,-0.99831,0.00041,0.0004,-0.02447
1790069207.9163938,-0.00427,0.02059,-0.99945,-0.00192,0.00157,-0.02946
1790069208.060307,-0.00166,0.02651,-0.9984,-0.00156,0.00228,-0.04213
1790069208.3218412,0.00203,0.03525,-0.99955,-0.00201,0.00458,-0.04757
1790069208.327841,0.00261,0.0356,-1.00061,-0.00015,0.00408,-0.04232
1790069208.5266862,0.00265,0.03355,-0.99959,-0.00071,0.00403,-0.02838
1790069208.7338684,0.00176,0.0282,-0.99867,0.00275,0.00639,-0.00749
1790069208.735876,-0.00287,0.02524,-0.9971,0.00353,0.00382,0.00734
1790069208.9348836,-0.00285,0.01685,-0.9981,0.00225,-0.0002,0.01883
1790069208.9425673,-0.00596,0.00805,-1.00082,0.00381,0.00636,0.02839
1790069209.1114345,-0.01048,0.00226,-0.99895,0.0064,0.00438,0.0351
1790069209.1114345,-0.01128,-0.00474,-0.99815,0.00573,0.00448,0.03532
1790069209.3440952,-0.01394,-0.01063,-0.99653,0.00408,0.00886,0.03195
1790069209.5453668,-0.0139,-0.01259,-0.99688,0.00339,0.00623,0.02319
1790069209.5613313,-0.01339,-0.00599,-0.99802,0.00198,0.00465,0.01177
1790069209.755237,-0.01037,1e-05,-0.99831,0.00242,0.00061,-0.00176
1790069209.9637494,-0.00733,0.00861,-0.99901,-0.00059,0.0035,-0.01857
1790069209.9637494,-0.00374,0.01547,-0.9986,0.00326,0.00206,-0.02746
1790069209.9637494,-0.00104,0.0249,-0.99917,0.00048,0.00019,-0.03649
1790069210.1289108,0.00173,0.03256,-0.99961,0.00099,0.00283,-0.04445
1790069210.3626795,0.0048,0.03221,-0.99898,-0.00144,-9e-05,-0.04336
1790069210.3626795,0.0037,0.03635,-1.00019,0.0017,0.00502,-0.03951
1790069210.3784087,0.00157,0.03174,-1.00085,0.00063,0.0042,-0.02181
1790069210.5760217,0.00283,0.02759,-1.00051,0.00216,0.00741,-0.00796
1790069210.5760217,-0.0025,0.02052,-0.99931,0.00279,0.00416,0.0102
1790069210.780206,-0.00671,0.00984,-0.99878,0.00461,0.00502,0.02391
1790069210.780206,-0.00684,0.00852,-0.99805,0.00496,0.00524,0.02639
1790069210.989127,-0.00856,0.00614,-0.99801,0.0028,0.00511,0.02731
1790069210.989127,-0.00744,0.00257,-0.99905,0.00293,0.00027,0.03011
1790069211.1344233,-0.01021,-0.00287,-0.9974,0.00457,0.00435,0.02976
1790069211.1982982,-0.01241,-0.00702,-0.99888,-0.00085,0.00451,0.03116
1790069211.3909645,-0.01118,-0.0062,-0.99676,0.00228,0.00543,0.0329
1790069211.599353,-0.01254,-0.00844,-0.99821,0.0028,0.00709,0.02901
1790069211.599353,-0.01227,-0.00867,-0.99848,0.00535,0.00825,0.02505
1790069211.806092,-0.01219,-0.00948,-1.00111,0.00536,0.0048,0.02413
1790069211.806092,-0.01156,-0.00615,-0.9979,0.00653,0.00533,0.01937
1790069212.0129995,-0.00994,-0.00101,-0.99868,0.00653,0.00216,0.00816
1790069212.0129995,-0.00684,0.00434,-0.9979,0.00333,0.00226,-0.00585
1790069212.1425006,-0.00594,0.00891,-0.99885,0.00489,0.00179,-0.01412
1790069212.2201462,-0.00233,0.02022,-0.99848,-0.00048,0.00394,-0.02933
1790069212.4133565,0.00019,0.02598,-0.99958,0.00091,0.00348,-0.02837
1790069212.4133565,-0.00185,0.02541,-0.99962,-0.00072,0.00649,-0.02383
1790069212.6220298,-0.00386,0.01799,-0.99951,0.00157,0.00533,0.01136
1790069212.8319774,-0.0069,0.00775,-0.99833,0.00457,-0.00066,0.02434
1790069212.8319774,-0.00861,-0.00148,-0.99936,0.00499,0.00092,0.02785
1790069213.0245876,-0.01038,-0.00177,-0.99752,0.00112,0.00683,0.03152
1790069213.04057,-0.01156,-0.00504,-0.99898,0.00266,0.00612,0.03199
1790069213.1611445,-0.01306,-0.00735,-0.999,0.00486,0.00506,0.03019
1790069213.2341802,-0.01143,-0.01006,-0.99821,0.00671,0.00347,0.02815
1790069213.4416559,-0.01086,-0.00666,-1.00069,0.00365,0.00144,0.02093
1790069213.4416559,-0.01311,-0.00718,-0.99737,0.00572,0.00329,0.01532
1790069213.6520846,-0.01248,-0.00951,-1.00061,0.00398,-0.00027,0.01473
1790069213.8508606,-0.008,0.00635,-0.9999,0.00279,0.00252,-0.01226
1790069214.0606039,-0.00212,0.01725,-1.00009,0.00415,0.00165,-0.02708
1790069214.16501,0.00026,0.02638,-1.00065,-0.00056,0.00327,-0.04005
1790069214.2654839,0.00035,0.02777,-0.99938,-0.00186,-0.00205,-0.04209
1790069214.4655015,-0.00295,0.02132,-1.00045,-0.00026,0.00077,-0.03447
1790069214.6724987,0.00028,0.02402,-0.99941,-0.00198,0.0028,-0.03401
1790069214.8782966,-0.00024,0.02545,-0.99927,0.00031,0.00023,-0.04112
1790069215.0714538,0.00087,0.0274,-0.99795,-0.00065,0.00406,-0.04123
1790069215.1680927,0.00226,0.02811,-0.99749,-0.00283,0.0028,-0.04105
1790069215.2793481,0.00268,0.03135,-0.99855,0.0005,0.00172,-0.04091
1790069215.4861639,0.00227,0.03459,-0.9977,-7e-05,0.00586,-0.02999
1790069215.6926386,0.00308,0.03147,-0.99834,0.00356,0.00859,-0.01266
1790069215.8997123,-0.00121,0.0241,-0.9994,0.00306,0.00467,-0.00046
1790069216.1090124,-0.00998,0.0009,-0.99753,0.00377,0.00543,0.0334
1790069216.1888466,-0.01189,-0.00304,-0.9994,0.0015,0.00012,0.0321
1790069216.3169749,-0.01224,-0.00759,-0.99744,0.00109,0.00614,0.03347
1790069216.5103405,-0.01506,-0.01352,-0.99797,0.00677,0.00134,0.04074
1790069216.5103405,-0.01554,-0.01512,-0.99984,0.0058,0.00375,0.03719
1790069216.7191815,-0.01373,-0.01247,-0.99962,0.0021,0.00631,0.02995
1790069216.7191815,-0.01398,-0.01147,-1.00058,0.00578,0.00274,0.02441
1790069216.928868,-0.01438,-0.00736,-0.99848,0.00383,0.0046,0.01274
1790069216.9308786,-0.00896,-0.0007,-0.99847,0.0031,0.00068,0.0045
1790069217.1332667,-0.00876,0.00297,-1.00041,-0.00041,0.00268,-0.00638
1790069217.1332667,-0.00407,0.01086,-0.9993,-0.00036,0.0015,-0.01698
1790069217.19696,-0.00312,0.01616,-1.0001,0.00124,0.00062,-0.02881
1790069217.3253806,0.00076,0.02543,-0.9995,-0.00045,-0.00013,-0.03915
1790069217.5353131,0.00111,0.03476,-0.99992,-0.0022,0.0011,-0.03957
1790069217.7449093,0.00438,0.03662,-0.99971,0.00106,0.00442,-0.0375
1790069217.7449093,0.00296,0.03082,-0.99986,0.00149,0.00952,-0.02475
1790069217.9378629,0.00148,0.03004,-0.99978,0.00084,0.00717,-0.01599
1790069217.9539373,0.00133,0.02707,-0.99867,-0.00034,0.00476,-0.00542
1790069218.1481366,-0.00153,0.02341,-0.99835,0.00125,0.00453,0.00725
1790069218.1481366,-0.00465,0.0165,-0.9992,0.00391,0.00464,0.01664
1790069218.2125442,-0.00484,0.00877,-0.99874,0.00366,0.00387,0.02679
1790069218.3562496,-0.00985,0.00347,-0.99903,0.00506,0.00208,0.02924
1790069218.4197488,-0.01035,0.00288,-0.99976,0.00261,0.00357,0.03281
1790069218.548456,-0.01137,-0.00396,-0.99986,0.00731,0.00099,0.03592
1790069218.7585526,-0.01392,-0.0112,-0.99891,0.00697,0.00657,0.03405
1790069218.7585526,-0.01367,-0.00928,-0.99944,0.005,0.00672,0.02859
1790069218.9681175,-0.00818,0.00144,-0.99752,6e-05,0.00405,0.00216
1790069219.1781955,-0.00814,0.00193,-0.99844,0.00066,0.00233,-0.00269
1790069219.1781955,-0.00809,0.00484,-1.00021,0.00373,0.00122,-0.00607
1790069219.3845706,-0.00427,0.00931,-0.99882,0.00185,0.0052,-0.0173
1790069219.3845706,-0.00355,0.01486,-1.00142,0.00093,0.00358,-0.02545
1790069219.5886078,-0.00095,0.02194,-1.00062,0.00089,0.00242,-0.03471
1790069219.5931113,0.00157,0.02822,-1.00012,0.00037,0.0044,-0.04042
1790069219.7990372,0.00151,0.03166,-0.99832,0.00026,0.00412,-0.03887
1790069219.9957964,0.00498,0.03895,-0.99959,0.00109,0.00684,-0.03498
1790069220.2079706,0.00363,0.03389,-0.99971,0.00275,0.00497,-0.02659
1790069220.402417,-0.00199,0.01839,-1.00004,0.0036,0.00101,0.01146
1790069220.6110675,-0.00525,0.01469,-0.99871,0.00185,0.00294,0.01834
1790069220.6110675,-0.00742,0.00689,-1.00023,0.00219,0.00368,0.03138
1790069220.8183708,-0.01001,0.00096,-0.99984,0.00147,0.00299,0.03133
1790069221.0219436,-0.01467,-0.01037,-0.9984,0.00669,0.00731,0.03381
1790069221.222105,-0.01515,-0.00993,-0.99815,0.00454,0.0061,0.02088
1790069221.222105,-0.01123,-0.00681,-0.99793,0.00215,0.00293,0.0143
1790069221.4308288,-0.01289,-0.00981,-0.99753,0.00339,0.00515,0.01098
1790069221.4308288,-0.01101,-0.00375,-0.99749,0.0046,0.00378,0.00322
1790069221.6234722,-0.01064,-0.00191,-0.99928,0.00394,0.00093,-0.00169
1790069221.6394694,-0.00637,0.00518,-0.99934,0.00323,-0.00025,-0.01133
1790069221.829615,-0.0084,0.01044,-1.00102,0.00193,0.00148,-0.0173
1790069221.829615,-0.00259,0.01516,-0.99818,0.00108,0.00492,-0.02256
1790069222.0370772,-0.00205,0.01962,-0.99887,0.00375,0.00435,-0.02996
1790069222.0370772,-0.0045,0.0148,-0.99986,0.00305,0.00187,-0.02859
1790069222.245331,-0.00269,0.01924,-0.99891,0.00153,0.00123,-0.03365
1790069222.245331,0.00213,0.02507,-0.99813,0.00145,-0.00048,-0.04247
1790069222.4550383,0.00163,0.02887,-0.9984,-0.00012,0.0,-0.0439
1790069222.4550383,0.00135,0.02812,-1.00026,-0.00027,0.00035,-0.04136
1790069222.6488242,0.00024,0.02878,-0.99908,0.00099,0.00125,-0.036
1790069222.8573701,0.00122,0.03351,-0.99885,0.00183,0.00387,-0.04585
1790069223.066621,0.00172,0.03002,-0.99877,-0.00113,0.0016,-0.03692
1790069223.066621,0.00389,0.03132,-0.99735,0.0024,0.00478,-0.03823
1790069223.1009789,0.00016,0.03334,-1.00001,0.00348,0.00571,-0.03167
1790069223.2598324,0.00417,0.03353,-1.00154,0.00475,0.00677,-0.02887
1790069223.4690971,0.00264,0.03553,-1.00146,0.00184,0.00828,-0.02532
1790069223.4690971,0.00385,0.03408,-1.00093,0.0015,0.00761,-0.02486
1790069223.6772099,0.00127,0.0337,-0.99878,0.00056,0.00291,-0.01147
1790069223.6772099,0.00023,0.02479,-0.99867,0.00097,0.0069,-0.00459
1790069223.8217208,-0.00128,0.02392,-1.00033,0.00265,0.00489,0.00692
1790069224.0945435,-0.00496,0.01268,-0.99838,0.00497,0.00496,0.02407
1790069224.0945435,-0.00822,0.00488,-0.99803,0.00774,0.00279,0.03318
1790069224.2710006,-0.00821,0.00331,-0.99856,0.00322,0.00147,0.02912
1790069224.2710006,-0.00869,0.00192,-0.99781,0.00434,0.00258,0.03264
1790069224.4968333,-0.01383,-0.00568,-0.99848,0.00208,0.00438,0.03606
1790069224.7055476,-0.01296,-0.00988,-0.99937,0.00185,0.00606,0.03357
1790069224.7097442,-0.0134,-0.01012,-0.99746,0.00664,0.00624,0.03104
1790069224.7097442,-0.01418,-0.00969,-0.99859,0.00496,0.00335,0.02253
1790069224.9132805,-0.01316,-0.006,-0.99717,0.00178,0.00437,0.00953
1790069225.2801497,-0.00834,-0.00034,-0.99828,0.00246,0.00025,-0.00354
1790069225.2959902,-0.00662,0.00898,-0.99841,0.00312,0.00476,-0.01435
1790069225.2959902,-0.0043,0.0109,-0.99719,0.00199,0.00135,-0.02308
1790069225.5209212,-0.00465,0.01243,-0.99916,0.00343,-0.00086,-0.02182
1790069225.5209212,-0.00546,0.01314,-0.99979,0.00371,0.0032,-0.0237
1790069225.5369065,-0.00363,0.02,-0.99811,0.00166,-0.0002,-0.02879
1790069225.729841,-0.00091,0.02019,-0.99763,0.00014,0.00245,-0.03044
1790069225.729841,-0.00076,0.02503,-0.99905,0.0001,0.00274,-0.0318
1790069225.9375415,-0.00136,0.02376,-0.99913,-0.00286,0.00113,-0.03551
1790069226.1291797,0.00021,0.03011,-0.99946,0.00324,0.00125,-0.04118
1790069226.1451287,0.00134,0.03135,-0.99798,-0.00297,0.00233,-0.04233
1790069226.2901423,0.00139,0.02954,-0.99941,-0.00065,0.00348,-0.03707
1790069226.4338536,0.00334,0.02925,-0.99926,0.00494,0.00646,-0.02783
1790069226.4499784,0.00033,0.03034,-0.99989,0.00093,0.00572,-0.02274
1790069226.5623817,-0.00146,0.02608,-1.00074,0.00116,0.00607,-0.01024
1790069226.7555044,-0.00024,0.02753,-1.0007,0.0042,0.00111,-0.00207
1790069226.7555044,-0.00225,0.02349,-0.99807,0.00459,-0.00039,0.00182
1790069226.9489632,-0.00389,0.01967,-0.99856,0.00186,0.00364,0.00823
1790069226.9647307,-0.00614,0.01689,-0.99929,0.00079,0.00136,0.01683
1790069227.1573274,-0.0044,0.01074,-1.00014,0.00349,0.00177,0.02039
1790069227.1573274,-0.00833,0.00624,-0.999,0.00551,0.004,0.02827
1790069227.3008842,-0.0116,0.00066,-0.99603,0.00348,0.0023,0.03162
1790069227.381077,-0.01046,-0.00157,-0.99774,0.00327,0.0029,0.03475
1790069227.5720224,-0.01363,-0.00561,-0.99942,0.00378,0.00134,0.03361
1790069227.5720224,-0.01285,-0.00896,-0.9988,0.00359,0.00734,0.03386
1790069227.781506,-0.01294,-0.00935,-1.00001,0.00371,0.00603,0.03166
1790069227.974817,-0.01111,0.0001,-1.00178,0.00268,0.00217,0.00297
1790069228.1828961,-0.00974,-0.00141,-0.99954,0.00363,0.00382,0.00288
1790069228.1990206,-0.00943,-0.00118,-1.0002,0.00114,0.00216,-5e-05
1790069228.3234298,-0.00611,0.00677,-0.99884,0.00137,0.00074,-0.01165
1790069228.3924835,-0.00773,0.00699,-0.99952,0.0015,0.00493,-0.01289
1790069228.5865242,-0.00611,0.01165,-0.99886,0.00019,0.00377,-0.02002
1790069228.808866,0.00141,0.02765,-0.99815,0.00025,0.00086,-0.03758
1790069228.8189442,0.00156,0.02581,-1.00092,-0.00292,0.00283,-0.03775
1790069229.0147388,0.00571,0.02995,-0.99948,0.00093,0.00205,-0.04256
1790069229.2156212,0.00052,0.03421,-0.99871,0.002,0.00376,-0.034
1790069229.226166,0.00293,0.0319,-0.99627,0.00134,0.00527,-0.02532
1790069229.313536,0.00204,0.03109,-0.99898,0.00137,0.00829,-0.01711
1790069229.4186864,0.00322,0.03275,-0.99989,0.00151,0.00777,-0.02196
1790069229.6186638,0.00275,0.02901,-0.99932,0.00015,0.00952,-0.01681
1790069229.6252842,0.00188,0.03016,-0.99972,0.00286,0.00573,-0.00619
1790069229.821793,-0.0002,0.02573,-0.99856,0.00501,0.00412,-0.00176
1790069230.0328078,-0.00566,0.01308,-0.99751,0.00154,0.0034,0.01907
1790069230.2293153,-0.01117,-0.00567,-0.99726,0.00598,0.00434,0.03728
1790069230.2293153,-0.01413,-0.00964,-0.99855,0.0017,0.00509,0.04118
1790069230.3297234,-0.015,-0.01319,-0.99791,0.00422,0.01047,0.0394
1790069230.6431649,-0.0147,-0.01244,-0.99921,0.00408,0.0048,0.0338
1790069230.659532,-0.01489,-0.01131,-0.99907,0.00515,0.00175,0.02592
1790069230.852028,-0.01386,-0.00967,-0.99898,0.00569,0.00495,0.01959
1790069230.852028,-0.00992,-0.00324,-0.99796,0.0047,0.00422,0.00628
1790069231.0443969,-0.00615,0.00513,-1.00019,0.00268,0.00271,-0.0139
1790069231.2491403,-0.00336,0.01696,-0.99835,0.00098,0.00436,-0.02748
1790069231.333862,-0.00336,0.01696,-0.99835,0.00098,0.00436,-0.02748
1790069231.333862,0.00154,0.03092,-0.99732,0.00018,0.00011,-0.04129
1790069231.4563713,0.00041,0.03602,-0.99872,0.00045,3e-05,-0.04449
1790069231.6646779,0.00697,0.03624,-0.99847,0.00073,0.00258,-0.04782
1790069231.6806455,0.00353,0.03677,-0.99852,0.00062,0.0074,-0.02768
1790069231.873894,0.00353,0.0331,-0.99844,0.00039,0.00748,-0.02328
1790069231.873894,0.00064,0.0348,-0.99775,0.00116,0.00961,-0.01472
1790069232.0826352,0.00064,0.02658,-0.99773,0.00111,0.00644,-0.00174
1790069232.0826352,-0.00216,0.02041,-1.00035,0.00251,0.00354,0.00936
1790069232.2764075,-0.00589,0.01176,-0.99855,0.00408,0.0029,0.0192
1790069232.3563373,-0.00876,0.00518,-0.99858,0.0064,0.00026,0.03113
1790069232.4850368,-0.01105,3e-05,-0.99847,0.00536,0.00184,0.03577
1790069232.8868608,-0.01213,-0.00814,-0.99855,0.00294,0.0088,0.03681
1790069232.9026058,-0.01404,-0.00957,-1.00009,0.00506,0.00796,0.03245
1790069232.9026058,-0.01407,-0.00811,-0.99985,0.00286,0.00627,0.01778
1790069232.9026058,-0.01387,-0.01216,-0.99895,0.0025,0.00583,0.01808
1790069233.0945966,-0.01275,-0.00631,-0.99878,0.00333,0.00384,0.00896
1790069233.3030076,-0.00265,0.02006,-0.99968,0.00458,0.00434,-0.03184
1790069233.5120733,0.00019,0.02857,-0.99891,0.00164,0.0019,-0.03938
1790069233.5120733,2e-05,0.03066,-1.00102,0.00063,0.00299,-0.03521
1790069233.719022,0.00347,0.03443,-0.99983,0.0015,0.00706,-0.02408
1790069233.9256434,0.00055,0.0254,-0.99893,0.00317,0.00176,-0.00223
1790069234.1311653,-0.00711,0.01014,-0.99804,0.00329,0.00405,0.02561
1790069234.3356364,-0.00924,-0.0004,-0.99745,0.00407,0.00459,0.03639
1790069234.3356364,-0.01286,-0.00731,-0.99623,0.00495,0.00677,0.03779
1790069234.5371008,-0.01247,-0.00979,-0.99847,0.0088,0.00295,0.02924
1790069234.5371008,-0.01311,-0.01033,-0.99767,0.00252,0.00803,0.02079
1790069234.7382042,-0.01378,-0.00811,-0.99829,0.00378,0.00229,0.01588
1790069234.7382042,-0.00984,-0.00071,-0.99914,0.0033,0.0042,-0.00275
1790069234.9483912,-0.00526,0.01661,-0.99986,0.00035,0.00039,-0.02559
1790069235.14893,-0.00335,0.02118,-0.99804,0.0004,0.00316,-0.034
1790069235.156055,-0.00141,0.02352,-0.99929,-0.00054,0.00264,-0.0402
1790069235.3500202,0.00111,0.02862,-0.99966,-0.00178,0.00371,-0.04248
1790069235.5590959,0.00086,0.0321,-1.0008,0.00112,0.00447,-0.00994
1790069235.7647223,-0.00443,0.01762,-0.99596,0.00336,0.00249,0.01854
1790069235.9583907,-0.01428,-0.00727,-0.99866,0.00384,0.0048,0.04092
1790069235.9744167,-0.01485,-0.00958,-0.99775,0.00331,0.00595,0.0367
1790069236.1639519,-0.01156,-0.01116,-0.99989,0.00752,0.00338,0.02695
1790069236.3919451,-0.01068,-0.00311,-0.99925,0.00105,0.00058,0.00181
1790069236.3929465,-0.0086,0.00364,-0.99924,-5e-05,0.00125,-0.01114
1790069236.5897431,-0.00432,0.01342,-0.99901,0.00273,0.00087,-0.02341
1790069236.6039412,-0.00049,0.02618,-1.00094,0.00096,-0.00077,-0.04366
1790069236.7928722,0.00321,0.03248,-0.9973,-0.0002,0.00418,-0.04271
1790069236.7981837,0.00169,0.03474,-1.00006,0.00232,0.00883,-0.03118
1790069236.993111,0.00179,0.03218,-0.99802,0.00199,0.00556,-0.01202
1790069236.9997478,-0.00071,0.02385,-1.00029,0.00232,0.00389,0.00322
1790069237.2020636,-0.00428,0.01712,-0.99862,0.00128,0.00331,0.01651
1790069237.3824394,-0.01237,-0.00578,-0.99771,0.00549,0.0024,0.04287
1790069237.6123693,-0.01403,-0.00993,-0.99903,0.00963,0.00735,0.02411
1790069237.803922,-0.01046,-0.00364,-0.99839,0.00492,0.005,0.00802
1790069237.803922,-0.00893,3e-05,-0.99921,0.00465,0.00264,-0.00264
1790069238.02703,-0.00788,0.00721,-0.99942,0.00221,0.00217,-0.01617
1790069238.0285873,-0.00507,0.01121,-0.99639,0.00064,0.00069,-0.02215
1790069238.2303207,0.00134,0.0314,-0.99935,0.00176,0.00097,-0.04672
1790069238.3820798,0.00281,0.03764,-0.99836,0.00089,0.00442,-0.04197
1790069238.4312649,0.00313,0.03479,-0.99992,0.002,0.00974,-0.03241
1790069238.6326244,0.00036,0.03319,-0.99773,0.0036,0.00965,-0.01429
1790069238.6413941,-0.00177,0.02622,-0.99884,-0.00064,0.00478,0.0032
1790069238.8403423,-0.0055,0.01446,-0.99725,0.00514,0.00257,0.02335
1790069238.8414958,-0.0104,-0.00013,-0.9975,0.00328,0.00592,0.03598
1790069239.0331585,-0.01376,-0.00672,-0.99624,0.00437,0.00619,0.0376
1790069239.0331585,-0.01408,-0.01183,-0.99763,0.00604,0.00685,0.03255
1790069239.2425506,-0.01445,-0.00961,-1.00008,0.00225,0.00732,0.02145
1790069239.2425506,-0.01214,-0.00648,-0.99801,0.00559,0.00511,0.01105
1790069239.381567,-0.00837,0.00148,-0.99804,0.00278,0.00252,-0.00687
1790069239.4518964,-0.00643,0.01141,-0.99823,0.00121,0.00316,-0.02294
1790069239.6559246,-9e-05,0.02371,-0.99972,0.00298,-0.00163,-0.03577
1790069239.6559246,-0.00036,0.03073,-0.99968,0.00093,0.00218,-0.04527
1790069239.8369079,0.00532,0.03681,-0.99861,0.00061,0.00139,-0.04411
1790069239.8526707,0.00302,0.03656,-0.99982,0.00264,0.00551,-0.0427
1790069240.0691354,0.00324,0.03649,-0.99949,0.00185,0.00796,-0.02346
1790069240.0723627,0.00135,0.0323,-1.00015,0.0026,0.00643,-0.01661
1790069240.2715328,0.00254,0.02757,-0.9999,-0.0002,0.00689,-0.00561
1790069240.2715328,-0.00076,0.02417,-0.99989,0.00216,0.00483,0.00742
1790069240.3966107,-0.00461,0.01567,-0.9992,0.00251,-0.00223,0.01882
1790069240.4710412,-0.00925,0.00199,-0.9978,0.00202,0.00378,0.03808
1790069240.6831384,-0.01255,-0.00322,-0.99841,0.0035,0.00292,0.03802
1790069240.6831384,-0.01286,-0.00821,-0.99718,0.00036,0.0059,0.0439
1790069240.8867857,-0.01579,-0.01206,-0.99919,0.00419,0.00437,0.03866
1790069240.9026334,-0.01358,-0.01294,-0.99875,0.00466,0.00392,0.03317
1790069241.0920706,-0.01182,-0.00891,-0.99909,0.00216,0.00189,0.01561
1790069241.0965874,-0.01006,-0.00228,-0.99893,0.00215,0.00234,0.00039
1790069241.2931817,-0.00855,0.00299,-0.99717,0.0027,0.004,-0.01013
1790069241.2931817,-0.00386,0.01238,-0.99795,0.00155,0.00271,-0.02118
1790069241.4031277,-0.00173,0.01886,-0.99881,0.0023,0.0062,-0.03283
1790069241.4965453,0.00202,0.02813,-0.99962,0.00274,0.0013,-0.04391
1790069241.7058825,0.00426,0.03768,-1.00021,0.00129,0.00366,-0.04541
1790069241.7058825,0.00395,0.03625,-0.99917,0.00245,0.00399,-0.03134
1790069241.911171,-0.00452,0.01886,-0.99959,0.00238,0.00439,0.01349
1790069241.911171,-0.00616,0.00593,-0.99935,0.00291,0.00474,0.02928
1790069242.1159723,-0.00981,-0.00082,-0.99891,0.00286,0.00381,0.03983
1790069242.1183102,-0.01364,-0.00558,-0.99792,0.00209,0.00729,0.03861
1790069242.3184865,-0.01132,-0.00966,-1.00026,0.00379,0.00699,0.03899
1790069242.4021406,-0.01252,-0.0034,-0.99892,0.00212,0.00404,0.01363
1790069242.5266151,-0.0081,-0.00098,-0.99856,0.00153,0.00278,0.00154
1790069242.7288628,-0.01032,0.00483,-0.99982,0.0029,0.00365,-0.0087
1790069242.7288628,-0.00492,0.01427,-0.99861,0.00338,0.00083,-0.02272
1790069242.9260902,-0.00024,0.02482,-0.99727,0.0025,0.00328,-0.03836
1790069242.9260902,0.00287,0.03261,-1.00013,0.00165,-0.00072,-0.04287
1790069243.1296668,0.00134,0.03494,-0.99782,0.00303,6e-05,-0.03588
1790069243.1296668,0.00238,0.02953,-0.99996,0.00167,0.01008,-0.01961
1790069243.3339698,-0.00287,0.02119,-1.00098,0.00203,0.00348,0.00778
1790069243.3339698,-0.00611,0.00891,-0.99861,0.00444,0.00163,0.02579
1790069243.4105113,-0.01205,1e-05,-0.9988,0.00061,0.00493,0.03659
1790069243.540259,-0.01284,-0.01015,-0.99761,0.00554,0.00428,0.03417
1790069243.7492504,-0.01499,-0.01385,-0.9997,0.0047,0.00565,0.03729
1790069243.7492504,-0.01249,-0.01101,-0.99815,0.00436,0.00882,0.02316
1790069243.956539,-0.01149,-0.00855,-0.99874,0.00021,0.00385,0.01219
1790069243.956539,-0.00779,0.00852,-0.99776,0.00335,0.00482,-0.01522
1790069243.972639,-0.0031,0.01854,-0.99833,0.00443,0.00168,-0.0241
1790069244.155939,-0.00035,0.02128,-0.9992,0.00306,0.0025,-0.03322
1790069244.3542025,0.00174,0.02862,-1.00027,0.0049,-0.0007,-0.03908
1790069244.3598495,0.00042,0.02941,-0.99805,0.00273,0.00282,-0.03996
1790069244.409678,0.00651,0.03645,-0.99969,0.00015,0.00301,-0.04008
1790069244.574793,0.00104,0.03085,-0.99992,0.00325,0.00572,-0.01621
1790069244.582557,0.00122,0.02737,-0.99981,-0.00151,0.00413,-0.00643
1790069244.7773035,-0.00214,0.02331,-0.99978,0.00336,0.0039,0.00278
1790069244.7773035,-0.00655,0.01359,-0.99918,0.00531,0.00316,0.01784
1790069244.9860194,-0.00966,0.00091,-0.99733,0.00349,0.00025,0.03056
1790069245.18817,-0.01532,-0.00977,-0.99958,0.00107,0.00661,0.04257
1790069245.1922257,-0.01276,-0.01011,-0.99917,0.00223,0.00448,0.0338
1790069245.393073,-0.01224,-0.00884,-0.99822,0.00397,0.00668,0.02778
1790069245.3963118,-0.01123,-0.0054,-1.00005,0.0028,0.00689,0.01034
1790069245.5964825,-0.00585,0.00329,-0.99851,0.00337,0.00349,-0.00384
1790069245.6025074,-0.00653,0.01131,-0.99754,0.00248,0.00176,-0.0176
1790069245.7953572,-0.00372,0.0202,-0.99913,0.00172,0.00251,-0.03093
1790069246.00178,0.00244,0.03237,-0.99922,0.00232,-0.00285,-0.03507
1790069246.0175486,0.00152,0.03427,-0.99825,0.0053,0.00669,-0.0245
1790069246.2102501,-0.00061,0.02879,-1.00014,0.00084,0.00858,-0.00877
1790069246.2102501,-0.00495,0.02002,-1.00078,0.00389,0.00288,0.01181
1790069246.4038687,-0.00815,0.00458,-0.99798,0.00154,0.00277,0.02748
1790069246.4195073,-0.01301,-0.00621,-0.99872,0.00594,0.00892,0.04001
1790069246.6126165,-0.0115,-0.01006,-0.99751,0.00408,0.00312,0.0244
1790069246.8228784,-0.011,0.0003,-0.99846,0.00215,0.00782,0.00317
1790069246.8389637,-0.00505,0.01104,-0.99841,0.00193,0.00325,-0.01638
1790069247.0324166,-0.00208,0.02216,-0.99841,0.00155,0.00433,-0.03296
1790069247.0324166,0.0028,0.02733,-0.99835,-0.00023,0.00303,-0.04021
1790069247.2366538,0.00051,0.02787,-1.0002,0.00139,0.0038,-0.01388
1790069247.2426548,-0.00326,0.02021,-0.99943,0.00401,0.00568,0.0087
1790069247.435332,-0.00999,-0.00117,-1.00052,0.0034,0.00293,0.03559
1790069247.6446676,-0.01078,-0.00665,-0.99969,0.00179,0.00421,0.04038
1790069247.6580296,-0.01403,-0.00842,-0.99858,0.00253,0.00423,0.02849
1790069247.852915,-0.01168,-0.00475,-0.99904,0.00486,0.00879,0.01264
1790069247.8658636,-0.00656,0.00831,-0.99815,0.00312,0.00674,-0.0105
1790069248.056735,-0.00079,0.02314,-0.99867,0.00282,0.00247,-0.03247
1790069248.0606904,0.003,0.03371,-1.00042,0.003,0.00069,-0.04074
1790069248.261636,0.00189,0.03471,-1.00004,0.00229,-0.00039,-0.03834
1790069248.2630708,0.00042,0.03085,-1.00085,0.00226,0.00735,-0.02005
1790069248.4421442,-0.00198,0.02423,-1.00092,0.00434,0.00602,-0.00236
1790069248.6719725,-0.01234,-0.00442,-1.0003,0.0034,0.00514,0.03576
1790069248.8733976,-0.01368,-0.01025,-0.99885,0.00199,0.00519,0.02926
1790069248.880373,-0.01085,-0.00216,-0.99799,-0.00057,0.00465,0.00724
1790069249.082277,-0.00375,0.01058,-0.99801,0.0073,0.00076,-0.01539
1790069249.0886514,3e-05,0.02619,-0.99925,0.00115,0.00265,-0.03539
1790069249.2903037,0.00359,0.03422,-0.99865,0.00155,0.00245,-0.03628
1790069249.4433968,-0.00025,0.02963,-0.99955,0.0039,0.00681,-0.01322
1790069249.464624,-0.00376,0.01789,-0.99998,0.00126,0.00261,0.0042
1790069249.6903572,-0.01241,-0.00155,-0.99988,0.00301,0.00197,0.03275
1790069249.8999212,-0.01433,-0.00879,-1.00006,0.00206,0.00601,0.03544
1790069249.8999212,-0.01188,-0.0071,-0.99851,0.00207,0.00629,0.02068
1790069250.103256,-0.00655,0.00362,-0.99821,0.00117,0.00252,-0.00512
1790069250.3080883,0.00161,0.0283,-1.00086,0.00295,0.00491,-0.03602
1790069250.4435549,0.00206,0.03231,-0.99892,0.00438,0.00627,-0.02445
1790069250.5113728,-0.00384,0.02389,-0.99774,0.00343,0.00452,0.0016
1790069250.7207813,-0.01215,-0.00458,-0.99898,0.00428,0.00413,0.03684
1790069250.9158711,-0.01205,-0.00743,-0.99936,0.00128,0.00826,0.01785
1790069251.1252813,-0.00209,0.01906,-0.99899,-0.00024,-0.00017,-0.02915
1790069251.3266788,0.00231,0.03332,-1.00124,0.00143,0.00515,-0.02503
1790069251.4510574,-0.00406,0.02213,-0.99892,0.00134,0.00546,0.00646
1790069251.5382245,-0.0052,0.00228,-0.9972,0.00497,-0.00127,0.03012
1790069251.742738,-0.01487,-0.00995,-0.99876,0.00273,0.00256,0.04031
1790069251.9467266,-0.01391,-0.01007,-0.9992,0.00431,0.00949,0.02461
1790069252.144767,-0.00172,0.02532,-0.99678,0.00108,0.00384,-0.03214
1790069252.160872,0.00335,0.03467,-0.99893,0.00066,0.00059,-0.03762
1790069252.3574731,-0.0035,0.01871,-0.99717,0.00457,0.00483,0.00642
1790069252.45402,-0.00693,0.00553,-0.99995,0.00275,0.00184,0.02731
1790069252.561343,-0.01168,-0.00613,-0.99905,0.00316,0.00393,0.03944
1790069252.7541237,-0.01436,-0.0115,-0.99835,0.00132,0.00568,0.03402
1790069252.9618955,-0.0048,0.01753,-0.99944,0.00126,-0.0019,-0.02713
1790069253.172151,-0.00021,0.02568,-1.00018,-0.00017,0.00116,-0.03642
1790069253.3670144,-0.00087,0.03186,-0.9977,0.00412,0.00496,-0.02579
1790069253.463777,-0.00721,0.00802,-0.99968,0.0029,0.0035,0.02919
1790069253.5843554,-0.01288,-0.00889,-0.99757,-0.00136,0.00785,0.02786
1790069253.7767687,-0.0097,-0.00096,-0.99976,0.00352,0.00808,0.00043
1790069253.995798,0.00187,0.03246,-0.99906,0.00122,0.00261,-0.03927
1790069254.1929338,0.0021,0.03339,-1.00035,0.00172,0.00283,-0.03063
1790069254.1929338,-0.00329,0.01856,-0.99921,0.00086,0.00646,0.00558
1790069254.391467,-0.00909,0.00463,-0.99798,0.00143,0.00334,0.03044
1790069254.4071186,-0.01372,-0.00818,-0.99885,0.00558,0.003,0.03806
1790069254.4713073,-0.01231,-0.00914,-0.99724,0.00306,0.00684,0.02425
1790069254.6080387,-0.00651,0.00645,-0.99878,0.00141,0.00379,-0.00568
1790069254.813891,-0.00346,0.01683,-0.99978,0.00125,-0.00118,-0.02529
1790069254.813891,0.00111,0.03246,-0.99919,0.00391,0.00316,-0.03855
1790069255.0191622,0.00199,0.03214,-0.99985,0.00127,0.00551,-0.02846
1790069255.224734,-0.00837,0.00778,-0.99907,0.00365,0.00047,0.02607
1790069255.4226556,-0.01219,-0.00631,-0.99982,0.00128,0.00179,0.03708
1790069255.4226556,-0.00754,0.00146,-1.00066,0.00277,0.00635,0.0009
1790069255.5032594,-0.00397,0.01657,-0.99924,0.00233,0.00432,-0.02447
1790069255.630841,0.00056,0.02783,-1.00015,0.00221,0.00207,-0.03512
1790069255.8355844,0.00407,0.0342,-1.00073,0.00171,0.00208,-0.03735
1790069255.8897107,-0.00536,0.01575,-0.9988,0.00374,0.00513,0.01511
1790069256.0364213,-0.01163,-0.00464,-0.99765,0.00094,0.00239,0.03882
1790069256.2522254,-0.01194,-0.00583,-0.99874,0.00275,0.0088,0.0134
1790069256.4382775,-0.00374,0.01294,-0.99946,0.00199,0.00153,-0.01807
1790069256.4382775,0.0001,0.0298,-0.99923,0.00337,-0.00113,-0.0367
1790069256.5186098,0.00411,0.03577,-0.99807,0.00188,0.00359,-0.03825
1790069256.6482012,-0.00042,0.02819,-1.00065,0.00131,0.00841,-0.01411
1790069256.8520076,-0.00278,0.01631,-0.99704,0.00216,0.00315,0.01157
1790069256.9162521,-0.01269,-0.00733,-0.99888,0.00396,0.00688,0.03569
1790069257.0615046,-0.01299,-0.00814,-0.99887,0.00267,0.00568,0.0336
1790069257.2679894,-0.01283,-0.00791,-0.99839,0.00217,0.00607,0.02135
1790069257.47651,-0.00523,0.01267,-0.99773,0.00161,0.00153,-0.02024
1790069257.47651,-0.0011,0.02687,-0.99667,0.00285,0.00264,-0.03413
1790069257.5085545,0.00206,0.03292,-0.99846,-0.00129,0.00593,-0.03921
1790069257.680107,0.0012,0.03208,-0.99926,0.00332,0.00473,-0.02859
1790069257.8737767,-0.00295,0.01732,-1.00024,0.00327,0.00653,0.01024
1790069258.0827127,-0.00888,0.00103,-0.99907,0.0022,0.00144,0.02942
1790069258.0827127,-0.00865,0.00157,-0.99871,0.00198,0.00152,0.00388
1790069258.288159,-5e-05,0.02764,-0.99843,0.00453,0.00285,-0.03093
1790069258.4919713,0.00172,0.03055,-1.00109,0.00037,0.00416,-0.02309
1790069258.4919713,-0.00363,0.01876,-0.99902,0.00267,0.00444,0.00853
1790069258.539525,-0.00747,0.00482,-0.99876,0.00279,0.00018,0.02766
1790069258.7010503,-0.01245,-0.00733,-0.99865,0.00519,0.00214,0.0343
1790069258.896478,-0.01291,-0.00751,-0.99953,0.0001,0.00522,0.02331
1790069259.1055813,-0.00172,0.01963,-0.99609,0.00297,0.00515,-0.0281
1790069259.318217,-0.00651,0.00669,-0.99966,0.00135,-0.00013,0.02908
1790069259.5238304,-0.01451,-0.01102,-0.9975,-0.0007,0.0033,0.03731
1790069259.7182348,-0.00866,0.00237,-0.99577,0.0033,0.00545,-0.00493
1790069259.7182348,-0.00421,0.01579,-0.99946,0.00374,0.00179,-0.02272
1790069259.9206152,-0.00029,0.02381,-0.99922,-0.00021,0.00209,-0.03135
1790069260.1263776,-0.00155,0.02429,-1.00045,0.00392,0.0043,-0.00252
1790069260.1263776,-0.00733,0.0059,-0.99936,0.00432,0.00016,0.02803
1790069260.3315008,-0.01226,-0.00818,-0.99799,0.00216,0.00018,0.03741
1790069260.3315008,-0.01231,-0.01046,-0.9966,0.00166,0.00622,0.02828
1790069260.3473074,-0.01277,-0.00816,-0.99846,0.00238,0.00514,0.01968
1790069260.5521674,-0.00827,0.00288,-1.00013,0.00095,0.00721,-0.00206
1790069260.7533314,-0.00298,0.02053,-0.99766,-0.00043,0.00345,-0.02316
1790069260.7533314,-0.00052,0.0279,-0.99783,0.00311,-0.001,-0.03334
1790069260.7665718,0.00258,0.03114,-0.99998,0.00244,0.00335,-0.03641
1790069260.9506168,-0.00113,0.02503,-0.99858,0.00355,0.00619,-0.00559
1790069261.1602755,-0.00906,0.00594,-0.99915,0.00419,0.00043,0.02826
1790069261.1602755,-0.0128,-0.00464,-0.99964,0.005,0.00353,0.03337
1790069261.366464,-0.00948,0.00145,-0.99725,0.00371,0.00479,0.00135
1790069261.543548,-0.00579,0.01235,-0.99778,0.00368,0.00266,-0.01784
1790069261.543548,-0.0019,0.0277,-0.99929,0.00088,0.00114,-0.03238
1790069261.7689466,0.00108,0.03179,-0.99835,-0.00036,0.00301,-0.03794
1790069261.7689466,0.00071,0.03251,-0.99959,0.00411,0.00332,-0.03125
1790069261.979203,0.00051,0.03201,-0.99953,0.00105,0.00076,-0.03606
1790069262.1837957,-0.00362,0.02121,-0.99977,0.00236,0.00695,0.00287
1790069262.1837957,-0.00456,0.01595,-0.99948,0.00087,0.00162,0.01187
1790069262.1999283,-0.00505,0.01467,-0.99838,0.00216,0.00321,0.01147
1790069262.3822358,-0.00691,0.01007,-0.99908,0.00222,0.0016,0.0169
1790069262.5554519,-0.00928,0.00598,-0.99944,0.00193,0.00264,0.0226
1790069262.556395,-0.00912,-0.0027,-0.99732,0.00092,0.0045,0.02906
1790069262.7930057,-0.01298,-0.00203,-0.99898,0.00347,0.00472,0.02444
1790069263.0043352,-0.01029,-0.00354,-0.99974,0.00134,0.00399,0.01672
1790069263.0043352,-0.00354,0.0118,-0.99817,0.00236,0.00026,-0.01139
1790069263.2050157,-0.00266,0.0238,-0.99707,0.00198,0.00429,-0.02607
1790069263.2050157,0.0005,0.02779,-0.99794,0.00172,0.00402,-0.02709
1790069263.4055157,-0.00193,0.02521,-0.99883,0.00194,0.00489,-0.00891
1790069263.4055157,-0.00541,0.01432,-0.99833,0.00147,0.00579,0.0065
1790069263.551248,-0.00758,0.00363,-0.99835,0.00178,0.00107,0.02312
1790069263.551248,-0.01118,-0.0013,-1.00079,0.00287,0.00781,0.01933
1790069263.8094406,-0.00306,0.02273,-0.99946,0.00091,0.00293,-0.02277
1790069264.0195913,-0.00621,0.0129,-0.99955,0.0026,0.00482,0.00935
1790069264.0357504,-0.00973,0.00328,-0.99917,0.00329,0.00304,0.02414
1790069264.226997,-0.01003,-0.00254,-0.99868,0.00024,0.00724,0.01719
1790069264.2436557,-0.00579,0.00867,-0.99969,0.00324,0.00593,-0.00731
1790069264.4388728,-0.00064,0.02199,-0.99855,0.00337,0.00267,-0.02022
1790069264.4426224,-0.00282,0.02518,-0.99918,0.00206,0.00491,-0.0125
1790069264.5525534,-0.00551,0.0094,-0.99883,0.00379,0.003,0.016
1790069264.8495803,-0.01113,-0.00251,-0.99987,0.00669,0.00297,0.02823
1790069264.8563027,-0.00295,0.01471,-1.0002,0.00064,0.00607,-0.01122
1790069265.0490448,-0.00026,0.02435,-1.00135,0.00191,0.0031,-0.02567
1790069265.2586012,-0.00046,0.02751,-0.99999,0.00144,0.00179,-0.01764
1790069265.2595997,-0.00447,0.01562,-0.99794,0.00246,0.00638,0.00195
1790069265.4543407,-0.00767,0.00263,-0.99869,-0.00114,0.00085,0.02274
1790069265.4543407,-0.01159,-0.00106,-1.00105,0.00409,0.00818,0.01471
1790069265.5665064,-0.00498,0.01191,-0.99768,0.00257,0.00597,-0.01441
1790069265.5825157,-0.01183,-9e-05,-1.00006,0.00284,0.00524,0.02252
1790069265.866294,-0.00538,0.00273,-0.99941,0.00179,0.00517,0.00219
1790069265.866294,-0.00352,0.01851,-0.99768,0.00304,0.00392,-0.01206
1790069266.0753753,0.00014,0.02498,-0.99999,0.00262,0.00143,-0.02338
1790069266.0753753,-0.00062,0.02172,-0.99787,0.0013,0.00592,-0.01098
1790069266.2828503,-0.00736,0.01074,-0.99919,0.00478,0.00145,0.01585
1790069266.2838497,-0.00928,-0.00051,-0.99927,0.00334,0.00171,0.0216
1790069266.5773828,-0.01011,0.00124,-0.99873,0.00171,0.00575,0.01021
1790069266.5773828,-0.00409,0.01041,-0.99993,0.00136,0.00393,-0.00623
1790069266.690064,-0.01147,0.00491,-0.99721,0.00111,0.00415,0.01154
1790069266.6951678,-0.00636,0.00985,-0.99888,-0.00025,0.00393,-0.00801
1790069267.1026835,-0.00258,0.02283,-0.99892,0.00609,0.00425,-0.02111
1790069267.1026835,-0.00459,0.01201,-0.99948,0.00391,0.00497,0.01223
1790069267.298974,-0.00653,0.0012,-0.99793,0.00087,0.00352,0.01615
1790069267.5027637,-0.00637,0.00802,-0.99775,0.00379,0.007,-0.00046
1790069267.5186052,-0.00079,0.02367,-0.99768,0.0009,0.00664,-0.01637
1790069267.7087908,-0.00486,0.01717,-1.00023,0.0022,0.0043,0.00842
1790069267.7087908,-0.00818,0.00347,-0.99995,0.00029,0.00402,0.0171
1790069267.9189608,-0.01009,-0.00047,-0.99886,0.00156,0.00317,0.01387
1790069267.9189608,-0.00273,0.01083,-1.00032,0.00197,0.00193,-0.00865
1790069268.1133025,-0.00308,0.0215,-0.99984,0.0017,0.00295,-0.0186
1790069268.5170462,-0.00252,0.01959,-0.99926,0.00213,0.0046,-0.01638
1790069268.53304,-0.00491,0.01704,-0.99859,0.00554,0.00312,-0.00961
1790069268.53304,-0.00732,0.00574,-0.99955,0.00154,0.00514,-9e-05
1790069268.7262578,-0.01191,-0.00534,-0.99893,-0.00061,0.00652,0.02909
1790069268.7436454,-0.00463,0.01414,-0.99841,0.00314,0.00411,-0.00788
1790069268.9421868,-0.00486,0.00941,-0.99814,0.00207,0.00339,0.00649
1790069269.15185,-0.00918,0.00526,-0.99809,0.00325,0.00384,0.00648
1790069269.15185,-0.00807,-0.0002,-0.99896,0.00041,0.00766,0.0297
1790069269.3468695,-0.00595,0.00433,-0.99748,0.00083,0.0056,0.00809
1790069269.3628204,-0.00563,0.00977,-0.9976,0.00201,0.00595,0.00166
1790069269.5495687,-0.00466,0.01446,-0.99997,0.00393,0.00383,-0.00686
1790069269.5495687,-0.00239,0.01916,-0.99801,0.00438,0.00341,-0.01376
1790069269.7644336,-0.00107,0.01867,-1.00075,0.00088,0.00381,-0.0107
1790069269.9592268,-0.00687,0.00812,-0.99889,0.00118,0.00124,0.0044
1790069270.1627681,-0.00435,0.00683,-0.99984,0.00339,0.00562,-0.00197
1790069270.378214,-0.01039,0.00375,-0.99918,0.00421,0.00637,0.00261
1790069270.378214,0.00068,0.01113,-0.99956,0.00398,0.00218,0.00449
1790069270.580144,-0.00415,0.01584,-0.99914,0.00112,0.00375,-0.00022
1790069270.580144,-0.00654,0.01351,-1.0002,0.00253,0.00113,-0.00255
1790069270.774807,-0.01264,-0.00688,-0.99638,0.00669,0.00231,0.04041
1790069270.80277,-0.00346,0.00528,-0.9968,0.00226,0.00894,-0.00042
1790069270.9843144,-0.00702,0.00712,-0.99962,0.00077,0.00487,0.00402
1790069271.1883893,-0.00504,0.00866,-0.99983,0.00198,0.0018,0.00099
1790069271.1883893,-0.0146,-0.0074,-0.99745,0.00421,0.00519,0.03037
1790069271.393799,-0.00088,0.00896,-0.99979,0.00607,0.00291,0.00106
1790069271.4048553,-0.00569,0.01695,-0.99893,0.00421,0.00657,-0.00621
1790069271.6057758,0.00015,0.02313,-0.99832,0.00173,0.00413,-0.02012
1790069271.8066895,-0.00663,0.01186,-0.99946,0.00379,0.00371,0.00609
1790069271.8164222,-0.00568,0.01349,-0.99976,0.00068,0.00259,-0.00173
1790069271.9132707,-0.0026,0.00973,-1.00028,0.00143,0.00703,0.01472
1790069272.0094995,-0.00351,0.01534,-1.00081,0.00433,0.00207,-0.00294
1790069272.2222629,-0.00754,0.00669,-0.99922,0.00329,0.00256,0.00855
1790069272.2222629,-0.00595,0.00782,-0.9985,0.00052,0.00603,-0.00091
1790069272.4242368,-0.00394,0.01468,-0.99763,0.00433,0.00559,-0.00344
1790069272.6299062,-0.00326,0.02209,-0.99911,0.0004,0.00517,-0.01543
1790069272.6407368,-0.00329,0.01837,-0.99902,0.00102,0.00271,-0.01195
1790069272.8306656,-0.00753,0.01258,-0.99845,0.00286,0.00137,0.0022
1790069272.8465228,-0.0057,0.01485,-0.9993,0.00163,0.00263,-0.00407
1790069273.0397608,-0.00474,0.00476,-0.99834,0.00476,0.00249,0.01392
1790069273.0397608,-0.00628,0.01359,-0.9974,0.00303,0.00515,0.00175
1790069273.2450817,-0.00509,0.01494,-0.99908,0.00215,0.00383,-0.00829
1790069273.2602916,0.00341,0.02892,-0.99995,0.00348,0.00241,-0.01409
1790069273.4441478,-0.00618,0.02121,-0.99906,0.00293,0.00433,-0.01291
1790069273.4601514,-0.00639,0.01086,-0.99961,0.00536,0.00126,0.0038
1790069273.6517115,-0.00698,0.0096,-0.99782,0.00352,0.00389,0.0117
1790069273.6517115,-0.00676,0.01254,-0.99959,0.0001,0.00553,-0.00828
1790069273.8564615,-0.00514,0.00697,-0.99841,0.002,0.00176,0.0134
1790069273.8607366,-0.00953,0.00219,-0.99968,0.00277,0.00247,0.02602
1790069274.0594826,-0.00644,0.00627,-0.99833,-0.0011,0.00606,0.00612
1790069274.0594826,-0.00759,0.0076,-0.99832,0.00603,0.00605,0.00388
1790069274.2683206,-0.00378,0.0088,-0.9982,0.00281,0.00533,-0.00196
1790069274.2683206,-0.00409,0.01567,-0.99712,0.00151,0.00208,-0.00454
1790069274.4753337,-0.00927,0.00064,-0.9994,0.00306,0.00148,0.01912
1790069274.6670966,-0.00324,0.01323,-0.99955,0.00416,0.00319,-0.00696
1790069274.6670966,-0.00671,0.00374,-0.99889,0.00249,0.0051,0.00065
1790069274.8770437,-0.0107,0.0017,-0.99732,0.00312,0.00439,0.02138
1790069275.085695,-0.00195,0.01465,-0.99852,0.00276,0.00586,-0.0074
1790069275.1014154,-0.00321,0.01694,-0.99973,-0.00166,0.00305,-0.00929
1790069275.2928925,-0.00658,0.01264,-0.99887,0.0008,0.00164,-0.00721
1790069275.2928925,-0.01471,-0.00807,-0.99778,0.00382,0.00162,0.04305
1790069275.4977844,-0.00246,0.01125,-1.0004,0.00456,0.00472,-0.00089
1790069275.4977844,-0.00645,0.01461,-0.99932,0.0015,0.00497,-0.00266
1790069275.6888406,-0.00642,0.00358,-0.99989,0.00072,0.00461,0.01139
1790069275.7047226,-0.00677,0.00683,-0.99765,0.00423,0.00533,0.00206
1790069275.901711,-0.00378,0.01737,-0.99834,0.00506,0.00607,-0.00501
1790069275.901711,-0.00529,0.01377,-0.9991,0.00348,0.00613,-0.00953
1790069276.1098094,-0.00727,0.01093,-0.99693,0.00277,0.00028,0.00745
1790069276.1235073,-0.0052,0.01124,-0.99854,0.00451,0.0027,-0.00135
1790069276.3148007,0.00017,0.02789,-1.00021,0.00198,0.00455,-0.00518
1790069276.3148007,-0.00332,0.01668,-1.00089,0.00043,0.00421,-0.00399
1790069276.51868,-0.00377,0.01062,-0.99956,0.00415,0.00437,-0.01045
1790069276.51868,-0.00517,0.00222,-0.99918,-0.00129,0.00472,0.00913
1790069276.6960084,-0.00655,0.00783,-0.99871,0.00332,0.00509,0.01038
1790069276.7124364,-0.00878,0.00514,-1.0003,0.00581,0.00109,0.02093
1790069276.9256566,-0.00464,0.00791,-0.99776,0.00172,0.00559,0.00276
1790069277.13536,-0.00323,0.01907,-0.99974,0.00014,0.0049,-0.01485
1790069277.13536,-0.00335,0.01502,-1.00029,0.00401,0.00516,-0.00771
1790069277.3401988,-0.00338,0.01553,-0.99856,0.00247,0.00304,0.00388
1790069277.5321214,-0.00617,0.00276,-0.99838,0.00079,0.00309,0.00731
1790069277.547769,-0.00858,0.00903,-0.99886,0.00143,0.00506,0.00307
1790069277.559606,-0.00132,0.01821,-0.99946,0.00293,0.00392,-0.00478
1790069277.7088501,-0.00258,0.01692,-0.99997,0.00156,0.00499,-0.01283
1790069277.9543421,-0.00636,0.0108,-0.99863,0.00247,0.006,-0.00401
1790069278.1478384,-0.00024,0.01649,-1.00117,0.0029,0.00525,0.00632
1790069278.1478384,-0.00576,0.01767,-0.99948,0.00533,0.00311,-0.00062
1790069278.3617153,-0.00549,0.01069,-0.99983,0.00388,0.00419,-0.0082
1790069278.3617153,-0.003,0.00155,-0.99984,-0.00103,0.00405,0.01165
1790069278.3617153,-0.00711,0.01243,-1.00021,0.00106,0.00497,7e-05
1790069278.5689797,-0.00363,0.01897,-1.0,0.0043,0.00459,-0.00835
1790069278.584823,-0.00256,0.01625,-0.99965,0.00298,0.00424,-0.01379
1790069278.7150035,-0.00612,0.01434,-0.99786,0.00273,0.0026,0.00099
1790069278.7678735,-0.00501,0.00816,-0.99717,0.00198,9e-05,0.00701
1790069278.9810474,-0.00605,0.00527,-1.00163,0.00493,0.00764,0.00442
1790069278.9845383,-0.00548,0.01207,-0.99943,0.00019,0.00387,-0.00197
1790069279.1795907,-0.00511,0.01766,-0.99766,0.00343,0.00384,-0.01201
1790069279.3846,-0.00357,0.01796,-0.9994,-0.00202,0.00109,-0.00994
1790069279.3846,-0.00624,0.00867,-0.9988,0.00032,0.00141,0.00969
1790069279.40065,-0.00961,0.00287,-0.99683,0.00179,0.00492,0.0176
1790069279.5927196,-0.0054,0.00825,-0.9987,-0.00095,0.00588,-0.00178
1790069279.5927196,-0.00501,0.01617,-0.99875,0.00727,0.00684,-0.00567
1790069279.7208807,-0.00524,0.01201,-0.99695,0.00241,0.00205,-0.00455
1790069279.7908285,-0.004,0.01456,-0.99832,0.00349,0.00247,0.00338
1790069280.0002873,-0.00525,0.01408,-1.0008,0.00393,0.00309,-0.00157
1790069280.0002873,-0.00594,0.01006,-0.99788,0.00452,0.00212,-0.00514
1790069280.208572,-0.00222,0.00749,-0.99857,0.00129,0.00637,-0.00497
1790069280.4082403,-0.01145,0.00458,-0.99763,0.00396,0.0053,0.01956
1790069280.4082403,-0.00207,0.00394,-0.99953,0.00555,0.00412,0.00394
1790069280.6183121,-0.00409,0.01391,-0.99818,0.00395,0.00305,-0.00356
1790069280.6196136,-0.00271,0.01954,-0.99949,0.00665,0.00423,-0.00979
1790069280.7327597,-0.00228,0.01405,-0.99977,0.00201,0.00214,-0.00056
1790069280.8228662,-0.00717,0.01404,-0.99982,0.00014,0.00128,-0.00071
1790069281.02923,-0.00772,0.00972,-0.99887,0.00192,0.00192,0.00052
1790069281.2203026,-0.00666,0.01608,-0.99763,0.00351,0.003,-0.00419
1790069281.4341283,-0.00577,0.00766,-0.99808,0.00155,0.00225,0.00301
1790069281.6424453,-0.00722,0.01037,-0.9998,0.00394,0.00234,-0.0024
1790069281.7485814,-0.00457,0.01647,-0.99836,0.00165,0.00643,-0.00134
1790069281.842869,-0.00708,0.00579,-0.99942,0.00153,0.00645,0.00383
1790069282.043153,-0.00575,0.01023,-0.99981,0.00175,0.00634,0.00075
1790069282.043153,-0.05032,0.02198,-0.99824,-0.00373,0.03946,-0.01192
1790069282.2508929,-0.0436,0.10296,-1.48611,-0.00758,-0.09454,-0.58694
1790069282.459157,-0.07664,0.00771,-1.32409,0.05772,-0.02785,-1.16258
1790069282.652981,-0.06149,-0.11578,-0.73221,0.25884,-0.05799,-1.72316
1790069282.754401,-0.10201,-0.15097,-0.74529,0.03837,0.45688,-1.89551
1790069282.8736706,-0.06972,-0.16358,-0.81967,-0.29944,0.90945,-2.21283
1790069283.074839,0.0087,-0.16015,-0.90543,-0.31863,0.96538,-2.231
1790069283.074839,0.09299,-0.11625,-1.04829,-0.28928,0.67637,-2.00065
1790069283.2743285,0.10652,-0.02594,-0.92197,0.18716,0.19789,-1.47233
1790069283.2743285,0.13364,0.12139,-0.90453,0.39262,-0.22951,-0.89357
1790069283.364913,0.0922,0.2283,-0.95353,0.22626,-0.29625,-0.63408
1790069283.4775653,0.10618,0.24138,-0.9438,-0.05891,-0.16047,-0.83878
1790069283.685968,0.12927,0.21848,-0.93153,0.19215,-0.00479,-0.95655
1790069283.7019763,0.15268,0.1637,-0.96556,0.36812,-0.05299,-0.95303
1790069283.7631357,0.09377,0.06934,-1.00185,0.42246,0.26939,-0.7251
1790069283.8950357,0.18942,-0.00234,-0.95603,0.30574,0.45012,-0.54367
1790069284.0870104,0.19754,-0.02995,-1.04495,0.00351,0.18241,-0.66224
1790069284.1029406,0.19122,-0.03321,-1.02973,-0.11662,-0.28001,-0.67714
1790069284.291986,0.14203,-0.00849,-0.97271,-0.20841,-0.64012,-0.59794
1790069284.291986,0.09032,0.03843,-0.95292,-0.15539,-0.55426,-0.30747
1790069284.4986532,-0.02857,0.12175,-1.01019,-0.10281,0.29748,0.22905
1790069284.7076268,0.01144,0.16287,-1.03752,-0.03652,0.3997,0.38778
1790069284.7233708,0.06923,0.15263,-1.03966,-0.10253,0.34123,0.21081
1790069284.7807305,0.03659,0.07638,-0.93499,0.01001,0.01544,0.55408
1790069284.9066837,0.11732,0.1527,-0.85235,0.17687,-0.3804,0.71927
1790069285.115313,0.09984,0.16414,-0.89038,0.23447,-0.54932,0.42073
1790069285.115313,0.05535,0.07302,-0.84781,0.3126,-0.35849,0.61053
1790069285.328259,0.13473,0.1065,-0.87789,0.40321,-0.05491,0.70158
1790069285.328259,0.2297,0.08215,-0.96982,0.43343,0.14835,0.55892
1790069285.5294764,0.20438,-0.03638,-1.01377,0.34381,0.34617,0.3216
1790069285.5294764,0.04878,-0.0541,-1.16563,0.05076,0.41982,0.07204
1790069285.7228172,-0.06568,-0.24324,-1.16351,-0.08992,0.56288,0.36366
1790069285.7403672,0.05664,-0.2598,-1.03014,0.09338,0.2462,0.92927
1790069285.7722392,0.07685,-0.22462,-0.98944,-0.42012,-0.36919,1.06565
1790069285.9297655,0.04287,-0.2317,-0.88088,-0.19498,-0.59899,1.84262
1790069286.1385283,0.09473,-0.14058,-0.93611,0.26244,-0.3427,1.9528
1790069286.3455658,-0.00612,-0.19377,-0.99036,-0.11767,0.68403,0.48129
1790069286.3455658,0.09221,-0.15563,-0.98928,-0.42861,0.6809,0.2797
1790069286.5496109,0.12764,-0.1377,-1.13371,-0.4483,0.39183,0.32931
1790069286.5496109,0.10139,-0.11577,-1.08498,-0.25178,0.07752,0.2887
1790069286.6946764,0.15346,-0.0704,-0.978,-0.2716,-0.24881,0.13619
1790069286.6946764,0.12064,-0.09248,-0.88929,0.08398,-0.27379,-0.14288
1790069286.905966,0.14221,-0.18301,-0.89478,0.18083,-0.18816,-0.5829
1790069287.1649685,-0.03148,-0.09302,-1.12834,0.16515,0.19208,-0.85952
1790069287.3769639,-0.02279,-0.13239,-1.04303,0.16557,0.21248,-0.76915
1790069287.3769639,0.03975,-0.17229,-0.87299,-0.09208,-0.10141,-0.90853
1790069287.5677555,0.07486,-0.21088,-0.83732,-0.21292,-0.42108,-0.56654
1790069287.782361,0.05973,-0.22049,-1.00941,0.03343,0.05686,0.47097
1790069287.782361,-0.02381,-0.08696,-1.19874,0.04978,0.32494,0.56705
1790069287.9676387,0.11789,-0.01068,-1.00957,0.03873,0.00548,0.72632
1790069287.9676387,0.18167,-0.00326,-0.92153,-0.1339,-0.31172,0.56137
1790069288.1842926,0.04766,-0.03094,-0.82114,-0.0958,-0.04891,0.12071
1790069288.3851745,0.03788,-0.08004,-0.89282,0.14008,0.1754,0.12401
1790069288.6038797,0.04311,0.06747,-0.83771,-0.27121,0.10926,0.21963
1790069288.6200438,0.01182,0.09891,-0.69128,-0.43454,-0.46161,0.16173
1790069288.7564483,-0.18483,0.17975,-0.92225,-0.16734,-0.116,-0.16731
1790069289.0129173,0.01241,0.19434,-1.28236,0.19967,0.52999,-0.15816
1790069289.2153635,0.04177,0.08309,-1.25454,-0.14464,-0.49616,-0.03849
1790069289.409461,-0.04016,0.06305,-0.96185,0.03129,-0.31351,0.17258
1790069289.4255176,-0.06617,0.06768,-0.96032,0.17095,0.10408,0.11923
1790069289.4255176,-0.04714,0.03428,-0.95777,0.08729,0.3345,0.01436
1790069289.6294644,-0.03266,0.02609,-0.99289,-0.03965,0.22737,0.07931
1790069289.6294644,-0.01967,0.04547,-1.06457,-0.00826,-0.04868,0.06379
1790069289.786634,0.02463,0.0505,-1.00613,0.07089,-0.12177,-0.07379
1790069289.8499424,0.06811,0.0304,-1.01086,0.01641,-0.01077,-0.37327
1790069290.0248332,-0.05062,0.00809,-0.91792,-0.09046,-0.01809,-0.47294
1790069290.0409324,-0.00404,0.0921,-1.21246,0.0377,0.01868,-0.71233
1790069290.213382,0.04873,-0.00928,-0.99018,0.01668,0.01467,-0.42419
1790069290.242726,-0.03221,0.02337,-0.99654,0.01487,0.01231,-0.24773
1790069290.4428818,-0.01023,-0.04813,-0.99472,0.0288,0.01658,-0.08445
1790069290.458917,-0.00083,0.01358,-0.9999,0.00514,0.0051,-0.07931
1790069290.6455169,0.02383,0.03216,-1.00067,3e-05,0.03634,0.02251
1790069290.6605976,-0.02304,-0.10478,-1.01934,0.00445,0.02644,0.50037
1790069290.8182821,0.05111,0.00174,-0.98275,0.11025,0.08669,1.02684
1790069290.8503156,-0.00809,0.1752,-0.99814,0.05536,-0.02063,-0.00994
1790069291.0598466,-0.00853,0.03539,-1.0039,0.00612,0.0085,-0.41799
1790069291.2630854,0.00926,0.03373,-0.99641,0.00795,0.01564,-0.29215
1790069291.2803483,-8e-05,-0.03001,-0.99934,0.00372,0.00612,-0.09625
1790069291.4726946,-0.02394,-0.00092,-0.99796,-0.00349,0.00922,-0.07491
1790069291.4813943,-0.02551,0.02534,-0.99802,0.00738,0.00494,-0.0527
1790069291.665271,-0.02701,-0.03683,-0.99823,-0.00284,0.01476,-0.01744
1790069291.6824899,0.00173,0.03133,-0.99924,0.0045,0.00258,-0.01961
1790069291.8276064,0.00722,-0.02237,-1.00122,0.00666,0.0052,-0.02802
1790069291.8758664,0.01561,0.02483,-0.99806,3e-05,0.00536,-0.03232
1790069292.0856283,-0.00774,0.01616,-0.99854,0.00538,0.0088,-0.01953
1790069292.2982566,0.01621,0.01667,-0.99954,0.00066,0.00567,-0.01252
1790069292.490865,-0.0122,0.00676,-0.99907,0.00238,0.00405,0.01832
1790069292.697944,-0.00685,0.0157,-0.99862,0.00436,0.00315,0.00184
1790069292.697944,-0.00356,0.02607,-0.99923,0.00355,0.00581,-0.01124
1790069292.840428,-0.00224,0.02437,-1.00087,0.0038,0.00334,-0.01714
1790069292.9045985,-0.00677,0.02095,-0.9993,0.0024,0.00206,-0.01206
1790069293.0980864,-0.01244,0.00279,-0.99859,0.00538,0.00375,0.01134
1790069293.312809,-0.01311,0.00212,-0.99763,0.00316,0.00442,0.01933
1790069293.5201101,-0.00396,0.02246,-0.99891,0.002,0.0057,-0.00859
1790069293.7259653,-0.0034,0.02444,-1.00042,0.00326,0.00246,-0.01509
1790069293.7259653,-0.00628,0.02091,-1.00183,0.00207,0.00455,-0.01206
1790069293.8563626,-0.00684,0.01644,-0.99966,0.00088,0.00202,-0.00609
1790069293.933963,-0.00848,0.01072,-0.99698,0.0062,0.00254,-0.00158
1790069294.1277702,-0.01184,0.00442,-0.99951,0.0056,0.00581,0.00888
1790069294.3348196,-0.01059,0.00522,-1.00163,0.003,0.00482,0.01521
1790069294.3348196,-0.0075,0.01313,-0.99791,0.00282,0.00453,0.00482
1790069294.5378845,-0.00575,0.02118,-0.99932,0.00292,0.00453,-0.00475
1790069294.5378845,-0.00414,0.02003,-0.9981,0.00037,0.00157,-0.01064
1790069294.7483964,-0.0048,0.02117,-1.00094,0.00424,0.00396,-0.01252
1790069294.7524369,-0.00706,0.01564,-1.0012,0.00231,0.00483,-0.00591
1790069294.8411915,-0.00967,0.00699,-0.99958,0.00264,0.00286,0.00504
1790069294.9483368,-0.00996,0.00603,-0.9984,0.00175,0.00232,0.01337
1790069295.1551712,-0.00928,0.00601,-0.99685,0.00344,0.00381,0.01325
1790069295.1551712,-0.00797,0.01513,-0.99709,-6e-05,0.00433,0.00396
1790069295.351852,-0.00626,0.02068,-0.99955,0.00403,0.00411,-0.00828
1790069295.5678103,-0.00432,0.01755,-1.00035,0.003,0.00636,-0.00664
1790069295.5805798,-0.01028,0.00719,-0.99904,-2e-05,0.00423,0.00589
1790069295.7632308,-0.01102,0.00411,-0.99543,0.00284,0.00316,0.01359
1790069295.7786016,-0.00842,0.0094,-1.00112,0.00208,0.00196,0.01018
1790069295.874762,-0.00689,0.01646,-1.00138,-0.00045,0.00399,-0.00333
1790069295.9820242,-0.00359,0.02186,-0.99865,0.00263,0.00388,-0.00986
1790069296.1750393,-0.00984,0.00886,-0.99858,0.0029,0.00549,0.00711
1790069296.3923688,-0.00737,0.00905,-0.99897,0.0018,0.00327,0.00583
1790069296.5810432,-0.00519,0.01648,-0.99917,0.00126,0.00194,-0.00273
1790069296.5997248,-0.00494,0.01842,-0.99791,0.0045,0.00373,-0.00661
1790069296.7949293,-0.00556,0.0172,-0.99816,0.00051,0.00494,-0.00692
1790069296.80081,-0.00901,0.0096,-0.99957,0.00425,0.0071,0.00481
1790069296.9013352,-0.00963,0.00481,-1.00041,0.00255,0.00359,0.01403
1790069297.003189,-0.00783,0.01763,-1.00005,0.00259,0.00546,0.00091
1790069297.2053466,-0.00587,0.01906,-0.99859,0.00154,0.00277,-0.01153
1790069297.2053466,-0.00804,0.01591,-0.99886,0.00187,0.0071,-0.00138
1790069297.4032545,-0.00907,0.01095,-0.99918,0.00156,0.00501,0.00479
1790069297.41339,-0.00694,0.01207,-0.99906,0.00203,0.00289,0.0026
1790069297.603888,-0.00815,0.01661,-1.0003,0.00357,0.00339,-0.00266
1790069297.6199477,-0.00864,0.01222,-0.99939,0.00278,0.00521,0.00025
1790069297.8112776,-0.00821,0.01284,-0.99937,0.00283,0.00555,0.00264
1790069297.8112776,-0.00752,0.01165,-1.00008,-3e-05,0.00296,0.00207
1790069297.8913975,-0.0067,0.01446,-0.99911,0.00188,0.00329,-0.00052
1790069298.0198667,-0.0069,0.01366,-0.9994,0.00132,0.00252,0.00168
1790069298.2256188,-0.00897,0.01276,-0.99834,0.00186,0.00195,0.00104
1790069298.2431169,-0.00674,0.01458,-0.99849,5e-05,0.00392,-0.0001
1790069298.4235666,-0.00784,0.01343,-0.99941,0.00334,0.00342,0.00049
1790069298.439325,-0.00995,0.01238,-0.99824,0.00022,0.00404,-0.0003
1790069298.6271403,-0.00668,0.01598,-0.99891,0.00293,0.00388,-0.00117
1790069298.6271403,-0.00785,0.01272,-0.9988,0.00436,0.00377,0.00051
1790069298.8344336,-0.00961,0.01262,-0.99958,0.00359,0.00426,0.00359
1790069298.8505337,-0.00596,0.01283,-0.99906,0.00119,0.00364,-0.00041
1790069298.9153876,-0.0086,0.01495,-0.9982,-0.00028,0.00307,0.00068
1790069299.0434625,-0.00889,0.01234,-0.99966,0.00093,0.00551,0.00255
1790069299.254112,-0.00709,0.01524,-0.99964,0.00282,0.00446,-0.00108
1790069299.4552126,-0.00892,0.01255,-0.99862,0.00126,0.00492,0.00097
1790069299.4552126,-0.00858,0.0123,-0.99938,0.00156,0.00347,0.00035
1790069299.6656337,-0.00644,0.01324,-0.99995,0.00352,0.00433,0.00084
1790069299.8684556,-0.00909,0.01288,-0.9996,0.00186,0.00374,0.00318
1790069299.8684556,-0.00842,0.01402,-0.99861,0.00421,0.00592,0.00068
1790069299.915767,-0.00715,0.01521,-1.00007,0.00123,0.00481,-0.00067
1790069300.0651586,-0.00801,0.01103,-0.99735,0.00127,0.00524,0.00179
1790069300.2639792,-0.00666,0.01336,-0.99678,0.00253,0.00385,0.00115
1790069300.2796717,-0.00974,0.01355,-0.9972,0.00298,0.00421,-0.00121
1790069300.472766,-0.00617,0.01208,-1.0002,0.0028,0.00402,-0.00021
1790069300.488878,-0.00771,0.01493,-1.00063,0.00356,0.00444,-0.00107
1790069300.6821682,-0.00542,0.01346,-0.99993,0.00397,0.00024,-7e-05
1790069300.6821682,-0.00792,0.01367,-0.99912,0.00301,0.00503,-0.00175
1790069300.8900743,-0.00746,0.01276,-1.00187,0.00109,0.0032,0.00107
1790069300.8900743,-0.00892,0.01419,-0.99947,0.00081,0.00336,0.00022
1790069301.0977228,-0.00841,0.01415,-0.9988,0.00451,0.00299,0.00323
1790069301.293761,-0.00783,0.01538,-0.99832,0.00356,0.00324,-0.00037
1790069301.5039456,-0.00625,0.01274,-0.99858,0.00301,0.00377,0.00154
1790069301.712138,-0.00835,0.01547,-0.99955,0.00262,0.00189,-0.0042
1790069301.9241314,-0.00651,0.01371,-0.99867,0.00512,0.00207,-0.00187
1790069301.9261458,-0.00904,0.01353,-1.001,0.0033,0.00184,-0.00066
1790069301.9402409,-0.00728,0.01247,-0.99781,0.00393,0.00258,-0.00155
1790069302.118107,-0.00889,0.01284,-0.99918,-0.0,0.00247,-0.0003
1790069302.3175795,-0.00773,0.01434,-0.99905,0.00327,0.0058,-0.00054
1790069302.3277993,-0.00893,0.01202,-0.99867,0.00353,0.0027,0.00113
1790069302.5288932,-0.00864,0.01251,-0.99768,0.00187,0.00785,0.00346
1790069302.5410433,-0.00863,0.01389,-0.99848,0.00175,0.00603,-0.00279
1790069302.7334125,-0.00646,0.01353,-0.9988,0.00243,0.00649,0.00016
1790069302.7410784,-0.00642,0.01192,-0.9996,0.00125,0.00568,0.00391
1790069302.929591,-0.00618,0.01419,-0.99884,0.00248,0.00352,-0.00015
1790069303.1424842,-0.0075,0.01424,-0.99911,0.00041,0.00476,-0.00122
1790069303.343171,-0.0082,0.01559,-0.99811,0.00227,0.00778,9e-05
1790069303.3597126,-0.00767,0.0127,-0.9964,0.00297,0.00443,0.00015
1790069303.5491776,-0.00931,0.01353,-0.99965,0.00456,0.00328,-0.00026
1790069303.5491776,-0.00714,0.01318,-1.00028,0.00075,0.00262,0.00357
1790069303.759184,-0.00851,0.01348,-0.99838,0.00171,0.0021,-0.00012
1790069303.76212,-0.00746,0.01467,-0.99815,0.00472,0.00454,0.0006
1790069303.934012,-0.00825,0.01191,-0.99926,0.001,0.00474,0.00223
1790069304.0065036,-0.00767,0.01459,-0.99995,0.00178,0.00585,-0.00184
1790069304.0127392,-0.0087,0.01445,-0.9978,0.00126,0.00451,0.00196
1790069304.1573231,-0.00698,0.01357,-0.99959,0.00076,0.00298,-0.00293
1790069304.3741066,-0.00649,0.01346,-0.99888,0.00179,0.00264,0.00059
1790069304.3741066,-0.0075,0.0138,-0.99992,0.00143,0.00191,-0.00183
1790069304.578433,-0.00884,0.01425,-0.99961,0.0016,0.00199,-0.00147
1790069304.578433,-0.00746,0.01247,-0.99736,0.00406,0.00448,0.00097
1790069304.7697332,-0.00836,0.01405,-0.99863,0.00282,0.00438,0.0004
1790069304.958124,-0.00768,0.01243,-0.99793,0.00416,0.00457,-0.00112
1790069304.9625943,-0.00995,0.01282,-0.99927,-0.00042,0.00404,-0.0013
1790069305.186025,-0.00731,0.01393,-0.99776,0.00082,0.00409,0.00044
1790069305.186025,-0.0079,0.01357,-0.99773,0.00289,0.00224,0.00131
1790069305.3974762,-0.00831,0.01404,-0.99727,0.00142,0.00316,-0.00152
1790069305.3994863,-0.00717,0.01137,-0.99915,0.00263,0.00311,0.00046
1790069305.6033378,-0.00798,0.01384,-0.99888,0.0003,0.0032,-0.00101
1790069305.6086318,-0.00752,0.01481,-0.99773,0.00306,0.00309,-0.00027
1790069305.7941225,-0.00841,0.01239,-0.99972,0.00274,0.00523,0.00112
1790069305.8100238,-0.00786,0.01445,-0.99881,0.001,0.00208,-0.00111
1790069305.9560223,-0.00655,0.01293,-0.99874,0.00393,0.00307,-0.00042
1790069306.2175295,-0.00695,0.01418,-0.99872,0.00472,0.0024,-4e-05
1790069306.2215717,-0.00863,0.01317,-0.99935,0.00311,0.00429,0.00286
1790069306.422368,-0.00783,0.01255,-0.99886,-0.00025,0.00409,0.00027
1790069306.4273427,-0.00824,0.01566,-0.99975,0.00199,0.00394,-0.00242
1790069306.626244,-0.00971,0.01217,-0.99739,0.00284,0.00444,-0.0005
1790069306.6412675,-0.00716,0.01311,-0.99734,0.00434,0.00415,0.00036
1790069306.830983,-0.00797,0.01349,-0.99822,0.00396,0.00361,0.00269
1790069306.8384194,-0.0074,0.01407,-1.00023,0.00148,0.00433,-0.00164
1790069306.958009,-0.00967,0.01457,-0.9991,0.00325,0.00282,-0.00169
1790069306.9738717,-0.00653,0.01539,-0.99984,0.00333,0.00534,-0.0041
1790069307.240265,-0.01001,0.01396,-0.99872,0.00304,0.00118,0.001
1790069307.240265,-0.00827,0.01403,-0.99767,0.00274,0.00531,0.00049
1790069307.4447622,-0.00796,0.01488,-0.99861,0.00229,0.00317,-0.00138
1790069307.448431,-0.00862,0.01132,-0.99977,0.00093,0.00441,0.00134
1790069307.6498108,-0.00885,0.01303,-0.99926,0.00227,0.00112,0.00026
1790069307.6567044,-0.00802,0.01368,-0.9985,0.00315,0.00299,-0.00134
1790069307.858499,-0.00902,0.01294,-0.99833,0.00177,0.00417,0.00046
1790069307.858499,-0.00998,0.01268,-0.9983,0.00066,0.00664,0.0012
1790069307.9731667,-0.00778,0.01496,-0.99833,0.00166,0.00499,-0.00135
1790069308.051054,-0.00846,0.0144,-0.99863,0.00217,0.00441,0.00054
1790069308.2610228,-0.00995,0.01165,-0.99801,0.00138,0.00382,0.00152
1790069308.2728589,-0.00826,0.01297,-0.99856,0.00184,0.00262,-6e-05
1790069308.467999,-0.00757,0.0145,-0.99887,0.00145,0.00492,0.00082
1790069308.467999,-0.00646,0.0122,-1.00051,0.00024,0.00428,0.00048
1790069308.6743455,-0.00886,0.01245,-0.99982,0.0006,0.00386,0.0031
1790069308.6743455,-0.00993,0.0139,-1.00051,0.0044,0.0023,-0.00024
1790069308.8657482,-0.0085,0.0128,-1.00033,0.00273,0.00202,0.00153
1790069308.8657482,-0.00753,0.0127,-0.99858,0.00095,0.00536,0.00074
1790069308.978451,-0.0092,0.01307,-1.00003,0.00238,0.00288,0.00147
1790069309.2888215,-0.00668,0.0147,-0.9977,0.00184,0.0027,-0.00016
1790069309.3019402,-0.00835,0.01533,-0.99963,0.0053,0.00374,-0.0015
1790069309.4962852,-0.00738,0.01366,-0.99942,0.00012,0.00323,-0.00023
1790069309.6980023,-0.00898,0.01536,-1.00113,0.00088,0.00201,0.00125
1790069309.7021666,-0.00902,0.01265,-0.99762,0.00381,0.0035,0.00085
1790069309.9032648,-0.00737,0.01355,-0.99888,0.00133,0.00415,-0.00191
1790069309.9055603,-0.00706,0.01585,-0.99854,0.00341,0.0023,0.00037
1790069309.9985454,-0.00747,0.01374,-0.99757,0.00286,0.00426,0.0005
1790069310.1103234,-0.00621,0.01379,-0.99964,0.00235,0.00328,-6e-05
1790069310.2992094,-0.00882,0.01479,-0.99822,0.00034,0.00278,0.00037
1790069310.3149743,-0.00757,0.01216,-0.99972,0.00065,0.00377,0.00113
1790069310.5200398,-0.00746,0.01322,-0.99956,0.00415,0.00625,0.00239
1790069310.5220425,-0.00646,0.01168,-0.99965,0.00246,0.00376,0.00153
1790069310.7197142,-0.00875,0.01167,-0.99961,0.00279,0.0031,0.00339
1790069310.7197142,-0.00881,0.01291,-0.99982,0.00586,0.00412,-0.00015
1790069310.9274766,-0.00594,0.01459,-0.9991,0.00153,0.00383,0.00118
1790069310.9578032,-0.00829,0.01273,-0.99841,0.0,0.00426,0.0012
1790069311.1286356,-0.00805,0.01009,-0.99801,0.00447,0.00543,0.00425
1790069311.3365376,-0.01048,0.0116,-0.99805,0.00311,0.00348,0.00383
1790069311.3365376,-0.00638,0.01252,-1.0009,0.00211,0.00087,0.00123
1790069311.5307777,-0.01013,0.01268,-0.99734,0.00352,0.0044,0.00277
1790069311.5307777,-0.01018,0.01083,-0.99864,0.00274,0.00495,0.00502
1790069311.747495,-0.00856,0.00926,-0.99895,-0.00066,0.0037,0.0075
1790069311.7619627,-0.01028,0.0077,-0.99749,0.0049,0.00707,0.01076
1790069311.941258,-0.00922,0.01022,-0.99894,0.00379,0.00448,0.00814
1790069312.005431,-0.00707,0.01446,-1.00161,0.00273,0.00533,0.00354
1790069312.15798,-0.00876,0.01743,-0.99916,0.00341,0.00463,0.00379
1790069312.361322,-0.00596,0.01757,-0.99978,0.00263,0.00514,-0.00056
1790069312.375707,-0.00349,0.02291,-0.99734,-0.00127,0.00383,-0.00675
1790069312.3779488,-0.00528,0.01914,-0.99876,0.00203,0.00231,-0.00405
1790069312.5736117,-0.00555,0.02103,-0.99816,-0.00014,0.0039,-0.01083
1790069312.768886,-0.00412,0.02396,-0.99818,0.00319,0.00326,-0.01273
1790069312.9692557,-0.00491,0.02464,-0.9984,0.00268,0.00439,-0.01278
1790069312.9849918,-0.00319,0.02479,-0.99898,0.00105,0.00222,-0.01769
1790069313.1767411,-0.00314,0.02205,-0.99939,0.00215,0.0043,-0.01408
1790069313.3812199,-0.00615,0.02238,-0.99839,0.00301,0.00549,-0.00941
1790069313.3812199,-0.00367,0.02434,-1.00091,0.00136,0.00262,-0.01532
1790069313.3812199,-0.00529,0.02341,-0.99857,0.00174,0.00452,-0.01607
1790069313.5849519,-0.00541,0.01957,-0.99828,0.00303,3e-05,-0.01289
1790069313.6009827,-0.005,0.01892,-0.99771,0.00083,0.00502,-0.0132
1790069313.7836454,-0.00741,0.01853,-0.99701,-0.00048,0.00274,-0.01384
1790069313.7996223,-0.00474,0.02009,-0.99947,0.00231,0.00617,-0.01443
1790069313.9979382,-0.00631,0.02094,-0.99824,0.00311,0.00646,-0.0118
1790069314.191745,-0.004,0.02215,-0.99791,0.00189,0.00582,-0.01791
1790069314.4051485,-0.00387,0.02489,-0.9972,-0.00097,0.00375,-0.02029
1790069314.4212651,-0.00611,0.02221,-0.99854,0.00388,0.00326,-0.01988
1790069314.608725,-0.0064,0.01662,-0.99901,0.00321,0.0033,-0.01857
1790069314.608725,-0.00546,0.02027,-1.00039,0.00312,0.00327,-0.01588
1790069314.8177624,-0.00558,0.01198,-0.99773,0.00242,-0.00018,-0.00965
1790069314.8177624,-0.00842,0.0138,-0.99993,0.00165,0.0016,-0.00807
1790069315.0247548,-0.0085,0.01389,-0.99797,0.00037,0.00482,-0.0103
1790069315.0322602,-0.00918,0.01143,-0.99899,0.00066,0.00417,-0.0069
1790069315.2150154,-0.00919,0.00944,-0.99817,0.00182,0.00277,-0.00323
1790069315.2408557,-0.0103,0.00648,-0.99891,0.00345,0.00246,0.00313
1790069315.4343905,-0.01241,0.00399,-0.99766,0.00429,0.00455,0.00684
1790069315.4375618,-0.01027,0.0019,-0.99958,0.00251,0.00497,0.01008
1790069315.6349635,-0.01012,0.00192,-0.99939,0.00236,0.00378,0.0079
1790069315.6418102,-0.01034,0.00309,-0.99944,0.00453,0.00399,0.00921
1790069315.843155,-0.01034,0.00309,-0.99944,0.00453,0.00399,0.00921
1790069315.849637,-0.01263,0.00129,-0.99941,0.00431,0.00197,0.0098
1790069316.0590875,-0.01024,0.00491,-0.99901,0.00117,0.00656,0.00425
1790069316.2537045,-0.01078,0.00351,-0.99697,0.00297,0.00588,0.013
1790069316.45441,-0.01312,-0.00054,-1.00101,0.0015,0.00517,0.0133
1790069316.6648998,-0.01193,0.00055,-1.00064,0.00411,0.00456,0.01522
1790069316.8669415,-0.01363,0.00127,-0.99978,0.0019,0.00465,0.01138
1790069316.9414318,-0.01051,0.00479,-0.99864,0.00111,0.00525,0.00713
1790069317.056619,-0.01177,0.00754,-0.9994,0.00287,0.00082,0.00283
1790069317.274289,-0.01066,0.00628,-0.99866,0.00315,0.00414,-9e-05
1790069317.277738,-0.00904,0.01224,-0.99932,0.00386,0.00507,-0.00581
1790069317.4839237,-0.01117,0.01197,-0.99883,0.0025,0.00247,-0.00759
1790069317.6799226,-0.00578,0.01961,-0.99917,0.00133,0.00444,-0.01886
1790069317.8868468,-0.00366,0.02554,-0.99823,0.00106,0.00531,-0.0254
1790069318.047285,-0.00506,0.02579,-0.99924,0.00277,0.00809,-0.02782
1790069318.047285,-0.00176,0.02752,-0.99938,-0.00163,0.00505,-0.02816
1790069318.2961562,-0.00151,0.03097,-1.00075,0.00162,0.00904,-0.02686
1790069318.504288,-0.00351,0.02831,-0.99862,0.00329,0.00069,-0.00823
1790069318.7102482,-0.00419,0.02555,-0.99909,0.00158,0.00106,-0.00393
1790069318.9029224,-0.00649,0.01674,-0.9994,0.00328,0.00303,0.00592
1790069318.918844,-0.00681,0.01462,-0.99861,0.00409,0.00237,0.01364
1790069319.0626285,-0.01025,0.01029,-0.99874,0.00433,0.00324,0.01722
1790069319.0804873,-0.01024,0.0077,-1.00012,0.00267,0.00517,0.02275
1790069319.3243072,-0.01283,0.00126,-0.99748,0.00077,0.00337,0.02922
1790069319.517511,-0.01214,0.00162,-0.99943,0.00386,0.0052,0.029
1790069319.7324743,-0.01365,-0.00697,-0.99925,0.00354,0.00545,0.03117
1790069319.7324743,-0.01595,-0.00549,-0.99938,0.00275,0.00457,0.02874
1790069319.9361773,-0.01616,-0.00432,-0.99998,0.00801,0.00465,0.02631
1790069319.9361773,-0.01426,-0.00346,-0.99778,0.0041,0.00276,0.02113
1790069320.0643082,-0.01655,-0.00511,-0.99655,-0.00015,0.00712,0.02083
1790069320.0804114,-0.0133,0.00014,-0.99907,0.0016,0.00691,0.01341
1790069320.3410532,-0.01198,-0.00163,-0.99874,0.00532,0.00469,0.00865
1790069320.5485556,-0.00564,0.02118,-0.9987,0.0016,0.00155,-0.02782
1790069320.7548335,-0.0025,0.02143,-0.99936,0.0017,0.0054,-0.0266
1790069320.7548335,-0.00321,0.029,-0.99914,0.00191,0.00339,-0.02912
1790069320.9568195,-0.00354,0.0293,-1.00063,0.00074,0.00546,-0.03417
1790069320.9727492,-0.00171,0.03512,-0.99899,0.00362,0.00411,-0.03647
1790069321.0684166,0.00023,0.03381,-1.00009,0.00365,0.00384,-0.034
1790069321.169051,-0.00314,0.03455,-0.99706,0.0048,0.00439,-0.02658
1790069321.3639982,-0.00098,0.03413,-0.99995,0.00233,0.0046,-0.02457
1790069321.3639982,-0.00152,0.03019,-0.99826,0.00051,0.00548,-0.01794
1790069321.5734136,-0.00213,0.0286,-0.99921,0.00038,0.00668,-0.0083
1790069321.5734136,-0.00715,0.02185,-0.99816,0.00159,0.00125,0.00062
1790069321.773317,-0.00753,0.01378,-0.9988,0.00291,0.00314,0.01243
1790069321.7963655,-0.00805,0.01546,-0.99965,0.00357,0.0039,0.01213
1790069321.9804957,-0.00851,0.0132,-1.00044,0.00287,0.00753,0.01587
1790069322.0767355,-0.00961,0.00804,-0.9991,0.00116,0.00291,0.02205
1790069322.0767355,-0.01316,0.00167,-0.99938,0.0046,0.00259,0.02559
1790069322.1975255,-0.0137,-0.00036,-0.9973,0.00452,0.00246,0.03013
1790069322.3832407,-0.0126,-0.00426,-0.99839,0.00209,0.00685,0.03148
1790069322.4043293,-0.01475,-0.00333,-0.99883,0.00351,0.0067,0.02834
1790069322.5986285,-0.01475,-0.00409,-0.99765,0.00437,0.00523,0.02747
1790069322.6042197,-0.0125,-0.00349,-0.99774,0.00319,0.00513,0.02695
1790069322.8043156,-0.01457,-0.0073,-0.99623,0.00425,0.00503,0.02584
1790069322.8204434,-0.01335,-0.00012,-0.99819,0.00137,0.00537,0.01665
1790069323.010653,-0.01203,0.00016,-0.99845,0.00149,0.00601,0.00859
1790069323.010653,-0.0095,0.00233,-0.99943,0.004,0.00704,0.00133
1790069323.2074842,-0.01129,0.00696,-0.99998,0.00321,0.00394,-0.00441
1790069323.2074842,-0.00879,0.01492,-0.99794,0.00573,0.00604,-0.01798
1790069323.416212,-0.00645,0.01699,-1.00043,0.0021,0.00171,-0.01838
1790069323.6253276,-0.0042,0.0246,-0.99833,-0.00025,0.00365,-0.0323
1790069323.626327,-0.00234,0.02848,-0.99965,0.00133,0.00215,-0.03292
1790069323.8211668,0.00069,0.03288,-1.00156,0.00132,0.00638,-0.0338
1790069323.8211668,-0.00181,0.03804,-0.99832,0.00336,0.00412,-0.03931
1790069324.024957,-0.0027,0.03195,-0.99993,0.00468,0.00635,-0.02784
1790069324.040823,-0.00075,0.0328,-0.99892,0.00177,0.00161,-0.02223
1790069324.2311592,-0.00298,0.02868,-0.9988,0.00148,0.005,-0.0144
1790069324.4413805,-0.00521,0.02163,-0.99883,0.00143,0.00449,0.00182
1790069324.4575105,-0.00849,0.01499,-0.99861,0.00293,0.00171,0.01183
1790069324.6439633,-0.00859,0.01161,-0.99832,0.00178,0.00514,0.0166
1790069324.6439633,-0.01094,0.01025,-0.99939,0.00218,0.00628,0.0224
1790069324.852874,-0.012,0.00424,-0.99892,0.00433,0.00394,0.02427
1790069324.852874,-0.01307,-0.00222,-0.99907,0.00124,0.0055,0.02974
1790069325.0313826,-0.01405,-0.00594,-0.99904,0.00157,0.00124,0.03433
1790069325.041352,-0.01544,-0.00659,-0.99918,0.00478,0.00377,0.03437
1790069325.2458508,-0.01396,-0.00564,-0.99985,0.00454,0.00508,0.02688
1790069325.2617385,-0.01525,-0.00475,-0.99761,0.00583,0.00061,0.01953
1790069325.4535158,-0.00996,0.00564,-1.00016,0.00147,0.0073,-0.00407
1790069325.667291,-0.00304,0.02874,-0.99967,-0.00014,0.00238,-0.03307
1790069325.8762083,-4e-05,0.03477,-0.9976,0.0032,0.00348,-0.0364
1790069326.0458584,-0.00065,0.03496,-0.99868,0.00426,0.00479,-0.0308
1790069326.0458584,7e-05,0.03508,-0.99898,0.00238,0.00446,-0.02189
1790069326.2750216,-0.00438,0.02866,-0.9982,0.00142,0.00511,-0.00782
1790069326.2908776,-0.00326,0.02245,-1.00047,0.00471,0.00374,0.00144
1790069326.4812837,-0.00539,0.02035,-1.00098,0.00493,0.00433,0.00827
1790069326.4969718,-0.00767,0.01461,-0.99836,0.00445,0.004,0.01452
1790069326.6970916,-0.00763,0.01351,-0.99714,0.00348,0.00257,0.01783
1790069326.6970916,-0.0099,0.00708,-0.99825,0.0042,0.00137,0.02259
1790069326.9020252,-0.01027,0.00354,-0.99937,0.00261,0.00429,0.02896
1790069327.0498385,-0.01415,-0.0043,-0.99837,0.00321,0.00436,0.02708
1790069327.106452,-0.01572,-0.00687,-0.99801,0.0044,0.00527,0.02864
1790069327.3068025,-0.017,-0.01171,-0.99822,0.0035,0.00612,0.0326
1790069327.3206644,-0.01322,-0.00878,-0.9993,-0.00053,0.00527,0.02232
1790069327.5158534,-0.01288,-0.00443,-0.99963,0.0017,0.00818,0.01277
1790069327.5223167,-0.01256,-0.0009,-1.00001,-0.00013,0.00197,0.00996
1790069327.7172265,-0.00951,0.00814,-0.99882,0.00056,0.00063,-0.01095
1790069327.9253852,-0.00806,0.01303,-1.00021,0.00184,0.00381,-0.01384
1790069327.9253852,-0.00637,0.01825,-1.00004,0.00408,0.00192,-0.02661
1790069328.053901,-0.00122,0.02432,-1.00074,-0.00114,0.0034,-0.03412
1790069328.1339555,-0.0029,0.02904,-1.00044,0.00063,0.00458,-0.03163
1790069328.334403,-0.00077,0.03326,-1.00042,0.0003,0.00275,-0.03496
1790069328.334403,-3e-05,0.03744,-0.99714,0.0035,0.00487,-0.02967
1790069328.5388067,-0.0019,0.02747,-0.9982,0.00271,0.00452,-0.00769
1790069328.7452083,-0.00564,0.02048,-0.99988,0.00416,0.00219,0.00495
1790069328.9375062,-0.01098,0.01438,-0.9986,0.00552,0.00754,0.02098
1790069328.9535809,-0.01007,0.00322,-0.99753,0.00431,0.00113,0.03496
1790069329.1368394,-0.01535,-0.00549,-0.99847,0.00511,0.00452,0.03586
1790069329.1368394,-0.01505,-0.0073,-0.99904,0.00599,0.00335,0.03362
1790069329.353361,-0.01692,-0.01053,-0.99822,0.00532,0.00805,0.03201
1790069329.353361,-0.01591,-0.00971,-1.00156,0.00464,0.00316,0.02682
1790069329.5616674,-0.01496,-0.0082,-1.00018,0.00253,0.00499,0.0251
1790069329.5616674,-0.01333,-0.00446,-0.99741,0.00427,0.00358,0.01354
1790069329.769198,-0.01252,-0.00124,-0.99861,0.00253,0.00429,0.01122
1790069329.769198,-0.0128,0.00036,-0.99983,9e-05,0.00379,0.00268
1790069329.9629989,-0.00882,0.00989,-0.99976,0.00268,0.00248,-0.01194
1790069329.9629989,-0.00641,0.01708,-0.99911,0.00116,0.00387,-0.02117
1790069330.1413336,-0.00358,0.02053,-0.99956,0.00152,0.0021,-0.02815
1790069330.1554873,-0.0017,0.02913,-1.0018,0.00058,0.00026,-0.03576
1790069330.3794856,0.00207,0.0389,-0.99864,0.00173,0.00301,-0.03614
1790069330.586549,-0.00067,0.03567,-0.99989,0.00267,0.00265,-0.02855
1790069330.586549,-0.00245,0.02897,-0.9984,0.00131,0.00557,-0.00916
1790069330.7937205,-0.00409,0.02573,-0.99711,0.00117,0.00351,0.00298
1790069330.7937205,-0.0053,0.01931,-0.99861,0.0024,0.00444,0.01327
1790069330.9857192,-0.00929,0.01038,-0.99817,0.00236,0.00258,0.01863
1790069330.9857192,-0.01146,0.00418,-0.99857,0.00493,0.0037,0.0295
1790069331.1445477,-0.01315,0.00093,-0.99806,0.00596,0.00219,0.03343
1790069331.160304,-0.01408,-0.00018,-0.99846,0.00261,0.00168,0.03466
1790069331.3997083,-0.01706,-0.00805,-1.0001,0.00606,0.00638,0.02837
1790069331.3997083,-0.01556,-0.0074,-0.99969,0.00288,0.00463,0.01993
1790069331.6086748,-0.01167,-0.00088,-0.99978,0.00449,0.00513,0.0064
1790069331.6086748,-0.01066,0.00551,-0.99768,-0.00135,0.00567,-0.00371
1790069331.8019917,-0.00735,0.01282,-1.00012,0.00178,0.00408,-0.01861
1790069331.817924,-0.00524,0.01933,-0.99815,0.00454,0.0036,-0.02663
1790069332.0085518,-0.003,0.02936,-0.99952,-0.00091,0.00337,-0.03378
1790069332.0244622,-0.00087,0.03556,-0.99798,0.00093,0.00292,-0.04047
1790069332.1529849,0.00184,0.03652,-0.99742,0.0022,0.00314,-0.04001
1790069332.1686633,-0.00022,0.03799,-0.99919,0.00313,0.00584,-0.03224
1790069332.2327373,-0.00217,0.03348,-0.9996,0.0039,0.00353,-0.01924
1790069332.4249558,-0.00317,0.03101,-0.99847,0.00174,0.00081,-0.01072
1790069332.440981,-0.0053,0.02417,-0.99882,0.00367,0.00418,-0.0014
1790069332.6370444,-0.00982,0.01265,-0.9998,0.00334,0.00301,0.01348
1790069332.64108,-0.01144,0.00668,-0.9977,-0.00033,0.0031,0.02301
1790069332.8386374,-0.01247,-0.00046,-0.99841,0.00387,0.00318,0.03076
1790069333.045791,-0.0168,-0.0049,-0.99746,0.0033,0.00294,0.03663
1790069333.045791,-0.01599,-0.00884,-0.99864,0.00631,0.00733,0.03568
1790069333.0510633,-0.01407,-0.00595,-0.99895,0.00014,0.00565,0.02196
1790069333.1578467,-0.01408,-0.00313,-0.99868,0.00193,0.00684,0.01046
1790069333.2538424,-0.00856,0.00963,-0.99806,0.00032,0.00501,-0.01003
1790069333.4529676,-0.00977,0.01279,-1.00047,0.00101,0.00175,-0.01501
1790069333.4529676,-0.00596,0.01989,-0.99839,0.00392,0.00242,-0.02413
1790069333.6537712,-0.00059,0.02913,-0.99975,0.00151,-0.00064,-0.03463
1790069333.6537712,-0.00334,0.03081,-0.99767,0.00322,0.00506,-0.03235
1790069333.863978,-0.00286,0.02918,-0.99822,0.00146,0.00475,-0.00536
1790069334.0572553,-0.00801,0.01853,-0.99887,0.0026,0.00113,0.00617
1790069334.0711594,-0.00485,0.01748,-0.99862,0.00219,0.00077,0.01611
1790069334.1669896,-0.00918,0.014,-0.99732,0.00053,0.0037,0.01644
1790069334.2787688,-0.01144,0.00705,-0.99792,0.00386,0.00482,0.02486
1790069334.46985,-0.01262,0.0009,-0.99783,0.00333,0.00427,0.03036
1790069334.46985,-0.01122,-0.00341,-0.99753,0.00388,0.0031,0.03489
1790069334.6770847,-0.01324,-0.00569,-0.99846,0.00256,0.00326,0.0329
1790069334.6770847,-0.01533,-0.00844,-0.99914,0.00339,0.00281,0.02798
1790069334.889429,-0.01578,-0.01234,-1.00041,0.00482,0.00429,0.02927
1790069334.889429,-0.01549,-0.00889,-0.99806,0.00476,0.00724,0.02454
1790069335.0941296,-0.01363,-0.00304,-0.99836,0.00134,0.00416,0.01246
1790069335.173614,-0.01032,0.00418,-0.9994,-0.00055,0.00148,-0.00039
1790069335.285551,-0.00793,0.00812,-1.00056,0.00124,0.00275,-0.01247
1790069335.494973,-0.00777,0.01623,-0.99829,0.00177,0.005,-0.01727
1790069335.7062747,-0.00494,0.02106,-1.00052,0.00435,0.00284,-0.02871
1790069335.9126937,0.00099,0.03549,-0.99787,-0.00024,0.00419,-0.04182
1790069335.9126937,0.00183,0.03809,-1.00173,-0.00021,0.00134,-0.04193
1790069336.1212165,-0.00345,0.03591,-0.99861,0.00301,0.00282,-0.02865
1790069336.1212165,0.00062,0.03606,-1.00045,-0.00097,0.00263,-0.02682
1790069336.2018907,-0.00223,0.03415,-1.00005,0.00154,0.0046,-0.01928
1790069336.3149226,-0.00305,0.02828,-0.99868,0.00107,0.00587,-0.007
1790069336.5233188,-0.00524,0.02084,-0.99923,0.0011,0.00412,0.00503
1790069336.5233188,-0.00395,0.02741,-1.00022,0.0003,0.00415,0.00143
1790069336.731623,-0.00731,0.01954,-0.9979,0.00304,0.00399,0.01144
1790069336.731623,-0.00846,0.0154,-0.99814,0.00238,0.00434,0.01816
1790069336.9240484,-0.01026,0.00868,-0.99684,0.00054,0.00779,0.02267
1790069336.9402235,-0.01155,0.00548,-1.0007,0.00387,0.00436,0.02682
1790069337.1394145,-0.01565,-0.00495,-0.99996,0.00305,0.00385,0.03708
1790069337.2019842,-0.01494,-0.00392,-0.99815,0.00078,0.00468,0.03642
1790069337.3469136,-0.0166,-0.00971,-0.99739,0.0005,0.00341,0.04056
1790069337.5491612,-0.01664,-0.00914,-0.99807,0.00204,0.00277,0.03439
1790069337.5623415,-0.01733,-0.0096,-0.9987,0.00547,0.00648,0.02664
1790069337.7570233,-0.01573,-0.00738,-0.99895,0.00267,0.00585,0.02069
1790069337.7570233,-0.01182,0.00017,-0.99925,0.00394,0.00292,0.00543
1790069337.9495053,-0.01331,0.00438,-0.99867,0.00174,0.00145,-0.00283
1790069338.1655433,-0.00506,0.02058,-1.00009,0.00177,0.00234,-0.02665
1790069338.172065,-0.00107,0.02755,-0.99864,0.00017,0.00151,-0.03649
1790069338.2192483,-0.00192,0.03498,-0.99897,0.00163,0.00182,-0.0433
1790069338.3726027,0.00199,0.03881,-1.00016,-0.00024,0.00307,-0.04272
1790069338.573236,0.00019,0.03984,-1.00019,0.00177,0.00156,-0.03856
1790069338.573236,-0.00013,0.03337,-1.00041,0.00349,0.00501,-0.01977
1790069338.779447,-0.00127,0.03261,-0.99879,0.00351,0.00489,-0.01573
1790069338.779447,-0.00373,0.02512,-0.99782,0.00422,0.00244,0.00349
1790069338.9755318,-0.01029,0.01005,-0.99921,0.00175,0.00447,0.02337
1790069338.9883974,-0.01257,-0.00281,-0.99959,0.00339,0.00251,0.03436
1790069339.1802197,-0.01779,-0.00806,-0.99833,0.0028,0.00242,0.03426
1790069339.1802197,-0.0151,-0.00963,-0.99899,0.0042,0.00588,0.03334
1790069339.2120035,-0.01555,-0.00836,-0.99906,0.00155,0.0028,0.02382
1790069339.3882859,-0.01467,-0.00412,-0.9983,0.00014,0.00143,0.00751
1790069339.598011,-0.00984,0.00686,-0.99965,0.00204,0.003,-0.00681
1790069339.598011,-0.00763,0.01466,-0.99867,0.00199,0.00235,-0.02199
1790069339.789835,-0.00289,0.02254,-0.99875,0.00147,0.00154,-0.0325
1790069339.999003,-0.00186,0.0306,-1.0008,8e-05,0.00335,-0.04203
1790069340.0189047,-0.00071,0.03767,-1.00121,0.00036,0.00364,-0.0295
1790069340.208925,-0.00402,0.03023,-1.00116,0.00413,0.00494,-0.01055
1790069340.208925,-0.00389,0.02495,-1.00077,0.00279,0.00156,0.0014
1790069340.415982,-0.0093,0.01154,-0.99933,0.00308,0.00223,0.02351
1790069340.6084316,-0.01287,-0.00018,-0.99775,0.00336,0.00409,0.0344
1790069340.6244884,-0.0172,-0.00782,-1.00017,0.00253,0.00653,0.03697
1790069340.8159256,-0.01504,-0.0096,-0.99855,0.00268,0.00625,0.02629
1790069340.8317642,-0.01599,-0.01019,-0.99906,0.0023,0.00331,0.02272
1790069341.0236742,-0.01661,-0.00562,-0.99879,0.00238,0.00561,0.01519
1790069341.0395505,-0.01354,-0.00339,-1.00038,0.00151,0.00449,0.00699
1790069341.2327092,-0.0083,0.00722,-1.00001,0.00427,0.00477,-0.01086
1790069341.2327092,-0.00697,0.01522,-1.00129,0.0027,0.00153,-0.02439
1790069341.4405308,-0.00325,0.02439,-0.9964,0.00362,0.00207,-0.03416
1790069341.4405308,-0.0018,0.03256,-0.99963,0.00136,0.00358,-0.04008
1790069341.6461203,0.00082,0.03613,-1.00084,-0.00109,0.00253,-0.03914
1790069341.651112,0.00035,0.03911,-1.00134,-0.00123,0.00573,-0.04021
1790069341.847512,-0.00104,0.03559,-0.99939,0.00216,0.00571,-0.02634
1790069341.847512,0.0006,0.03166,-0.99885,0.00227,0.00513,-0.01646
1790069342.0490935,-0.00278,0.02667,-0.99907,-0.00145,0.00379,-0.00056
1790069342.0490935,-0.00393,0.02049,-0.99873,-0.00058,0.00232,0.01261
1790069342.2474535,-0.00778,0.00961,-0.99832,0.00495,0.00407,0.02282
1790069342.2474535,-0.01096,0.00391,-0.99935,0.00578,0.00253,0.02937
1790069342.455437,-0.01401,-0.00216,-0.99852,0.00353,0.00327,0.03505
1790069342.4715223,-0.01664,-0.00968,-0.99684,0.00376,0.00447,0.03874
1790069342.6643445,-0.017,-0.01162,-0.99849,0.0017,0.00517,0.03655
1790069342.6643445,-0.01712,-0.01052,-0.99922,0.00424,0.00506,0.03363
1790069342.8730211,-0.01585,-0.00638,-0.99702,0.00366,0.00453,0.01809
1790069342.8730211,-0.01058,0.00246,-0.99744,0.00305,0.0024,-0.00256
1790069343.0812142,-0.00917,0.00854,-0.99748,0.00254,0.00394,-0.0174
1790069343.2582903,-0.0068,0.01698,-1.00057,0.00262,0.00285,-0.02347
1790069343.2740924,-0.00394,0.02596,-0.99741,0.00181,0.00127,-0.03216
1790069343.480133,-0.00059,0.03343,-0.99865,0.00183,0.00305,-0.03724
1790069343.6862216,-0.00081,0.03198,-0.99983,0.00114,0.00355,-0.02941
1790069343.8963318,-0.00423,0.02559,-0.99911,0.00615,0.0058,-0.00083
1790069343.8963318,-0.00912,0.01476,-1.0003,0.00376,0.00305,0.01744
1790069344.1017685,-0.00948,0.00534,-1.00128,0.00074,0.00357,0.02499
1790069344.1017685,-0.01276,-1e-05,-0.99774,0.00269,0.00299,0.03581
1790069344.2613013,-0.0156,-0.00639,-0.99862,0.003,0.00592,0.03036
1790069344.2773194,-0.01611,-0.00342,-1.00091,0.0001,0.00711,0.01526
1790069344.5025146,-0.00634,0.01576,-0.99972,0.00053,0.00173,-0.02492
1790069344.711062,-0.00118,0.02929,-0.99986,0.00127,0.00201,-0.03936
1790069344.9193058,-0.00223,0.03278,-0.99862,-0.00089,0.00251,-0.03403
1790069344.9193058,-0.00133,0.03055,-0.99871,0.0053,0.0049,-0.01584
1790069345.128058,-0.0031,0.02559,-0.99848,0.00201,0.00255,0.00238
1790069345.128058,-0.00983,0.00913,-0.99936,0.00302,0.00081,0.02255
1790069345.1762753,-0.01122,0.00037,-0.99823,0.0031,0.00655,0.03569
1790069345.2721405,-0.0148,-0.00721,-1.00017,0.00303,0.00544,0.03757
1790069345.5284507,-0.01466,-0.00661,-0.99849,0.00283,0.00237,0.02667
1790069345.5284507,-0.01319,-0.0023,-0.99972,0.0023,0.00292,0.00763
1790069345.7377737,-0.00853,0.01021,-0.99969,0.00172,0.00378,-0.01513
1790069345.7377737,-0.00342,0.02157,-0.99822,0.00237,0.00123,-0.03274
1790069345.9454932,-0.00051,0.03285,-0.99912,0.00056,0.00409,-0.04058
1790069345.9454932,-0.00032,0.0364,-0.99859,-0.00118,0.00491,-0.0433
1790069346.1377976,-0.00036,0.03817,-1.0007,-0.00123,0.0013,-0.03115
1790069346.153727,-0.00218,0.02888,-1.00042,0.00206,0.00653,-0.01068
1790069346.283203,-0.00284,0.02428,-0.99909,0.00189,0.00403,0.00548
1790069346.2989268,-0.01081,0.00703,-0.99826,0.00599,0.00336,0.02566
1790069346.553076,-0.01321,-0.00294,-0.99742,0.00269,0.00626,0.03877
1790069346.553076,-0.01543,-0.01219,-0.99791,0.0062,0.00448,0.0384
1790069346.7602172,-0.01659,-0.00707,-0.99961,0.00243,0.00771,0.01871
1790069346.7758815,-0.01209,-0.00043,-0.99836,0.00345,0.00241,0.00272
1790069346.9350712,-0.00629,0.0135,-1.00056,0.00107,0.00312,-0.02311
1790069347.1745174,-0.00012,0.03543,-0.99991,0.00059,0.00215,-0.03846
1790069347.209426,-0.00741,0.02014,-1.00084,0.00407,0.00364,0.01726
1790069347.381759,-0.01164,0.00425,-0.99941,0.00421,0.00028,0.03107
1790069347.5734222,-0.01415,-0.00416,-0.99801,0.00575,0.00515,0.03921
1790069347.5893457,-0.01423,-0.00855,-0.99901,0.00366,0.003,0.03243
1790069347.7824588,-0.01503,-0.00758,-0.99811,0.0039,0.00605,0.02352
1790069347.798328,-0.01226,-0.00058,-0.99822,0.00102,0.00142,0.0047
1790069347.989765,-0.00935,0.0126,-0.9987,0.00089,0.00135,-0.0181
1790069347.989765,-0.00418,0.02221,-0.99768,0.00171,0.00469,-0.03619
1790069348.1971767,-0.00108,0.03496,-0.99996,0.00094,0.00261,-0.0429
1790069348.1971767,-0.00078,0.0401,-0.99978,0.00242,0.00441,-0.03681
1790069348.3143466,0.00059,0.03523,-0.99839,0.00172,0.00776,-0.01541
1790069348.6094263,-0.00744,0.01784,-0.99995,0.00217,0.00259,0.01079
1790069348.6149337,-0.01552,-0.0054,-0.99982,0.00062,0.00485,0.03776
1790069348.8153598,-0.01481,-0.0109,-0.99751,0.00339,0.00553,0.04025
1790069348.8176248,-0.01754,-0.00877,-0.99638,0.00417,0.00523,0.02646
1790069349.015824,-0.0124,-0.00119,-0.9999,0.00332,0.00594,0.0034
1790069349.22,-0.00401,0.03157,-0.99779,0.00141,0.00049,-0.04001
1790069349.22,0.00084,0.03726,-0.99821,-0.00235,0.0016,-0.03785
1790069349.316896,0.00215,0.03642,-0.99892,0.00258,0.00589,-0.01737
1790069349.4269779,-0.00742,0.02219,-1.00085,0.00251,0.00305,0.00698
1790069349.6188042,-0.00907,0.01053,-0.99966,0.00341,0.00347,0.02317
1790069349.6347384,-0.01066,0.00054,-0.99961,0.0042,0.00652,0.03698
1790069349.8197248,-0.01712,-0.00893,-0.99795,0.00157,0.00419,0.03757
1790069349.8270524,-0.01602,-0.00697,-0.99836,0.00501,0.00532,0.02452
1790069350.0355031,-0.01233,0.00039,-1.00036,0.00323,0.00676,0.00226
1790069350.2418263,-0.00508,0.02602,-1.00066,-0.00116,0.00215,-0.03595
1790069350.2418263,0.00125,0.03527,-0.99951,0.00031,0.0052,-0.03917
1790069350.3208048,-0.00026,0.03371,-0.99998,0.00341,0.00487,-0.02136
1790069350.447384,-0.006,0.02073,-0.99964,0.00329,0.00313,0.00866
1790069350.6560802,-0.01002,0.00614,-0.99785,0.0041,0.0022,0.0309
1790069350.6560802,-0.01509,-0.00895,-0.999,0.00237,0.00544,0.03729
1790069350.8645082,-0.01482,-0.00586,-0.99728,0.00126,0.00442,0.01277
1790069351.0556169,-0.00871,0.0074,-0.99938,0.00196,0.00105,-0.00722
1790069351.0556169,-0.00587,0.019,-1.00108,-4e-05,0.00023,-0.02983
1790069351.2662437,-0.00088,0.02921,-0.9974,0.0027,0.00156,-0.04061
1790069351.2802465,0.00024,0.03576,-1.00009,0.0003,0.00576,-0.03615
1790069351.3159974,0.00147,0.03483,-1.00002,0.00346,0.00499,-0.01676
1790069351.4717236,-0.00047,0.03074,-0.99607,-0.00025,0.00726,-0.00444
1790069351.6805766,-0.00782,0.01527,-0.9985,0.00437,0.00628,0.01687
1790069351.6805766,-0.01506,-0.00905,-1.00074,0.00366,0.0044,0.03697
1790069351.8898208,-0.01248,0.00196,-1.00069,0.00357,0.00546,-0.00082
1790069352.082625,-0.0076,0.01607,-0.99929,0.00366,0.0047,-0.02073
1790069352.146835,-0.00326,0.02791,-0.99898,0.00247,0.00423,-0.04
1790069352.2917194,0.00013,0.03625,-0.99955,0.00268,0.00462,-0.04167
1790069352.3294315,8e-05,0.03693,-1.00189,0.00265,-8e-05,-0.03203
1790069352.4990914,-0.00154,0.02859,-0.99847,0.00181,0.00461,-0.00396
1790069352.6911383,-0.01019,0.01203,-0.99779,0.00381,0.0019,0.02327
1790069352.706966,-0.01586,-0.00903,-0.99812,0.00249,0.00644,0.03856
1790069352.9148965,-0.0149,-0.00825,-1.00005,0.00356,0.0078,0.02333
1790069352.9148965,-0.01277,0.0015,-0.99954,0.00256,0.00314,-0.00179
1790069353.1067262,-0.00747,0.01393,-0.99881,0.00395,0.00283,-0.02283
1790069353.1067262,-0.0021,0.02658,-0.99998,-0.00026,0.00089,-0.03744
1790069353.334438,0.00103,0.0354,-1.00268,0.00231,0.00355,-0.03865
1790069353.334438,-0.00695,0.01546,-1.00036,0.00231,0.00656,0.01918
1790069353.5244043,-0.01377,-0.00018,-0.997,0.00394,0.00233,0.03848
1790069353.5404701,-0.01476,-0.008,-0.99786,0.00453,0.00281,0.03398
1790069353.7266903,-0.01459,-0.00388,-0.99874,0.00487,0.00407,0.01866
1790069353.7364578,-0.01015,0.01122,-0.99991,0.00217,0.00581,-0.01921
1790069353.9376814,-0.00302,0.02874,-0.99871,0.00183,0.00241,-0.03702
1790069354.1377292,-0.0002,0.03318,-0.99958,0.0029,-6e-05,-0.02598
1790069354.3526134,-0.01186,0.00517,-0.99862,0.00118,0.00262,0.0311
1790069354.3526134,-0.01519,-0.00774,-0.99887,0.00411,0.00413,0.03921
1790069354.5448563,-0.00906,0.01443,-0.99934,0.00312,0.00303,-0.01428
1790069354.5608053,-0.00259,0.02886,-0.99972,0.00361,0.00275,-0.0341
1790069354.7516813,-0.00045,0.02969,-0.99783,0.00234,0.00456,-0.01225
1790069354.7516813,-0.00984,0.00978,-0.99886,0.00175,0.00142,0.02557
1790069354.9577339,-0.0177,-0.00396,-0.99785,0.00436,0.00364,0.03467
1790069354.9577339,-0.01146,-0.00333,-0.99883,0.00342,0.00632,0.01334
1790069355.163929,-0.0039,0.02933,-0.99877,-0.00063,0.00431,-0.03182
1790069355.2952545,-0.00178,0.02845,-0.99938,0.00383,0.00459,-0.01334
1790069355.5731575,-0.00902,0.01173,-1.00069,0.00206,0.0039,0.02533
1790069355.7642715,-0.00762,0.01466,-0.99937,0.00208,0.00405,-0.02249
1790069355.9744449,-0.00144,0.0294,-0.99868,0.00018,0.00722,-0.01008
1790069355.9903216,-0.01043,0.01066,-0.99988,0.00129,0.00369,0.02347
1790069356.182824,-0.016,-0.00492,-0.99941,0.00467,0.00482,0.03433
1790069356.1990175,-0.01357,-0.00277,-0.99744,0.00244,0.00448,0.00906
1790069356.3443565,-0.00475,0.01813,-0.9995,0.00225,0.00214,-0.0215
1790069356.3923173,-0.00226,0.03342,-0.99846,-0.00216,0.00522,-0.03466
1790069356.5839117,-0.00661,0.02459,-0.99997,0.00437,0.00591,0.00239
1790069356.5839117,-0.01095,0.00179,-0.99871,0.00364,-0.00138,0.03542
1790069356.7912405,-0.01025,0.01411,-0.99691,0.00435,0.00245,-0.01713
1790069357.007411,-0.00298,0.03167,-0.99848,0.00069,0.00102,-0.02142
1790069357.212548,-0.00671,0.01574,-0.99907,0.00509,0.00622,0.01884
1790069357.2206025,-0.01218,-0.00177,-0.99932,-0.00119,0.00185,0.03063
1790069357.352264,-0.01502,-0.00171,-1.00038,0.00094,0.0073,0.01126
1790069357.4211926,-0.00465,0.01907,-0.99856,-0.00014,0.00374,-0.02689
1790069357.6110926,-0.00345,0.0305,-0.99872,0.00055,0.00067,-0.02819
1790069357.8272293,-0.00448,0.02076,-1.00043,0.00454,0.00247,0.00823
1790069357.8417192,-0.01251,-0.00292,-0.99946,0.00304,0.00567,0.01911
1790069358.0313962,-0.00947,0.00951,-0.99823,0.00213,0.00405,-0.01567
1790069358.2338693,-0.00341,0.0271,-0.9989,0.00217,0.00495,-0.00487
1790069358.3580556,-0.01426,-0.00634,-0.99663,0.00418,0.0039,0.03349
1790069358.4422894,-0.01145,0.00343,-0.99807,0.00036,0.00507,-0.00245
1790069358.6440954,-0.00284,0.02255,-0.9996,0.00409,0.00209,-0.03059
1790069358.8465047,-0.006,0.01591,-1.00005,-0.00072,0.00655,0.01733
1790069359.0545914,-0.01101,7e-05,-0.99744,0.0066,0.00718,0.00464
1790069359.0545914,-0.00466,0.02141,-0.99738,0.00229,-0.0013,-0.03351
1790069359.2560515,-0.00063,0.03229,-0.99921,-0.00058,0.00472,-0.02962
1790069359.2560515,-0.00706,0.01729,-0.99973,0.00178,0.00174,0.01375
1790069359.3559666,-0.01305,-0.00082,-0.99941,-0.00073,0.00659,0.0297
1790069359.456036,-0.01195,0.00011,-0.99863,0.00344,0.00825,0.00681
1790069359.6688285,-0.00596,0.02204,-0.99932,0.00067,0.00093,-0.03025
1790069359.8597682,-0.01229,0.00194,-1.00026,0.00239,0.00375,0.03178
1790069360.0782056,-0.01425,-0.00406,-0.99845,0.00456,0.00752,0.02027
1790069360.080692,-0.00401,0.03092,-1.0002,0.00155,0.00611,-0.03619
1790069360.2841098,-0.00119,0.02464,-1.00071,0.00468,0.00706,-0.00324
1790069360.2950091,-0.01139,0.00354,-0.99795,0.0071,0.00533,0.03245
1790069360.3791907,-0.01377,-0.00775,-1.00066,0.00152,0.00319,0.0312
1790069360.4912443,-0.00742,0.00959,-0.99668,-0.00065,0.00558,-0.01338
1790069360.6916265,-0.00167,0.02914,-1.00016,0.00169,0.00311,-0.03616
1790069360.6985526,-0.00498,0.02674,-0.99954,0.00519,0.00343,-0.00523
1790069360.851235,-0.011,0.00627,-1.00106,0.00366,0.00392,0.02844
1790069360.8599174,-0.0135,-0.00241,-0.99754,0.00597,0.00785,0.02304
1790069361.0957956,-0.01059,0.00506,-0.99911,0.00208,0.00584,-0.00493
1790069361.305261,-0.00163,0.02965,-1.00092,0.00329,0.00165,-0.01723
1790069361.305261,-0.01051,0.00829,-0.99972,0.004,0.00095,0.02751
1790069361.368799,-0.01579,-0.0075,-1.00087,0.00241,0.00386,0.03022
1790069361.4556475,-0.01209,0.00651,-0.99796,0.00249,0.0011,-0.00827
1790069361.718266,-0.00417,0.02569,-0.99847,0.00422,0.00201,-0.00793
1790069361.9160464,-0.01061,0.00715,-1.00053,0.00154,0.00272,0.03085
1790069362.1227992,-0.01183,0.00361,-0.99844,0.00378,0.00471,-0.00039
1790069362.135088,-0.002,0.0255,-0.99894,0.00437,0.00176,-0.03311
1790069362.3301306,-0.00264,0.03184,-1.00033,0.00321,0.00408,-0.01726
1790069362.3301306,-0.0122,0.01233,-1.00047,0.00205,0.00496,0.02127
1790069362.3787313,-0.0122,-0.00495,-0.99884,0.00333,0.00345,0.03513
1790069362.5377429,-0.01181,0.00016,-1.00061,0.00345,0.00635,0.00186
1790069362.739695,-0.00372,0.0233,-0.99967,0.00132,0.0024,-0.03431
1790069362.739695,-0.00234,0.03383,-0.9995,-0.0017,0.00028,-0.03494
1790069362.7466235,-0.00445,0.02113,-0.99985,0.00373,0.00464,0.00607
1790069362.9399803,-0.01266,0.00238,-0.99799,0.00338,0.00811,0.03344
1790069362.955781,-0.01387,-0.00651,-0.99982,0.00028,0.00652,0.02077
1790069363.1471334,-0.00495,0.01558,-0.99849,0.00294,-9e-05,-0.02095
1790069363.1471334,-0.0037,0.03258,-0.99872,0.0017,0.00129,-0.03655
1790069363.3548014,-0.00413,0.02006,-0.99966,0.00218,0.00532,0.00806
1790069363.3548014,-0.01337,-0.0023,-0.99797,0.00376,0.00766,0.03917
1790069363.546496,-0.00556,0.01578,-0.99857,0.00133,0.00095,-0.02243
1790069363.764811,-0.00238,0.03311,-0.9999,0.00036,0.0025,-0.03172
1790069363.7763877,-0.00786,0.01693,-0.99971,0.00103,0.00564,0.01503
1790069363.9697194,-0.01327,-0.00316,-0.9973,0.00236,0.00684,0.03452
1790069363.977083,-0.01112,-0.00133,-1.00029,0.00135,0.00747,0.00654
1790069364.171054,-0.00411,0.02508,-0.99845,0.00028,0.00287,-0.03947
1790069364.378818,-0.01318,0.00596,-0.99895,0.00228,0.00184,0.02983
1790069364.3828173,-0.0151,-0.00338,-0.99896,0.00415,0.00526,0.0221
1790069364.5801206,-0.00722,0.01648,-0.99892,0.00281,0.0042,-0.02023
1790069364.593978,-0.00076,0.03436,-0.99908,0.00293,0.0038,-0.03898
1790069364.7884877,-0.00826,0.021,-0.99862,0.00373,0.00716,0.01166
1790069364.7944515,-0.01458,-0.00381,-0.99863,0.00198,0.00446,0.03722
1790069364.9898841,-0.01242,0.00364,-0.99929,0.00054,0.00509,0.00093
1790069365.198211,-0.00417,0.02776,-0.99933,-0.00106,0.00105,-0.01414
1790069365.201218,-0.01123,0.00768,-0.99972,0.00141,0.00096,0.02605
1790069365.4035172,-0.01243,-0.00548,-0.99806,0.00334,0.00712,0.03037
1790069365.4073403,-0.00841,0.0077,-0.99696,0.00189,0.00491,-0.01063
1790069365.6079524,-0.00249,0.03062,-0.99841,0.00247,0.002,-0.03527
1790069365.6149237,-0.00545,0.02404,-1.00107,0.00406,0.00721,0.00052
1790069365.8099027,-0.01241,0.00026,-1.00002,0.00225,0.00363,0.03513
1790069365.8161843,-0.01308,-0.00359,-0.99674,0.00258,0.00551,0.01257
1790069366.0166564,-0.00717,0.02054,-0.99787,0.00547,0.00431,-0.02725
1790069366.018068,-0.0023,0.02905,-1.00044,-4e-05,0.00016,-0.02393
1790069366.2188222,-0.00935,0.01257,-1.00054,-0.00047,0.0051,0.02164
1790069366.2247868,-0.0139,-0.00342,-0.99869,0.0002,0.0035,0.02634
1790069366.4064193,-0.00964,0.00792,-0.99956,0.00087,0.00153,-0.01187
1790069366.4137292,0.00096,0.03086,-0.99767,0.00229,0.00239,-0.03725
1790069366.634443,-0.00666,0.02156,-1.00085,0.00428,0.00669,0.00632
1790069366.6354506,-0.0126,-0.00161,-0.99914,0.00298,0.00505,0.03491
1790069366.8392496,-0.00814,0.01403,-0.99961,0.0007,0.00126,-0.02141
1790069367.0386531,-0.00288,0.03023,-0.99807,0.00201,0.00174,-0.02891
1790069367.2462442,-0.01311,-0.00499,-0.99848,0.00309,0.00534,0.03308
1790069367.2475736,-0.01193,0.00347,-0.99855,0.00108,0.0081,-0.00493
1790069367.4098644,-0.0028,0.02795,-0.99901,0.00381,0.00201,-0.03393
1790069367.4204524,-0.00151,0.02835,-1.00001,0.00408,0.00594,-0.0096
1790069367.6560457,-0.00566,0.01426,-0.99891,0.00181,0.00235,-0.02042
1790069367.8574965,-0.00253,0.03243,-0.9998,0.00133,0.00162,-0.03021
1790069367.8574965,-0.00683,0.01219,-0.99933,0.00282,0.00105,0.02125
1790069368.0657544,-0.01456,-0.00561,-0.99853,0.00226,0.0064,0.02858
1790069368.0657544,-0.01005,0.01138,-1.00037,0.00243,0.00491,-0.01245
1790069368.245501,-0.00657,0.0196,-0.99944,0.00332,0.01021,0.01036
1790069368.4131665,-0.01268,-0.00082,-0.99846,0.00044,0.00171,0.03299
1790069368.474483,-0.0143,-0.00041,-0.99763,0.00074,0.00501,0.01369
1790069368.677758,-0.00489,0.02074,-0.99681,0.00323,-0.00053,-0.02747
1790069368.677758,-0.00052,0.03341,-1.00148,0.00314,-0.00021,-0.02486
1790069368.8851752,-0.00865,0.01504,-0.99796,-0.00241,0.00508,0.01587
1790069369.0865164,-0.01295,-0.00204,-0.99734,0.00305,0.00849,0.0109
1790069369.2948756,-0.00226,0.03328,-0.9987,0.00289,0.0044,-0.03025
1790069369.2948756,-0.00486,0.02145,-0.99888,0.00252,0.00215,-0.0009
1790069369.427177,-0.01,0.00608,-0.99972,0.00449,0.00411,0.03215
1790069369.4965174,-0.01432,-0.00304,-1.00013,0.00364,0.00473,0.01949
1790069369.7034044,-0.00644,0.0145,-0.99687,0.00168,0.00554,-0.01723
1790069369.704414,-0.00137,0.03252,-0.9988,-0.00046,0.00482,-0.03185
1790069369.9059765,-0.00756,0.01615,-0.99964,0.0003,0.00501,0.01408
1790069369.9059765,-0.015,-0.00052,-0.99799,0.00229,0.00379,0.02694
1790069370.1153767,-0.01691,-0.01517,-0.99929,0.0024,0.00239,0.02629
1790069370.3156998,-0.01368,0.00201,-0.99832,0.00217,0.0082,0.01346
1790069370.4337025,-0.00769,0.01572,-0.99882,0.00105,0.00266,-0.02101
1790069370.7251425,-0.00291,0.0283,-0.99801,0.00169,0.00101,-0.03152
1790069370.7251425,-0.00506,0.02442,-0.99868,0.00242,0.00314,-0.00315
1790069370.7251425,-0.01081,0.00217,-0.99664,0.0031,0.00487,0.02556
1790069370.9329677,-0.01498,-0.00446,-0.99753,0.00108,0.00759,0.02614
1790069370.9416575,-0.0071,0.01248,-0.99675,0.00107,0.00766,-0.01453
1790069371.137296,-0.00285,0.02956,-0.99947,0.00228,0.00118,-0.02976
1790069371.1415973,-0.00579,0.01905,-0.99756,0.00165,0.00309,0.00844
1790069371.343214,-0.01113,0.0023,-0.99827,0.00382,0.00531,0.00481
1790069371.439452,-0.00308,0.02289,-0.9987,0.00218,0.00463,-0.02596
1790069371.5445764,-0.00486,0.02809,-1.00004,0.00141,0.0026,-0.01424
1790069371.7519946,-0.0087,0.011,-1.00027,0.0034,0.00072,0.02096
1790069371.954754,-0.0093,0.00972,-0.99801,0.00338,0.00409,-0.01146
1790069371.961078,-0.00101,0.02853,-1.00076,0.00434,0.0051,-0.03332
1790069372.1559541,-0.00495,0.02466,-0.99962,0.00602,0.00564,-0.00259
1790069372.172369,-0.01316,0.00131,-0.9996,-0.00043,0.00576,0.0331
1790069372.3645928,-0.01373,-0.00092,-0.99745,0.00074,0.00438,0.01658
1790069372.374872,-0.0058,0.01533,-0.99936,0.00445,0.0013,-0.02025
1790069372.5701566,-0.0022,0.0298,-0.99847,0.00182,0.00211,-0.02904
1790069372.7740014,-0.01351,-0.00263,-0.99845,0.00299,0.00799,0.03268
1790069372.7740014,-0.01133,0.00438,-0.99856,0.00244,0.00537,0.00018
1790069372.9751928,-0.00362,0.02473,-0.99849,0.00401,0.00308,-0.03187
1790069372.980854,-0.00251,0.03006,-0.99914,-0.00024,0.00399,-0.02152
1790069373.183474,-0.0085,0.01856,-0.99929,-0.00068,0.0063,0.00856
1790069373.1868386,-0.01485,-0.00052,-0.99837,0.00139,0.00704,0.03243
1790069373.3905523,-0.01193,0.00114,-1.00073,0.00422,0.00741,0.00725
1790069373.391931,-0.00476,0.02108,-0.99938,0.0019,0.00529,-0.02849
1790069373.4409287,-0.00305,0.0305,-0.99796,0.00297,0.00298,-0.02647
1790069373.593065,-0.00907,0.01213,-1.00045,0.00223,0.00522,0.01633
1790069373.8003604,-0.01403,-0.00368,-0.99881,0.00186,0.00414,0.03023
1790069374.0027025,-0.00055,0.03052,-1.00002,0.00333,0.00067,-0.03288
1790069374.0156085,-0.00452,0.01984,-0.99823,0.00205,0.00281,0.00443
1790069374.0169685,-0.01506,0.00058,-0.99702,0.00022,0.0049,0.03288
1790069374.2179906,-0.00288,0.02291,-0.99761,0.00292,0.00341,-0.02644
1790069374.412724,-0.00346,0.02882,-0.99968,0.00337,0.00306,-0.01807
1790069374.4203703,-0.00832,0.01463,-0.99914,0.00298,0.00542,0.01721
1790069374.6144955,-0.01342,-0.00461,-0.99919,0.00294,0.00476,0.03266
1790069374.6214573,-0.01294,0.00482,-1.00096,0.00362,0.0058,-0.00196
1790069374.8232236,-0.00259,0.02544,-0.99961,0.00211,0.00382,-0.03499
1790069374.8232236,-0.00233,0.02704,-0.99939,0.00176,5e-05,-0.01089
1790069375.0294583,-0.0099,0.00362,-0.99839,0.00138,0.00277,0.02834
1790069375.038084,-0.01269,-0.00479,-0.99921,0.00058,0.00482,0.02698
1790069375.038084,-0.01026,0.00865,-0.99874,0.00216,0.00452,-0.00843
1790069375.2322724,-0.00291,0.02916,-0.99957,0.0042,0.00303,-0.03326
1790069375.2389953,-0.00336,0.02347,-0.99955,0.00484,0.00428,0.00092
1790069375.4387403,-0.01126,0.00235,-0.99636,0.00111,0.0041,0.03486
1790069375.4401855,-0.01363,-0.00217,-0.99937,0.00262,0.0055,0.01065
1790069375.6488764,-0.00261,0.02978,-0.99998,0.00193,0.00416,-0.02629
1790069375.8500435,-0.01251,-0.00296,-0.99747,0.00203,0.00402,0.03029
1790069376.051602,-0.00267,0.02529,-0.99786,0.00198,0.00215,-0.02989
1790069376.2581139,-0.00328,0.02498,-1.0017,0.00371,0.00409,-0.00952
1790069376.2601233,-0.01237,0.0019,-0.99949,0.00442,0.00351,0.03226
1790069376.4545074,-0.01211,0.00041,-0.99914,0.00098,0.00629,0.01216
1790069376.662679,-0.00958,0.01214,-0.99818,0.00181,0.00288,-0.01537
1790069376.6677556,-0.00518,0.02516,-0.99988,0.00302,0.00737,-0.00207
1790069376.8708005,-0.00959,0.00419,-0.99734,-0.00105,0.00652,0.00134
1790069377.0725281,-0.00564,0.02456,-0.99835,0.00249,-2e-05,-0.0302
1790069377.079241,-0.00119,0.0295,-1.00018,0.00127,0.00274,-0.0249
1790069377.281957,-0.00979,0.01107,-0.99641,0.0019,0.00826,0.02336
1790069377.2939637,-0.01547,-0.00581,-0.99662,0.00243,0.00584,0.02758
1790069377.4540823,-0.00711,0.01154,-0.99985,0.00241,0.00243,-0.01193
1790069377.6901727,-0.00284,0.02872,-1.00138,0.00372,0.00288,-0.03588
1790069377.6965537,-0.00208,0.02789,-0.99935,0.0026,-0.00104,-0.01519
1790069377.6965537,-0.01151,0.00891,-0.99897,0.00122,0.00448,0.01988
1790069377.8984034,-0.01556,-0.00438,-0.99759,0.00349,0.00861,0.03253
1790069377.9027824,-0.00966,0.00377,-0.9973,0.00297,0.00426,0.00012
1790069378.1030595,-0.00308,0.02548,-1.00028,0.00457,0.00451,-0.00425
1790069378.3089705,-0.01289,0.00366,-0.99619,0.00056,0.00304,0.02911
1790069378.3156695,-0.01316,-0.00526,-0.99865,0.00041,0.00734,0.02068
1790069378.4615626,-0.00675,0.01779,-0.99784,0.00263,0.00297,-0.02232
1790069378.5222409,-0.00037,0.03086,-0.99884,-1e-05,0.00045,-0.03416
1790069378.717215,-0.00429,0.01999,-0.99924,0.00141,0.0052,0.00899
1790069378.7180612,-0.01381,-0.00119,-0.99826,0.00229,0.00599,0.03481
1790069378.919873,-0.01185,0.00197,-0.99745,0.00174,0.00643,0.00835
1790069378.919873,-0.00635,0.02136,-1.00092,0.00544,0.00023,-0.02871
1790069379.1203825,-0.00448,0.03066,-1.00138,0.00039,0.00395,-0.02172
1790069379.1276345,-0.00621,0.01383,-0.99901,0.002,0.00346,0.01844
1790069379.3295126,-0.01379,-0.00384,-0.99889,-0.00015,0.00845,0.02792
1790069379.4614162,-0.00935,0.00429,-1.00018,0.00257,0.00342,-0.00506
1790069379.537135,-0.0045,0.02516,-0.99718,0.00432,0.00157,-0.03219
1790069379.7393,-0.00261,0.02733,-1.00092,0.00129,0.00307,-0.0207
1790069379.9404671,-0.01405,-0.00284,-0.99992,0.00336,0.00437,0.03004
1790069379.9474719,-0.00392,0.02041,-0.99847,0.00316,0.00285,-0.02613
1790069380.1489606,-0.00199,0.03028,-0.99986,0.00406,0.0034,-0.03103
1790069380.1539721,-0.00661,0.02184,-0.99947,0.0033,0.0054,-0.00169
1790069380.3495996,-0.01095,0.008,-0.99956,0.00181,0.00279,0.02131
1790069380.4728408,-0.01208,0.00314,-1.00079,0.00187,0.00299,0.00357
1790069380.5585709,-0.00788,0.01413,-0.99804,0.00313,0.00304,-0.01663
1790069380.7600324,-0.00235,0.02845,-0.99992,0.00287,0.00336,-0.0097
1790069380.9678254,-0.00948,0.00605,-1.00058,0.00223,0.00206,0.02369
1790069381.16962,-0.00777,0.01032,-0.99638,0.00278,0.0019,-0.01021
1790069381.1817932,-0.00342,0.02522,-0.99932,0.00371,0.00174,-0.02735
1790069381.3777783,-0.005,0.02762,-1.00158,0.00317,-0.00027,-0.01966
1790069381.3777783,-0.00961,0.00809,-0.99767,0.00215,0.00311,0.02383
1790069381.4807165,-0.01571,-0.00584,-0.99929,0.00326,0.00753,0.03126
1790069381.5853877,-0.01014,0.00516,-0.99726,0.00235,0.00475,-0.00283
1790069381.7875574,-0.00264,0.02522,-0.99976,0.00119,0.00172,-0.02795
1790069381.7933621,-0.00436,0.02489,-0.99897,0.0019,0.00459,-0.006
1790069381.988918,-0.00718,0.03084,-0.999,0.00411,0.00099,-0.05806
1790069382.1954343,-0.00585,0.01934,-1.00096,0.00345,0.00349,-0.00634
1790069382.1974432,-0.00943,0.00357,-0.99883,0.00144,0.00248,-0.02776
1790069382.3990045,-0.02299,-0.01961,-0.99724,0.00507,0.00353,0.03382
1790069382.4749966,-0.00606,0.0135,-0.99922,0.00073,0.00635,-0.01026
1790069382.6063159,-0.00518,0.02264,-1.00035,0.00083,0.00338,-0.02099
1790069382.8129764,-0.00704,0.01545,-0.99903,0.00148,0.00327,0.00685
1790069383.015363,-0.01121,0.00777,-0.99788,0.00242,0.0072,0.01887
1790069383.0163941,-0.0151,-0.00126,-0.99974,0.00196,0.00354,0.02857
1790069383.2171142,-0.01166,0.0016,-0.99877,0.00522,0.00412,0.00702
1790069383.4261909,-0.00531,0.0188,-0.99974,0.00415,0.00396,-0.02105
1790069383.4949126,-0.00281,0.0238,-0.9983,0.00321,0.00328,-0.03081
1790069383.6413498,-0.00315,0.02679,-1.0009,0.00171,0.00225,-0.02572
1790069383.8354676,-0.00597,0.01557,-1.00153,0.00024,0.00432,0.00926
1790069384.0423696,-0.01005,0.0042,-0.99899,-0.00094,0.00643,0.02349
1790069384.2448013,-0.00886,0.00906,-0.99807,0.00372,0.00233,-0.00237
1790069384.2526147,-0.00499,0.02088,-0.99933,0.00179,0.0014,-0.0206
1790069384.4469166,-0.00436,0.02556,-0.99939,0.00163,0.00508,-0.01788
1790069384.4469166,-0.00603,0.01378,-0.99847,-7e-05,0.00131,0.01201
1790069384.6528845,-0.01277,0.00056,-1.00039,0.00175,0.00387,0.02779
1790069384.6558917,-0.01189,0.00161,-0.99852,-0.00088,0.00262,0.01232
1790069384.8567991,-0.00605,0.01396,-0.99995,0.00026,0.00671,-0.01113
1790069384.8567991,-0.0075,0.02432,-0.99881,0.00219,0.00258,-0.02396
1790069385.0643532,-0.00671,0.01334,-1.0001,0.00249,0.00249,0.0119
1790069385.2707245,-0.01277,0.00017,-0.99948,0.00138,0.0049,0.02651
1790069385.4748292,-0.00666,0.01582,-0.99894,0.00193,0.00299,0.0072
1790069385.6753297,-0.01241,0.00092,-0.99831,0.00512,0.00399,0.02556
1790069385.6806073,-0.01174,0.00344,-1.00005,0.00265,0.0081,0.00718
1790069385.8838527,-0.00849,0.01934,-1.00043,0.0025,0.00123,-0.02069
1790069385.8907216,-0.00252,0.02525,-1.00036,0.00144,0.00369,-0.02195
1790069386.085606,-0.00601,0.0197,-0.99868,0.00238,0.00321,-0.00062
1790069386.099192,-0.01167,0.00376,-0.99886,0.00325,0.00446,0.02236
1790069386.2932937,-0.0119,0.0021,-0.99899,0.00134,0.00637,0.01407
1790069386.3005006,-0.0099,0.0107,-0.99848,0.00178,0.00602,-0.00817
1790069386.4872093,-0.00181,0.02542,-1.00004,0.00228,0.00273,-0.02871
1790069386.49328,-0.00528,0.02296,-1.00103,0.0031,0.00455,-0.00196
1790069386.7033453,-0.01066,0.00579,-1.00037,0.0005,0.00084,0.02286
1790069386.715908,-0.01357,-0.00113,-0.99866,0.00134,0.00419,0.02463
1790069386.904218,-0.01008,0.01022,-0.99902,0.00371,0.00418,-0.00496
1790069387.1117938,-0.0054,0.02355,-0.99887,0.00255,0.00391,-0.01127
1790069387.119237,-0.0079,0.00858,-0.99753,0.00212,0.002,0.02024
1790069387.313541,-0.0127,-0.00059,-0.99658,0.00213,0.00537,0.02232
1790069387.313541,-0.00799,0.0127,-1.00032,-0.00237,0.00707,-0.00925
1790069387.501327,-0.00269,0.02582,-0.9981,0.00397,0.00494,-0.01487
1790069387.7233846,-0.01286,-0.00102,-0.9995,0.00301,0.00166,0.02724
1790069387.930833,-0.00317,0.02075,-0.99905,-0.00046,0.00178,-0.0215
1790069388.13249,-0.00231,0.026,-0.99818,0.00267,0.00767,-0.01328
1790069388.339985,-0.01057,0.00912,-0.99888,0.00123,0.00623,-0.00604
1790069388.501767,-0.00281,0.02518,-1.00071,0.00109,0.00286,-0.02563
1790069388.5064914,-0.00306,0.02055,-1.00177,0.00437,0.00402,-0.0052
1790069388.7511175,-0.01111,0.00417,-0.99866,0.0026,0.00276,0.02234
1790069388.9523609,-0.00261,0.02543,-1.00029,0.00161,0.00095,-0.0241
1790069389.159627,-0.00504,0.02019,-0.99953,0.00528,0.00504,-0.00012
1790069389.3617134,-0.0118,0.00267,-1.00084,0.00274,0.0055,0.00548
1790069389.3617134,-0.00445,0.02324,-0.99953,-0.00157,0.0047,-0.02573
1790069389.5076997,-0.00378,0.02605,-0.99901,0.00097,0.00509,-0.01173
1790069389.5076997,-0.00973,0.00635,-0.99936,0.00044,0.00412,0.0257
1790069389.7712657,-0.01332,0.0003,-0.99839,0.00258,0.00326,0.01736
1790069389.9788165,-0.0047,0.02859,-0.99997,-0.00091,0.00228,-0.03037
1790069390.1811373,-0.01087,0.00069,-0.99689,0.00216,0.00303,0.02297
1790069390.201498,-0.00366,0.02394,-1.00086,0.00323,0.00424,-0.02468
1790069390.3884444,-0.00344,0.02442,-0.99914,-0.00017,0.00355,-0.01349
1790069390.5081313,-0.00876,0.00649,-0.99958,0.00263,0.00578,0.02367
1790069390.5081313,-0.01477,-0.00035,-0.99997,0.00011,0.00655,0.01805
1790069390.7922678,-0.00666,0.01608,-0.9993,0.00384,0.00283,-0.01951
1790069390.7989285,-0.00346,0.02341,-0.99913,0.0003,0.00243,-0.01464
1790069391.0006244,-0.00847,0.00666,-0.99977,0.00208,0.00529,0.02193
1790069391.0006244,-0.0133,-0.00233,-0.99859,0.00355,0.00515,0.02139
1790069391.0080595,-0.00695,0.01349,-0.99706,0.00399,0.00336,-0.01671
1790069391.2076359,-0.0047,0.02763,-0.99851,0.00028,0.00296,-0.02372
1790069391.21447,-0.00833,0.00993,-0.99993,0.00474,0.00408,0.01897
1790069391.4105852,-0.01121,0.00155,-0.99908,-0.0021,0.00376,0.01597
1790069391.4172556,-0.00351,0.01992,-1.00083,0.00106,0.00076,-0.0261
1790069391.5205874,-0.0019,0.02452,-0.99948,0.00275,0.00636,-0.01373
1790069391.6182108,-0.00855,0.00664,-0.99951,0.00422,0.00262,0.02605
1790069391.8203387,-0.01162,1e-05,-1.00011,0.00185,0.0081,0.01621
1790069391.8203387,-0.00502,0.02003,-0.99921,0.00415,0.00021,-0.02114
1790069392.0282333,-0.00185,0.02774,-1.00052,0.00254,0.00311,-0.02254
1790069392.0353675,-0.00906,0.01124,-0.99812,0.00164,0.00525,0.01748
1790069392.2300127,-0.01248,0.00026,-0.99888,0.00369,0.00731,0.01623
1790069392.236032,-0.00929,0.01604,-0.99843,0.00114,0.00579,-0.01678
1790069392.437514,-0.003,0.02734,-0.99784,0.00242,0.00412,-0.01827
1790069392.437514,-0.00918,0.0088,-1.00028,0.0011,0.00196,0.02174
1790069392.6395178,-0.00851,0.01119,-0.99977,0.00309,0.0042,-0.01076
1790069392.845519,-0.00174,0.03011,-0.99879,0.00228,0.00372,-0.0281
1790069393.0492473,-0.01175,0.00137,-0.9989,0.00292,0.00601,0.00506
1790069393.0613446,-0.00425,0.0197,-1.00135,0.00231,0.00457,-0.02095
1790069393.2560182,-0.00171,0.02661,-0.99936,0.00181,0.00425,-0.01788
1790069393.2573533,-0.00656,0.0095,-0.99832,-0.00035,0.00096,0.01973
1790069393.4589589,-0.01346,0.00115,-0.99773,0.00288,0.00439,0.01616
1790069393.4653323,-0.0058,0.01716,-1.00184,2e-05,0.00546,-0.02051
1790069393.5666218,-0.00262,0.0262,-0.99854,0.00532,0.00079,-0.01543
1790069393.86851,-0.01284,0.00435,-0.99916,0.00089,0.0038,0.03009
1790069393.8754823,-0.00696,0.02528,-0.99957,0.0009,0.00346,-0.02552
1790069394.0757797,-0.01144,0.00042,-0.99831,0.00399,0.00696,0.02864
1790069394.278218,-0.01157,0.00231,-0.99856,0.00153,0.00454,0.00294
1790069394.4855418,-0.00538,0.02156,-0.9979,0.0029,0.00396,0.00294
1790069394.6874309,-0.01144,0.00677,-0.99902,0.00305,0.00602,-0.00335
1790069394.7009664,-0.00323,0.02256,-1.00055,-0.00016,0.00075,-0.02093
1790069394.8937402,-0.0203,-0.02588,-0.99617,0.00403,0.00593,0.02765
1790069394.9013677,-0.00362,0.02253,-0.99893,0.00083,0.00433,-0.02128
1790069395.0975626,-0.00466,0.02254,-1.00073,0.00067,0.00629,-0.02155
1790069395.3041847,-0.0127,-5e-05,-0.99858,0.001,0.00559,0.01706
1790069395.3111315,-0.00651,0.01731,-0.99967,-0.00022,0.00243,-0.01753
1790069395.507267,-0.00612,0.02406,-1.00056,0.00348,0.00496,-0.01824
1790069395.513332,-0.00673,0.01818,-0.9992,-0.00177,0.00326,-0.04009
1790069395.7123895,-0.00408,0.01799,-0.99959,0.00328,0.00258,0.00475
1790069395.7206767,-0.01102,0.00264,-0.99786,0.00172,0.00287,0.02944
1790069395.9165878,-0.0135,-0.00302,-0.9997,0.00218,0.01086,0.01727
1790069395.9231882,-0.0055,0.01918,-0.99964,0.00285,0.00327,-0.0165
1790069396.1241453,-0.0025,0.02888,-0.99665,0.00085,0.00225,-0.02729
1790069396.132292,-0.00497,0.01608,-0.99896,0.00254,0.003,0.00664
1790069396.326542,-0.01307,0.00205,-0.99802,0.00122,0.0006,0.0287
1790069396.3336031,-0.01426,-0.00106,-0.99866,1e-05,0.00819,0.01649
1790069396.5279794,-0.00554,0.02105,-0.99895,0.00422,0.00037,-0.01985
1790069396.534591,-0.00321,0.02913,-0.99836,0.00606,0.002,-0.02688
1790069396.7361686,-0.00681,0.01835,-0.99785,0.00311,0.00505,0.0079
1790069396.9371676,-0.00444,0.01988,-0.9989,0.00334,0.00162,-0.02178
1790069397.1453848,-0.00839,0.01164,-0.99941,0.00149,0.00156,0.01337
1790069397.3467302,-0.01287,-0.00167,-0.99861,0.00293,0.00395,0.02946
1790069397.541446,-0.00112,0.02772,-0.9988,-0.00262,0.0031,-0.02451
1790069397.7623255,-0.01097,0.00438,-0.99784,0.00084,0.00849,0.00329
1790069397.9655492,-0.00481,0.02476,-0.99819,0.0037,-0.00108,-0.02801
1790069398.16643,-0.00926,0.00697,-0.99916,0.00542,0.00464,0.02649
1790069398.3749893,-0.00686,0.01331,-1.0004,-0.00024,0.0069,-0.01587
1790069398.3763537,-0.0025,0.02828,-0.99966,-0.00068,0.00324,-0.02778
1790069398.5416472,-0.0057,0.01861,-0.99964,0.00372,0.00419,0.00427
1790069398.5537612,-0.01113,-0.00042,-0.99836,-0.00021,0.00273,0.02985
1790069398.7848768,-0.01148,0.00081,-0.99765,5e-05,0.00788,0.00753
1790069398.986319,-0.00184,0.0283,-1.00146,0.00612,0.0071,-0.01195
1790069398.999984,-0.01046,0.00451,-0.99731,0.00048,0.00134,0.02638
1790069399.1933477,-0.01428,-0.0027,-0.99819,0.00179,0.00496,0.02
1790069399.2002826,-0.00559,0.01186,-0.99947,-0.00129,0.00368,-0.01579
1790069399.3540843,-0.00305,0.02997,-0.99897,0.00283,0.00085,-0.03116
1790069399.360267,-0.00633,0.01713,-1.00032,0.00367,0.00546,0.0114
1790069399.5536423,-0.01259,-0.00374,-0.99828,0.00116,0.003,0.0317
1790069399.560488,-0.01143,0.00726,-0.99876,0.00102,0.00742,-0.00254
1790069399.8118708,-0.00292,0.02259,-0.99827,-0.00135,0.00783,-0.0092
1790069400.0135174,-0.01079,0.00503,-0.99836,0.00418,0.00548,0.03075
1790069400.020331,-0.01239,-0.00091,-0.99994,0.00101,0.00992,0.01721
1790069400.2146614,-0.00507,0.0166,-0.99992,0.00274,0.00055,-0.02066
1790069400.2146614,-0.00258,0.02811,-0.99871,0.00084,0.00033,-0.02348
1790069400.3328521,-0.00619,0.01268,-0.99808,0.0064,-0.00112,0.02231
1790069400.5486486,-0.01529,-0.0019,-1.00022,0.00284,-0.00087,0.02424
1790069400.6248803,-0.00193,0.0305,-0.99774,0.00302,0.00301,-0.02872
1790069400.833261,-0.01355,0.00036,-0.99752,0.00346,0.00262,0.02238
1790069401.0346303,-0.01049,0.00569,-0.99949,-0.00056,0.00419,-0.0043
1790069401.0401752,-0.00265,0.03464,-1.00062,-2e-05,-0.00068,-0.04939
1790069401.2424402,-0.00266,0.02558,-0.99924,0.00553,0.00312,-0.00763
1790069401.4501107,-0.0133,-0.00371,-0.99819,0.00205,0.00379,0.03138
1790069401.458372,-0.01242,0.00354,-0.99712,0.00096,0.00859,0.00299
1790069401.5488248,-0.00891,0.0192,-0.99904,0.00121,0.00446,-0.0162
1790069401.651479,0.00012,0.02771,-1.00061,0.00382,0.00291,-0.02554
1790069401.8544438,-0.006,0.02282,-0.99868,0.00546,0.00757,-0.00028
1790069401.8603277,-0.00838,0.00334,-0.99813,0.00134,0.00293,0.02709
1790069402.061221,-0.01312,-0.00516,-0.99769,0.00081,0.0009,0.02604
1790069402.2698383,-0.00058,0.02478,-1.00045,0.0004,0.00026,-0.02933
1790069402.2767162,-0.00489,0.02595,-0.9998,0.0017,0.00147,-0.02121
1790069402.2777228,-0.01103,0.00665,-0.99691,0.00147,0.00244,0.02635
1790069402.4784853,-0.01223,-0.00343,-0.99824,0.00344,0.00507,0.02846
1790069402.5550263,-0.01292,0.00651,-0.99881,0.00374,0.00045,-0.00382
1790069402.679294,-0.00335,0.02623,-1.00009,0.00172,0.00384,-0.02963
1790069402.8794465,-0.00201,0.02788,-0.99887,0.00086,0.00393,-0.01598
1790069402.881525,-0.01142,0.00741,-0.99956,0.00241,0.0022,0.02684
1790069403.0824082,-0.00738,-0.00126,-0.99904,0.00225,0.00703,0.01824
1790069403.0824082,-0.00928,0.01533,-0.99799,-0.00343,0.00669,-0.03879
1790069403.2912233,-0.0097,-0.00438,-0.9985,0.00239,0.00577,0.03203
1790069403.2912233,-0.0136,0.00169,-0.99916,0.00176,0.0107,0.01747
1790069403.4920974,-0.00936,0.01403,-0.9984,0.00272,0.00469,-0.01356
1790069403.4989917,-0.00211,0.02622,-1.00044,0.00352,-0.00251,-0.02658
1790069403.7007732,-0.01066,0.00609,-0.99825,0.00617,0.00536,0.0228
1790069403.9012372,-0.01423,-0.00213,-0.99819,0.00339,0.00721,0.02967
1790069403.9082005,-0.01059,0.00648,-0.99902,4e-05,0.00778,-0.00696
1790069404.1099203,-0.00489,0.02747,-1.00087,0.00244,-0.00208,-0.0252
1790069404.1099203,-0.00259,0.02645,-1.0007,0.00207,0.00709,-0.01465
1790069404.312053,-0.00542,0.01313,-0.99852,-0.0005,0.00451,0.01049
1790069404.3182662,-0.01254,-0.00324,-0.99672,0.00088,0.00305,0.03557
1790069404.5669022,-0.00594,0.01992,-1.00003,0.00392,0.00535,-0.02087
1790069404.7207558,-0.00192,0.02989,-1.00042,0.00386,0.0012,-0.0281
1790069404.9301872,-0.0116,0.00376,-0.99962,-0.0003,0.00294,0.02758
1790069404.942826,-0.01359,-0.0069,-0.9995,0.00065,0.00349,0.03315
1790069405.1380844,-0.0111,0.00867,-0.99691,0.00405,0.00608,-0.00212
1790069405.1380844,-0.0014,0.02875,-0.99916,0.00144,0.00156,-0.02138
1790069405.3393264,-0.00887,0.0162,-1.00033,0.00073,0.00467,0.01121
1790069405.3393264,-0.01155,-0.00161,-0.99788,0.00207,0.00459,0.02952
1790069405.5399752,-0.01183,-0.00254,-0.99868,-4e-05,0.00945,0.01311
1790069405.5473998,-0.00853,0.02008,-1.00032,0.00313,0.00237,-0.01968
1790069405.7476835,-0.00191,0.02785,-0.99948,0.00451,-0.00243,-0.02839
1790069405.7486916,-0.00464,0.02266,-0.99932,0.00192,0.0046,-0.01105
1790069405.9555902,-0.01337,-0.00795,-0.99812,0.0041,0.00443,0.03157
1790069406.159872,-0.00889,0.01027,-0.99677,0.00014,0.00449,-0.01177
1790069406.37218,-0.00145,0.02957,-0.99891,0.00384,0.00341,-0.0162
1790069406.5679169,-0.01549,-0.00347,-0.99733,0.00377,0.00873,0.03275
1790069406.7689648,-0.01179,0.0052,-0.99972,0.00274,0.00714,-0.00308
1790069406.7689648,-0.00408,0.0276,-1.0001,0.00021,0.00134,-0.02879
1790069406.9531212,-0.00216,0.03115,-1.001,0.00148,0.00207,-0.02675
1790069406.9592965,-0.00397,0.01746,-1.00021,0.00333,0.00155,0.00555
1790069407.1792789,-0.01196,0.00328,-0.99856,-0.0004,0.00716,0.0321
1790069407.3877358,-0.00394,0.02607,-1.00061,-0.00083,-0.00126,-0.03108
1790069407.5882628,-0.00718,0.01404,-0.99958,0.00411,-0.00176,0.01665
1790069407.7978377,-0.01274,-0.00179,-0.99653,3e-05,0.00614,0.01624
1790069407.998721,-0.00967,0.0141,-0.99742,0.00146,0.00339,-0.01996
1790069408.0133016,-0.00076,0.03058,-0.99985,0.00361,-0.00212,-0.03176
1790069408.2061455,0.00025,0.03073,-1.00188,0.00143,0.00316,-0.01539
1790069408.2193656,-0.00733,0.01028,-0.99778,0.00147,0.00491,0.02017
1790069408.4080136,-0.01511,-0.00607,-0.99807,0.00078,0.00515,0.03661
1790069408.4209607,-0.01212,0.00282,-0.99973,0.00336,0.00608,0.01051
1790069408.588651,-0.00631,0.01601,-0.99931,-0.00036,0.00117,-0.0248
1790069408.5955205,-0.00046,0.03256,-0.99982,0.00271,0.00085,-0.03451
1790069408.8173141,-0.00593,0.02283,-0.99893,0.00476,0.00654,-0.00101
1790069409.0245187,-0.01576,-0.00688,-0.99765,0.00132,0.00344,0.02753
1790069409.2270546,-0.00109,0.03169,-0.99992,0.00726,-0.00146,-0.03578
1790069409.435784,-0.01589,-0.00163,-0.99702,-0.00286,0.00432,0.03874
1790069409.435784,-0.01512,-0.0053,-0.99649,0.0002,0.00891,0.02624
1790069409.5893679,-0.00873,0.01507,-1.00168,0.00188,0.00381,-0.01761
1790069409.6024942,-0.0009,0.03294,-0.99957,0.00131,-0.00078,-0.03732
1790069409.8447495,-0.01194,0.00357,-0.99874,0.00057,0.0058,0.02985
1790069410.0471096,-0.01274,-0.00428,-0.99897,0.00236,0.01149,0.02581
1790069410.0591996,-0.00943,0.01013,-0.99678,0.00119,0.00226,-0.00952
1790069410.2534602,-0.0029,0.02962,-0.99976,0.00199,-0.00248,-0.03148
1790069410.2554681,-0.00417,0.02788,-0.99873,0.00267,0.00785,-0.01277
1790069410.4571812,-0.00972,0.00588,-0.9973,-0.00148,0.00259,0.02889
1790069410.4571812,-0.01523,-0.00877,-0.99969,0.00296,0.00267,0.03547
1790069410.6023738,-0.00454,0.02476,-0.99994,0.00457,-0.00065,-0.03007
1790069410.8669662,-0.00239,0.03363,-0.99912,0.00207,0.0017,-0.02425
1790069411.0683317,-0.01432,-0.00886,-0.99938,0.00231,0.00244,0.03999
1790069411.2765393,-0.00753,0.02054,-1.00072,0.00345,0.0011,-0.02511
1790069411.2765393,-0.00166,0.03529,-1.00116,0.00409,-0.0027,-0.0356
1790069411.4778674,-0.00721,0.01969,-0.99958,0.00454,0.00528,0.01203
1790069411.4823534,-0.01449,-0.00692,-0.99719,-0.00114,0.00381,0.03678
1790069411.595961,-0.0156,-0.00352,-0.996,0.00219,0.01068,0.0141
1790069411.602303,-0.00571,0.0204,-1.00126,-6e-05,0.00248,-0.02636
1790069411.887235,-0.00242,0.03428,-0.99917,0.00235,-0.00027,-0.03757
1790069411.8931525,-0.00456,0.02021,-0.99834,0.00235,0.00674,0.00427
1790069412.0951552,-0.01433,-0.00049,-0.99995,-0.00148,0.00858,0.03882
1790069412.0959556,-0.01318,-0.00199,-0.99794,0.00402,0.01009,0.01898
1790069412.3001094,-0.00504,0.02211,-1.00245,0.00054,0.00253,-0.03013
1790069412.3028383,-0.0027,0.03524,-1.00099,0.00507,0.00497,-0.03183
1790069412.5056965,-0.01436,-0.01049,-0.99697,0.00252,0.00158,0.03839
1790069412.5181022,-0.01115,0.00424,-0.99728,0.00331,0.0059,-0.0031
1790069412.6159594,-0.00509,0.02608,-0.99897,0.00266,-0.00039,-0.0335
1790069412.7186177,-0.0003,0.0343,-1.00048,0.00422,0.00422,-0.02717
1790069412.915175,-0.00867,0.00867,-0.99894,0.00121,0.0037,0.02527
1790069412.9203248,-0.01484,-0.00573,-0.99614,0.00198,0.00411,0.03215
1790069413.122193,-0.00433,0.02801,-1.00114,0.00298,0.00038,-0.03723
1790069413.3299952,-0.01009,0.00325,-0.99722,0.00136,0.00459,0.03575
1790069413.331931,-0.01682,-0.00848,-0.99707,0.00149,0.00344,0.0291
1790069413.532464,-0.00805,0.01462,-0.99801,0.00304,0.00623,-0.02129
1790069413.532464,-0.00403,0.03336,-0.99918,0.00422,-0.00035,-0.03854
1790069413.733849,-0.00535,0.01715,-0.99999,0.00269,0.00606,0.0091
1790069413.7402184,-0.01486,-0.00132,-0.99819,0.00357,0.00544,0.04145
1790069413.940406,-0.01363,-0.00257,-0.99676,0.00022,0.00692,0.01458
1790069413.9423144,-0.00692,0.02238,-0.99878,0.00318,0.00328,-0.03281
1790069414.146408,-0.00061,0.03445,-1.00115,0.00141,0.00308,-0.03045
1790069414.1569316,-0.01119,0.00801,-0.99865,0.00277,0.00415,0.03193
1790069414.3447828,-0.01697,-0.00783,-0.99819,0.00393,0.00566,0.03741
1790069414.3643885,-0.01162,0.00931,-0.99878,0.00227,0.00345,-0.00426
1790069414.5532463,-0.00444,0.02965,-0.99891,0.00193,0.00285,-0.0393
1790069414.5602782,-0.00222,0.03021,-1.00053,0.00216,0.00568,-0.01995
1790069414.754775,-0.01178,0.00763,-1.0001,-0.00028,0.00407,0.02988
1790069414.761372,-0.01426,-0.00924,-0.99637,0.00033,0.003,0.03609
1790069414.9632616,-0.0027,0.02968,-1.00108,0.00124,8e-05,-0.04341
1790069415.1696055,-0.00137,0.02929,-0.9997,0.00109,0.00738,-0.01982
1790069415.1706142,-0.01122,0.00347,-1.0002,0.00208,0.00172,0.0386
1790069415.371987,-0.01396,-0.0065,-0.9979,0.00347,0.00685,0.02262
1790069415.3788364,-0.00925,0.01332,-0.99986,0.00287,0.00548,-0.01974
1790069415.579906,-0.00587,0.01774,-0.99946,0.00169,0.00447,0.01267
1790069415.782488,-0.01664,-0.00751,-0.99832,0.00548,0.00392,0.0414
1790069415.9864042,-0.01215,0.00416,-0.99864,0.00353,0.00881,0.00019
1790069415.9904957,0.00018,0.03169,-0.99865,0.00342,0.00356,-0.0167
1790069416.1919112,-0.01285,-0.00113,-0.99862,0.00108,0.00791,0.04278
1790069416.1988814,-0.01467,-0.00603,-0.99806,0.0031,0.00553,0.01935
1790069416.3797672,-0.00762,0.01943,-0.99914,0.00248,0.00083,-0.03199
1790069416.6018035,-0.00962,0.00968,-1.00035,0.00057,0.00529,-0.04327
1790069416.6068006,0.00046,0.03087,-0.99856,0.00318,0.00196,-0.04182
1790069416.802642,0.00018,0.03167,-0.99918,0.0023,-9e-05,-0.04459
1790069416.8164074,-0.00082,0.03377,-0.99929,0.0007,-0.00156,-0.03675
1790069417.0115082,-0.00423,0.02785,-1.00098,0.00091,0.004,-0.00541
1790069417.0172908,-0.00922,0.00825,-0.99766,0.00212,0.00446,0.02277
1790069417.2181633,-0.01443,-0.0047,-0.99825,-0.00215,0.00808,0.03796
1790069417.2195463,-0.01543,-0.0025,-0.99773,0.00318,0.00961,0.01551
1790069417.4209232,-0.0089,0.01248,-0.99853,0.00419,-0.0004,-0.01263
1790069417.4279716,-0.00136,0.02874,-1.00097,0.00177,-0.00151,-0.03768
1790069417.6355188,-0.004,0.02619,-0.99938,0.00395,0.00469,-0.01333
1790069417.8308837,-0.01013,0.00963,-0.99901,0.00127,0.00336,0.02345
1790069417.8375866,-0.01719,-0.01106,-0.99701,-0.00025,0.00563,0.03403
1790069418.03224,-0.00475,0.01978,-1.00005,0.0045,0.00181,-0.01977
1790069418.2403724,-0.00425,0.02794,-1.00012,0.00257,0.00413,-0.01601
1790069418.4469168,-0.01094,0.00684,-0.99716,-0.00066,0.00069,0.02356
1790069418.447996,-0.01505,-0.00566,-0.99744,0.0031,0.00409,0.03771
1790069418.6302269,-0.01444,-0.00611,-0.99872,0.00306,0.00987,0.01624
1790069418.6357198,-0.01009,0.0106,-0.9988,0.00253,0.00518,-0.00593
1790069418.8570356,-0.00454,0.02296,-1.00015,0.00104,0.00374,-0.02827
1790069418.858112,-0.00218,0.03265,-1.00019,0.0004,-0.00015,-0.03678
1790069419.0599446,-0.00387,0.02534,-1.00104,0.00314,0.00852,-0.00948
1790069419.0599446,-0.00854,0.01085,-1.00045,0.00243,0.00045,0.01903
1790069419.261406,-0.01354,-0.00183,-0.99918,0.00151,0.00756,0.03229
1790069419.2672038,-0.01762,-0.00572,-0.99791,0.00382,0.00346,0.0288
1790069419.4683144,-0.01426,-0.00019,-0.99961,0.00177,0.00966,0.00739
1790069419.634309,-0.00038,0.02976,-1.00049,0.00238,0.00092,-0.03194
1790069419.6781473,-0.0009,0.03259,-1.00078,0.00533,-0.00158,-0.0276
1790069419.8790228,-0.00668,0.017,-1.0012,0.0016,-0.00044,0.00978
1790069419.8797584,-0.01253,-0.00067,-0.99796,0.00088,0.00346,0.03335
1790069420.0855038,-0.01779,-0.00675,-0.99692,0.00138,0.00843,0.02899
1790069420.0923946,-0.01404,0.00176,-0.99853,0.00324,0.00685,0.00297
1790069420.2886307,-0.00419,0.01639,-0.99896,0.00257,-5e-05,-0.01675
1790069420.2963665,-0.00135,0.02988,-1.00124,0.00195,0.00052,-0.03752
1790069420.4905982,-0.00316,0.0349,-1.00065,0.00117,0.00299,-0.03304
1790069420.4969573,-0.0029,0.02475,-1.00029,-0.00178,0.00766,-0.00704
1790069420.6360307,-0.00767,0.01461,-0.99986,0.00082,0.00134,0.00783
1790069420.699525,-0.01269,0.00248,-0.99762,-3e-05,0.00556,0.03063
1790069420.9002883,-0.0118,-0.00459,-0.99797,0.00307,0.00224,0.03063
1790069421.107244,-0.01293,0.00122,-0.99851,0.00093,0.00743,0.00584
1790069421.1091065,-0.00741,0.0186,-0.9977,0.00373,0.00142,-0.02474
1790069421.3123474,0.00028,0.03243,-1.00054,0.00252,0.00042,-0.0332
1790069421.3154094,-0.00363,0.0338,-1.00013,-3e-05,-0.0009,-0.03374
1790069421.5188065,-0.00994,0.00743,-1.00037,0.00104,0.00181,0.02335
1790069421.6422048,-0.01557,-0.00487,-0.99783,0.00364,0.00342,0.037
1790069421.7189317,-0.01497,-0.00514,-0.99724,0.0045,0.00785,0.0265
1790069421.927299,-0.00995,0.00796,-0.99726,0.00186,0.00481,-0.00581
1790069421.9279094,-0.00636,0.02279,-0.99871,-0.00053,0.00295,-0.02856
1790069422.1309834,0.00091,0.03389,-1.00261,-0.00049,-0.00047,-0.03918
1790069422.335533,-0.00709,0.01151,-0.99948,0.00015,-0.00141,0.01979
1790069422.3365777,-0.01111,0.00242,-0.99806,-0.00145,0.00726,0.02829
1790069422.5380557,-0.016,-0.00521,-0.99767,0.00226,0.00123,0.03215
1790069422.5445514,-0.01338,0.00145,-0.99951,0.00141,0.00427,0.00872
1790069422.647712,-0.00709,0.01687,-0.99986,0.00505,0.00055,-0.01849
1790069422.761006,0.00095,0.03569,-1.00093,0.00347,0.00279,-0.03882
1790069422.948265,-0.00527,0.023,-1.00148,0.00255,0.00674,-0.00349
1790069422.954493,-0.00891,0.00919,-0.99883,0.00173,0.00426,0.01942
1790069423.156569,-0.01464,-0.00737,-0.99862,0.00407,0.00235,0.02688
1790069423.3573892,-0.00923,0.00992,-0.99948,0.00295,0.00334,-0.0088
1790069423.3698764,-0.00489,0.02695,-1.00022,0.00504,-0.00226,-0.03103
1790069423.5658581,0.00036,0.03237,-0.99988,0.00283,0.00149,-0.03495
1790069423.5720458,-0.00316,0.02787,-0.99949,-0.00029,0.00519,-0.0131
1790069423.6491497,-0.00897,0.01024,-0.99819,0.00451,0.00147,0.0215
1790069423.7739308,-0.01542,-0.00232,-0.99942,0.00028,0.00576,0.0304
1790069423.9824083,-0.01034,0.01136,-0.99896,0.00264,0.00422,-0.01583
1790069424.1767185,-0.00178,0.03316,-0.99863,0.00373,-0.00136,-0.03666
1790069424.1821716,-0.00344,0.03322,-1.00087,-0.00053,0.00481,-0.02475
1790069424.384765,-0.00665,0.02359,-0.9999,0.00201,0.00767,-0.00162
1790069424.5864816,-0.01708,-0.0045,-0.9962,0.00147,0.0066,0.03957
1790069424.5864816,-0.01276,-0.00085,-0.99786,0.00284,0.00499,0.01811
1790069424.6560543,-0.00698,0.01568,-0.99977,-0.00081,0.00249,-0.01687
1790069424.7933712,-0.00333,0.03062,-1.00101,0.00199,0.00138,-0.03301
1790069424.9966133,-0.00191,0.03276,-1.00117,0.00336,0.00579,-0.02681
1790069425.1975129,-0.01298,-0.00031,-0.99749,-0.00194,0.0054,0.0329
1790069425.2041254,-0.01332,-0.00405,-0.99717,-0.00013,0.00885,0.01824
1790069425.4079278,-0.00908,0.01087,-1.00049,0.00225,0.00324,-0.01208
1790069425.4185252,-0.00429,0.02981,-1.00079,0.00372,-0.00163,-0.03649
1790069425.6144948,-0.00126,0.0318,-1.00228,-0.0002,0.00466,-0.02389
1790069425.6199472,-0.00488,0.01886,-0.99746,0.0035,0.00159,0.01035
1790069425.814943,-0.00947,-4e-05,-0.99845,-0.00088,0.00216,0.03545
1790069425.814943,-0.01553,-0.00789,-0.99954,0.00551,0.00122,0.02929
1790069426.0226839,-0.01265,0.00074,-0.99726,0.00212,0.00799,0.00772
1790069426.0309625,-0.00533,0.02527,-0.99954,-0.0014,0.00137,-0.03326
1790069426.2247138,-0.00158,0.03596,-1.0003,0.00292,0.00571,-0.02748
1790069426.2321258,-0.0043,0.0207,-1.00038,0.00187,0.00965,0.00022
1790069426.4260614,-0.01351,0.00119,-0.99697,-0.00088,0.00208,0.0326
1790069426.4389381,-0.01481,-0.00488,-0.99928,0.00114,0.00452,0.02444
1790069426.6342921,-0.01397,8e-05,-0.99793,0.00227,0.00817,0.00483
1790069426.6342921,-0.00752,0.02242,-0.99951,0.00466,0.0006,-0.0275
1790069426.8422236,-0.00175,0.03298,-0.99967,0.00162,0.00702,-0.03459
1790069426.8560781,-0.00249,0.03045,-1.00105,0.0016,0.00639,-0.02393
1790069427.0445085,-0.0057,0.01784,-0.99954,0.00497,0.00214,0.0079
1790069427.0592885,-0.01292,0.0014,-0.99904,0.00255,0.00134,0.03534
1790069427.2517443,-0.01584,-0.00749,-0.9975,0.0022,0.00247,0.02758
1790069427.2538085,-0.01469,-0.00064,-0.998,0.00412,0.00495,0.00231
1790069427.4539108,-0.00752,0.01399,-0.9991,0.0012,-0.00066,-0.0178
1790069427.4596853,-0.00105,0.02966,-1.00122,0.00315,-0.0016,-0.03776
1790069427.6627238,-0.00203,0.03281,-0.99975,0.00382,0.00537,-0.02549
1790069427.8633466,-0.01015,0.00441,-0.99916,0.00116,0.00032,0.03424
1790069427.870178,-0.0156,-0.00758,-0.99894,0.00462,0.00519,0.04229
1790069428.072008,-0.0169,-0.00873,-0.99991,0.00209,0.00911,0.02823
1790069428.2732933,-0.00737,0.02074,-0.99857,0.00393,0.00128,-0.02571
1790069428.2732933,-0.00121,0.0342,-0.99996,0.00334,0.00159,-0.039
1790069428.4802911,-0.0012,0.03449,-1.00038,-0.00257,0.00807,-0.02674
1790069428.481595,-0.0062,0.02012,-0.99963,0.00231,0.00549,0.00196
1790069428.6748862,-0.01093,0.00358,-0.99764,0.00201,0.00316,0.02899
1790069428.6763136,-0.01535,-0.00446,-0.99863,0.00243,0.00426,0.03848
1790069428.889972,-0.01382,-0.00061,-0.99905,1e-05,0.01274,0.01552
1790069428.8917162,-0.00918,0.01019,-0.99772,0.00048,0.00392,-0.00789
1790069429.0933957,-0.00321,0.02868,-1.00208,0.0029,-0.00088,-0.03866
1790069429.098102,0.00172,0.03581,-1.00113,0.00137,0.0013,-0.03812
1790069429.2995973,-0.00323,0.02809,-1.00012,0.0009,0.01017,-0.01045
1790069429.3083153,-0.00332,0.0226,-0.99866,0.00413,0.00332,0.00222
1790069429.5026395,-0.01385,-0.00386,-0.99822,0.00287,0.004,0.03506
1790069429.5166326,-0.01485,-0.00279,-0.99711,0.00535,0.00796,0.02016
1790069429.6762934,-0.01037,0.00448,-0.99907,0.00367,0.00701,-0.00917
1790069429.703557,-0.00427,0.02404,-1.0018,0.00067,-0.00051,-0.02802
1790069429.9122686,-0.0013,0.03255,-1.00059,0.00663,0.00388,-0.03507
1790069429.9185221,-0.00339,0.03326,-1.00139,-0.00036,0.0034,-0.03246
1790069430.1140137,-0.00538,0.02146,-0.99894,0.00435,0.00212,0.00284
1790069430.1205885,-0.01424,-0.00028,-0.99738,0.00213,0.00511,0.03255
1790069430.1397958,-0.01287,-0.00645,-0.99856,0.00304,0.0032,0.03275
1790069430.3215482,-0.01458,-0.00273,-0.99939,0.00232,0.00952,0.01627
1790069430.336083,-0.01042,0.01104,-0.99775,-0.00018,0.00228,-0.01065
1790069430.5300195,-0.00175,0.027,-0.99817,0.00054,0.0028,-0.03423
1790069430.537324,-0.00198,0.03437,-1.00098,0.00409,0.00129,-0.03829
1790069430.6884668,-0.0033,0.02546,-1.00047,0.0045,0.00849,-0.00618
1790069430.7385972,-0.0101,0.01484,-0.99811,0.00377,0.00029,0.01213
1790069430.9403858,-0.01604,-0.00506,-0.99882,0.00157,0.0078,0.02217
1790069431.1413007,-0.02037,-0.00722,-0.99781,0.00383,0.00382,0.02925
1790069431.1518734,-0.00881,-0.00753,-0.99829,-0.0009,0.00548,0.02789
1790069431.3485196,-0.01243,-0.00255,-1.00015,0.004,0.00496,0.03943
1790069431.356482,-0.01455,-0.00947,-0.99812,0.00127,0.00499,0.03415
1790069431.5509038,-0.01421,0.00079,-0.9984,0.00431,0.00751,0.01298
1790069431.5631528,-0.01099,0.00388,-0.99878,0.0033,0.00387,-0.00041
1790069431.6829877,-0.00696,0.02199,-1.00141,0.0015,0.00167,-0.02209
1790069431.7587655,-0.00448,0.02986,-1.00024,0.00239,-0.00192,-0.03426
1790069431.9606643,0.00192,0.03787,-0.99991,0.00347,-0.00016,-0.04042
1790069431.9673264,-0.00335,0.03082,-1.00041,0.00156,0.00588,-0.01684
1790069432.1681721,-0.00638,0.01872,-0.99915,0.00337,-0.0009,0.00517
1790069432.1685026,-0.00985,0.00189,-1.00065,-0.00172,0.00725,0.02999
1790069432.3702905,-0.01828,-0.00854,-0.99896,0.00088,0.00462,0.03726
1790069432.3767495,-0.01235,-0.00122,-0.99938,0.00061,0.0096,0.01614
1790069432.5778625,-0.00786,0.0172,-0.99906,0.00138,0.00352,-0.01765
1790069432.6893048,-0.00319,0.02979,-0.9993,0.00378,-0.00136,-0.03827
1790069432.7803469,-0.001,0.0349,-1.00067,0.00155,0.00694,-0.03546
1790069432.9883072,-0.00883,0.01015,-1.00113,0.00292,0.00098,0.02177
1790069433.1908355,-0.01288,-0.0034,-0.99753,-0.00085,0.00381,0.0347
1790069433.395345,-0.01626,-0.0063,-0.99883,0.00314,0.01057,0.02141
1790069433.598677,-0.00237,0.0328,-1.00067,0.00124,-0.00013,-0.03938
1790069433.6966224,-0.00145,0.03319,-1.00187,0.00084,0.00415,-0.02285
1790069433.8069952,-0.0055,0.01944,-1.00031,0.00367,0.00252,0.00528
1790069434.0084183,-0.01135,0.00396,-0.99954,0.00183,0.00898,0.02823
1790069434.0084183,-0.01579,-0.00727,-0.9994,0.00301,0.00464,0.03839
1790069434.210015,-0.0142,-0.0071,-0.99819,0.00279,0.01056,0.02026
1790069434.418422,-0.00663,0.02196,-0.99894,0.00354,0.00107,-0.0266
1790069434.418422,-0.00318,0.03568,-1.00022,0.00452,-0.00038,-0.03864
1790069434.6201024,-0.00317,0.02681,-0.99996,0.00084,0.00799,-0.01858
1790069434.6268022,-0.00309,0.0223,-1.00125,0.00313,0.00229,0.00483
1790069434.7033496,-0.00918,0.00932,-0.9962,0.00053,0.00407,0.02277
1790069434.828491,-0.01406,-0.00373,-1.00029,0.00298,0.00508,0.03943
1790069435.0368848,-0.01463,-0.00714,-0.99811,0.0028,0.01195,0.02293
1790069435.2382345,-0.01165,0.00534,-1.00065,0.00486,0.00256,-0.00214
1790069435.2382345,-0.00534,0.02245,-1.00146,0.00293,0.00187,-0.02762
1790069435.4444895,-0.00086,0.03585,-1.00047,0.00346,0.00031,-0.04041
1790069435.4454966,-0.00056,0.03743,-1.00015,0.00196,0.00128,-0.03438
1790069435.6478457,-0.00192,0.02932,-1.00033,0.00464,0.00693,-0.01081
1790069435.653217,-0.00877,0.01401,-0.99988,-0.00025,0.0039,0.01273
1790069435.7169979,-0.00898,0.00564,-0.9984,-0.00173,0.00806,0.02476
1790069435.8483803,-0.01632,-0.00692,-0.99917,0.00292,0.00361,0.03646
1790069436.0573814,-0.01223,0.00102,-0.99942,0.00156,0.00317,-0.00271
1790069436.2653754,-0.00065,0.02628,-0.99929,0.00308,0.00119,-0.03491
1790069436.4672425,-0.00029,0.03243,-1.00143,0.00482,0.00679,-0.01731
1790069436.479567,-0.00665,0.01659,-1.00051,0.00458,0.00114,0.01224
1790069436.6749666,-0.01272,-0.00282,-0.99627,-0.00113,0.00716,0.03467
1790069436.6749666,-0.01623,-0.00795,-0.99719,0.00333,0.00673,0.03639
1790069436.87695,-0.01484,-0.00429,-0.99887,0.00186,0.00991,0.01893
1790069436.9598613,-0.01032,0.01072,-0.99856,0.00207,-0.00201,-0.01113
1790069437.0833318,-0.00436,0.0226,-1.00097,0.00389,0.00094,-0.0306
1790069437.2865586,0.00125,0.0372,-1.0009,0.00132,0.00042,-0.03621
1790069437.4930477,-0.00033,0.03367,-1.00066,0.00402,0.00296,-0.02586
1790069437.4944127,-0.00636,0.02094,-0.99817,0.00354,0.00554,0.00095
1790069437.6953769,-0.01276,0.00397,-0.99962,-0.00134,0.00592,0.02555
1790069437.696226,-0.01795,-0.00796,-0.99846,0.00323,0.00365,0.03925
1790069437.7577446,-0.0159,-0.00732,-0.9982,8e-05,0.00792,0.03054
1790069437.8967059,-0.01182,0.00282,-0.99858,0.00425,0.0086,0.00187
1790069438.1052005,-0.00924,0.01364,-0.99866,0.0007,-0.00276,-0.01605
1790069438.1052005,-0.00369,0.02543,-1.00144,0.00293,0.00295,-0.03492
1790069438.3136225,-0.00045,0.0356,-0.99908,0.00259,-0.00035,-0.04375
1790069438.5144453,-0.00145,0.03155,-0.9994,0.00477,0.00876,-0.02202
1790069438.7169285,-0.01101,0.00333,-0.99857,0.00042,0.00539,0.03181
1790069438.7169285,-0.01457,-0.00605,-0.99725,0.00184,0.0067,0.03633
1790069438.9253328,-0.01632,-0.01011,-0.99835,0.00263,0.00436,0.03946
1790069439.1265624,-0.00562,0.01946,-1.00098,0.00028,0.00241,-0.02376
1790069439.33499,-0.00185,0.03369,-0.99968,0.00282,-0.00109,-0.03943
1790069439.5359,-0.00478,0.02715,-0.99962,0.00303,0.0078,-0.00622
1790069439.5500543,-0.0094,0.01174,-0.99955,-0.00154,0.00514,0.01752
1790069439.7304344,-0.01416,0.00038,-0.99781,-0.00194,0.00525,0.03053
1790069439.7368226,-0.01653,-0.01001,-0.99881,0.00208,0.0035,0.03657
1790069439.9483166,-0.01768,-0.00936,-0.99606,0.00022,0.00617,0.02713
1790069440.1538842,-0.00507,0.02449,-1.00031,0.00096,0.00365,-0.03065
1790069440.3554404,-0.00586,0.01782,-0.99983,0.00277,0.00146,0.00926
1790069440.563915,-0.01609,-0.00854,-0.99875,0.00224,0.00453,0.03688
1790069440.7339761,-0.00796,0.01322,-1.00019,0.00461,0.00296,-0.01074
1790069440.7384727,-0.00796,0.01322,-1.00019,0.00461,0.00296,-0.01074
1790069440.9733162,0.00067,0.03493,-1.00039,0.00449,0.00256,-0.03006
1790069441.1783764,-0.01101,0.00696,-0.9992,0.00262,0.00546,0.02483
1790069441.3829281,-0.0167,-0.0085,-0.99686,-0.00062,0.00774,0.0334
1790069441.5842626,-0.01706,-0.00552,-0.99811,0.00237,0.00641,0.01972
1790069441.598297,-0.01057,0.01183,-1.00094,0.00565,0.00044,-0.012
1790069441.7372124,-0.00187,0.02468,-1.00053,0.00265,0.00335,-0.03139
1790069441.7917528,-0.00115,0.03615,-1.00175,0.00236,-3e-05,-0.03576
1790069441.9956641,-0.0021,0.02837,-1.00277,0.0035,0.00587,-0.01411
1790069441.9990702,-0.00716,0.0118,-0.9984,0.00237,0.00351,0.0166
1790069442.2004585,-0.01507,-0.00217,-0.99912,2e-05,0.00424,0.03406
1790069442.4035559,-0.01808,-0.00975,-0.99823,0.00211,0.00721,0.03412
1790069442.4035559,-0.01325,-0.00412,-0.99895,0.005,0.00725,0.01697
1790069442.6115732,-0.00302,0.03078,-1.00102,0.00409,0.00011,-0.03519
1790069442.6180444,-0.0012,0.03593,-1.00011,0.00025,0.00433,-0.03281
1790069442.7405474,-0.00203,0.025,-1.00057,0.00397,0.00484,-0.0011
1790069442.8192291,-0.00892,0.00664,-0.99733,-0.00026,0.00099,0.02369
1790069443.0206218,-0.01317,-0.00219,-0.99839,-0.00157,0.00346,0.03506
1790069443.0286467,-0.01686,-0.00902,-0.99712,0.00261,0.00432,0.03749
1790069443.222591,-0.01408,-0.0021,-0.99962,0.00333,0.01037,0.00782
1790069443.236501,-0.01015,0.01691,-0.99889,0.00267,0.00116,-0.0173
1790069443.4298441,-0.00397,0.02742,-0.99757,0.00471,-0.00062,-0.03476
1790069443.430889,-0.00092,0.03522,-1.00144,0.00188,0.00244,-0.03802
1790069443.6347253,-0.00415,0.0295,-1.00086,0.00356,0.00766,-0.01302
1790069443.6386409,-0.00534,0.01529,-1.00182,0.00375,0.00198,0.01192
1790069443.736843,-0.01261,-0.00126,-0.9985,-0.00035,0.00709,0.03809
1790069444.0417488,-0.0167,-0.00997,-0.9977,0.0032,0.00451,0.03603
1790069444.2488055,-0.00467,0.02724,-0.99897,0.00189,0.00052,-0.03397
1790069444.250129,-0.00075,0.03734,-1.00032,0.00429,0.00039,-0.04411
1790069444.4513562,-0.00025,0.03412,-1.0012,0.00226,0.00485,-0.02744
1790069444.4513562,-0.00329,0.02428,-0.99993,0.00391,0.00667,-0.00391
1790069444.659588,-0.01514,-0.00409,-0.99818,-0.00035,0.00735,0.03766
1790069444.7570345,-0.01661,-0.00705,-0.99862,0.00085,0.01045,0.02545
1790069444.867072,-0.01466,0.00235,-0.99944,0.00358,0.00847,0.00353
1790069445.047397,-0.00766,0.01505,-0.99934,0.00207,0.00336,-0.01125
1790069445.0489008,-0.00317,0.02608,-1.00181,0.00175,0.00246,-0.03189
1790069445.270759,-0.00399,0.02953,-1.00052,0.00348,0.00518,-0.01369
1790069445.4727051,-0.00814,0.01462,-1.0,0.00295,0.00042,0.01538
1790069445.4789796,-0.01589,-0.00495,-0.99803,-0.00093,0.00926,0.03803
1790069445.6813855,-0.01561,-0.00882,-0.99992,0.00189,0.00761,0.02998
1790069445.6834345,-0.01666,-0.00711,-0.99967,0.00253,0.0065,0.02314
1790069445.756577,-0.0095,0.00625,-1.00062,0.00192,0.00377,-0.0121
1790069445.8884244,-0.00556,0.02365,-0.99946,0.00465,0.00241,-0.02842
1790069446.049031,-0.00052,0.03301,-1.00149,0.00428,0.002,-0.03523
1790069446.2970874,-0.00942,0.01342,-1.00005,0.00236,0.00284,0.01283
1790069446.4999993,-0.01745,-0.0101,-0.99714,0.00091,0.00863,0.03117
1790069446.4999993,-0.01371,-0.00347,-0.99764,0.00453,0.00755,0.01207
1790069446.7068644,-0.01059,0.01087,-0.99854,0.00254,0.00048,-0.01118
1790069446.7140012,-0.00423,0.02706,-0.99911,0.00424,0.00186,-0.03378
1790069446.7573266,-0.00186,0.03425,-1.0003,0.00242,0.00109,-0.03784
1790069446.9091318,-0.00399,0.03112,-1.00082,0.00347,0.00723,-0.02281
1790069447.0558214,-0.00236,0.02428,-1.00008,0.0025,0.00191,0.0004
1790069447.0558214,-0.01017,0.00998,-0.99791,0.00366,0.00502,0.02342
1790069447.319134,-0.01581,-0.00379,-0.99747,-0.0013,0.00672,0.03766
1790069447.319134,-0.01558,-0.01084,-0.99749,0.00063,0.00685,0.03195
1790069447.3336322,-0.0148,-0.00484,-0.99696,0.00516,0.00593,0.01293
1790069447.5262196,-0.00706,0.01312,-0.99816,0.00202,0.00293,-0.01577
1790069447.5337512,-0.00438,0.02937,-1.00054,0.00329,0.00304,-0.03442
1790069447.7293558,0.00024,0.03734,-1.00048,0.003,-0.0005,-0.03939
1790069447.7345622,-0.00139,0.03621,-1.00102,0.00318,0.00057,-0.03642
1790069447.9298315,-0.00143,0.03396,-0.99985,0.0025,0.00463,-0.02118
1790069447.9369142,-0.00618,0.0188,-0.9997,0.00293,0.00088,0.00892
1790069448.064836,-0.00267,0.04006,-1.00137,-0.00058,0.00235,-0.05284
1790069448.34555,-0.00664,0.03422,-1.00084,0.00761,0.00037,-0.02849
1790069448.359521,-0.0018,0.03856,-1.00095,0.00404,-0.0031,-0.0379
1790069448.4780695,-0.00077,0.03505,-1.00113,0.00089,0.0023,-0.04131
1790069448.5551775,0.00078,0.03563,-0.99959,0.00207,0.00292,-0.03685
1790069448.7497575,-0.00479,0.0286,-1.00214,0.00603,0.00079,-0.01451
1790069448.7566102,-0.00443,0.02515,-0.99939,0.00268,0.00111,-0.00139
1790069448.9583054,-0.01024,0.01212,-0.99958,0.00203,0.00023,0.01702
1790069448.9655793,-0.01318,-0.00184,-0.99798,0.00077,0.00486,0.03195
1790069449.1668158,-0.01725,-0.01227,-0.99775,-0.00038,0.00613,0.03617
1790069449.576605,-0.01287,-0.00062,-1.00159,0.00176,0.00449,0.00643
1790069449.576605,-0.00707,0.0208,-0.99938,0.00295,0.00259,-0.02384
1790069449.7766068,-0.00107,0.03514,-1.00168,0.00023,0.00052,-0.04061
1790069449.9842067,0.00066,0.03589,-0.9999,0.00308,0.00605,-0.03801
1790069450.187633,-0.0036,0.02631,-1.00111,0.00413,0.00159,-0.00664
1790069450.1996222,-0.00562,0.01852,-0.99914,0.00225,0.00303,0.00809
1790069450.395879,-0.01251,0.00398,-0.99974,0.00296,0.00535,0.03064
1790069450.395879,-0.01598,-0.00914,-0.99702,0.00379,0.0067,0.03921
1790069450.596789,-0.01837,-0.01332,-0.99615,-0.00054,0.00566,0.04018
1790069450.7706163,-0.01622,9e-05,-0.99767,-0.00057,0.00512,0.00726
1790069451.0054727,-0.01053,0.00885,-0.99865,0.00295,0.00278,-0.00997
1790069451.0073345,-0.00566,0.01674,-0.99913,0.00478,0.00375,-0.02105
1790069451.0083473,-0.00175,0.03015,-1.00025,0.00399,0.00107,-0.03708
1790069451.2084095,-0.00223,0.03762,-0.99938,0.00519,0.00229,-0.04024
1790069451.4162629,0.00028,0.03698,-1.00136,0.00169,0.00079,-0.0344
1790069451.6256065,-0.00985,0.01013,-1.00025,0.00153,0.00232,0.01794
1790069451.7769403,-0.01498,-0.00122,-0.99771,0.00107,0.00679,0.03701
1790069451.8263285,-0.01682,-0.00774,-0.99827,0.00241,0.00861,0.03698
1790069452.0333118,-0.0198,-0.01277,-0.9977,0.00352,0.00365,0.04225
1790069452.034628,-0.0166,-0.01086,-0.99733,0.00259,0.01012,0.02969
1790069452.240798,-0.01782,-0.00759,-0.99791,0.00595,0.01021,0.01789
1790069452.445614,-0.00663,0.02588,-1.00149,0.00051,0.00326,-0.03106
1790069452.6460292,0.00216,0.04008,-1.0011,0.00626,-0.00269,-0.04541
1790069452.7842128,0.0001,0.03621,-1.00077,0.0005,0.00518,-0.03652
1790069452.8467143,-0.0015,0.03321,-1.00318,0.00521,0.00324,-0.01787
1790069453.0548692,-0.00588,0.02271,-1.00081,0.00053,0.00167,0.00122
1790069453.0548692,-0.01309,0.00437,-0.99703,-0.00147,0.00547,0.02894
1790069453.2564986,-0.01441,-0.00469,-0.998,0.00153,0.00505,0.03663
1790069453.2735293,-0.01904,-0.00967,-0.99859,0.0004,0.00642,0.03862
1790069453.665251,-0.01775,-0.01312,-0.99605,0.0022,0.00815,0.03346
1790069453.6731367,-0.01501,-0.0035,-0.9978,0.00141,0.00741,0.01217
1790069453.6731367,-0.01526,0.00502,-0.99833,0.00172,0.00214,-6e-05
1790069453.790342,-0.00918,0.00831,-0.99863,0.00158,-0.00012,-0.00814
1790069453.8739278,-0.00333,0.02885,-0.99897,0.00419,0.00165,-0.03591
1790069454.0752594,0.00224,0.03487,-0.99984,0.00575,-0.00159,-0.04087
1790069454.0893734,-0.00113,0.03836,-1.00032,0.00205,0.00071,-0.04131
1790069454.282925,-0.00108,0.03582,-1.00045,0.00229,0.00233,-0.0319
1790069454.2908864,-0.00201,0.02799,-1.00061,0.00384,0.0025,-0.00807
1790069454.4856288,-0.0082,0.0138,-0.99966,0.00449,0.00356,0.01603
1790069454.4916308,-0.0149,-0.00018,-0.99691,0.00061,0.00377,0.03472
1790069454.6925957,-0.01705,-0.01072,-0.99686,0.00284,0.00561,0.04507
1790069454.6939456,-0.0169,-0.01401,-0.99793,0.00282,0.00419,0.04756
1790069454.790842,-0.02019,-0.01379,-1.00036,-0.00138,0.0095,0.0409
1790069455.1030889,-0.01811,-0.00971,-0.99803,0.0024,0.01055,0.02511
1790069455.1034296,-0.01392,-0.00149,-0.99749,0.00413,0.0021,0.01185
1790069455.1087103,-0.01141,0.0104,-0.99801,0.00415,0.00542,-0.01129
1790069455.304933,-0.00756,0.01985,-0.99911,0.00482,0.00467,-0.02664
1790069455.3173673,-0.00356,0.02981,-1.00129,0.00273,0.00283,-0.03355
1790069455.5132377,-0.00014,0.03083,-1.00249,0.00174,-0.0006,-0.03602
1790069455.5132377,-0.00108,0.03305,-1.00131,0.0062,0.00116,-0.03685
1790069455.7195697,0.0007,0.03506,-0.99898,-0.00107,0.00142,-0.03427
1790069455.7970998,-0.00835,0.02123,-1.00046,0.00294,0.00175,0.00605
1790069455.9215498,-0.00858,0.00755,-0.99984,0.00073,0.00546,0.02586
1790069456.1239083,-0.01553,-0.00515,-0.99675,-0.00226,0.01091,0.04071
1790069456.1376336,-0.0187,-0.00952,-0.99783,0.00376,0.00599,0.04367
1790069456.3305807,-0.018,-0.01464,-0.99737,0.00162,0.00555,0.0439
1790069456.3376856,-0.02123,-0.01226,-0.99938,0.00286,0.0127,0.03179
1790069456.5340538,-0.01319,-0.00549,-0.99757,0.00283,0.00652,0.01638
1790069456.7421236,-0.00838,0.01923,-1.00134,0.00282,0.00269,-0.02453
1790069456.7421236,-0.00085,0.03396,-0.99959,0.00644,0.0005,-0.04289
1790069456.755429,0.00074,0.03922,-1.00094,0.00346,0.0031,-0.04774
1790069456.948583,0.00027,0.03989,-1.00195,0.00373,0.00217,-0.03717
1790069457.1508124,-0.00237,0.0337,-1.00072,0.00254,0.00347,-0.02458
1790069457.158369,-0.00227,0.02739,-0.99978,0.00425,0.00302,-0.00554
1790069457.353023,-0.00643,0.01429,-0.99893,0.00102,0.00228,0.01421
1790069457.3585205,-0.01256,0.00074,-0.99853,0.00152,0.00651,0.03214
1790069457.55992,-0.016,-0.01099,-0.99846,0.00268,0.00655,0.04436
1790069457.5753126,-0.01954,-0.01219,-0.99832,0.00096,0.01048,0.03911
1790069457.5753126,-0.01937,-0.01284,-0.99814,0.00357,0.01052,0.02971
1790069457.7624679,-0.01652,-0.00606,-0.99851,0.00231,0.00188,0.01293
1790069457.776073,-0.01084,0.00923,-0.99793,0.00681,0.0019,-0.01226
1790069457.9710333,-0.00578,0.01863,-1.00048,0.00154,0.00228,-0.02835
1790069458.1714706,-0.00107,0.03185,-1.00141,0.00422,0.00053,-0.0408
1790069458.1714706,0.00058,0.03988,-1.00124,0.00169,-0.00106,-0.04399
1790069458.3795261,-5e-05,0.04023,-1.00125,-5e-05,0.00117,-0.03565
1790069458.588578,-0.0141,-0.00341,-0.99854,0.00069,0.00735,0.0404
1790069458.805165,-0.01884,-0.01492,-0.99591,0.00017,0.00779,0.03652
1790069458.9939325,-0.01973,-0.00967,-0.99662,0.00037,0.01019,0.02294
1790069458.999034,-0.01639,-0.00385,-0.99809,0.00161,0.00707,0.01363
1790069459.1968431,-0.01444,-0.00098,-0.99954,0.00401,0.00677,0.00317
1790069459.404435,-0.01229,0.00873,-0.99649,0.00269,0.00299,-0.00996
1790069459.404435,-0.00497,0.0305,-1.00045,0.00194,-0.00162,-0.03719
1790069459.603094,-0.00012,0.03884,-1.0008,0.0007,-0.00311,-0.04814
1790069459.6190753,0.00073,0.03838,-1.00118,0.00205,0.00143,-0.04437
1790069459.8144882,0.00104,0.03939,-1.00007,0.00357,0.00119,-0.04219
1790069460.0096889,-0.00532,0.02653,-1.00244,0.00278,0.00087,-0.00648
1790069460.2211244,-0.01377,0.00133,-0.99893,-0.00071,0.00615,0.03212
1790069460.2211244,-0.01569,-0.00277,-0.99729,0.00197,0.00536,0.04115
1790069460.4311383,-0.0193,-0.014,-0.99733,0.00408,0.00487,0.04603
1790069460.4311383,-0.02024,-0.01608,-0.99744,-0.0016,0.01206,0.03954
1790069460.634307,-0.01613,-0.006,-0.99844,0.00415,0.00711,0.01843
1790069460.8319623,-0.00889,0.01667,-0.99896,0.00054,0.00242,-0.02023
1790069461.0399506,-0.00746,0.02204,-1.00126,0.00442,0.00249,-0.03007
1790069461.0399506,-0.00025,0.03097,-1.00192,0.00574,0.00207,-0.03925
1790069461.255133,-0.00134,0.03862,-1.00187,0.00377,-0.00049,-0.0442
1790069461.255133,0.00085,0.0391,-1.00237,0.00453,-3e-05,-0.04212
1790069461.441278,-0.00026,0.03915,-1.00067,0.00179,0.00224,-0.03644
1790069461.4569788,-0.00333,0.03216,-1.00126,0.00375,0.00457,-0.02326
1790069461.6442852,-0.00462,0.02967,-0.99931,0.00126,0.0057,-0.00652
1790069461.6442852,-0.00498,0.02561,-1.00056,0.00047,0.00192,-0.00014
1790069461.838301,-0.00851,0.01205,-1.00048,-0.00054,0.00359,0.02419
1790069462.0598125,-0.01404,0.00227,-0.99735,-0.00184,0.00732,0.03464
1790069462.0598125,-0.01864,-0.0091,-0.99631,0.00043,0.00628,0.04797
1790069462.0756538,-0.0193,-0.01898,-0.9991,0.00232,0.00604,0.04662
1790069462.2623687,-0.0218,-0.01494,-0.99677,0.00336,0.00826,0.04389
1790069462.2785592,-0.01971,-0.01528,-0.99681,0.00519,0.0106,0.03536
1790069462.4759414,-0.02076,-0.01664,-0.99829,0.00558,0.00776,0.03604
1790069462.4759414,-0.01766,-0.00687,-0.9975,0.00417,0.00693,0.0179
1790069462.6843677,-0.01408,0.00297,-0.99978,0.00563,0.00394,0.00261
1790069462.691218,-0.01301,0.00074,-0.99734,0.00441,0.00371,0.00144
1790069462.846407,-0.01112,0.00941,-0.99898,0.00285,0.00091,-0.01229
1790069463.0891328,-0.00508,0.01244,-1.00003,0.00704,-0.00239,-0.01761
1790069463.0891328,-0.00529,0.01486,-0.99936,0.0022,0.00072,-0.02145
1790069463.0964382,-0.00408,0.02324,-0.99985,0.00268,0.00202,-0.03052
1790069463.296511,0.00013,0.03185,-1.00169,0.00397,0.00053,-0.0448
1790069463.3025372,-0.00177,0.03869,-0.99808,0.00183,-5e-05,-0.05006
1790069463.499069,0.00295,0.03994,-1.00089,0.00117,0.00224,-0.04659
1790069463.5171533,0.00063,0.03996,-0.99993,0.00058,0.00376,-0.03887
1790069463.7062247,-0.00253,0.04041,-1.00179,0.00217,0.00491,-0.02859
1790069463.7124443,-0.00284,0.03215,-1.0002,-0.00033,0.00398,-0.02231
1790069463.859348,-0.00059,0.03118,-0.99983,0.00351,0.00243,-0.01452
1790069463.9197505,-0.00651,0.0235,-0.99994,0.00083,0.00353,-0.0047
1790069464.1156728,-0.0111,0.01842,-1.00089,0.00046,0.00111,0.00874
1790069464.1360614,-0.00838,0.01337,-0.99891,-0.00126,0.00032,0.02257
1790069464.3195944,-0.01594,-0.0008,-0.99795,0.00351,0.00364,0.04323
1790069464.5035868,-0.0188,-0.00817,-0.99784,-0.00081,0.00775,0.04373
1790069464.5192258,-0.01985,-0.01506,-0.99664,0.00284,0.00925,0.04092
1790069464.7280698,-0.01842,-0.0151,-0.99869,0.00442,0.01229,0.03151
1790069464.7341468,-0.0186,-0.00611,-0.99715,0.00304,0.00889,0.02112
1790069464.8614492,-0.0154,-0.0036,-0.99737,0.00615,0.00472,0.00759
1790069464.9365642,-0.00458,0.01926,-1.00017,0.00273,0.00132,-0.01901
1790069465.1368854,-0.0053,0.02558,-0.9978,0.00402,-0.00138,-0.03264
1790069465.3460143,0.00133,0.03471,-1.00045,0.00448,-0.00142,-0.04677
1790069465.3525157,0.00283,0.03963,-1.00321,0.00375,-3e-05,-0.04573
1790069465.5517914,0.00264,0.04097,-1.00157,-2e-05,0.00228,-0.04811
1790069465.5534003,0.00355,0.04139,-1.00245,0.00159,0.00265,-0.03784
1790069465.7518997,0.00077,0.03678,-1.00174,-0.00057,0.00565,-0.03013
1790069465.7518997,-0.00174,0.03264,-1.00166,0.00286,0.00155,-0.01202
1790069465.858834,-0.00675,0.0217,-0.99986,0.00179,0.00039,0.0066
1790069465.9545488,-0.00807,0.0179,-1.0016,0.00238,7e-05,0.0137
1790069466.1617904,-0.01432,0.00048,-0.99841,-0.00043,0.00267,0.04085
1790069466.3624458,-0.01986,-0.00804,-0.99712,0.00275,0.00434,0.04688
1790069466.378753,-0.0178,-0.01548,-0.99812,0.0045,0.00474,0.0448
1790069466.5742302,-0.02083,-0.01611,-0.99648,0.00154,0.01257,0.04532
1790069466.57984,-0.02056,-0.01355,-0.99655,0.00052,0.0132,0.03809
1790069466.7757933,-0.0194,-0.01414,-0.99618,0.00141,0.0115,0.03226
1790069466.781138,-0.01673,-0.00943,-0.99688,0.00036,0.00931,0.01998
1790069466.8655314,-0.01576,-0.00515,-0.99937,0.00028,0.00819,0.01165
1790069467.1846464,-0.0113,0.00908,-0.99915,0.00254,0.00503,-0.0116
1790069467.1866462,-0.00439,0.01807,-0.99825,-0.00091,0.00315,-0.02491
1790069467.3867786,-0.00383,0.02341,-1.0019,0.00048,0.0004,-0.03621
1790069467.595523,0.00112,0.04031,-1.00239,0.00307,0.00079,-0.05096
1790069467.803276,0.00267,0.04106,-1.00211,-0.00177,0.00411,-0.03997
1790069467.8719501,0.0004,0.04263,-1.00147,0.0013,0.00631,-0.03259
1790069468.0046592,-0.00203,0.03901,-1.00097,0.00225,0.00415,-0.02944
1790069468.2118702,0.00225,0.03872,-1.00217,0.00061,0.00315,-0.02408
1790069468.2187476,-0.00442,0.03064,-1.00337,0.00289,0.00065,-0.00867
1790069468.4156034,-0.00708,0.01976,-1.00007,0.00237,0.00077,0.00749
1790069468.4156034,-0.01056,0.014,-0.99919,-0.00193,0.00489,0.01979
1790069468.6205523,-0.01487,0.00248,-0.99753,0.00077,0.004,0.03946
1790069468.6221173,-0.01853,-0.00668,-0.99665,0.00294,0.00748,0.04564
1790069468.8245683,-0.0212,-0.01525,-0.99663,0.00409,0.00594,0.04402
1790069469.0244453,-0.01965,-0.01558,-0.99716,0.00174,0.01041,0.04327
1790069469.0317972,-0.01711,-0.01345,-0.99741,0.00155,0.01388,0.03209
1790069469.233161,-0.01789,-0.01073,-0.99856,0.00374,0.00565,0.02117
1790069469.3180654,-0.01367,-0.00489,-0.99861,0.00362,0.00099,0.00854
1790069469.4398944,-0.0158,-0.00041,-0.99681,0.00304,0.00417,0.00527
1790069469.6426003,-0.01539,0.0012,-0.99818,0.00231,0.00393,-0.0002
1790069469.830211,-0.00535,0.01345,-0.99943,-0.00066,0.00096,-0.02574
1790069469.830211,-0.00363,0.02726,-0.99974,0.0023,0.00272,-0.03398
1790069470.0526166,-0.00364,0.02632,-0.99906,0.0052,-0.00117,-0.03769
1790069470.0529184,0.00106,0.03177,-0.99929,0.00209,-0.00091,-0.04463
1790069470.2541673,-0.00187,0.0319,-1.00224,0.00368,0.00023,-0.04589
1790069470.4623342,0.00287,0.04073,-1.00122,0.0023,-0.00395,-0.05429
1790069470.4623342,0.00302,0.04468,-1.00193,0.00421,-0.00034,-0.06079
1790069470.6630113,0.00411,0.04352,-1.00233,0.00413,0.00232,-0.05526
1790069470.6769483,-0.00063,0.04566,-1.001,-0.0002,0.00559,-0.05568
1790069470.872486,0.00409,0.04523,-1.00159,4e-05,0.00537,-0.04807
1790069471.0735626,0.00341,0.05073,-1.00097,-0.00095,0.00164,-0.05434
1790069471.2817204,0.00218,0.04442,-1.00182,-0.00121,0.00306,-0.05022
1790069471.2886217,0.00229,0.0457,-1.00253,0.0006,0.00091,-0.04543
1790069471.4834673,-0.00043,0.04747,-1.00096,0.00677,0.00206,-0.04882
1790069471.6908135,0.00253,0.04975,-1.00277,-0.00054,0.00682,-0.05241
1790069471.6908135,0.00257,0.04451,-1.0011,0.00423,0.00087,-0.04807
1790069471.8790855,0.00348,0.04587,-1.00087,0.00471,0.0007,-0.05163
1790069471.8790855,0.00159,0.048,-1.00176,-0.00013,0.0051,-0.04859
1790069472.100551,0.0055,0.04812,-1.00343,-0.00024,-0.00173,-0.05496
1790069472.102454,0.0016,0.04634,-1.0015,0.00317,0.00179,-0.04951
1790069472.302801,0.00297,0.05164,-1.00373,-0.00041,-0.00209,-0.06576
1790069472.3076398,0.00526,0.04874,-1.00213,0.0021,0.00164,-0.06143
1790069472.5091324,0.00201,0.0471,-1.00191,0.00348,0.00053,-0.05829
1790069472.5104694,0.00325,0.04225,-1.0023,0.00384,0.00105,-0.04569
1790069472.7118487,0.0043,0.04685,-1.0022,0.00349,0.00612,-0.05295
1790069472.7118487,0.00204,0.04844,-1.00312,0.00521,-0.00077,-0.05269
1790069472.8876703,0.00307,0.04864,-1.00421,0.00121,0.00115,-0.05243
1790069472.889677,0.00321,0.04523,-1.00086,0.00368,0.00281,-0.04918
1790069473.1214256,0.00024,0.04449,-1.00189,0.00407,-0.00066,-0.04702
1790069473.1268246,0.00151,0.04724,-1.00105,0.00135,-4e-05,-0.05142
1790069473.3291433,0.0034,0.0481,-1.00185,0.0011,0.00167,-0.05542
1790069473.330475,0.00253,0.04855,-1.00152,0.00463,-0.00196,-0.05409
1790069473.5315058,0.00048,0.04883,-1.00191,-0.00165,0.00282,-0.05214
1790069473.5315058,0.00494,0.04899,-1.00438,0.00116,0.001,-0.05368
1790069473.7379844,0.00315,0.04891,-1.00132,0.00483,0.00349,-0.05158
1790069473.7389908,0.00416,0.05118,-1.0015,0.00147,0.00069,-0.05682
1790069473.7460709,0.00105,0.04739,-1.0005,0.00159,0.00019,-0.05239
1790069473.892117,0.0015,0.04538,-0.9995,0.00107,0.00103,-0.04711
1790069473.9546201,0.00376,0.04983,-1.00271,0.00231,0.00227,-0.0645
1790069474.14919,0.003,0.04875,-1.00163,-0.00044,0.00356,-0.06009
1790069474.1561613,0.00198,0.04885,-1.00174,0.00269,0.00139,-0.06224
1790069474.350542,-0.00053,0.04958,-1.00359,0.00038,0.00302,-0.06106
1790069474.3575053,0.0033,0.04655,-1.00191,0.00391,-0.00395,-0.0589
1790069474.5587282,0.00295,0.04826,-1.0012,0.00122,0.00381,-0.0633
1790069474.564958,0.00258,0.04941,-1.00189,0.00397,0.0015,-0.06278
1790069474.7604594,0.00532,0.05336,-1.00213,0.00082,0.00357,-0.06723
1790069474.7798734,0.00509,0.05126,-1.00187,-0.00303,0.00203,-0.06484
1790069474.8984396,0.00561,0.05074,-1.00005,0.00192,-0.00213,-0.06677
1790069474.9768004,0.00418,0.04979,-1.00299,0.00113,0.00232,-0.06557
1790069475.173788,0.00519,0.04919,-1.00299,0.00186,0.00155,-0.06829
1790069475.178269,0.00339,0.04821,-1.003,0.00023,0.00039,-0.06475
1790069475.3782077,0.00767,0.05305,-1.00411,0.00176,-0.00155,-0.06887
1790069475.5814714,0.00496,0.05022,-1.00189,-0.00192,0.00359,-0.0648
1790069475.59306,0.0034,0.05258,-1.00259,0.00404,-0.00186,-0.06591
1790069475.7874882,0.00319,0.04743,-1.0012,0.0029,0.0033,-0.06152
1790069475.7874882,0.00386,0.05178,-1.00176,-0.00196,0.00195,-0.06719
1790069475.8973975,0.00297,0.05043,-1.00167,0.00222,-0.0,-0.0653
1790069475.9964774,0.00352,0.04794,-1.00135,0.00091,0.00527,-0.06154
1790069476.1963868,0.00539,0.05353,-1.00492,-0.00094,-0.00181,-0.06722
1790069476.4011295,0.00342,0.04954,-1.00167,0.00286,0.00315,-0.06284
1790069476.418597,0.00611,0.04803,-1.00405,-0.00046,0.00273,-0.06106
1790069476.8093662,0.00253,0.04581,-1.00025,0.0008,0.00538,-0.048
1790069476.8163023,0.00677,0.05492,-1.00351,-0.00213,0.00099,-0.06104
1790069476.9117482,0.00341,0.05147,-1.00249,0.00057,0.00169,-0.05881
1790069477.016403,0.00497,0.04762,-1.00117,0.00171,0.00095,-0.04314
1790069477.2186232,-0.00016,0.04214,-1.00014,0.00613,0.00206,-0.02507
1790069477.4267132,0.00203,0.03815,-1.00029,-0.00068,0.00424,-0.01713
1790069477.4401052,-0.00481,0.03175,-0.99935,-0.00128,0.00578,-0.00401
1790069477.6277893,-0.00367,0.03069,-1.00168,-0.00019,0.00453,-0.00318
1790069477.6347766,-0.00218,0.0318,-1.00025,-0.00258,0.00266,-0.00839
1790069477.8360922,-0.00447,0.03225,-1.00107,0.00018,0.00589,-0.00435
1790069477.8360922,-0.00546,0.03007,-0.99971,0.00165,0.00662,-0.00322
1790069477.9179194,-0.0015,0.02863,-1.00063,0.00066,0.00648,-0.00314
1790069478.037929,-0.00627,0.03081,-1.00138,-0.00153,0.00713,-0.0016
1790069478.245268,-0.00514,0.02746,-1.00163,-0.00124,0.00405,0.00091
1790069478.245603,-0.00238,0.03408,-1.00066,-0.00094,0.00536,-0.00596
1790069478.4466949,-0.00055,0.03343,-1.00098,0.00179,0.00491,-0.00739
1790069478.4466949,-0.00159,0.03516,-1.0009,0.00329,0.00393,-0.00913
1790069478.6556852,-0.00184,0.03087,-1.00093,0.00178,0.00208,0.00044
1790069478.8623793,-0.00735,0.02056,-0.99821,0.00025,0.00453,0.01257
1790069478.918141,-0.00799,0.01913,-0.99927,-0.00261,0.0,0.01811
1790069479.0782404,-0.00609,0.01891,-0.9985,0.00063,0.00169,0.0235
1790069479.2664256,-0.00696,0.01672,-1.00021,0.00123,0.00356,0.021
1790069479.278949,-0.00718,0.02352,-1.00038,0.00208,0.00168,0.01461
1790069479.4733634,-0.01177,0.00881,-0.99839,-0.00052,0.00485,0.03823
1790069479.475675,-0.01467,0.00245,-0.99816,0.00352,0.00241,0.04702
1790069479.676841,-0.01481,-0.00584,-0.99938,0.00293,0.00659,0.0539
1790069479.6909244,-0.01603,-0.0077,-0.99716,-0.00034,0.00843,0.05049
1790069479.8779213,-0.01665,-0.00333,-0.99782,0.00039,0.00334,0.05319
1790069479.8981051,-0.01644,-0.00496,-0.99701,-0.00328,0.00636,0.04799
1790069480.0870056,-0.01617,-0.00512,-0.9965,0.00522,0.00688,0.05052
1790069480.0992668,-0.01637,-0.00737,-0.99693,0.00144,0.00633,0.05431
1790069480.29402,-0.01825,-0.00714,-0.99524,0.00329,0.00606,0.05427
1790069480.29402,-0.0168,-0.01318,-0.99742,0.00379,0.00474,0.05851
1790069480.4957771,-0.02181,-0.01648,-0.99642,0.00614,0.00804,0.06018
1790069480.4957771,-0.01897,-0.01461,-0.99786,0.00312,0.00612,0.06103
1790069480.7027779,-0.02067,-0.02031,-0.9965,0.00167,0.00532,0.06236
1790069480.9047544,-0.02148,-0.02246,-0.99665,0.00062,0.00631,0.06414
1790069480.912376,-0.02145,-0.02242,-0.99705,0.00195,0.00405,0.06547
1790069481.112401,-0.02257,-0.02308,-0.99656,0.00179,0.00388,0.06892
1790069481.1189275,-0.02037,-0.02469,-0.99722,0.00227,0.0053,0.06518
1790069481.3142822,-0.02404,-0.02574,-0.99591,-0.00045,0.00615,0.06697
1790069481.3170824,-0.02137,-0.0235,-0.99831,-0.00035,0.0036,0.06901
1790069481.5218644,-0.02358,-0.0211,-1.00027,0.0004,0.00796,0.06416
1790069481.5308921,-0.02223,-0.02162,-0.99735,0.00405,0.00545,0.06299
1790069481.7379541,-0.02548,-0.02914,-0.99638,0.00213,0.01094,0.06596
1790069481.9397573,-0.0246,-0.0262,-0.99647,0.00264,0.00683,0.06476
1790069481.9409013,-0.02334,-0.02334,-0.99714,0.00524,0.01172,0.05194
1790069481.9589968,-0.02405,-0.03101,-0.9978,0.0053,0.00532,0.06622
1790069482.1337345,-0.02398,-0.02597,-0.99905,0.00412,0.00678,0.06476
1790069482.337542,-0.02379,-0.02523,-0.99541,0.00199,0.00795,0.0643
1790069482.3490348,-0.02349,-0.02986,-0.99759,0.00039,0.00641,0.06254
1790069482.7517464,-0.02238,-0.02651,-0.99722,0.00306,0.01084,0.05852
1790069482.9324944,-0.02166,-0.02513,-0.9973,0.00206,0.01017,0.05988
1790069483.1613233,-0.02374,-0.02672,-0.99643,0.00241,0.00653,0.05636
1790069483.3628197,-0.0244,-0.02613,-0.99563,0.00249,0.00834,0.05427
1790069483.3756545,-0.02286,-0.02976,-0.9974,0.00302,0.0088,0.05493
1790069483.5699847,-0.02248,-0.02461,-0.99787,0.00629,0.00841,0.04212
1790069483.577432,-0.02384,-0.02036,-0.99852,0.00822,0.00671,0.0355
1790069483.780003,-0.01813,-0.01489,-0.99736,0.00617,0.00477,0.01961
1790069483.932388,-0.01642,-0.00413,-0.99615,0.00297,-1e-05,-0.0006
1790069484.1825206,-0.01164,0.00351,-0.99829,-0.00129,0.00744,-0.01484
1790069484.184065,-0.0128,0.00634,-0.99851,0.00196,0.00474,-0.01676
1790069484.1956246,-0.01054,0.00878,-0.9981,0.00125,0.0035,-0.02172
1790069484.3897595,-0.00635,0.01927,-0.99827,0.00492,0.00353,-0.03815
1790069484.3969257,-0.00241,0.02429,-1.0005,0.00195,0.00328,-0.04171
1790069484.5923147,-0.00735,0.01823,-0.99891,-0.00105,-0.00046,-0.03536
1790069484.5982533,-0.00773,0.01868,-0.99952,0.00512,-0.00047,-0.03508
1790069484.7988765,-0.00424,0.0182,-0.99865,0.00106,0.00122,-0.03751
1790069484.8074095,-0.00954,0.02046,-0.99834,0.00369,-0.00121,-0.03399
1790069484.9386656,-0.00565,0.02178,-0.99945,0.00145,0.0028,-0.04306
1790069485.0161474,0.00027,0.0349,-1.00084,0.0051,-0.00454,-0.05573
1790069485.2095833,0.0036,0.04397,-1.00145,0.00333,-0.0051,-0.06584
1790069485.2230623,0.00196,0.03917,-1.00055,0.00347,-0.00253,-0.06091
1790069485.4131138,0.00121,0.04172,-1.00039,0.00218,-0.00252,-0.06557
1790069485.4180014,0.00398,0.03939,-0.99953,0.00059,0.00023,-0.06208
1790069485.6197646,0.00024,0.04133,-0.99918,0.0029,0.00092,-0.05995
1790069485.6218626,0.00208,0.04628,-1.00002,-0.00016,-0.00123,-0.06553
1790069485.8215542,0.00293,0.04892,-1.00137,-0.00151,0.00054,-0.07094
1790069485.938835,0.00638,0.05119,-1.00134,0.00131,0.00299,-0.07144
1790069486.0369563,0.00409,0.05124,-0.99903,-0.00052,0.006,-0.06589
1790069486.232436,0.00302,0.05272,-1.00017,-0.00086,0.00681,-0.06963
1790069486.2376647,0.00604,0.05065,-1.00081,0.00058,0.00471,-0.06022
1790069486.4381015,0.00384,0.04821,-1.00091,0.00152,0.00546,-0.03629
1790069486.4395018,0.00106,0.03812,-1.00193,0.00376,0.00214,-0.01874
1790069486.640821,0.00204,0.04186,-1.00212,-0.00071,0.00336,-0.01882
1790069486.6478946,-0.00147,0.03584,-1.0002,0.00045,0.00386,-0.00825
1790069486.8424141,-0.00338,0.02781,-0.998,0.00207,0.00248,0.00432
1790069486.8493783,0.00185,0.03198,-1.00108,0.00184,0.00186,-0.00255
1790069486.9523444,-0.00408,0.02451,-0.99977,0.0026,0.00425,0.01296
1790069487.0512655,-0.00869,0.01973,-0.99881,-0.00244,0.00523,0.0217
1790069487.2569635,-0.00769,0.01695,-0.99878,0.0021,0.00524,0.02015
1790069487.4597776,-0.01204,0.00624,-0.99624,0.00381,0.0062,0.04319
1790069487.6682308,-0.01261,-0.00355,-0.99638,0.00623,0.00305,0.05012
1790069487.869869,-0.02114,-0.02209,-0.99783,0.00266,0.00486,0.06774
1790069487.9539747,-0.02316,-0.02177,-0.99612,-0.00054,0.00704,0.06222
1790069488.0712714,-0.02166,-0.02543,-0.99686,0.00317,0.00825,0.05622
1790069488.4859643,-0.02455,-0.02957,-0.99554,0.00413,0.00907,0.05097
1790069488.486979,-0.02126,-0.0199,-0.99693,0.00618,0.00614,0.03671
1790069488.4999347,-0.01843,-0.01227,-0.99997,0.00447,0.00183,0.01008
1790069488.8906357,-0.01483,-0.00349,-0.99847,0.00527,0.00092,0.00116
1790069488.8965225,-0.01582,-0.00707,-1.00035,0.00072,-0.00025,-0.00394
1790069488.9582386,-0.00599,0.01973,-0.99977,0.00332,0.00359,-0.03989
1790069489.098907,-0.00143,0.03256,-0.99962,0.00139,0.00146,-0.05222
1790069489.2999215,0.00033,0.03942,-0.99989,0.00473,0.00108,-0.05532
1790069489.3138309,0.00093,0.04113,-1.00186,0.00191,0.00095,-0.06169
1790069489.5113137,0.00204,0.04278,-1.00218,0.00183,-0.00219,-0.06236
1790069489.5148346,0.00383,0.04901,-1.00112,0.00036,0.00526,-0.06865
1790069489.7115169,0.00276,0.04867,-1.00128,-0.00129,0.00741,-0.06307
1790069489.717031,0.0043,0.04954,-1.00274,0.00015,0.00541,-0.05863
1790069489.9175475,0.00244,0.03613,-1.00039,0.00202,0.00906,-0.01598
1790069490.124852,-0.00189,0.04064,-1.00108,0.0005,0.00978,-0.01413
1790069490.327648,-0.00241,0.03241,-0.99917,0.0016,0.00502,-4e-05
1790069490.327648,-0.00526,0.02793,-0.99999,-0.00228,0.00751,0.00638
1790069490.5291,-0.00638,0.02048,-0.99872,-0.00179,0.00417,0.02292
1790069490.5357363,-0.01041,0.01346,-0.99866,-0.00091,0.00186,0.03454
1790069490.737489,-0.01656,-0.00472,-0.99731,0.00079,-0.00012,0.05164
1790069490.943883,-0.01852,-0.01347,-0.99732,0.00225,0.00474,0.05852
1790069490.945767,-0.01683,-0.01869,-0.99823,0.00331,0.00266,0.06545
1790069491.1406841,-0.02019,-0.02242,-0.9974,0.00376,0.00486,0.06138
1790069491.1482792,-0.0234,-0.02281,-0.99655,0.00109,0.00976,0.05662
1790069491.3477538,-0.02302,-0.02218,-0.99717,0.00022,0.00911,0.04653
1790069491.3548765,-0.02303,-0.02685,-0.99606,0.0034,0.00989,0.04669
1790069491.5557888,-0.02349,-0.02516,-0.99503,0.00433,0.0101,0.03847
1790069491.7583365,-0.0246,-0.02633,-0.99608,0.00652,0.0098,0.03702
1790069491.965329,-0.02155,-0.0188,-0.99731,0.00712,0.0072,0.02547
1790069492.1676886,-0.01685,-0.00692,-1.00048,0.00305,0.00142,-0.00216
1790069492.3829138,-0.01674,-0.00393,-0.99837,0.00103,-0.00284,-0.00392
1790069492.5774994,-0.0111,0.00818,-0.9985,5e-05,0.00338,-0.01915
1790069492.591327,-0.00701,0.02262,-1.00005,0.00215,0.00198,-0.04506
1790069492.7855213,-0.00178,0.03325,-0.99964,-0.00108,0.0016,-0.05027
1790069492.7912118,-0.00389,0.02793,-0.99997,0.00254,0.00293,-0.04584
1790069492.9727347,-0.0028,0.02966,-1.00107,0.00317,-0.00146,-0.05043
1790069493.194933,-0.00237,0.03138,-1.00014,-6e-05,-0.00153,-0.05147
1790069493.194933,0.00047,0.04379,-1.0016,0.00201,0.0037,-0.06005
1790069493.403396,0.00775,0.0521,-1.0008,-0.00149,0.00653,-0.0655
1790069493.6051111,0.0013,0.04902,-0.99896,-6e-05,0.0051,-0.05544
1790069493.8067029,0.0053,0.04965,-0.99983,0.00299,0.00665,-0.03949
1790069493.818606,0.00116,0.04611,-0.99954,0.0004,0.00281,-0.03075
1790069493.9732933,-0.00055,0.03895,-1.00003,-0.0005,0.0078,-0.01494
1790069494.0150335,0.00177,0.03331,-0.99958,0.00393,0.00597,-0.00409
1790069494.2158136,-0.00538,0.03108,-1.0015,0.00067,0.00503,-0.0003
1790069494.424708,-0.00221,0.03023,-0.99869,0.00115,0.00468,0.00077
1790069494.4307117,-0.00229,0.03101,-1.00049,-0.00157,0.00274,0.00431
1790069494.62791,-0.00679,0.01713,-0.99962,-0.00029,0.00413,0.02304
1790069494.6324832,-0.00815,0.0173,-0.99728,-0.00091,0.00412,0.02851
1790069494.833936,-0.01498,-0.01061,-0.99786,0.00267,0.00216,0.05658
1790069494.8398733,-0.01661,-0.00845,-0.99703,0.0009,0.00379,0.05708
1790069494.9795747,-0.01915,-0.01034,-0.99747,0.0078,0.00629,0.06068
1790069495.242681,-0.01237,-0.00897,-0.99773,0.00232,0.00052,0.05765
1790069495.244193,-0.0194,-0.01827,-0.99667,0.00502,0.00268,0.06278
1790069495.4447677,-0.02272,-0.01973,-0.99713,0.00299,0.0009,0.06612
1790069495.4577541,-0.02199,-0.02702,-0.99715,0.00149,2e-05,0.06509
1790069495.6537304,-0.02107,-0.02438,-0.99792,0.00665,0.00254,0.06692
1790069495.658628,-0.02159,-0.02366,-0.99721,0.00343,0.00023,0.06419
1790069495.855327,-0.02099,-0.02698,-0.99772,0.00284,0.00308,0.06742
1790069495.8598657,-0.02329,-0.02431,-0.99587,0.00394,0.00184,0.06032
1790069495.987116,-0.02119,-0.02342,-0.99865,0.00225,0.00324,0.05674
1790069496.2640338,-0.0229,-0.02412,-0.99622,0.00756,0.00892,0.04558
1790069496.2640338,-0.02248,-0.027,-0.99919,0.00706,0.00651,0.04931
1790069496.4724946,-0.02511,-0.02732,-0.99819,0.00178,0.00466,0.04751
1790069496.6144736,-0.02416,-0.0261,-0.99678,0.00632,0.00864,0.04394
1790069496.6742237,-0.0228,-0.0224,-0.99653,0.0057,0.00673,0.0415
1790069496.8806224,-0.02079,-0.02072,-0.9972,0.00377,0.00634,0.03073
1790069496.8840654,-0.01846,-0.0161,-0.99897,0.00372,0.00494,0.02358
1790069496.9722571,-0.0218,-0.0158,-0.99703,0.00767,0.00159,0.01311
1790069497.083043,-0.02128,-0.01586,-0.99747,0.007,0.00368,0.01421
1790069497.2911808,-0.01753,-0.01149,-0.99682,0.00476,2e-05,0.00936
1790069497.4926877,-0.00464,0.02346,-0.99923,0.00223,0.00277,-0.04382
1790069497.700926,-0.00705,0.0191,-0.99867,-0.00032,0.00353,-0.0436
1790069497.9043407,-0.00262,0.03065,-1.00201,0.00356,0.00359,-0.05358
1790069497.9043407,-0.00118,0.03734,-1.00081,0.00234,0.00083,-0.06156
1790069498.0015736,0.00452,0.04817,-1.00136,-0.00233,0.00212,-0.06774
1790069498.1176038,0.00421,0.04934,-1.00222,0.00268,0.0012,-0.05919
1790069498.3140097,0.0029,0.04584,-1.00184,-0.00162,0.01178,-0.03504
1790069498.3140097,0.00452,0.04881,-1.00043,-0.00318,0.00403,-0.03607
1790069498.5191984,0.00581,0.04972,-1.00324,0.00201,0.00622,-0.04229
1790069498.5271306,0.00078,0.04689,-1.00088,0.00174,0.00744,-0.03043
1790069498.722996,-0.00135,0.03507,-1.00023,0.00143,0.00471,-0.00694
1790069498.72961,-0.00098,0.02592,-0.99986,0.00133,-0.00026,0.00497
1790069498.931491,-0.00553,0.02303,-0.99874,0.00151,0.00106,0.0175
1790069498.9370253,-0.00576,0.01639,-0.99951,0.0009,0.00075,0.02402
1790069499.0133243,-0.00789,0.01467,-0.99878,0.00088,0.00496,0.02512
1790069499.1319332,-0.00555,0.01921,-0.99806,-0.00125,0.00027,0.0227
1790069499.3385832,-0.00925,0.01617,-0.99872,0.00591,0.00194,0.02774
1790069499.339989,-0.0114,0.00679,-0.9974,0.00128,0.002,0.03953
1790069499.5410511,-0.0134,-0.00207,-0.99979,0.00263,0.00187,0.05087
1790069499.5540955,-0.01733,-0.0116,-0.99659,0.00633,0.00154,0.05629
1790069499.7424462,-0.01836,-0.01525,-0.9978,0.00079,0.00401,0.05434
1790069499.756751,-0.01942,-0.01729,-0.99836,0.00291,0.00069,0.05983
1790069499.9507003,-0.0201,-0.02425,-0.99543,0.00623,0.0033,0.05646
1790069499.9576604,-0.02322,-0.02355,-0.99725,0.00135,0.00381,0.05651
1790069500.0132,-0.02316,-0.02505,-0.99817,0.00145,0.00785,0.05279
1790069500.1588283,-0.0195,-0.02076,-0.99892,0.00164,0.00547,0.03911
1790069500.367244,-0.01327,0.0001,-0.99903,0.00076,0.00152,-0.00986
1790069500.5617394,-0.01063,0.01255,-0.99866,0.00154,0.00328,-0.03045
1790069500.5756326,-0.00326,0.02707,-1.00066,0.00127,0.00312,-0.04965
1790069500.7699783,-0.00289,0.03321,-0.99983,0.00278,0.00174,-0.05261
1790069500.777255,-0.00093,0.03987,-1.00106,0.0045,0.0001,-0.05977
1790069500.9772415,0.00035,0.04422,-0.99907,0.00097,0.00293,-0.06056
1790069501.0187774,0.00088,0.04184,-1.00012,0.00246,0.00021,-0.03295
1790069501.1811988,-0.00225,0.03565,-0.99857,-0.00083,0.00667,-0.01697
1790069501.3818078,-0.00406,0.03129,-1.0,0.00402,-0.00111,-0.01378
1790069501.3957756,-0.00348,0.02921,-1.00002,-0.0004,0.0015,-0.00689
1790069501.5901608,-0.00311,0.02738,-0.99818,0.00139,0.00377,0.0034
1790069501.5971403,-0.00516,0.0236,-1.00089,-0.00263,0.00276,0.00169
1790069501.7920098,-0.00746,0.02105,-0.99972,-0.00237,0.00374,0.00796
1790069501.799305,-0.01027,0.01096,-0.99994,-0.00266,0.00511,0.02099
1790069501.999985,-0.01014,0.00718,-0.99861,0.00212,0.00343,0.02516
1790069502.007193,-0.01055,0.00932,-0.99963,0.00118,0.00524,0.02194
1790069502.0140831,-0.01159,0.01264,-0.99936,0.00083,0.00261,0.01979
1790069502.2133336,-0.00738,0.01577,-0.99868,0.0013,0.00361,0.00937
1790069502.2148323,-0.00467,0.02836,-1.00112,0.00164,0.00131,-0.01251
1790069502.4087596,-0.00164,0.03318,-1.00104,0.0,0.00815,-0.03023
1790069502.6101747,-0.00012,0.0387,-1.00011,0.00297,0.00675,-0.03482
1790069502.6158602,0.00018,0.03674,-0.99785,0.00196,0.00386,-0.04133
1790069502.8183982,-0.00267,0.03223,-1.00017,-0.00073,0.0046,-0.04301
1790069502.8256996,-0.00479,0.031,-0.99741,0.00318,0.0038,-0.0396
1790069503.0334902,-0.00647,0.026,-0.99837,0.00217,-0.00053,-0.0336
1790069503.2285085,-0.0159,-2e-05,-0.99796,0.00433,0.00508,0.00536
1790069503.2356405,-0.01761,-0.00402,-0.99821,0.00264,0.00281,0.01014
1790069503.4293604,-0.01721,-0.00832,-1.00029,0.00347,0.00121,0.02766
1790069503.436808,-0.01811,-0.01123,-0.99926,0.00202,0.00539,0.03196
1790069503.6393123,-0.01828,-0.01019,-0.99838,-0.00143,0.00246,0.03557
1790069503.8448417,-0.01427,-0.00513,-0.99927,0.00213,0.00138,0.03534
1790069503.858823,-0.01219,-0.00122,-0.99881,-0.00092,0.0062,0.02933
1790069504.020656,-0.01199,0.00763,-0.99968,0.00165,0.00214,0.0228
1790069504.2544744,-0.00309,0.02618,-0.99979,0.00201,0.00358,-0.00438
1790069504.4604008,-0.00037,0.03874,-1.00096,0.00485,0.00409,-0.03123
1790069504.6642957,-0.00162,0.03628,-1.00037,0.00325,0.00424,-0.03387
1790069504.6717236,-0.00234,0.03515,-1.00017,0.00455,0.00537,-0.04378
1790069504.8674219,-0.0048,0.03293,-1.00018,0.00518,0.00486,-0.03658
1790069504.8769212,-0.0093,0.02117,-1.00092,0.00112,0.00304,-0.021
1790069505.0270338,-0.01304,0.00818,-0.99912,0.00593,0.00568,-0.00622
1790069505.2769432,-0.01482,0.00101,-1.00066,0.00334,0.00365,0.00607
1790069505.2769432,-0.01546,-0.00617,-0.99866,0.00329,0.00447,0.01741
1790069505.478482,-0.01458,-0.00497,-0.99729,0.00127,0.00446,0.02249
1790069505.4924212,-0.01641,-0.0114,-0.99971,0.00026,0.00502,0.0368
1790069505.686668,-0.01577,-0.00632,-0.99862,0.00364,0.00447,0.03418
1790069505.693172,-0.01223,-0.00324,-0.99869,0.00023,0.00313,0.03066
1790069505.888184,-0.01221,0.00395,-0.99977,-0.00057,0.0056,0.02626
1790069505.8947945,-0.00872,0.01049,-0.99987,-0.00223,0.00081,0.01768
1790069506.0270777,-0.00431,0.0257,-0.99952,0.00252,0.00231,-0.00076
1790069506.096423,-0.00191,0.03315,-0.99949,0.00533,0.00442,-0.01809
1790069506.302885,0.00197,0.04309,-1.00161,0.00346,0.00272,-0.03496
1790069506.3180869,-0.00049,0.0397,-1.0001,0.00635,0.00575,-0.04184
1790069506.5052361,-0.0039,0.03494,-1.00044,0.00421,0.00235,-0.03559
1790069506.512634,-0.00404,0.02821,-0.99827,0.00319,0.00067,-0.03373
1790069506.707177,-0.00893,0.02028,-0.99937,0.00204,0.00231,-0.02265
1790069506.714191,-0.01119,0.01493,-0.99857,0.00501,0.00343,-0.01432
1790069506.915347,-0.0114,0.00649,-0.99796,0.00352,0.00625,-0.00463
1790069507.0333471,-0.01645,-0.00714,-0.99829,0.00305,0.00585,0.01429
1790069507.3253272,-0.01552,-0.00471,-0.99726,0.00136,0.00222,0.02046
1790069507.3256366,-0.01893,-0.00925,-0.99939,0.00069,0.00334,0.0268
1790069507.3374321,-0.01905,-0.01448,-0.9981,0.00055,0.01014,0.03807
1790069507.5267372,-0.01575,-0.01059,-0.99864,0.00031,0.00593,0.03991
1790069507.533326,-0.01215,-0.00035,-0.9972,0.0,0.00212,0.02851
1790069507.7356067,-0.01092,0.01146,-0.99828,0.00171,0.00462,0.01718
1790069507.7356067,-0.00475,0.01982,-0.99771,0.00111,0.00507,0.01003
1790069507.9359002,-0.00013,0.03378,-1.00021,0.00356,0.00181,-0.01856
1790069507.943023,5e-05,0.03803,-1.00112,0.00436,-0.00044,-0.02878
1790069508.0390918,-0.0002,0.03944,-0.99811,0.00224,0.00451,-0.04141
1790069508.144337,-0.00606,0.03847,-0.99954,0.00208,0.0046,-0.04166
1790069508.352482,-0.00938,0.02155,-1.00012,0.00489,-0.00031,-0.02686
1790069508.5540452,-0.01253,0.00743,-0.99982,0.00105,0.0032,-0.00755
1790069508.7626257,-0.01776,-0.00615,-0.99934,0.00265,0.00245,0.01782
1790069508.9640796,-0.01703,-0.01522,-0.99984,-0.00017,0.00631,0.03286
1790069509.038633,-0.0197,-0.01407,-0.99888,0.00037,0.00584,0.04429
1790069509.1661294,-0.01755,-0.01196,-0.9971,-0.00051,0.00405,0.04384
1790069509.3733943,-0.01572,-0.00837,-0.99852,0.00146,-0.00053,0.03483
1790069509.575329,-0.01211,0.00614,-0.99712,0.00029,0.00695,0.0266
1790069509.7894998,-0.00636,0.02485,-0.99893,0.00102,0.00409,0.00054
1790069509.983966,-0.00022,0.03551,-0.99894,0.00111,0.0062,-0.02128
1790069509.9969018,-0.00355,0.042,-0.99942,0.00162,0.00317,-0.03227
1790069510.1928804,-0.00074,0.04379,-0.99894,0.00242,0.00177,-0.04732
1790069510.3945522,-0.00173,0.03437,-0.99951,0.00694,0.00399,-0.044
1790069510.4084716,-0.00369,0.03084,-0.99935,0.00413,0.00126,-0.03894
1790069510.603161,-0.00785,0.02699,-1.00092,0.00397,0.00113,-0.03428
1790069510.8074465,-0.01268,0.00961,-0.99867,-0.00011,0.00473,-0.0059
1790069511.0126252,-0.0195,-0.0119,-0.99911,0.00213,0.00529,0.02622
1790069511.2139926,-0.01868,-0.01718,-0.99842,0.00257,0.00394,0.04138
1790069511.2139926,-0.01867,-0.01228,-0.99822,0.00117,0.00494,0.04365
1790069511.4221256,-0.01617,-0.00831,-0.99883,0.00058,0.00466,0.03984
1790069511.6228697,-0.01285,-0.00272,-0.99726,-4e-05,0.00369,0.03871
1790069511.6366627,-0.01139,0.00475,-0.99894,0.00082,0.00354,0.02777
1790069511.831834,-0.00947,0.01413,-0.99944,0.00216,0.00511,0.01484
1790069511.8375175,-0.00487,0.02083,-0.99811,0.0014,0.00525,0.00798
1790069512.038281,-0.00281,0.03085,-0.99809,0.00102,0.00433,-0.0132
1790069512.2409532,-0.00167,0.03485,-0.99954,0.00543,0.00403,-0.02174
1790069512.448294,-4e-05,0.04171,-1.00043,0.0018,0.00184,-0.05152
1790069512.61672,-0.00346,0.03219,-1.0002,0.00168,0.00379,-0.03723
1790069512.6498742,-0.00783,0.02485,-0.99799,0.00347,0.00497,-0.03198
1790069512.8521783,-0.00795,0.01968,-1.00021,0.00703,0.00431,-0.02196
1790069513.0468628,-0.0173,-0.0048,-0.99961,0.00243,0.00341,0.01181
1790069513.2626998,-0.01897,-0.01364,-1.00036,0.0002,0.0027,0.02982
1790069513.2774997,-0.01919,-0.01365,-0.99894,0.00071,0.00514,0.03723
1790069513.469618,-0.01769,-0.01428,-0.99865,0.00353,0.00295,0.04078
1790069513.4762752,-0.01715,-0.0117,-0.99791,0.00027,0.00091,0.04291
1790069513.6721623,-0.0144,-0.00373,-0.9985,-0.00141,0.00196,0.03827
1790069513.6771412,-0.01407,0.00473,-0.99878,-0.00094,0.00752,0.03131
1790069513.8790812,-0.00697,0.01605,-0.99954,0.00082,0.00432,0.01453
1790069513.8929234,-0.0068,0.0205,-0.99876,0.00206,0.00467,0.01086
1790069514.0536191,-0.0034,0.02646,-0.99935,0.00154,0.00373,-0.00318
1790069514.2885978,-0.00573,0.02992,-1.00078,0.00479,0.00529,-0.0119
1790069514.2896094,0.00075,0.04081,-1.00056,0.00556,0.00527,-0.04278
1790069514.4905672,-0.00381,0.03464,-0.99934,0.00432,0.00594,-0.0416
1790069514.6982043,-0.00541,0.02391,-0.99902,0.00247,0.0032,-0.03153
1790069514.7110891,-0.0099,0.01876,-0.99729,0.00297,0.00416,-0.02202
1790069514.904289,-0.01103,0.0103,-0.99851,0.00331,-7e-05,-0.012
1790069514.9148326,-0.01558,-0.00266,-0.99815,0.00067,0.00718,0.00751
1790069515.0604887,-0.01962,-0.00629,-0.99809,0.00394,0.00493,0.01971
1790069515.0774617,-0.01957,-0.0136,-0.99743,0.00125,0.00114,0.03324
1790069515.3102648,-0.01943,-0.01544,-0.99943,0.00088,0.00591,0.04906
1790069515.518421,-0.01006,0.00735,-0.99835,0.00054,0.00232,0.02411
1790069515.7223089,-0.01067,0.01551,-0.99969,0.00326,0.00283,0.01543
1790069515.7336755,-0.00409,0.02316,-0.9994,0.00365,0.00076,-0.00267
1790069515.8521075,-0.00116,0.03553,-0.99936,0.00276,0.00552,-0.01627
1790069515.921684,-0.00023,0.04095,-0.99883,0.00428,0.00348,-0.03454
1790069516.0603108,0.0029,0.04404,-1.00001,0.00222,0.00293,-0.04707
1790069516.0738823,-0.0003,0.0399,-0.99891,0.00178,0.00204,-0.0447
1790069516.3362458,0.0,0.03372,-1.00006,0.00717,0.00158,-0.04116
1790069516.3513033,-0.00493,0.03586,-1.0005,0.00099,0.00408,-0.04146
1790069516.5389278,-0.006,0.02758,-0.9996,-0.0003,0.00063,-0.03958
1790069516.5515914,-0.00914,0.02043,-1.00028,0.00175,0.00452,-0.0243
1790069516.7464812,-0.01053,0.01136,-0.99843,0.0036,0.00056,-0.01438
1790069516.948488,-0.01397,0.00191,-1.00021,0.0023,0.00391,0.00217
1790069516.948488,-0.01481,9e-05,-0.99774,0.00339,0.00642,0.00661
1790069517.072513,-0.01945,-0.01005,-0.99671,-0.00029,0.00518,0.01875
1790069517.1561456,-0.01924,-0.01412,-0.99921,0.00213,0.00482,0.03228
1790069517.3580647,-0.01962,-0.01555,-0.99926,-0.00093,0.00703,0.04119
1790069517.566246,-0.01675,-0.00725,-0.99812,0.00187,0.00714,0.04292
1790069517.7678125,-0.01264,0.00289,-0.99712,0.00056,0.00389,0.03103
1790069517.7678125,-0.00668,0.01526,-0.9984,-0.00126,0.00368,0.01448
1790069517.9755979,0.00177,0.03827,-0.99969,0.00334,0.00176,-0.02554
1790069518.0731163,-0.0034,0.04164,-1.00066,0.00392,0.00537,-0.03795
1790069518.1774178,7e-05,0.04346,-1.00093,0.0045,0.00434,-0.04721
1790069518.3857036,-0.00095,0.03704,-0.9999,0.00317,0.00032,-0.04694
1790069518.587105,-0.00683,0.02579,-1.00041,0.00232,0.00549,-0.03333
1790069518.587105,-0.01398,0.00672,-0.9985,0.00457,0.00503,3e-05
1790069518.7945375,-0.01799,-0.01088,-0.99797,0.00095,0.00081,0.0192
1790069518.996772,-0.02028,-0.01347,-0.99871,0.00211,0.00212,0.04557
1790069518.996772,-0.01364,-0.00335,-1.00004,0.00031,0.00376,0.03843
1790069519.0103877,-0.01128,0.00768,-0.99755,-0.00045,0.0041,0.02157
1790069519.2055001,-0.00459,0.02224,-0.99881,0.00112,0.00297,0.00149
1790069519.2125623,-0.00072,0.03745,-0.99797,0.00103,0.00455,-0.0168
1790069519.4070895,0.00214,0.04028,-1.00131,0.00339,0.00274,-0.04543
1790069519.413478,-0.00182,0.03855,-0.99794,0.0025,0.00519,-0.04417
1790069519.6136177,-0.00924,0.02848,-0.99981,0.00222,0.00046,-0.03414
1790069519.8165085,-0.00657,0.02298,-0.99945,0.0011,0.00103,-0.02212
1790069519.8165085,-0.01144,0.00684,-0.99979,0.0033,0.00473,-0.00469
1790069519.8225985,-0.01904,-0.01029,-0.99735,0.00104,0.00515,0.02088
1790069520.0247848,-0.01658,-0.01195,-0.99904,0.00236,0.00343,0.02875
1790069520.228319,-0.01792,-0.01361,-0.99678,-0.00074,0.00196,0.04743
1790069520.2331402,-0.01695,-0.00678,-0.99758,0.0006,0.00383,0.04046
1790069520.434397,-0.01365,-0.00279,-0.99898,0.00127,0.00603,0.03655
1790069520.434397,-0.01045,0.00765,-0.99859,-0.00208,0.00729,0.0262
1790069520.637401,-0.00666,0.02016,-1.00113,0.00159,0.00529,0.00977
1790069520.6397643,-0.00121,0.03143,-0.99913,0.00398,0.00128,-0.01175
1790069520.8447092,0.0006,0.04257,-0.99864,0.0038,0.00436,-0.03095
1790069520.8457184,0.00169,0.04235,-0.99923,0.0014,0.00354,-0.04735
1790069521.0452025,-0.00091,0.04002,-1.00004,0.0007,0.00265,-0.04934
1790069521.0578516,-0.00337,0.03427,-1.00071,0.00544,0.00354,-0.0416
1790069521.2522526,-0.00961,0.01133,-1.00014,0.0034,0.00463,-0.01083
1790069521.2536623,-0.01519,0.00255,-0.99711,0.00127,0.00399,-0.00276
1790069521.4553785,-0.01836,-0.00675,-0.99902,0.00422,0.00434,0.02135
1790069521.469352,-0.01941,-0.01103,-0.99884,0.00063,0.00238,0.02483
1790069521.6606395,-0.018,-0.01396,-0.99729,0.00046,0.00688,0.03878
1790069521.6745033,-0.01973,-0.01481,-0.99605,0.00213,0.0073,0.04103
1790069521.8650577,-0.01579,-0.01058,-0.9969,0.003,0.0045,0.04365
1790069522.0662699,-0.01248,0.0051,-0.99796,-0.00127,0.00618,0.02945
1790069522.0732265,-0.00346,0.02361,-0.99933,-0.00069,0.00407,-0.00055
1790069522.0957189,-0.00294,0.03407,-0.99955,0.0013,0.00526,-0.01404
1790069522.2747083,0.0003,0.04222,-0.99984,-0.0004,0.0058,-0.0399
1790069522.47611,0.00197,0.04257,-1.00044,0.00634,0.00227,-0.04952
1790069522.4820187,0.00049,0.0392,-0.99882,0.00384,0.003,-0.05218
1790069522.489945,-0.00385,0.02664,-0.99935,0.00509,0.00238,-0.03035
1790069522.6843398,-0.01351,0.00727,-0.99703,0.00263,0.00309,-0.00454
1790069522.690873,-0.0186,-0.00984,-0.99758,0.00017,0.00549,0.02482
1790069522.885398,-0.0213,-0.01592,-0.9989,0.0019,0.00697,0.03993
1790069522.8924024,-0.01956,-0.01653,-1.00126,0.00067,0.00642,0.0496
1790069523.0942643,-0.01767,-0.00955,-0.99774,-1e-05,0.00426,0.04121
1790069523.0979702,-0.01458,-0.00305,-0.99882,0.00123,0.00235,0.03735
1790069523.30305,-0.01403,0.00641,-0.99758,0.0,0.00457,0.0315
1790069523.3166285,-0.00903,0.01231,-0.9989,-0.00261,0.00314,0.01645
1790069523.5034168,-0.00177,0.03281,-0.99863,0.00078,0.00581,-0.01063
1790069523.5162818,0.00179,0.04087,-0.99814,0.00117,0.00366,-0.02834
1790069523.710305,0.00225,0.044,-0.99981,0.00387,0.00418,-0.04682
1790069523.7119498,8e-05,0.03919,-0.99968,0.00199,0.00393,-0.05027
1790069523.9132972,-0.00411,0.03433,-0.99814,0.00419,0.00271,-0.04112
1790069523.9132972,-0.00928,0.01702,-0.9983,0.00464,0.00251,-0.02096
1790069524.1077654,-0.01583,-0.00281,-0.99653,0.00515,0.00271,0.0046
1790069524.3230283,-0.01745,-0.01067,-0.99921,0.00282,0.0021,0.02238
1790069524.3230283,-0.02177,-0.0189,-0.99777,0.00154,0.0074,0.04293
1790069524.3281987,-0.01932,-0.0158,-0.99827,0.00061,0.00221,0.04905
1790069524.5296738,-0.0152,-0.00298,-0.9946,0.00447,0.00802,0.03918
1790069524.5310268,-0.01,0.0056,-0.99819,0.00371,0.00594,0.02519
1790069524.7322938,-0.00026,0.03975,-0.99826,0.0037,0.0076,-0.02622
1790069524.940894,0.00171,0.04593,-1.00137,0.0012,0.0035,-0.04743
1790069524.9474854,-7e-05,0.04236,-0.99883,0.00062,0.00348,-0.04651
1790069525.1123118,-0.00234,0.04012,-0.99997,-0.00097,0.00387,-0.04952
1790069525.3437986,-0.00165,0.03245,-0.9999,0.00325,0.0051,-0.04126
1790069525.3489776,-0.00867,0.01754,-0.99913,0.00091,0.00067,-0.02199
1790069525.5523646,-0.01863,-0.00713,-1.0,0.00279,0.00318,0.01581
1790069525.5593338,-0.01884,-0.01916,-0.99987,0.00174,0.00422,0.04057
1790069525.758787,-0.02024,-0.01476,-0.99807,-0.00014,0.00581,0.04672
1790069525.7603343,-0.01951,-0.01202,-0.99756,0.00233,0.00448,0.04504
1790069525.960616,-0.01174,-0.00405,-0.99869,-8e-05,0.00567,0.03949
1790069525.9619477,-0.01547,0.00657,-0.99703,-0.00125,0.00635,0.02746
1790069526.1144457,-0.00555,0.01987,-1.0006,-0.00056,0.00324,0.00662
1790069526.1763234,0.0005,0.03183,-1.00103,0.00149,0.00408,-0.00927
1790069526.3711262,-0.00271,0.03739,-0.99975,0.00076,0.00252,-0.02414
1790069526.3711262,0.00149,0.04009,-1.00024,0.00192,0.00565,-0.03011
1790069526.578002,0.00327,0.04203,-0.99934,0.00276,0.00682,-0.04987
1790069526.7804606,0.00022,0.04417,-0.99936,0.0044,0.00108,-0.05589
1790069526.7804606,-0.00493,0.0309,-0.99772,0.00489,-0.00017,-0.03993
1790069526.9617066,-0.01021,0.01331,-0.99808,0.00288,0.0091,-0.02172
1790069526.9682121,-0.01243,0.00508,-0.99807,0.0022,0.0016,-0.00341
1790069527.1210358,-0.01873,-0.0098,-0.99823,0.00744,0.00416,0.01611
1790069527.1964293,-0.02047,-0.01254,-0.9994,0.00306,0.00175,0.03221
1790069527.3889012,-0.02103,-0.01894,-0.99668,0.00388,0.00749,0.05024
1790069527.5997252,-0.0151,-0.00123,-1.00052,0.00162,0.00211,0.03707
1790069527.8018765,-0.00831,0.0203,-0.99887,0.00115,0.00419,0.01176
1790069528.0090148,-0.00659,0.02431,-0.9974,0.00154,0.00244,-0.00025
1790069528.0157607,0.00046,0.03088,-0.99964,0.00346,0.00713,-0.01331
1790069528.1281662,0.001,0.04168,-1.00049,0.00264,0.00476,-0.02896
1790069528.21093,0.00207,0.04276,-1.00115,0.00088,-3e-05,-0.04389
1790069528.4176366,0.00214,0.04484,-0.99778,0.0011,0.00384,-0.05747
1790069528.4330935,-0.00072,0.03371,-1.00117,0.00248,0.00177,-0.0461
1790069528.626875,-0.00678,0.02393,-0.99938,0.00341,0.00199,-0.02834
1790069528.6331582,-0.01352,0.01165,-0.99814,0.00441,0.00582,-0.01285
1790069528.8298247,-0.01377,0.00449,-1.00153,-0.00061,0.0054,-0.00402
1790069528.8359573,-0.01599,-0.0028,-0.99804,0.00401,0.00429,0.01038
1790069529.0337422,-0.0167,-0.00998,-0.9964,0.00178,0.0043,0.02176
1790069529.0363715,-0.02287,-0.02029,-0.99862,0.00206,0.00613,0.04091
1790069529.1348743,-0.02061,-0.0148,-0.99758,0.00433,0.00589,0.04195
1790069529.23835,-0.02088,-0.01233,-0.99693,0.0038,0.00655,0.0422
1790069529.4408224,-0.01944,-0.01309,-0.99632,0.00275,0.00709,0.04567
1790069529.4408224,-0.0178,-0.00934,-1.00015,0.00051,0.00432,0.04577
1790069529.648921,-0.00754,0.019,-0.99996,0.00207,0.00589,0.01292
1790069529.8490188,-0.00088,0.03339,-1.00051,0.00095,0.00581,-0.01362
1790069530.057671,0.00315,0.04217,-1.00095,5e-05,0.00271,-0.04059
1790069530.1368792,0.00095,0.04285,-1.00031,0.00067,0.00176,-0.05539
1790069530.258629,-0.00333,0.03515,-0.99773,0.0022,0.00307,-0.04693
1790069530.464593,-0.00472,0.02496,-0.9993,0.00238,-0.00093,-0.03712
1790069530.464593,-0.01024,0.01388,-0.9986,0.00103,0.00146,-0.02249
1790069530.6709468,-0.01727,-0.00165,-0.99914,0.00322,0.00472,0.00627
1790069530.8763103,-0.01744,-0.00881,-0.99661,0.00273,0.00539,0.02443
1790069531.0702877,-0.02044,-0.01502,-0.99802,0.00041,0.00654,0.0456
1790069531.149586,-0.01299,0.00042,-1.00021,0.00106,0.00553,0.03184
1790069531.278763,-0.01169,0.01334,-0.99784,0.00394,0.00689,0.02319
1790069531.4844987,-0.0106,0.01285,-0.99966,0.00294,0.00455,0.02036
1790069531.4844987,-0.00366,0.02315,-0.99795,0.00157,0.00388,0.00086
1790069531.6914835,-0.00033,0.04099,-1.00067,0.00284,0.00184,-0.02807
1790069531.8995023,0.00224,0.04552,-1.00159,0.00119,0.00385,-0.04552
1790069531.8995023,0.00194,0.04345,-1.00062,0.00131,0.0017,-0.05043
1790069531.9053,4e-05,0.03906,-0.99937,0.00083,-0.00063,-0.05509
1790069532.0972078,-0.00175,0.03387,-0.9993,0.00144,0.00376,-0.04123
1790069532.1130588,-0.00414,0.02318,-0.99788,0.00249,0.00085,-0.03065
1790069532.160954,-0.0103,0.00827,-0.99741,0.00168,0.00539,-0.00883
1790069532.3123717,-0.01674,-0.00537,-0.99806,0.00401,0.00561,0.01392
1790069532.5163605,-0.02077,-0.01622,-0.99833,0.00173,0.00481,0.03173
1790069532.5163605,-0.02089,-0.01735,-0.99831,0.00659,0.00542,0.03985
1790069532.7087803,-0.02059,-0.01579,-0.99686,0.00276,0.00611,0.04711
1790069532.9233465,-0.01349,-0.00352,-0.99937,0.00092,0.00401,0.03923
1790069532.9233465,-0.01043,0.0062,-0.99936,0.00485,0.00535,0.02619
1790069533.1279094,-0.00399,0.02648,-0.9996,0.00083,0.00126,0.00146
1790069533.134253,-0.00186,0.03274,-1.00021,0.00058,0.00675,-0.01034
1790069533.1763213,0.00099,0.03788,-0.99989,0.00397,0.00151,-0.02727
1790069533.335834,0.00325,0.04435,-1.0005,0.00419,0.00339,-0.0442
1790069533.5422707,0.0016,0.04568,-1.00057,0.00349,0.00319,-0.05331
1790069533.7441015,-0.00312,0.02919,-0.99991,0.00124,0.00192,-0.03591
1790069533.746054,-0.00956,0.01638,-0.99756,0.0009,0.00144,-0.01843
1790069533.94819,-0.01679,-0.00415,-0.99776,0.00344,0.00589,0.0102
1790069533.9511154,-0.01722,-0.01078,-0.99886,0.00448,0.0041,0.02587
1790069534.1539776,-0.02112,-0.01427,-0.99706,0.00191,0.00758,0.03328
1790069534.175511,-0.02059,-0.01397,-0.99773,0.0012,0.00508,0.04683
1790069534.3593245,-0.01773,-0.0099,-1.00028,8e-05,0.00741,0.04193
1790069534.563619,-0.0125,0.00759,-0.99977,0.00451,0.0028,0.0297
1790069534.565341,-0.00867,0.01741,-0.99989,-0.00062,-0.00115,0.01438
1790069534.5722957,-0.00151,0.03521,-1.00025,0.00199,0.00535,-0.01629
1790069534.9748719,0.00284,0.04057,-1.00173,0.00374,0.00109,-0.02903
1790069534.9748719,-0.00161,0.04134,-1.00232,0.00319,0.00355,-0.0385
1790069534.9815385,0.0022,0.03969,-1.00066,-0.00146,0.00096,-0.05262
1790069535.1832862,-0.00285,0.03392,-0.99895,0.00317,0.00128,-0.04602
1790069535.1955647,-0.00387,0.023,-1.00011,0.00063,0.00186,-0.03457
1790069535.3839486,-0.00931,0.01333,-0.99925,0.00075,0.00387,-0.01927
1790069535.3967924,-0.0135,0.00461,-0.99935,0.00178,0.00276,-0.00129
1790069535.5857973,-0.01895,-0.00604,-1.00093,0.00115,0.00664,0.01791
1790069535.5917609,-0.01868,-0.01366,-1.00041,0.00279,0.00539,0.03519
1790069535.7939997,-0.02061,-0.01456,-0.99947,-0.00057,0.00426,0.0481
1790069536.002035,-0.01777,-0.00769,-0.99997,0.00501,0.00164,0.0456
1790069536.014859,-0.01313,0.00086,-0.99973,8e-05,0.00735,0.03154
1790069536.182827,-0.00769,0.01885,-0.99973,0.00193,0.00621,0.01437
1790069536.1958468,-0.00683,0.02506,-1.00111,0.002,0.00309,0.00017
1790069536.4099503,0.00331,0.04364,-0.99996,0.00038,0.00125,-0.04029
1790069536.6115124,0.00465,0.04556,-0.99989,0.00102,0.00571,-0.05669
1790069536.6128864,-0.00139,0.03716,-0.99945,0.00275,0.00285,-0.0501
1790069536.8142908,-0.00823,0.01377,-0.99633,0.00541,-0.00012,-0.02419
1790069537.0219233,-0.01835,-0.01156,-0.99975,0.00294,0.00356,0.01956
1790069537.1896524,-0.02018,-0.01767,-0.99894,0.00302,0.00836,0.03519
1790069537.2223237,-0.02056,-0.01717,-0.99842,0.00091,0.00442,0.04929
1790069537.4306767,-0.0138,0.00047,-0.99797,0.00116,0.00373,0.03289
1790069537.4320173,-0.00879,0.01505,-0.99857,0.00301,0.00715,0.0206
1790069537.6333582,-0.00301,0.03179,-0.9995,0.00215,0.00576,-0.01767
1790069537.8413935,0.00385,0.04432,-0.99951,0.00304,0.00359,-0.03912
1790069537.8419363,0.00297,0.04457,-1.0004,0.0029,0.00721,-0.03718
1790069538.1962004,-0.00018,0.04254,-1.00069,0.00235,0.00096,-0.05156
1790069538.2441716,-0.01265,0.00767,-0.9992,0.00353,0.00595,-0.0094
1790069538.4530668,-0.01596,-0.00257,-0.99834,0.00526,0.00492,0.0076
1790069538.6607623,-0.0186,-0.01527,-0.99772,0.00128,0.00422,0.0462
1790069538.8624353,-0.01383,-0.00171,-0.99922,0.00376,0.00326,0.03416
1790069539.0704138,-0.01138,0.0104,-0.99926,0.00044,0.00546,0.02284
1790069539.0780232,-0.00871,0.01413,-0.99713,0.00344,0.00376,0.01427
1790069539.2026055,-0.00362,0.02799,-0.99887,0.00257,0.00412,-0.0069
1790069539.2724524,-0.00065,0.03288,-1.00048,0.00324,0.00437,-0.01885
1790069539.4943607,0.00214,0.04018,-1.00138,-1e-05,0.00551,-0.03706
1790069539.682381,-0.00069,0.03918,-0.99798,0.00157,0.00332,-0.04293
1790069539.6950898,0.00034,0.03935,-1.00018,0.00054,0.00127,-0.04612
1790069539.890349,-0.00472,0.02946,-0.9987,0.00449,0.00364,-0.04054
1790069540.0922008,-0.00543,0.02687,-0.9992,0.00342,0.00086,-0.03717
1790069540.2092178,-0.00941,0.01348,-0.99937,0.00035,0.00118,-0.02116
1790069540.501698,-0.01252,0.00672,-0.99936,0.00229,0.0017,-0.00957
1790069540.501698,-0.01452,0.00592,-0.99825,0.00032,0.0018,-0.00666
1790069540.5136669,-0.01372,0.00326,-0.99951,0.00421,0.00505,0.00021
1790069540.7096086,-0.01531,-0.00396,-0.9991,0.00437,0.00642,0.01421
1790069540.7156956,-0.01962,-0.01414,-0.9979,0.00403,0.00345,0.02858
1790069540.9110305,-0.02002,-0.01206,-0.99831,0.00295,0.00992,0.02977
1790069541.1177056,-0.02011,-0.01479,-0.99931,0.00313,0.00698,0.04415
1790069541.1191735,-0.01952,-0.01204,-0.99802,0.00111,0.00375,0.04491
1790069541.2148895,-0.01712,-0.00823,-0.99696,-0.00112,0.00495,0.04029
1790069541.3206758,-0.014,-0.00112,-0.99947,0.00448,0.00135,0.03798
1790069541.5271792,-0.0132,0.00509,-0.9969,0.0022,0.00448,0.03129
1790069541.7304878,-0.00877,0.01451,-0.99669,0.00475,0.00152,0.02083
1790069541.9377816,-0.00889,0.01783,-0.99984,0.00095,0.00418,0.01202
1790069542.1399522,-0.00319,0.03325,-1.00076,0.00243,0.00393,-0.00812
1790069542.1399522,0.00068,0.03675,-0.99911,0.00051,0.00476,-0.01878
1790069542.223271,-0.00128,0.04189,-0.9999,0.00226,0.00904,-0.03514
1790069542.341805,0.0032,0.04075,-0.99783,0.00269,0.00226,-0.03266
1790069542.5499222,-0.00165,0.03861,-1.00107,-0.00036,0.00775,-0.03291
1790069542.5555687,-0.00111,0.03801,-1.00097,0.00051,0.00457,-0.03377
1790069542.7507625,-0.00045,0.04083,-0.99841,0.00409,0.00109,-0.04682
1790069542.9603782,-0.00072,0.03717,-0.99893,0.00204,0.00215,-0.04596
1790069543.1662514,-0.00155,0.0344,-1.00022,0.00145,-0.00029,-0.04585
1790069543.3685482,-0.00326,0.02597,-0.99881,0.00233,0.00607,-0.03739
1790069543.571064,-0.01223,0.00622,-1.00045,0.00353,0.00295,-0.0083
1790069543.7778423,-0.01619,-0.00165,-0.99928,0.00259,0.00321,0.00795
1790069543.7788813,-0.01744,-0.00637,-1.00101,0.00196,0.0065,0.01625
1790069543.9852717,-0.01944,-0.01156,-0.99914,0.0017,0.00583,0.02802
1790069544.1871734,-0.01685,-0.00969,-0.99866,0.00041,0.00274,0.02698
1790069544.2361944,-0.01861,-0.01327,-0.99751,-1e-05,0.00362,0.04182
1790069544.389796,-0.01696,-0.00866,-0.99808,0.00067,-0.00109,0.04319
1790069544.5969088,-0.0175,-0.00824,-0.99869,0.00357,0.00293,0.04501
1790069544.7181604,-0.01559,-0.00458,-0.99693,0.00399,0.00357,0.03883
1790069544.799502,-0.01224,0.00543,-1.00029,0.00221,0.00261,0.03257
1790069545.0066338,-0.01083,0.01324,-0.99789,0.00437,0.00266,0.02396
1790069545.0080588,-0.00901,0.01113,-1.00178,0.00103,0.00074,0.01972
1790069545.209239,-0.00648,0.0228,-0.99897,-0.00057,0.00327,0.00772
1790069545.235668,-0.00408,0.02676,-0.99994,0.00305,0.00532,-0.00089
1790069545.4178228,-0.0027,0.03012,-0.99936,0.00296,0.00556,-0.00394
1790069545.6182394,-0.00363,0.03027,-1.0,0.00291,0.00614,-0.011
1790069545.6250212,-0.00258,0.03226,-1.00062,0.00393,0.00476,-0.01506
1790069545.8255632,7e-05,0.0348,-1.00087,-4e-05,0.00612,-0.01659
1790069545.826899,-0.00401,0.03307,-0.99986,0.00318,0.00617,-0.0136
1790069546.0292416,-0.00067,0.03715,-0.99984,0.00536,0.00425,-0.0222
1790069546.0292416,-0.00059,0.03812,-1.00101,0.00265,0.008,-0.02433
1790069546.2437465,-0.0017,0.04066,-0.99816,0.0015,0.00319,-0.02799
1790069546.255993,0.00291,0.04764,-0.99747,0.00054,0.00339,-0.05056
1790069546.4383817,-0.0002,0.03995,-1.00076,0.00385,0.00513,-0.05189
1790069546.645151,-0.00175,0.03716,-1.00099,-0.0,0.00251,-0.04929
1790069546.6467006,-0.00118,0.03395,-1.00018,-0.00022,0.00418,-0.04963
1790069546.8532207,-0.00105,0.02975,-0.9989,0.0016,0.00204,-0.0421
1790069547.0555177,-0.0088,0.01356,-0.99961,0.002,0.00231,-0.02009
1790069547.0761395,-0.01431,0.00342,-0.9974,0.0077,0.00462,4e-05
1790069547.245589,-0.01491,0.0025,-1.00059,0.00373,0.00632,0.00294
1790069547.4646318,-0.01573,-0.00222,-1.00036,0.00501,0.00168,0.00407
1790069547.4666378,-0.0185,-0.00534,-0.99738,0.00334,0.00254,0.01528
1790069547.6675367,-0.01949,-0.01316,-0.99951,0.00377,0.00382,0.02797
1790069547.6675367,-0.02198,-0.01839,-0.99823,0.00085,0.0056,0.04047
1790069547.8750958,-0.01877,-0.01374,-0.99853,0.00284,0.00372,0.03401
1790069548.077113,-0.02009,-0.01331,-0.99791,0.00395,0.00209,0.04439
1790069548.077113,-0.01935,-0.01214,-0.99819,0.00339,0.00561,0.04282
1790069548.095791,-0.01975,-0.01534,-0.99794,0.00283,0.00428,0.04887
1790069548.2434685,-0.0171,-0.01044,-0.99868,-0.00047,-0.00033,0.04323
1790069548.2920759,-0.01611,-0.00558,-0.99811,0.00209,0.00267,0.04458
1790069548.4866672,-0.0119,0.00694,-0.99856,0.00156,0.00403,0.03231
1790069548.6949632,-0.00878,0.01244,-1.00071,0.00241,0.0025,0.02615
1790069548.8964248,-0.0099,0.01462,-1.00146,0.00383,0.00309,0.01222
1790069548.9100595,-0.00557,0.02407,-0.99861,0.00204,0.00485,0.00672
1790069549.102692,-0.0081,0.02283,-1.00004,0.00112,0.00592,0.0097
1790069549.2506027,2e-05,0.03721,-1.00018,0.00438,0.00671,-0.02257
1790069549.2559793,0.00036,0.03906,-1.00037,0.00406,0.00596,-0.02677
1790069549.5144715,0.004,0.0467,-1.00086,0.0024,0.00662,-0.0464
1790069549.7156074,2e-05,0.04309,-1.00028,0.00028,0.00036,-0.0523
1790069549.7156074,0.00106,0.03888,-1.00164,0.00199,0.00351,-0.05085
1790069549.9225502,-0.0029,0.03787,-0.99988,0.00175,0.00199,-0.04973
1790069549.9239616,-0.0019,0.0324,-1.00014,0.00408,0.00312,-0.04579
1790069550.125009,-0.00447,0.02943,-1.00002,0.00071,0.00104,-0.03735
1790069550.125009,-0.00294,0.03346,-1.00097,0.00162,0.00313,-0.04524
1790069550.2559836,-0.00246,0.03174,-1.00012,0.00216,-0.00026,-0.03939
1790069550.3326352,-0.00738,0.02303,-0.99836,0.00242,0.00252,-0.03162
1790069550.5369842,-0.01171,0.01297,-0.99952,0.00282,0.00137,-0.02101
1790069550.541034,-0.01332,0.00374,-0.99851,0.00442,0.00296,-0.00896
1790069550.741694,-0.0124,0.00861,-1.00011,0.00465,0.00526,-0.00937
1790069550.9448566,-0.01297,0.01023,-0.99979,0.00391,0.00684,-0.00993
1790069551.1526446,-0.01796,-0.00343,-0.9987,0.0051,0.00604,0.00476
1790069551.1526446,-0.01762,-0.01141,-0.99954,0.00335,0.00373,0.0196
1790069551.2573526,-0.02127,-0.01057,-0.99952,-0.00082,0.00687,0.02457
1790069551.3535683,-0.01939,-0.01204,-0.9991,0.00101,0.00483,0.02991
1790069551.5614986,-0.019,-0.01216,-0.99934,0.00089,0.00878,0.02964
1790069551.5629425,-0.02077,-0.01193,-0.9984,0.00113,0.00425,0.02623
1790069551.7636776,-0.01959,-0.01314,-0.99964,0.00056,0.006,0.03223
1790069551.7636776,-0.0188,-0.01709,-0.99639,0.00333,0.0057,0.0406
1790069551.9711552,-0.01925,-0.01664,-0.99875,0.00245,0.00609,0.04558
1790069551.9724917,-0.0222,-0.01734,-0.99834,0.00074,0.0035,0.04687
1790069552.174161,-0.0208,-0.01242,-0.99713,0.00492,0.00607,0.04253
1790069552.174161,-0.01986,-0.01432,-0.99883,0.00236,0.00578,0.05263
1790069552.2634833,-0.01831,-0.00948,-0.99871,0.00072,0.00067,0.04672
1790069552.3807678,-0.01624,-0.00537,-0.99939,0.00375,0.00249,0.04287
1790069552.5828607,-0.01393,0.00028,-0.99931,0.00248,0.00075,0.03944
1790069552.5828607,-0.0088,0.00931,-0.99867,0.0026,0.00153,0.0275
1790069552.7903461,-0.00898,0.01987,-0.997,0.00175,0.0002,0.01816
1790069552.7917635,-0.00559,0.02019,-1.00013,0.00279,0.00109,0.01257
1790069552.9927351,-0.0048,0.02597,-0.99916,0.004,0.00393,0.00648
1790069552.9927351,-0.00375,0.02885,-1.00073,0.00157,0.00078,-0.005
1790069553.1997764,0.00291,0.043,-1.0009,0.0034,0.00152,-0.03208
1790069553.2762487,0.0047,0.04748,-1.00205,0.00194,0.00315,-0.04651
1790069553.4018948,-0.00011,0.04422,-0.99978,0.00241,0.0044,-0.05071
1790069553.6095662,0.00444,0.04538,-0.99991,0.00535,0.00353,-0.05098
1790069553.8118076,0.00109,0.03954,-0.99894,0.00271,0.00034,-0.05202
1790069553.8118076,-0.00261,0.03291,-0.99909,0.00301,0.00235,-0.04666
1790069554.0191352,-0.00484,0.02513,-0.99991,0.0026,0.00466,-0.03821
1790069554.0205567,-0.01046,0.01348,-0.99854,0.0019,0.00489,-0.02078
1790069554.2211196,-0.0171,-0.00028,-0.99735,0.00435,0.00506,0.00424
1790069554.4300158,-0.02055,-0.01367,-1.00088,0.00468,0.00623,0.02533
1790069554.4371533,-0.02122,-0.01903,-0.99703,0.00395,0.00908,0.0368
1790069554.6331089,-0.01941,-0.01477,-0.99817,0.00324,0.00808,0.03552
1790069554.6351175,-0.02267,-0.01803,-0.99721,0.00244,0.00763,0.04149
1790069554.8388731,-0.02055,-0.01615,-0.99952,0.00049,0.00337,0.04455
1790069554.8464115,-0.01882,-0.01202,-0.99774,0.00269,0.00299,0.04737
1790069555.0403957,-0.01798,-0.00699,-0.99881,0.00234,0.00258,0.04654
1790069555.0542948,-0.01331,-0.00129,-0.99976,-0.00054,0.00502,0.04126
1790069555.247628,-0.01154,0.00769,-0.9977,0.00068,0.00181,0.02793
1790069555.2496128,-0.0063,0.02376,-0.99973,0.00255,0.00032,0.01452
1790069555.4503691,-0.00438,0.02406,-0.99956,0.00121,0.00448,0.00426
1790069555.4560885,-0.00337,0.0329,-1.00051,0.0042,0.00595,-0.00984
1790069555.657825,-2e-05,0.03587,-0.99904,0.00184,0.00737,-0.01762
1790069555.6643016,-0.00137,0.03267,-0.99738,0.003,0.00438,-0.01499
1790069555.8604317,0.00204,0.0445,-1.0008,0.0012,0.01031,-0.03471
1790069555.8661532,0.00428,0.04979,-1.00011,0.0014,0.00562,-0.04871
1790069556.0679796,0.00255,0.04347,-1.00142,-0.00013,0.00083,-0.05779
1790069556.068342,-0.00066,0.03969,-0.9975,0.00419,0.00194,-0.05204
1790069556.282241,-0.00311,0.03191,-0.99918,-0.0006,0.00116,-0.04626
1790069556.2848036,-0.00156,0.03128,-0.99833,0.00551,0.00345,-0.04283
1790069556.4783309,-0.00532,0.0288,-0.99996,0.00436,-0.00054,-0.03956
1790069556.6800623,-0.00886,0.01034,-0.99946,0.00152,0.00305,-0.02114
1790069556.6800623,-0.02013,-0.0097,-0.99772,0.00386,0.00325,0.01704
1790069556.8863468,-0.02219,-0.01688,-0.99939,0.00299,0.00317,0.03647
1790069556.9672463,-0.02141,-0.01658,-0.99719,0.00493,0.00824,0.03928
1790069557.0906878,-0.02145,-0.01531,-0.99823,0.00281,0.00321,0.0442
1790069557.2862072,-0.01937,-0.00967,-0.99681,0.00203,0.00263,0.04606
1790069557.498419,-0.01475,-0.00364,-0.99803,-0.00091,0.00323,0.03915
1790069557.498419,-0.01243,0.0057,-0.9974,0.00306,0.00201,0.03588
1790069557.9087226,-0.01122,0.01017,-0.99904,0.00254,0.00274,0.02717
1790069557.9087226,-0.00706,0.01764,-0.9988,0.00346,0.00455,0.01682
1790069557.9154804,-0.0035,0.03005,-0.99986,0.0019,0.00492,-0.00495
1790069558.1103995,0.00138,0.03918,-0.99925,0.00281,0.00373,-0.02463
1790069558.2768054,0.0019,0.04385,-1.00092,0.00202,0.00796,-0.04204
1790069558.2878313,0.00381,0.04669,-1.00052,0.00128,0.00583,-0.05066
1790069558.5251331,0.00144,0.04312,-0.99864,-0.00142,0.00061,-0.05655
1790069558.525876,0.00037,0.04059,-1.00017,0.00404,0.00352,-0.05372
1790069558.727801,-0.00331,0.03148,-0.99992,0.00262,3e-05,-0.04548
1790069558.7345846,-0.00714,0.02583,-0.99899,0.00409,-0.00023,-0.03839
1790069558.9295163,-0.01055,0.01904,-0.99904,0.00167,0.00399,-0.0244
1790069558.9357529,-0.01292,0.00695,-0.99827,0.00456,0.00391,-0.01181
1790069559.137715,-0.01068,0.00534,-0.99897,0.00353,0.00522,-0.00964
1790069559.1436212,-0.01742,-0.00133,-0.99747,0.0053,0.00635,0.0038
1790069559.2833147,-0.01973,-0.00852,-0.99701,0.0037,0.00612,0.01919
1790069559.290178,-0.01986,-0.01698,-1.0004,0.00191,0.00898,0.0372
1790069559.547497,-0.02301,-0.01999,-0.9972,0.00214,0.00616,0.04345
1790069559.547497,-0.02154,-0.01655,-0.99801,0.00084,0.00472,0.03784
1790069559.7489529,-0.01987,-0.01329,-0.9987,0.00352,0.00334,0.03572
1790069559.7541814,-0.02055,-0.01648,-0.99814,0.00347,0.00643,0.04046
1790069559.9566872,-0.02263,-0.0152,-0.99945,0.00369,0.00584,0.04046
1790069559.962271,-0.0219,-0.01691,-0.99851,0.00107,0.00146,0.05134
1790069560.1580806,-0.01667,-0.01134,-0.99769,0.0041,0.00582,0.04979
1790069560.164737,-0.01618,-0.00687,-0.99928,0.00122,0.00209,0.04848
1790069560.2838395,-0.01387,0.00204,-0.99995,0.00273,0.00334,0.04104
1790069560.2972882,-0.00999,0.00377,-0.99918,0.00313,0.00209,0.03279
1790069560.5682013,-0.01116,0.00669,-0.99853,0.00103,0.00296,0.02928
1790069560.5752754,-0.01071,0.01383,-0.99762,0.00263,0.00086,0.02262
1790069560.7815735,-0.0082,0.01569,-1.0003,-0.00011,0.00551,0.01787
1790069560.783062,-0.00422,0.01931,-1.0012,0.00107,0.0052,0.01129
1790069560.9819646,-0.0006,0.03199,-1.00163,-0.00022,0.00626,-0.0051
1790069561.1862054,-0.00288,0.03212,-1.00003,0.00182,0.00743,-0.01375
1790069561.1882741,-9e-05,0.03956,-0.9999,0.0029,0.00597,-0.02435
1790069561.2900567,0.00225,0.04365,-0.99987,0.0037,0.00576,-0.03271
1790069561.3869796,0.00196,0.04145,-1.00056,0.00312,0.00746,-0.03846
1790069561.595691,0.00214,0.04591,-1.0,-0.00118,0.0035,-0.05358
1790069561.6030133,0.00177,0.04022,-1.00002,0.00086,0.00086,-0.055
1790069561.810713,-0.00044,0.03895,-0.9996,0.00136,0.00013,-0.05465
1790069562.0041044,-0.00159,0.03615,-1.00023,0.00133,0.00093,-0.04825
1790069562.0095778,-0.00122,0.0363,-0.99998,-0.00084,0.00342,-0.05177
1790069562.2088869,-0.00276,0.03402,-0.9995,0.00318,-0.00088,-0.04885
1790069562.2121215,-0.00693,0.02577,-0.99823,0.00097,0.00216,-0.03698
1790069562.289694,-0.00804,0.01564,-0.99863,0.00354,0.00221,-0.03026
1790069562.4147143,-0.00917,0.01786,-0.99998,0.00312,0.00269,-0.02685
1790069562.616719,-0.01211,0.01248,-1.0001,0.00258,0.00368,-0.01589
1790069562.6292963,-0.01377,-0.00137,-0.9996,0.00507,0.00647,-0.00227
1790069562.830701,-0.02334,-0.02071,-0.99923,0.00385,0.00046,0.03694
1790069562.8321311,-0.02412,-0.0211,-0.9998,0.00313,0.00555,0.04712
1790069563.0264375,-0.0235,-0.01845,-0.99685,0.00055,0.005,0.05511
1790069563.0330658,-0.02034,-0.01334,-0.99851,0.00204,0.00462,0.04915
1790069563.2349067,-0.02116,-0.01549,-0.9964,0.00326,0.00462,0.05206
1790069563.297252,-0.02032,-0.01453,-0.99891,0.00334,0.00385,0.05043
1790069563.4359858,-0.02058,-0.01385,-0.99915,0.00087,0.00172,0.05444
1790069563.4359858,-0.01544,-0.00193,-0.99909,-6e-05,0.0018,0.04396
1790069563.6453469,-0.01365,-0.00051,-0.99969,0.00051,0.0003,0.03823
1790069564.0554197,-0.00828,0.01806,-0.99875,0.00123,0.00316,0.01778
1790069564.257603,-0.00137,0.03722,-1.00153,-0.0011,0.00883,-0.0158
1790069564.2602885,0.00166,0.04984,-1.0008,-0.00152,0.00698,-0.0587
1790069564.4567611,0.00307,0.04472,-1.00034,0.00213,0.00352,-0.05699
1790069564.4745617,0.00361,0.0445,-0.99985,0.00206,0.0033,-0.04867
1790069564.6629808,0.00291,0.04304,-1.00179,0.00193,0.00205,-0.05786
1790069564.6629808,-0.00105,0.0429,-0.99932,0.0022,0.00546,-0.05526
1790069564.868047,0.00286,0.04482,-0.99995,0.00231,0.00153,-0.05791
1790069564.868047,-0.00209,0.0368,-1.00157,0.00175,-9e-05,-0.05469
1790069565.0594063,-0.00422,0.02712,-0.99948,0.00379,-0.00016,-0.04147
1790069565.0750754,-0.00455,0.0237,-0.99636,0.00265,0.00195,-0.03871
1790069565.2808921,-0.00874,0.01673,-0.99819,0.00357,0.00536,-0.02768
1790069565.2852237,-0.00916,0.01959,-0.99752,0.00354,0.00221,-0.03098
1790069565.486134,-0.01051,0.01215,-1.00004,0.00319,-8e-05,-0.02002
1790069565.4941494,-0.01601,-0.00312,-0.99996,0.00243,0.00203,-7e-05
1790069565.693656,-0.02304,-0.01215,-0.99826,0.00293,0.004,0.02051
1790069565.6981664,-0.02054,-0.02103,-0.99886,0.00332,0.00713,0.03639
1790069565.9013336,-0.02161,-0.02012,-0.99712,-0.00103,0.00543,0.0473
1790069565.9075882,-0.02316,-0.01887,-0.99811,0.00374,0.00579,0.05851
1790069566.0808353,-0.02108,-0.01453,-0.99865,0.00153,0.00295,0.05767
1790069566.0963094,-0.01549,-0.00879,-0.99712,0.0027,0.00232,0.05003
1790069566.3017251,-0.01042,0.00687,-0.99904,0.00397,0.00385,0.03424
1790069566.3151176,-0.00816,0.01658,-0.99826,0.00422,0.00297,0.02196
1790069566.5082893,-0.00253,0.02508,-0.99965,0.00059,0.0024,0.00519
1790069566.5082893,-0.00022,0.03451,-0.99781,0.00136,0.01028,-0.01342
1790069566.710401,0.00337,0.04093,-0.99914,0.00158,0.00253,-0.02843
1790069566.7237794,0.00102,0.0435,-1.00104,0.00329,0.00955,-0.03717
1790069566.913394,0.00354,0.04457,-1.00041,0.00206,0.0088,-0.0359
1790069566.93731,0.0037,0.04905,-0.99975,0.00194,0.0064,-0.06293
1790069567.0894098,0.00046,0.04387,-0.99852,0.00236,0.00366,-0.05941
1790069567.120662,0.00049,0.03769,-0.99893,0.00313,0.00171,-0.05184
1790069567.3252444,-0.00765,0.01783,-0.99804,0.0029,0.00381,-0.03128
1790069567.3252444,-0.01135,0.01475,-0.9991,0.00133,0.0026,-0.02307
1790069567.53474,-0.01659,-0.0007,-0.99779,0.00388,0.00565,0.00161
1790069567.9426498,-0.0225,-0.01848,-0.99735,0.00423,0.00433,0.03368
1790069567.9426498,-0.02051,-0.0183,-0.99868,0.00466,0.00287,0.05316
1790069568.087155,-0.01618,-0.01645,-0.99754,0.00173,0.00285,0.05372
1790069568.112879,-0.01926,-0.00718,-0.99974,0.00268,0.00603,0.04759
1790069568.3437364,-0.0143,-0.00344,-0.99923,0.00064,0.0022,0.04523
1790069568.3519647,-0.00414,0.01945,-1.00084,-0.00165,-0.00151,0.01221
1790069568.5589147,-0.00148,0.02844,-0.99861,0.00021,-0.00052,-0.00373
1790069568.7602777,0.00254,0.04092,-0.99849,0.00276,0.00707,-0.03283
1790069568.9705513,-2e-05,0.04916,-1.00164,0.00408,0.0019,-0.06142
1790069569.1722946,0.00014,0.03727,-0.99819,-0.00015,0.00113,-0.05487
1790069569.1722946,-0.0069,0.02419,-0.99826,-0.00019,0.00506,-0.03473
1790069569.3439412,-0.01545,0.00219,-0.99783,0.00298,0.00685,-0.00792
1790069569.3509312,-0.0182,-0.00808,-0.99811,0.00454,0.00511,0.01432
1790069569.57963,-0.02142,-0.01426,-0.99721,0.00269,0.00338,0.03327
1790069569.7881198,-0.02351,-0.0222,-0.99785,0.00407,0.00621,0.04493
1790069569.7881198,-0.02238,-0.01951,-0.99824,0.00513,0.00273,0.05792
1790069569.9895318,-0.01726,-0.00938,-1.00001,0.00304,-0.00097,0.05335
1790069570.1973548,-0.00266,0.02818,-0.99888,-0.00052,0.00389,0.00216
1790069570.3482456,0.00079,0.03722,-1.00002,0.00227,0.00565,-0.01649
1790069570.4022942,0.00115,0.04143,-1.00132,0.00298,0.00577,-0.0325
1790069570.6070397,0.00291,0.04856,-1.00028,-0.0013,0.00232,-0.05655
1790069570.6113617,0.00143,0.04756,-0.99975,0.0016,0.0047,-0.05799
1790069570.8095005,0.00104,0.04162,-1.0007,0.00175,0.00182,-0.05496
1790069570.8095005,-0.00162,0.0372,-1.00098,0.0028,0.00109,-0.04888
1790069571.0072887,-0.00433,0.02961,-0.99908,0.00098,0.00324,-0.04425
1790069571.0296845,-0.00416,0.02681,-1.00003,0.00295,0.00111,-0.03572
1790069571.223762,-0.01232,0.01077,-1.00062,0.00321,0.0022,-0.01682
1790069571.225776,-0.01527,0.00017,-1.00051,0.00417,0.00324,0.00391
1790069571.3511388,-0.02502,-0.01875,-0.99734,0.00605,0.00055,0.03573
1790069571.375389,-0.02276,-0.02257,-0.99783,0.00416,0.0056,0.05222
1790069571.6272793,-0.01844,-0.01478,-0.99714,0.00019,0.00433,0.05251
1790069571.6351662,-0.01766,-0.00591,-1.0015,0.00072,0.00332,0.04749
1790069572.0392847,-0.01448,-0.00293,-0.99751,0.00102,0.0056,0.04546
1790069572.0392847,-0.00625,0.0251,-1.00128,-0.00048,0.00551,0.00265
1790069572.2374852,0.00442,0.04291,-1.00078,0.00218,0.0034,-0.02999
1790069572.2374852,0.00218,0.04715,-0.99916,0.0019,0.00357,-0.04217
1790069572.364122,0.00353,0.04638,-1.00082,0.00275,0.00552,-0.0556
1790069572.364122,0.00035,0.04253,-0.99983,0.00166,0.00286,-0.05289
1790069572.6515718,-0.00944,0.01395,-0.99848,0.00306,0.00208,-0.01763
1790069572.860532,-0.01289,0.00697,-0.99885,0.00216,0.00455,-0.00689
1790069572.8700976,-0.01745,-0.00454,-0.99803,0.00382,0.00209,0.00903
1790069573.061216,-0.02153,-0.01009,-0.99826,0.00526,0.00428,0.02004
1790069573.061216,-0.02062,-0.01464,-0.99822,-0.00085,0.00644,0.02302
1790069573.2677262,-0.02144,-0.01815,-0.99946,0.00426,0.00628,0.04565
1790069573.2677262,-0.02305,-0.0222,-0.99578,0.00231,0.00088,0.04997
1790069573.3759308,-0.02098,-0.01665,-0.99943,0.00665,0.00076,0.05333
1790069573.4713967,-0.01794,-0.00919,-0.99939,0.00185,0.00297,0.05318
1790069573.6670964,-0.01523,0.00269,-0.99701,7e-05,0.00419,0.04148
1790069573.6670964,-0.00789,0.01213,-0.99804,0.00107,0.00291,0.02055
1790069573.682808,-0.0071,0.01469,-0.99983,0.00133,0.00292,0.02121
1790069573.8896,-0.00195,0.02921,-0.99824,0.00099,0.00248,-0.01095
1790069574.0771174,0.00194,0.04612,-0.99914,-0.00022,0.00638,-0.04348
1790069574.0771174,0.00405,0.04699,-0.9982,0.00284,0.0044,-0.05367
1790069574.2832427,0.00234,0.04211,-0.99958,0.00497,0.00252,-0.05666
1790069574.2832427,-0.00265,0.0351,-0.99945,0.00131,-0.00018,-0.04901
1790069574.3847919,-0.00437,0.02994,-0.99924,0.00093,0.00183,-0.04223
1790069574.4971385,-0.00912,0.02081,-0.99771,0.00088,0.00689,-0.02563
1790069574.7022886,-0.01433,0.00641,-0.99783,0.00055,0.00522,-0.00291
1790069574.7036576,-0.01991,-0.01221,-0.99943,0.00158,0.00356,0.02337
1790069574.7066631,-0.02295,-0.02289,-0.99919,0.00533,0.00655,0.04524
1790069574.913971,-0.02367,-0.01864,-0.99756,0.00348,0.00259,0.05299
1790069574.9187224,-0.0171,-0.01354,-0.9978,0.00134,-0.00183,0.04994
1790069575.1134493,-0.0165,-0.00598,-0.99908,0.00258,0.00109,0.04565
1790069575.1134493,-0.01274,0.00691,-0.99932,0.00084,0.00233,0.0346
1790069575.314677,-0.00508,0.0166,-0.99982,0.00234,0.00516,0.02104
1790069575.3909724,-0.00121,0.04026,-0.99948,0.00159,0.01118,-0.02564
1790069575.724015,0.00149,0.04182,-0.99747,0.00488,0.01048,-0.02954
1790069575.7244997,0.00502,0.04732,-1.00085,0.00327,0.0067,-0.05496
1790069575.732438,0.00307,0.04647,-0.99988,0.0035,0.00441,-0.05788
1790069576.1332512,0.00094,0.03804,-0.99868,0.00133,0.00415,-0.05224
1790069576.1352582,-0.01428,0.00292,-0.9993,0.00472,0.00169,-0.00839
1790069576.341635,-0.02326,-0.02341,-0.99802,0.00319,0.00535,0.04391
1790069576.341635,-0.02123,-0.01855,-0.99983,0.0037,0.00602,0.04541
1790069576.5475028,-0.0227,-0.02151,-0.9965,0.00567,0.00706,0.05183
1790069576.5475028,-0.0233,-0.01924,-0.9982,-0.00178,5e-05,0.0589
1790069576.7465358,-0.01549,-0.00683,-0.99686,-0.00029,0.00129,0.0463
1790069576.7465358,-0.01406,0.00692,-0.99825,-0.00157,0.00342,0.03356
1790069576.9528308,-0.00623,0.01982,-0.99811,0.00037,0.00187,0.01659
1790069576.9528308,-0.00194,0.02902,-1.0014,0.00045,0.00585,-0.00331
1790069577.3619268,-0.00098,0.03922,-0.99927,0.00112,0.00469,-0.02198
1790069577.3688133,-0.0004,0.04124,-1.00024,0.00221,0.00033,-0.06013
1790069577.5688577,-0.00039,0.03645,-0.99825,0.00067,-0.00019,-0.05046
1790069577.5688577,-0.00399,0.03318,-0.9993,0.0012,0.00277,-0.04711
1790069577.7692997,-0.00778,0.02309,-0.99877,0.00411,0.00588,-0.03481
1790069577.7851157,-0.01195,0.0137,-1.00006,0.00283,0.0042,-0.01755
1790069577.979267,-0.00973,0.00571,-0.99958,0.00528,0.00355,-0.0078
1790069577.9914088,-0.01933,-0.00763,-0.99971,0.00423,0.00555,0.00934
1790069578.182543,-0.02467,-0.02088,-1.00073,0.00545,0.00619,0.04089
1790069578.182543,-0.02318,-0.02208,-0.9984,0.00393,0.0056,0.04534
1790069578.3846617,-0.02081,-0.01946,-0.99731,0.00271,0.00403,0.04734
1790069578.3846617,-0.02325,-0.01961,-0.99733,0.004,-0.00266,0.06014
1790069578.5910547,-0.02013,-0.01341,-0.99811,0.0037,0.00133,0.05554
1790069578.793101,-0.01217,0.00895,-1.00027,0.00284,0.0044,0.02761
1790069578.8081577,-0.00483,0.0222,-1.00013,0.00252,0.00514,0.01251
1790069578.9991362,-0.00424,0.03044,-1.00019,0.00067,0.00152,-0.00224
1790069579.0148296,0.00262,0.04111,-1.00087,0.00286,0.00661,-0.02316
1790069579.206142,0.0032,0.04726,-1.00061,0.00196,0.00614,-0.04
1790069579.206142,0.00315,0.05081,-0.99983,-0.00196,0.00553,-0.04929
1790069579.406573,0.00341,0.04562,-1.00043,-8e-05,0.00326,-0.05716
1790069579.613606,-0.0098,0.0147,-1.00066,-0.00045,0.00301,-0.02396
1790069579.820936,-0.0158,-0.00366,-1.00121,0.00313,0.0028,0.0013
1790069579.820936,-0.02006,-0.01176,-0.99734,0.00373,0.00526,0.01918
1790069580.0240288,-0.0233,-0.01774,-0.99821,0.00246,0.00635,0.03137
1790069580.0240288,-0.02194,-0.02231,-1.00076,0.00438,0.0043,0.04514
1790069580.2315638,-0.02091,-0.01649,-0.9969,0.00133,0.00276,0.05777
1790069580.421191,-0.02053,-0.00763,-0.99885,0.00129,0.00172,0.04901
1790069580.6437674,-0.00956,0.0181,-0.99985,-2e-05,0.00318,0.01744
1790069580.843859,-0.00376,0.02985,-0.99969,0.00553,0.00364,-0.00913
1790069580.843859,0.00271,0.04343,-1.00128,0.00254,0.00834,-0.02465
1790069581.0442681,0.00221,0.04884,-1.00045,0.00223,0.00291,-0.05828
1790069581.244752,0.00121,0.04552,-0.9993,0.00293,-7e-05,-0.05913
1790069581.244752,-0.00114,0.03734,-0.99992,-0.00032,0.00444,-0.05127
1790069581.4453633,-0.00554,0.0274,-0.99882,0.00257,0.00297,-0.03767
1790069581.4453633,-0.01289,0.00505,-0.99703,0.00159,0.00624,-0.01294
1790069581.6665072,-0.02156,-0.01652,-0.99871,0.00134,0.00768,0.02374
1790069581.6665072,-0.0224,-0.02202,-0.99771,0.00264,0.00339,0.04256
1790069581.8731108,-0.02418,-0.02392,-0.99742,0.00268,0.00742,0.05525
1790069581.8731108,-0.01782,-0.01458,-0.99992,8e-05,0.0009,0.0558
1790069582.0743253,-0.01818,-0.00832,-0.99715,0.00264,0.00494,0.05156
1790069582.0743253,-0.01842,-0.00655,-0.99859,0.00312,-0.00032,0.04596
1790069582.2088277,-0.00787,0.01124,-0.99872,0.00163,0.00311,0.02523
1790069582.233745,-0.00574,0.02469,-0.9963,0.00095,0.00941,0.0011
1790069582.4468002,0.0004,0.03827,-0.99897,0.00048,0.0105,-0.01381
1790069582.4468002,0.00308,0.04556,-0.9998,0.00181,0.00365,-0.03202
1790069582.6751158,0.0034,0.04517,-0.99971,-0.00125,0.00806,-0.04175
1790069582.882257,0.00019,0.04516,-1.00066,0.00339,0.00237,-0.05069
1790069582.9034357,0.00435,0.04419,-0.99997,0.00146,0.00215,-0.05408
1790069583.0986748,0.00072,0.03685,-1.00006,0.00023,3e-05,-0.05182
1790069583.0986748,-0.00581,0.02633,-1.00063,0.00064,-0.00159,-0.04411
1790069583.2895834,-0.00825,0.01662,-0.99844,0.00347,0.0022,-0.02578
1790069583.305653,-0.01343,0.0067,-0.99705,0.00491,0.00369,-0.01441
1790069583.4493437,-0.01357,-0.00101,-1.00008,0.00294,0.00067,0.0019
1790069583.5010576,-0.02068,-0.0153,-1.00032,0.00584,0.00466,0.02508
1790069583.7130368,-0.02556,-0.02371,-0.99866,0.00328,0.00561,0.05831
1790069583.9177265,-0.02051,-0.01919,-0.99721,0.00066,0.00247,0.05419
1790069583.9240985,-0.01821,-0.01156,-0.99903,0.00351,0.00202,0.05601
1790069584.1191094,-0.01739,-0.00074,-0.99983,-0.00023,0.00511,0.04613
1790069584.1260576,-0.01126,0.0034,-0.99851,0.0018,0.00465,0.03828
1790069584.2645352,-0.00825,0.01838,-0.99958,-0.0022,0.00398,0.02048
1790069584.275517,-0.00281,0.02933,-0.99958,0.00186,0.00749,-0.00207
1790069584.4595444,-0.00109,0.0361,-0.99942,0.00287,0.00791,-0.01775
1790069584.4752204,0.00258,0.04543,-0.99963,-0.00053,0.00655,-0.03365
1790069584.7367272,0.00104,0.04875,-1.00064,0.00243,0.01197,-0.04726
1790069584.7367272,0.00424,0.04757,-1.00094,0.00179,0.00508,-0.05466
1790069584.9422545,0.00234,0.04684,-0.9991,-0.00153,0.00403,-0.05977
1790069584.9439714,-0.00037,0.04401,-0.99829,0.00204,0.00355,-0.06067
1790069585.1464677,-0.00144,0.03678,-0.99975,0.00159,0.0037,-0.05065
1790069585.1472778,-0.00687,0.02859,-0.99825,0.00394,0.00576,-0.04093
1790069585.4781024,-0.00774,0.01601,-0.99994,0.00313,0.00834,-0.02981
1790069585.4806647,-0.01855,-0.00532,-1.00042,0.00493,-0.00196,0.00816
1790069585.4865432,-0.02197,-0.01371,-0.9993,0.0033,0.00695,0.02575
1790069585.574694,-0.02244,-0.02304,-0.99722,0.00507,0.00765,0.04542
1790069585.7719262,-0.02345,-0.01883,-0.99778,0.0046,0.00489,0.04748
1790069585.7719262,-0.02316,-0.01885,-0.99798,0.00235,0.0051,0.05269
1790069585.9668233,-0.02234,-0.01601,-0.999,0.00376,-0.00102,0.05946
1790069586.160747,-0.01841,-0.00902,-0.99691,0.00171,0.00099,0.05403
1790069586.160747,-0.01299,0.00617,-0.99903,0.00173,0.00405,0.0333
1790069586.3743744,-0.00934,0.01327,-0.99941,0.00113,0.00444,0.02582
1790069586.3861601,-0.00557,0.02407,-0.99917,-0.00014,0.00717,0.01225
1790069586.3861601,-0.00149,0.02932,-0.99875,0.00188,0.00147,-0.00524
1790069586.494695,0.00079,0.03903,-0.99986,0.0008,0.00931,-0.02149
1790069586.7812989,0.00363,0.04762,-0.99858,-0.00072,0.00969,-0.04599
1790069586.7812989,0.00252,0.04947,-1.00025,0.00511,0.00847,-0.05619
1790069586.7812989,0.00387,0.04852,-1.00188,0.0018,-0.00112,-0.0578
1790069586.9636834,0.00377,0.04281,-0.99931,0.00215,0.00165,-0.05641
1790069587.1948588,-0.00187,0.03383,-0.99896,0.00411,0.00386,-0.04971
1790069587.3966098,-0.013,0.00464,-0.99805,0.00499,0.00044,-0.01118
1790069587.4035401,-0.01683,-0.00407,-0.9994,0.00246,0.00444,0.00726
1790069587.4035401,-0.01989,-0.01235,-0.99866,0.00385,0.00506,0.02127
1790069587.6050978,-0.02031,-0.01339,-0.99865,0.00231,0.00594,0.02387
1790069587.612184,-0.02322,-0.01979,-0.99883,0.00331,0.00587,0.04245
1790069587.8067768,-0.02169,-0.0196,-0.99785,0.00306,0.00346,0.05257
1790069587.8067768,-0.02136,-0.01544,-0.99721,-0.00063,0.00016,0.05159
1790069588.0143025,-0.02007,-0.01197,-0.99942,0.00447,0.00232,0.05387
1790069588.2168293,-0.01887,-0.00694,-0.99845,0.00555,0.00404,0.05084
1790069588.2361088,-0.01521,-0.00574,-0.99829,0.00351,0.00084,0.04888
1790069588.2372148,-0.01436,0.00479,-0.99916,-0.00017,0.00196,0.03857
1790069588.424624,-0.00706,0.01784,-1.00038,0.00281,0.00138,0.01533
1790069588.4355357,-0.00315,0.03135,-0.99876,0.00013,0.00316,-0.00597
1790069588.627605,0.0028,0.03819,-0.99971,0.00119,0.00721,-0.01572
1790069588.63706,0.00144,0.04688,-1.00072,0.00164,0.00483,-0.0386
1790069588.835535,0.00679,0.04763,-0.99849,0.00017,0.0051,-0.06197
1790069589.035594,0.00177,0.04954,-0.99962,0.00125,0.00454,-0.06336
1790069589.035594,-0.00136,0.03891,-0.99852,0.00023,0.00229,-0.05738
1790069589.2429962,-0.00327,0.02706,-1.00014,0.00555,0.00278,-0.04297
1790069589.2429962,-0.00733,0.02453,-0.99846,0.00141,0.00425,-0.03949
1790069589.4582448,-0.00731,0.01411,-1.00096,0.00043,0.00308,-0.02495
1790069589.649838,-0.01303,0.00769,-1.00086,0.00051,0.00368,-0.01391
1790069589.649838,-0.0127,0.0045,-0.99929,0.00154,0.00268,-0.00662
1790069589.8359463,-0.02329,-0.01731,-0.99854,0.00631,0.00323,0.02647
1790069590.0604475,-0.02416,-0.02182,-0.99793,0.00607,0.00123,0.04115
1790069590.0604475,-0.02151,-0.02044,-0.99886,-0.00101,0.00499,0.06092
1790069590.2607186,-0.02094,-0.0164,-1.00069,0.0028,-5e-05,0.0587
1790069590.2607186,-0.01766,-0.00408,-0.99768,0.00043,0.00199,0.04804
1790069590.4607747,-0.01269,0.00457,-0.99954,0.00307,0.00412,0.03568
1790069590.4739964,-0.00675,0.02085,-0.99794,0.00153,-0.00194,0.01584
1790069590.6644287,-0.00322,0.03239,-0.99991,0.00016,0.00643,0.00051
1790069590.874985,-0.00135,0.0301,-1.00166,0.00363,0.00189,-0.00483
1790069590.882988,-0.00039,0.04006,-1.00025,0.00082,0.0069,-0.02467
1790069590.882988,0.00301,0.04289,-1.0023,0.00248,0.00538,-0.02804
1790069591.0834491,0.00314,0.04572,-1.0031,0.0034,0.00452,-0.04108
1790069591.090539,0.00358,0.04961,-0.99879,0.00401,0.0038,-0.05427
1790069591.2917304,0.00419,0.04821,-0.99995,0.00104,0.00413,-0.06661
1790069591.2917304,0.00061,0.03735,-0.99993,-0.00113,0.00415,-0.05525
1790069591.4975512,-0.00264,0.0365,-1.00055,0.00011,0.00107,-0.04905
1790069591.5064085,-0.00535,0.02649,-1.00029,-0.00083,0.00504,-0.04137
1790069591.699752,-0.01111,0.01381,-1.00006,0.00457,0.00447,-0.02356
1790069591.9064343,-0.02184,-0.01222,-0.99917,0.00394,0.00723,0.02284
1790069591.9116917,-0.02358,-0.01974,-0.99596,0.00298,0.00457,0.03661
1790069592.1107736,-0.02362,-0.02363,-0.99795,0.00462,0.00462,0.04655
1790069592.111783,-0.02423,-0.0227,-0.99682,0.00289,0.00675,0.05272
1790069592.3134704,-0.02102,-0.01854,-0.99647,0.00136,0.001,0.05401
1790069592.3134704,-0.02038,-0.01534,-0.99739,0.00353,0.00038,0.05573
1790069592.5202918,-0.02028,-0.01372,-0.99815,0.00418,0.00263,0.05329
1790069592.7261765,-0.01772,-0.00735,-0.99707,-0.00062,0.00205,0.05475
1790069592.931962,-0.00319,0.02773,-1.00143,-0.00062,0.00909,-0.00361
1790069593.1322749,0.00055,0.04614,-1.00064,0.00284,0.00877,-0.03301
1790069593.3342252,0.00598,0.05131,-1.00136,0.00083,0.00314,-0.05808
1790069593.3406777,0.00314,0.04727,-1.00015,-0.00086,0.00701,-0.0605
1790069593.5281167,0.0017,0.04089,-1.001,0.00146,0.00176,-0.05572
1790069593.534965,-0.00244,0.03496,-1.00109,-0.00031,0.00412,-0.05097
1790069593.7434938,-0.0057,0.0183,-1.00002,0.0004,0.00138,-0.03096
1790069593.9519005,-0.01628,0.00248,-1.00084,0.00394,0.00072,-0.00581
1790069593.9519005,-0.02296,-0.01826,-0.99764,0.00359,0.00231,0.03098
1790069594.1535342,-0.03009,-0.02588,-0.99787,0.00472,0.00733,0.05898
1790069594.1607003,-0.02087,-0.01953,-0.99866,0.00276,0.00594,0.0584
1790069594.3618608,-0.02136,-0.01565,-1.00056,0.00153,0.00046,0.05297
1790069594.3755524,-0.01735,-0.008,-0.99481,0.00454,0.00266,0.04742
1790069594.534694,-0.00919,0.01713,-0.99986,-0.00158,0.00257,0.01677
1790069594.7784445,0.00308,0.04703,-0.99789,-0.00116,0.00428,-0.04242
1790069594.97305,0.00338,0.04925,-0.99916,0.00493,0.00428,-0.06135
1790069594.9806058,-0.00042,0.04222,-0.99836,0.00486,0.00471,-0.05658
1790069595.1807585,-0.01151,0.00643,-0.99972,0.00553,0.00752,-0.01758
1790069595.3890069,-0.01883,-0.00901,-0.99801,0.00255,0.00295,0.01342
1790069595.5608542,-0.02369,-0.01931,-0.99576,0.00579,-0.00099,0.05402
1790069595.5685074,-0.021,-0.01674,-0.99886,0.00164,0.00322,0.05424
1790069595.7987177,-0.01108,0.00695,-0.99911,0.00502,0.00226,0.03448
1790069596.000145,-0.00734,0.0228,-0.99867,0.00205,0.00311,0.00952
1790069596.2090058,0.00601,0.05147,-0.99995,0.00252,0.00332,-0.05403
1790069596.2090058,0.00242,0.04676,-1.00279,0.00098,0.00781,-0.05948
1790069596.4134157,-0.00714,0.02182,-0.99897,0.00178,0.00257,-0.02974
1790069596.555587,-0.00787,0.01503,-0.99922,0.0039,0.00347,-0.02334
1790069596.819791,-0.01269,0.00696,-0.99881,0.00062,0.00343,-0.01056
1790069596.819791,-0.0202,-0.01484,-0.99933,0.00511,0.00196,0.02812
1790069597.0310962,-0.02064,-0.01711,-0.99741,0.00206,0.00764,0.03815
1790069597.0406487,-0.02488,-0.02423,-0.99711,-0.00053,0.00701,0.05456
1790069597.2293317,-0.0213,-0.01503,-0.99692,0.00464,0.00495,0.04429
1790069597.2347293,-0.02038,-0.01628,-0.99609,0.00179,0.00419,0.0514
1790069597.4363503,-0.02154,-0.01222,-0.99776,0.00156,0.00151,0.05097
1790069597.5675437,-0.00467,0.02527,-0.99909,0.00022,0.00212,0.00468
1790069597.8404717,-0.00118,0.04047,-1.00128,0.00186,0.00556,-0.0237
1790069597.846032,0.00163,0.04286,-1.00137,0.00213,0.00385,-0.02878
1790069597.8474789,0.00542,0.04879,-0.99988,-0.00096,0.00405,-0.04792
1790069598.0484543,0.00261,0.04295,-0.99959,-0.00181,0.00626,-0.05329
1790069598.0484543,-0.00269,0.03528,-0.99894,-0.00062,0.00209,-0.04968
1790069598.2536454,-0.01109,0.01438,-0.99883,0.0031,0.00338,-0.02415
1790069598.459349,-0.01481,-0.00156,-0.99924,0.00111,0.00482,-0.00391
1790069598.460349,-0.01549,-0.00385,-0.99797,0.00579,0.00402,0.00536
1790069598.5811975,-0.02203,-0.01258,-0.99928,0.00424,0.00243,0.02675
1790069598.6750882,-0.02207,-0.01871,-0.99681,0.00359,0.0057,0.03794
1790069598.8695912,-0.0238,-0.01835,-0.99804,0.00256,0.00111,0.05381
1790069599.0716805,-0.01629,-0.00412,-0.99799,0.00272,0.00202,0.04619
1790069599.4845083,-0.00117,0.03614,-1.00211,0.00092,0.00613,-0.013
1790069599.4875739,-0.00256,0.03875,-0.99973,-0.00082,0.00524,-0.0242
1790069599.4925668,0.00138,0.04652,-1.00201,0.00031,0.00442,-0.03814
1790069599.5799274,0.00344,0.04503,-0.99978,-0.00044,0.00116,-0.04984
1790069599.6922355,0.00065,0.04129,-1.00009,0.00091,0.00473,-0.05416
1790069599.8964946,-0.00763,0.03213,-0.99976,0.00291,0.00445,-0.03886
1790069600.0996509,-0.01267,0.00325,-0.99845,0.00121,0.00326,-0.00748
1790069600.3029876,-0.02007,-0.01343,-0.99756,0.00274,0.00311,0.02413
1790069600.3134825,-0.02381,-0.02266,-0.99844,0.00539,0.00884,0.04526
1790069600.508672,-0.02241,-0.01842,-0.99632,0.00344,0.00703,0.05148
1790069600.5154324,-0.02,-0.01237,-0.99753,0.00394,0.00378,0.04772
1790069600.7096224,-0.01908,-0.0098,-0.99896,0.00322,0.00036,0.04722
1790069600.713583,-0.02011,-0.00714,-0.99961,0.00508,0.00212,0.04737
1790069600.9185495,-0.00983,0.0045,-0.99765,0.00099,0.00234,0.03117
1790069600.9215589,-0.0062,0.02642,-0.99961,0.00178,0.00288,0.00343
1790069601.1232698,0.00045,0.04543,-1.00028,0.00084,-0.00217,-0.04013
1790069601.3266864,0.00201,0.04559,-0.99793,0.00083,0.00562,-0.05013
1790069601.53315,-4e-05,0.03587,-1.00045,0.00249,0.00484,-0.04738
1790069601.7344828,-0.00902,0.01665,-0.99902,0.00148,0.00014,-0.02496
1790069601.7354944,-0.01314,0.00807,-1.00113,0.00595,0.00398,-0.00746
1790069601.9426994,-0.02093,-0.01784,-0.99669,-0.00032,0.00374,0.0295
1790069601.944186,-0.02093,-0.01784,-0.99669,-0.00032,0.00374,0.0295
1790069602.145157,-0.02032,-0.0185,-0.99649,0.00341,0.00383,0.04727
1790069602.3468783,-0.0197,-0.01448,-0.99833,0.00343,0.00357,0.05629
1790069602.353812,-0.01713,-0.0053,-1.00053,0.00309,0.00031,0.04309
1790069602.5551813,-0.01149,0.00713,-0.99777,0.00177,0.00333,0.03019
1790069602.756338,-0.00782,0.01723,-0.99892,0.00079,0.00346,0.01904
1790069602.9634962,-0.00652,0.02907,-0.99992,-1e-05,0.00344,0.00286
1790069602.9648204,-0.00068,0.03969,-1.00044,0.00159,0.00663,-0.01999
1790069603.166268,0.00086,0.04186,-1.00198,0.001,0.00245,-0.0305
1790069603.1729934,0.00214,0.04427,-1.00013,0.00377,0.00301,-0.03839
1790069603.3744113,0.00227,0.04553,-1.0012,-0.00044,-0.00233,-0.05203
1790069603.5774522,-0.00133,0.0377,-1.00123,0.00525,0.00286,-0.04721
1790069603.7844248,-0.00763,0.02019,-0.9982,0.00065,0.00368,-0.02924
1790069603.7965605,-0.01465,0.00281,-0.9972,0.00489,0.00222,-0.00967
1790069603.985504,-0.0193,-0.00789,-0.99707,0.00499,0.00219,0.01387
1790069603.99229,-0.01966,-0.0128,-0.99882,0.00364,0.00052,0.02148
1790069604.1934857,-0.02322,-0.02232,-0.99617,0.00346,0.00927,0.03938
1790069604.1938736,-0.02145,-0.0174,-0.99707,-8e-05,0.0073,0.04221
1790069604.3957996,-0.02179,-0.01819,-0.99583,0.00302,0.00505,0.04932
1790069604.4091253,-0.02205,-0.01858,-0.99568,0.00396,0.00242,0.05355
1790069604.589619,-0.02106,-0.01171,-0.99712,0.00319,0.0041,0.04911
1790069604.5961804,-0.01879,-0.01197,-0.99581,0.00195,0.00275,0.04902
1790069604.8047588,-0.01661,-0.0024,-0.99725,0.00351,0.00788,0.04488
1790069604.8047588,-0.01313,0.00406,-0.9979,0.00197,0.00628,0.03577
1790069605.0128648,-0.00848,0.01861,-0.9992,0.00413,0.00273,0.02012
1790069605.2213745,-0.0004,0.03473,-1.00084,0.00116,0.00473,-0.00808
1790069605.4227235,0.00035,0.03869,-1.00109,-0.0007,0.00382,-0.02659
1790069605.5963633,0.00303,0.04712,-1.00128,0.00192,0.00542,-0.04255
1790069605.611211,0.00269,0.04693,-1.0014,0.0003,0.00494,-0.05253
1790069605.8322494,0.00195,0.04407,-1.00154,-0.00113,0.00321,-0.05627
1790069606.0342128,-0.00217,0.03297,-0.99967,-0.00191,0.0015,-0.04455
1790069606.039276,-0.00691,0.02295,-0.9978,0.00066,0.00362,-0.03461
1790069606.242427,-0.00745,0.01584,-1.00095,0.00283,0.00205,-0.02679
1790069606.255517,-0.01169,0.01327,-0.99907,0.00214,0.00612,-0.01988
1790069606.3722217,-0.01393,0.00116,-0.99839,0.00365,0.00385,-0.00226
1790069606.4146733,-0.01793,-0.01228,-0.99655,0.00265,0.00432,0.02106
1790069606.5959792,-0.02161,-0.01851,-0.99651,0.00389,0.00513,0.03054
1790069606.6155622,-0.02193,-0.01896,-0.99651,0.00281,0.00596,0.04476
1790069606.85317,-0.02346,-0.01829,-0.99701,0.0037,0.00889,0.04485
1790069606.860161,-0.02281,-0.01743,-0.9972,0.00878,0.00097,0.04959
1790069607.061344,-0.02044,-0.01536,-0.99765,0.00518,7e-05,0.05093
1790069607.2685215,-0.01437,0.00548,-0.99584,0.00138,0.00775,0.03266
1790069607.4711225,-0.00503,0.02439,-0.9999,0.00066,0.00449,0.00525
1790069607.603982,-0.00242,0.03433,-1.00225,0.00038,0.0052,-0.01039
1790069607.61562,-0.00024,0.03864,-1.00255,-0.00222,0.00325,-0.0223
1790069607.881113,0.00281,0.04234,-1.00148,-0.00017,0.00301,-0.03132
1790069607.881113,0.00442,0.04898,-1.00354,0.00024,0.00412,-0.04583
1790069608.0820272,0.00634,0.05269,-1.00142,-0.00058,0.00424,-0.06543
1790069608.289578,-0.00377,0.0297,-1.00048,0.00275,0.00207,-0.03905
1790069608.2909248,-0.01037,0.01302,-0.99897,0.00289,0.00626,-0.01875
1790069608.4929252,-0.01258,0.00721,-0.99965,0.00521,0.00379,-0.0103
1790069608.4959161,-0.02008,-0.00434,-0.99685,0.00469,0.00208,0.00682
1790069608.609896,-0.02022,-0.01179,-0.99764,0.00193,0.00214,0.01612
1790069608.699145,-0.01943,-0.01698,-0.997,0.00275,0.00709,0.03146
1790069608.901249,-0.02156,-0.01912,-0.99543,0.00794,0.00576,0.04948
1790069608.9573965,-0.01936,-0.01533,-0.99595,0.0011,0.00071,0.04935
1790069609.1087952,-0.0168,-0.01008,-0.99853,0.00195,0.00324,0.04738
1790069609.3112726,-0.01645,0.00264,-0.99728,0.00062,0.00313,0.03959
1790069609.3112726,-0.00819,0.01327,-1.00071,0.00307,0.00566,0.02009
1790069609.5130122,-0.00685,0.02376,-0.99974,0.00219,0.0028,0.009
1790069609.5191255,-0.00121,0.03493,-1.0007,-0.00011,0.00129,-0.01363
1790069609.5330775,-0.00028,0.0395,-1.00204,0.00214,0.00822,-0.02407
1790069609.7203717,-0.00176,0.03928,-0.99991,0.00022,0.00756,-0.02345
1790069609.7350616,0.00303,0.04183,-1.00092,0.00029,0.00194,-0.03789
1790069609.927731,0.00278,0.0493,-1.00059,-0.00111,0.00246,-0.05282
1790069609.9290442,0.00175,0.04587,-1.00107,0.0009,0.0025,-0.05874
1790069610.3382733,-0.00054,0.03799,-0.99837,-0.00328,0.00057,-0.05282
1790069610.338897,-0.0053,0.02487,-0.99917,0.00318,-0.00128,-0.03952
1790069610.4538627,-0.01008,0.01058,-0.99739,0.00163,0.00425,-0.01399
1790069610.6171026,-0.0173,-0.0042,-0.99804,0.00659,0.00359,-0.00014
1790069610.7471547,-0.02171,-0.01451,-0.99697,0.00162,0.00097,0.01844
1790069610.754382,-0.02174,-0.01806,-0.99608,0.00589,0.00576,0.03196
1790069610.9500585,-0.02148,-0.01635,-0.99745,0.00214,0.00587,0.04254
1790069610.9558818,-0.02089,-0.01552,-0.99702,0.00564,0.00659,0.04411
1790069611.157875,-0.01859,-0.00882,-0.99686,0.00491,0.00451,0.04853
1790069611.362705,-0.01476,-0.004,-0.99613,0.0041,0.005,0.04319
1790069611.3660264,-0.01236,0.00375,-0.99923,0.00321,0.00438,0.0304
1790069611.5662675,-0.00738,0.0188,-1.00049,8e-05,0.00324,0.01617
1790069611.5757957,-0.00471,0.02725,-1.0013,-0.00087,0.00516,0.00228
1790069611.7696402,-0.00278,0.03509,-1.00066,0.00067,0.00303,-0.01135
1790069611.7751222,-0.00314,0.03105,-0.99986,0.00023,0.0016,-0.01144
1790069611.971562,-0.00044,0.03918,-1.00306,0.00212,0.01071,-0.02802
1790069611.9853692,0.00259,0.04482,-0.99947,-0.0022,0.005,-0.05014
1790069612.1791837,0.00194,0.04198,-1.00236,-0.00143,0.00801,-0.05315
1790069612.1864097,1e-05,0.04052,-0.99993,0.0026,0.00028,-0.05283
1790069612.3865907,-0.00358,0.03086,-1.00054,-0.00267,0.00063,-0.0439
1790069612.3944821,-0.00584,0.02481,-0.99895,0.00146,0.00018,-0.03642
1790069612.5888605,-0.00463,0.02497,-1.00022,0.00022,0.003,-0.04014
1790069612.59473,-0.00807,0.01831,-0.99871,0.00036,0.0008,-0.02475
1790069612.79626,-0.00851,0.01457,-0.99979,0.00219,0.00238,-0.02467
1790069612.8111777,-0.01209,0.00974,-0.99828,0.00408,7e-05,-0.01684
1790069612.9985142,-0.01556,-0.00313,-0.99769,0.00066,0.00577,0.00369
1790069613.0060115,-0.01825,-0.00775,-0.9995,0.00382,0.00385,0.01377
1790069613.2015429,-0.01898,-0.00751,-0.99775,0.00406,0.00324,0.01571
1790069613.2070577,-0.0191,-0.00867,-0.99949,0.00167,0.00413,0.0202
1790069613.4083054,-0.01991,-0.01595,-0.99688,0.00337,0.00748,0.03232
1790069613.610051,-0.02283,-0.01912,-0.99682,0.00598,0.00836,0.04113
1790069613.818255,-0.01973,-0.01984,-0.99731,0.00429,0.00673,0.04354
1790069613.818255,-0.02046,-0.01434,-0.99746,0.0028,0.01047,0.04194
1790069614.0253232,-0.0226,-0.02061,-0.99857,0.00421,0.00667,0.04878
1790069614.2280734,-0.02171,-0.0186,-0.99674,0.0066,0.00535,0.0481
1790069614.4341016,-0.01932,-0.01728,-0.99698,0.00555,0.00599,0.04635
1790069614.6446438,-0.02129,-0.01745,-0.99615,0.00837,0.00713,0.04352
1790069614.8381782,-0.01996,-0.01826,-0.99639,0.00829,0.00932,0.04465
1790069614.852902,-0.01929,-0.01304,-0.99823,0.00457,0.00451,0.04451
1790069615.0471578,-0.0212,-0.01535,-0.99606,0.00517,0.0073,0.04607
1790069615.053995,-0.02228,-0.01704,-0.99653,0.00514,0.00977,0.04783
1790069615.2548747,-0.02069,-0.01767,-0.99736,0.00821,0.00824,0.0445
1790069615.2548747,-0.02005,-0.01555,-0.99733,0.00558,0.00651,0.04381
1790069615.4570022,-0.02117,-0.0165,-0.99861,0.00297,0.00733,0.04978
1790069615.469668,-0.02113,-0.0183,-0.99485,0.00727,0.00551,0.04448
1790069615.6374094,-0.02153,-0.01283,-0.99583,0.00415,0.00733,0.04798
1790069615.6437192,-0.0208,-0.01428,-0.99512,0.0064,0.00383,0.05381
1790069615.866619,-0.02106,-0.01646,-0.99729,0.00348,0.00505,0.05143
1790069615.8723643,-0.01954,-0.01138,-0.99838,0.00627,1e-05,0.04899
1790069616.0727642,-0.02009,-0.01106,-0.99715,0.00402,0.00563,0.04603
1790069616.2763124,-0.0204,-0.01012,-0.9981,0.00412,0.00172,0.04894
1790069616.2763124,-0.01713,-0.01317,-0.9972,0.00353,0.00394,0.0449
1790069616.4822917,-0.01651,-0.00594,-0.99802,0.00312,0.00066,0.04757
1790069616.6435018,-0.01687,-0.00667,-0.99983,0.00555,-0.00038,0.04817
1790069616.6505682,-0.01739,-0.00199,-0.99924,0.00469,0.00382,0.04497
1790069616.89008,-0.01374,0.00166,-0.99971,0.0036,0.00458,0.03855
1790069616.8946488,-0.01363,0.00722,-0.99761,0.00194,0.00928,0.03385
1790069616.9774256,-0.0104,0.00953,-1.00017,0.00282,0.00689,0.03086
1790069617.0960276,-0.0096,0.00845,-0.99859,-0.00123,0.00854,0.03396
1790069617.297589,-0.01232,0.00901,-0.99688,0.00077,0.00625,0.03349
1790069617.5045636,-0.00963,0.00559,-0.99828,0.00166,0.00311,0.02981
1790069617.512052,-0.01103,0.0102,-0.99957,0.00596,0.00604,0.03085
1790069617.6576638,-0.00898,0.01149,-0.99935,0.00227,0.00787,0.02968
1790069617.6716652,-0.01092,0.0083,-0.99665,0.00026,0.00896,0.03009
1790069617.914802,-0.01331,0.00863,-0.99988,0.00232,0.00702,0.03012
1790069617.9157937,-0.01107,0.00699,-0.99791,0.00583,0.00672,0.03246
1790069618.1227794,-0.01021,0.00689,-0.99836,0.00137,0.00429,0.03263
1790069618.1310422,-0.01219,0.00598,-0.99841,0.00295,0.00569,0.03491
1790069618.3233206,-0.0108,0.01333,-1.00081,0.00274,0.0066,0.02799
1790069618.3311977,-0.01066,0.01346,-0.99757,0.0015,0.00367,0.02604
1790069618.5255902,-0.00407,0.01691,-0.99901,0.00366,0.00516,0.02015
1790069618.53223,-0.00678,0.02084,-1.00011,0.00139,0.00542,0.01263
1790069618.664006,-0.00777,0.02325,-0.99976,0.00131,0.00359,0.01802
1790069618.6713054,-0.00655,0.02074,-0.99855,0.00319,0.00673,0.01727
1790069618.9354718,-0.00789,0.01837,-0.99839,0.00472,0.00507,0.01399
1790069618.9416075,-0.00722,0.02011,-1.0017,0.00143,0.00712,0.0188
1790069619.1417873,-0.00904,0.0175,-1.00104,0.00241,0.00382,0.02099
1790069619.1432235,-0.00706,0.02034,-0.99899,0.00216,0.00561,0.01762
1790069619.344165,-0.00796,0.02065,-0.9991,0.00172,0.00737,0.0176
1790069619.3519394,-0.00604,0.01727,-0.99798,0.00294,0.00356,0.01959
1790069619.552889,-0.00896,0.01876,-1.00087,0.00122,0.00599,0.02227
1790069619.552889,-0.00958,0.01575,-0.99734,0.00262,0.00395,0.02079
1790069619.6693661,-0.00634,0.01981,-0.99909,0.00101,0.00386,0.02007
1790069619.9630673,-0.00649,0.01743,-0.99989,0.00469,0.00446,0.02075
1790069619.9699862,-0.00402,0.02081,-1.00104,0.00145,0.00488,0.01716
1790069620.1643186,-0.00753,0.01945,-0.99867,-0.00035,0.00533,0.01923
1790069620.1709714,-0.00565,0.02043,-0.99998,0.00215,0.00852,0.01832
1790069620.3717182,-0.00929,0.019,-0.99857,0.00402,0.00625,0.01876
1790069620.3717182,-0.00919,0.01912,-0.9985,0.00013,0.00491,0.01755
1790069620.578978,-0.0071,0.0197,-0.99885,0.00253,0.00533,0.02196
1790069620.5937994,-0.00489,0.02271,-0.99846,0.00326,0.00427,0.01939
1790069620.671149,-0.00599,0.02022,-0.99859,0.00288,0.00457,0.01629
1790069620.7873297,-0.00713,0.02054,-1.00057,0.00409,0.00633,0.01629
1790069620.9834607,-0.00559,0.02138,-0.99949,0.00379,0.00543,0.01809
1790069620.9887233,-0.00772,0.02329,-0.99926,-0.00036,0.00626,0.01468
1790069621.1914306,-0.00135,0.0307,-0.99958,0.0014,-0.0017,0.00306
1790069621.1914306,-0.0027,0.0345,-1.00086,0.00453,0.00502,-0.0041
1790069621.3933976,-0.00063,0.03846,-1.00164,0.00216,0.00603,-0.01508
1790069621.3982677,0.00017,0.03776,-1.00109,0.00126,0.00291,-0.01392
1790069621.6017435,0.00062,0.03666,-1.00195,-0.00105,0.00124,-0.01028
1790069621.6151845,-0.00362,0.03286,-1.00196,-0.003,0.0037,-0.01071
1790069621.6918952,0.00267,0.04202,-1.00143,0.00448,0.00783,-0.02292
1790069621.8097913,0.00221,0.04376,-1.00298,0.00076,0.0046,-0.02832
1790069622.0113883,0.00188,0.0435,-1.0014,-0.00135,0.0039,-0.02704
1790069622.0140166,0.00235,0.04238,-1.00174,0.00334,0.0021,-0.02792
1790069622.2126362,0.00135,0.04257,-1.00082,0.00202,0.00702,-0.02772
1790069622.419918,0.00166,0.04225,-1.00248,-0.00024,0.00631,-0.02471
1790069622.4209254,0.00235,0.0425,-0.99987,0.00065,0.00528,-0.0304
1790069622.6223657,0.00046,0.03829,-1.0004,0.00414,0.00536,-0.02075
1790069622.6260378,0.0014,0.04398,-1.00163,0.00106,0.00461,-0.02702
1790069622.6914513,0.00266,0.04647,-1.00299,-0.00095,0.00317,-0.02994
1790069622.8305006,0.00164,0.04446,-1.00215,0.00058,0.00728,-0.03384
1790069623.0316722,-0.00083,0.03825,-1.00204,-0.00167,0.00683,-0.02236
1790069623.0316722,0.00154,0.04123,-1.00147,-0.00132,0.00642,-0.02849
1790069623.239478,0.00237,0.04496,-1.00213,0.00184,0.00508,-0.03316
1790069623.441586,0.00256,0.0422,-1.00258,0.00072,0.00853,-0.0289
1790069623.441586,0.00163,0.04325,-1.00126,0.00046,0.00874,-0.025
1790069623.6490743,0.00068,0.04161,-1.00111,-0.00014,0.00459,-0.02455
1790069623.6913788,0.00362,0.04233,-1.00266,0.00401,0.00708,-0.02739
1790069623.850873,0.00126,0.04421,-1.00175,0.00212,0.00378,-0.03266
1790069624.0582993,0.00386,0.04793,-1.00038,0.00132,0.00746,-0.04381
1790069624.0593321,0.00525,0.05045,-1.00108,-0.00178,0.00521,-0.04383
1790069624.2609951,0.00218,0.04552,-1.0012,0.00096,0.00602,-0.04186
1790069624.4679945,0.00434,0.04771,-0.99911,0.00027,0.0019,-0.04428
1790069624.4693136,0.00509,0.05145,-1.0028,0.00104,0.00328,-0.05759
1790069624.6702523,0.00322,0.0513,-1.00292,-0.00156,6e-05,-0.06479
1790069624.6770592,0.00115,0.0399,-1.00059,-0.00171,0.00427,-0.0584
1790069624.8791754,0.00046,0.03828,-1.00108,0.00071,0.00298,-0.05693
1790069625.0175927,0.00041,0.03334,-0.99947,0.00185,0.00261,-0.05097
1790069625.032927,-0.00393,0.03572,-1.00088,0.00165,-0.00156,-0.05319
1790069625.0946658,-0.00227,0.0276,-1.00031,-0.00151,0.00085,-0.04663
1790069625.2884812,-0.00578,0.02693,-1.00037,0.00033,-0.0006,-0.04114
1790069625.294528,-0.00587,0.02039,-0.99963,0.00095,0.00273,-0.03726
1790069625.6974523,-0.01162,0.01106,-0.99749,0.00168,0.00298,-0.02794
1790069625.7137358,-0.00877,0.00806,-0.99831,0.00216,0.00216,-0.02186
1790069625.8991294,-0.01769,-0.00776,-0.99839,-0.00145,0.00118,-0.00291
1790069625.913394,-0.02125,-0.01663,-0.99898,0.00477,0.00189,0.02438
1790069626.1067507,-0.02281,-0.0251,-0.99734,0.00492,0.00645,0.03831
1790069626.1137445,-0.02527,-0.02113,-0.99994,0.00532,0.00586,0.03963
1790069626.308377,-0.0204,-0.01989,-0.99862,0.00438,0.00563,0.04182
1790069626.3143883,-0.02343,-0.01817,-0.9965,0.00573,0.00893,0.04295
1790069626.5176466,-0.02506,-0.02716,-0.9973,0.00892,0.0042,0.06001
1790069626.6981533,-0.00968,0.01162,-0.9991,0.00182,0.00685,0.00677
1790069626.704169,-0.00993,0.01437,-0.99806,0.00091,0.00351,-0.00118
1790069626.925589,-0.01034,0.01292,-1.00035,0.00546,0.0035,-8e-05
1790069626.9269636,-0.00954,0.01099,-0.99885,0.00274,0.00262,0.00031
1790069626.933868,-0.01071,0.01298,-1.00024,0.00204,0.00366,-0.00147
1790069627.1279955,-0.00941,0.01287,-0.99938,0.00265,0.00649,-0.00191
1790069627.1342933,-0.01008,0.01348,-0.99997,-0.00018,0.00249,0.00057
1790069627.337562,-0.0091,0.01259,-1.00026,0.0042,0.00313,0.00081
1790069627.3488786,-0.00919,0.01278,-0.99876,0.00442,0.00174,-2e-05
1790069627.5393503,-0.01044,0.01352,-0.99874,0.00299,0.0018,-0.0031
1790069627.551879,-0.00914,0.01289,-0.99987,0.00284,0.00653,-0.00115
1790069628.3569982,-0.00908,0.01129,-0.99925,0.00152,0.00699,-0.00051
1790069628.369389,-0.01082,0.01331,-1.0006,0.00345,0.00486,0.00023
1790069628.5642226,-0.01014,0.01288,-0.99816,0.00081,0.00387,0.00195
1790069628.5730584,-0.01138,0.01291,-0.9978,0.00271,0.00422,-0.00071
1790069628.7045863,-0.00921,0.01077,-0.99853,0.00241,0.00263,-0.00174
1790069628.7740653,-0.01853,0.01309,-1.00405,0.02195,-0.07974,0.00465
1790069628.9736118,-0.00575,0.0189,-0.99827,-0.00169,0.00819,-0.00523
1790069629.1762064,-0.01145,0.01068,-0.99964,0.00158,0.00622,-0.00074
1790069629.190102,-0.01186,0.0124,-1.00077,0.00134,0.00242,0.00054
1790069629.3844404,-0.01009,0.01163,-0.99702,0.00352,0.00373,0.00246
1790069629.5863216,-0.01026,0.0132,-0.99881,0.00221,0.00437,0.00018
1790069629.5863216,-0.0089,0.01343,-0.99985,0.00047,0.00673,0.00177
1790069629.7169793,-0.01009,0.0142,-0.9998,-0.00084,0.00341,0.00113
1790069629.793026,-0.01035,0.01298,-0.99958,0.00115,0.00387,0.00129
1790069629.9961216,-0.01017,0.01293,-0.99845,0.0042,0.00201,0.00108
1790069629.9961216,-0.00987,0.01235,-0.99829,0.00315,0.00378,0.00185
1790069630.2038198,-0.00999,0.0117,-1.00009,0.00056,0.00662,-4e-05
1790069630.2038198,-0.01018,0.01257,-0.99751,0.00055,0.00221,-0.0006
1790069630.4057739,-0.00909,0.01212,-0.99946,0.00149,0.003,1e-05
1790069630.6142082,-0.01076,0.01297,-0.99728,0.00124,0.00536,-4e-05
