unix_timestamp,acc_x,acc_y,acc_z,gyro_x,gyro_y,gyro_z
1790143990.7177014,-0.00676,0.01608,-1.00088,0.00344,0.0069,0.00312
1790143990.929915,-0.00771,0.01829,-1.00188,0.00283,0.00554,0.00021
1790143991.1332195,-0.00656,0.01572,-1.00154,0.00593,0.00519,-8e-05
1790143991.1332195,-0.00847,0.01639,-1.00028,0.00291,0.00308,0.0008
1790143991.336996,-0.00732,0.01577,-1.00194,0.00098,0.00356,-0.00291
1790143991.336996,-0.00666,0.01759,-0.99963,0.00516,0.00456,0.00061
1790143991.527958,-0.00959,0.01615,-1.00167,0.00481,0.00473,0.00103
1790143991.751243,-0.00875,0.01796,-1.00018,0.00163,0.00655,-0.00086
1790143991.9542615,-0.00711,0.01758,-0.99987,0.00312,0.00773,0.00223
1790143991.9542615,-0.00756,0.01759,-1.00097,0.00448,0.01017,0.00144
1790143992.153138,-0.00659,0.01577,-1.00251,0.00235,0.00665,0.00023
1790143992.1715224,-0.00749,0.01839,-1.00119,0.00248,0.00912,0.00142
1790143992.2817516,-0.00624,0.01664,-0.99887,0.00416,0.0057,-0.00141
1790143992.356644,-0.00792,0.01724,-1.0008,0.00301,0.00418,-0.00117
1790143992.5325491,-0.00709,0.01639,-1.00174,0.00532,0.00902,0.00013
1790143992.7747858,-0.01151,0.03297,-1.00133,0.00264,0.005,-0.01244
1790143992.7762923,-0.01032,0.0122,-1.00277,0.00146,0.0057,-0.00148
1790143992.9763935,-0.00827,0.01698,-0.99976,0.00437,0.00723,-0.00053
1790143993.146351,-0.0078,0.01384,-0.99982,0.00302,0.00615,0.01051
1790143993.162222,-0.02082,-0.01796,-1.00342,0.00554,0.00745,0.02222
1790143993.3879292,-0.01005,0.0412,-1.00162,0.00575,-0.00397,-0.00059
1790143993.5354192,-0.00338,0.03065,-1.00116,0.00319,0.00876,-0.01432
1790143993.5493135,-0.00839,0.00556,-1.00089,0.0028,0.00601,0.00699
1790143993.7921286,-0.0081,0.01831,-1.00079,0.00209,0.00364,-0.0005
1790143993.9822552,-0.03372,-0.01606,-0.99998,0.00403,0.00156,0.02991
1790143993.9894745,-0.00329,0.02758,-0.99892,0.00328,0.00375,-0.0066
1790143994.2120068,-0.00968,0.01381,-1.00352,0.00908,0.00546,-0.00823
1790143994.4068952,-0.01017,0.01598,-1.00047,0.0028,0.00441,-0.00323
1790143994.5366356,-0.00315,0.01669,-1.0013,0.00442,0.00346,0.0009
1790143994.6162238,-0.00751,0.01731,-1.00204,0.00321,0.00665,2e-05
1790143994.8091183,-0.00751,0.01731,-1.00204,0.00321,0.00665,2e-05
1790143995.0175889,-0.00667,0.01509,-0.99935,0.00405,0.00518,0.00193
1790143995.227264,-0.0069,0.01639,-0.99995,0.00362,0.00515,0.00223
1790143995.4358032,-0.00606,0.01629,-1.00016,0.00505,0.00736,0.00013
1790143995.555307,-0.00782,0.01538,-1.00017,0.00244,0.00569,0.00406
1790143995.6318226,-0.01401,0.0034,-1.00156,0.00552,0.00085,0.05167
1790143995.8057077,9e-05,0.03245,-1.00166,0.00464,0.00457,-0.00656
1790143995.8257973,-0.00343,0.02121,-0.99932,0.00195,0.01041,-0.01081
1790143996.04733,-0.0123,-0.00545,-1.00015,0.00716,0.00802,0.00706
1790143996.2415142,-0.00648,0.01553,-1.00202,0.00511,0.00487,-0.001
1790143996.4504197,-0.0069,0.01556,-1.00199,0.00182,0.00831,0.00068
1790143996.4670963,-0.00155,0.02915,-1.00262,0.00461,0.00518,-0.04735
1790143996.5784173,-0.00804,0.00033,-1.00141,0.00644,0.00473,0.01849
1790143996.6594553,-0.00437,0.01579,-1.00158,-0.00113,0.00822,-0.00326
1790143996.8693674,-0.0075,0.01525,-0.99944,0.00077,0.00646,-0.00249
1790143996.9097455,-0.00773,0.01434,-1.00252,0.00328,0.00654,0.00162
1790143997.0606155,-0.01054,-0.01537,-0.99819,0.00893,0.00742,0.04223
1790143997.1894727,-0.00471,0.01719,-1.00297,0.00276,0.00611,0.00099
1790143997.2377362,-0.0072,0.01919,-1.00065,0.00474,0.00712,-0.00203
1790143997.365965,0.09931,0.01527,-1.00076,0.00079,0.02927,0.01429
1790143997.4306927,0.26497,0.02497,-0.97841,0.01469,0.00614,-0.04209
1790143997.5102735,0.09426,0.04744,-1.00302,-0.01523,-0.03095,-0.03198
1790143997.6224844,-0.13931,0.00739,-0.99162,0.00647,-0.02483,0.00074
1790143997.7565534,-0.13147,0.00857,-0.9976,-0.01224,0.00116,0.00378
1790143997.8157187,0.04072,0.05446,-1.00789,0.00901,0.03317,-0.01358
1790143997.9431708,0.09861,0.01681,-0.97335,-0.00629,0.02619,-0.00769
1790143998.0239735,0.00663,0.00591,-1.01118,-0.00094,-0.00772,0.02983
1790143998.16907,-0.092,0.03174,-1.04405,-0.03699,-0.01021,-0.01557
1790143998.2697916,-0.06805,-0.00881,-0.99729,0.00492,0.00223,0.02974
1790143998.3455145,0.00444,0.01202,-0.9776,0.008,0.01986,0.01558
1790143998.4574828,0.04449,0.0333,-0.97649,-5e-05,0.01896,-0.00677
1790143998.5210931,0.00216,0.0259,-0.99314,0.03598,0.02016,0.00443
1790143998.666355,-0.03502,0.02594,-1.00925,0.00307,0.01183,-0.00226
1790143998.7154334,-0.01603,0.01241,-1.00004,0.00951,0.0129,0.00558
1790143998.924842,-0.00264,-0.00975,-1.00425,-0.01256,-0.01111,0.00716
1790143998.9731805,-0.00358,0.00127,-1.01529,-0.01415,-0.04422,-0.01282
1790143999.0368679,0.00329,0.03234,-0.96757,-0.00103,-0.00049,0.00487
1790143999.1807725,-0.01715,0.01408,-0.99855,0.00646,0.01423,-0.0028
1790143999.2449064,0.00191,0.03832,-1.01162,0.00177,0.0037,-0.00261
1790143999.5319936,-0.00274,0.01389,-1.01569,0.00709,-0.00335,-0.01357
1790143999.548056,-0.09205,0.0816,-1.00275,0.00425,0.02259,-0.15343
1790143999.7270472,-0.01171,0.0106,-1.00402,-0.00233,-0.00388,0.0066
1790143999.9322257,0.01892,0.01699,-1.00128,0.00149,0.00838,-0.00903
1790143999.9322257,0.00638,0.00657,-0.99875,0.00328,0.00514,0.00406
1790143999.969526,-0.00659,0.01703,-1.00002,0.00415,0.00711,0.00374
1790144000.1457624,-0.01248,0.01585,-1.0008,0.00143,0.00652,-0.00095
1790144000.2587335,-0.01532,0.0179,-1.00231,0.00459,0.00745,0.00923
1790144000.2587335,-0.01425,0.02298,-1.00249,0.00205,0.00711,-0.0081
1790144000.5471265,-0.01169,0.01534,-1.00102,0.00391,0.00728,-0.00244
1790144000.5471265,-0.00984,0.01587,-1.00079,0.00454,0.00513,-0.00305
1790144000.562913,-0.01194,0.01273,-1.00136,0.00343,0.00523,3e-05
1790144000.724233,-0.01083,0.01628,-1.00129,0.00503,0.01005,0.00257
1790144000.9508271,-0.00979,0.01304,-1.00135,0.00335,0.00843,0.00138
1790144000.966767,-0.01661,0.01534,-0.99794,0.00352,0.00759,-0.0008
1790144000.9827437,-0.007,0.01168,-1.00026,0.00223,0.00627,0.00525
1790144001.1648521,-0.00886,0.0175,-1.00191,0.00293,0.00514,0.00147
1790144001.176799,-0.00965,0.01717,-1.00041,0.00287,0.0029,-8e-05
1790144001.3710773,-0.01377,-0.00348,-1.00114,-0.00034,0.01136,0.02459
1790144001.3710773,-0.01893,-0.02275,-1.00296,-0.00037,-0.00031,0.0173
1790144001.5540335,-0.01151,0.01592,-1.00073,0.00378,0.00431,0.00967
1790144001.6198082,-0.00873,0.0176,-1.00193,0.00268,0.00643,-0.00259
1790144001.7837696,-0.01222,0.03321,-0.99994,0.00608,-0.00238,-0.00251
1790144001.7896879,-0.00761,0.01995,-1.00155,0.00206,0.00554,-0.00423
1790144001.9926195,-0.00743,0.01277,-1.00016,0.00263,0.0064,-0.00039
1790144001.9926195,-0.01105,0.01734,-1.00222,-3e-05,0.00596,-0.00326
1790144002.191814,-0.00998,0.01373,-1.0012,0.00071,0.00258,0.0065
1790144002.2095535,-0.03573,-0.0143,-1.0008,0.00692,0.00047,0.03434
1790144002.3684385,-0.00562,0.02939,-0.99927,0.00285,0.00613,-0.00534
1790144002.5936427,-0.01285,0.02217,-1.00152,0.00293,0.00704,-0.00511
1790144002.6094992,-0.01411,0.01153,-0.99872,0.00234,0.00225,0.00192
1790144002.8016758,-0.00581,0.01608,-1.0011,0.00498,0.00521,0.00456
1790144003.0111513,-0.0083,0.01472,-1.00053,0.00452,0.00805,0.00228
1790144003.0111513,-0.00943,0.01584,-1.0024,0.00368,0.00688,0.00112
1790144003.03003,-0.00965,0.01539,-1.00213,0.00045,0.00656,0.0005
1790144003.2199895,-0.01027,0.01445,-1.00198,0.00379,0.00304,-0.00022
1790144003.2199895,-0.01211,0.01783,-1.00133,0.00273,0.00354,-0.0019
1790144003.4136863,-0.00747,0.0171,-1.0022,0.00439,0.00357,-0.0033
1790144003.4298594,-0.01061,0.01237,-1.00229,0.00229,0.00435,0.00452
1790144003.632236,-0.01048,0.01342,-1.00072,0.00057,0.00618,0.00082
1790144003.832812,-0.0109,0.01466,-0.99922,0.00159,0.00364,0.002
1790144004.033859,-0.01193,0.01382,-1.0015,0.00171,0.00669,0.00025
1790144004.0426478,-0.01732,0.00509,-1.0016,0.00652,0.00783,0.04556
1790144004.2043617,-0.00778,0.01996,-1.00258,0.00456,0.00282,0.00312
1790144004.44661,-0.0041,0.02394,-1.00026,0.00237,0.00852,-0.01157
1790144004.44661,-0.01646,-0.00993,-1.00268,0.00496,0.00173,0.01216
1790144004.44661,-0.01284,0.01269,-1.00171,0.00466,0.00538,0.00301
1790144004.6562355,-0.00943,0.01678,-0.99988,0.00656,0.00814,-0.00251
1790144004.6719778,-0.01003,0.016,-1.00152,0.00267,0.00668,-1e-05
1790144004.851218,-0.01056,0.0151,-1.00015,0.00674,0.00543,0.00287
1790144004.9796782,-0.01724,-0.00494,-1.00111,0.00657,0.00639,0.01892
1790144005.0600069,-0.00846,0.01494,-1.00035,0.00207,0.00462,0.00204
1790144005.2547917,-0.00996,0.01947,-0.9994,0.002,0.00596,-0.00732
1790144005.2705114,-0.0092,0.01394,-1.00111,0.00375,0.00503,0.0014
1790144005.4696052,-0.00964,0.01701,-1.00041,0.0021,0.00934,0.00113
1790144005.4802072,-0.1797,-0.47244,-1.04374,0.00456,0.01528,1.38179
1790144005.6411757,0.00904,-0.00398,-0.99202,0.01506,-0.01071,1.27278
1790144005.866549,0.03208,0.0257,-0.98863,-0.0011,0.02483,1.44018
1790144005.8822567,0.02888,0.01044,-0.988,0.00789,0.01248,1.49489
1790144005.8822567,0.02888,0.01044,-0.988,0.00789,0.01248,1.49489
1790144006.0812278,0.01792,-0.01492,-1.01741,0.02487,-0.01369,1.49122
1790144006.2854724,0.03121,0.00315,-0.98265,0.02199,0.01303,1.55989
1790144006.4947782,0.03121,0.00315,-0.98265,0.02199,0.01303,1.55989
1790144006.4947782,0.00637,-0.03216,-1.03042,-0.02023,8e-05,1.59198
1790144006.6559024,0.03091,-0.01557,-1.00543,0.00157,-0.03203,1.57115
1790144006.6873915,0.03271,0.00129,-1.00883,-0.0142,0.00612,1.61232
1790144006.9001155,0.02407,0.01268,-0.96284,0.05619,0.01499,1.57946
1790144006.9001155,0.03774,0.00556,-0.9849,-0.01052,0.00887,1.47296
1790144007.1190722,0.01461,-0.01186,-1.01745,8e-05,-0.04038,1.6387
1790144007.3129387,0.00764,-0.01716,-1.00125,0.035,-0.03561,1.59514
1790144007.3129387,0.01244,-0.02299,-0.97914,0.02903,-0.0014,1.57398
1790144007.4560041,0.07898,0.20903,-0.98438,0.0154,-0.00113,0.78687
1790144007.5197256,0.02307,0.05879,-0.99674,0.00365,0.00723,0.37252
1790144007.674673,-0.01458,0.00965,-1.00303,0.00361,0.00818,-0.03492
1790144007.7161427,-0.00659,0.01149,-0.9996,0.00487,0.00933,-0.00656
1790144007.9213302,-0.00821,-0.00102,-1.00163,0.00543,0.00854,0.00688
1790144007.9213302,-0.0109,-0.02623,-1.00156,0.00422,0.00419,0.01713
1790144008.1294158,-0.01088,0.00416,-1.00126,0.00418,0.00408,-0.00373
1790144008.3238358,-0.01249,-1e-05,-1.00211,0.00486,0.0043,-0.00111
1790144008.4548354,-0.00655,0.00263,-1.0024,0.00433,0.00267,0.00298
1790144008.5336063,-0.00925,0.00018,-1.00209,0.00532,0.00627,-0.00026
1790144008.6774569,-0.00792,0.00372,-1.00152,0.00259,0.00636,-0.00354
1790144008.7414498,-0.0074,0.00215,-1.0009,0.00524,0.00607,0.00374
1790144008.9509625,0.00262,0.00869,-0.99882,0.00461,0.0083,-0.00519
1790144009.0635777,-0.01161,-0.01013,-1.00178,0.00401,0.00751,0.0067
1790144009.1504157,-0.00822,0.01234,-1.00144,0.00427,0.0077,-0.00603
1790144009.2615585,0.12286,0.00261,-1.00036,0.00482,0.0171,-0.00466
1790144009.355789,0.2606,0.00341,-0.98659,0.02265,-0.00467,0.02068
1790144009.449818,0.05801,0.00317,-1.01562,-0.01424,-0.00733,0.01894
1790144009.5301957,-0.14453,0.00151,-1.00317,0.01857,-0.02959,1e-05
1790144009.6626937,-0.13576,0.00192,-0.9938,-0.00495,0.00469,0.00976
1790144009.7714486,0.04796,0.05487,-1.00086,0.04045,0.02665,-0.02959
1790144009.8364477,0.10257,0.01265,-0.99389,0.0098,0.00513,-0.01719
1790144009.980994,-0.00527,0.00474,-1.02107,0.00574,-0.00364,-0.01498
1790144010.0449798,-0.08269,0.00302,-1.01882,-0.02417,-0.00291,-0.01176
1790144010.1659021,-0.06644,-0.0278,-1.00532,0.00918,0.02124,0.00454
1790144010.2872658,0.02187,-0.00182,-0.98735,-0.00752,0.00578,-0.01688
1790144010.3672917,0.05327,0.01164,-0.98308,0.01727,0.0078,-0.02943
1790144010.4796324,0.00261,0.00739,-1.00124,0.04244,-0.01665,0.01419
1790144010.5804613,-0.03738,0.02129,-1.00416,0.00081,0.00968,-0.00127
1790144010.673347,-0.0163,-0.01869,-0.98958,-0.00396,0.01903,0.00315
1790144010.739983,0.00868,-0.01893,-1.00849,0.00928,-0.01081,0.00452
1790144010.8838034,0.00454,-0.0262,-1.01034,-0.0406,-0.02349,0.0273
1790144010.948884,-0.00235,0.01321,-0.97115,0.01864,0.03244,-0.02725
1790144011.1242485,-0.02437,0.00448,-1.0104,0.02944,-0.02423,0.00393
1790144011.1474206,-0.00311,0.03026,-1.01855,0.0295,-0.00641,-0.00277
1790144011.3977957,-0.00317,0.01665,-1.01796,-0.03066,-0.00431,-0.01191
1790144011.4188354,-0.262,-0.00685,-0.99049,0.01133,0.00878,0.0381
1790144011.6083438,-0.08523,-0.04479,-0.99216,-0.00646,0.0239,-0.02296
1790144011.6240783,-0.01591,-0.00438,-1.00354,0.00499,0.00468,-0.00489
1790144011.7207572,0.00242,0.00319,-1.00313,0.00535,0.00909,0.00075
1790144011.8231122,-0.00534,0.00127,-1.00293,0.00454,0.00478,-0.00054
1790144011.872862,-0.0176,0.00121,-1.00061,0.00366,0.00489,0.00101
1790144012.017264,-0.00933,0.00088,-1.00058,0.00158,0.00557,0.0008
1790144012.1292248,-0.01385,-0.00307,-1.0028,0.0029,0.01405,0.00844
1790144012.2261326,-0.01564,-0.00567,-0.99996,0.00307,0.00413,0.01826
1790144012.4056692,-0.01309,-0.00597,-1.00264,0.00101,0.00739,0.0051
1790144012.4218106,-0.00836,0.00907,-1.00242,0.00404,0.00507,0.005
1790144012.6342185,-0.01359,-0.00414,-1.00168,0.00437,0.00569,0.00188
1790144012.6342185,-0.00297,-0.00847,-1.00026,0.00766,0.00614,0.01266
1790144012.7329814,-0.00571,0.00262,-0.99968,0.00426,0.00681,0.00046
1790144012.8435955,-0.00748,0.00253,-1.00227,0.00501,0.00593,0.00095
1790144013.0373209,-0.01241,0.00142,-1.00003,0.00394,0.0058,0.00097
1790144013.0500891,-0.00439,0.00889,-1.00051,0.00253,0.00562,0.0015
1790144013.229518,-0.00219,0.02955,-1.0016,0.00184,0.00321,-0.03288
1790144013.2455456,-0.00993,0.01003,-1.00216,0.00154,0.00823,-0.01378
1790144013.4532309,-0.01195,-0.00031,-0.99866,0.00393,0.01085,-0.01614
1790144013.4532309,-0.00756,0.00853,-0.99834,0.00169,0.00724,0.00035
1790144013.6589563,-0.00977,0.00075,-1.00023,0.00673,0.00405,-0.00159
1790144013.6589563,-0.01449,0.00387,-1.00195,0.00154,0.00525,-0.00138
1790144013.7383778,-0.00759,-0.00247,-1.00076,0.00366,0.00471,-0.00089
1790144013.8673737,-0.01126,-0.00894,-1.00117,0.00477,0.00011,0.02499
1790144014.0447376,-0.01695,0.00478,-1.00188,0.00126,0.00455,-0.0031
1790144014.0606742,-0.01147,-0.01513,-1.00152,0.00345,0.00493,0.01924
1790144014.2706845,-0.00851,0.00042,-1.00056,0.00186,0.00698,0.00019
1790144014.2706845,-0.02718,-0.00789,-1.00155,0.00876,0.00406,-0.0019
1790144014.479619,-0.00907,-0.00237,-1.00274,0.00655,0.00717,-0.00519
1790144014.479619,-0.00785,0.00177,-1.00079,0.00188,0.00444,-0.00168
1790144014.6858208,-0.0115,0.00128,-1.00167,0.00338,0.00551,0.0019
1790144014.6858208,-0.01037,0.00145,-1.00195,0.00316,0.00652,-0.00258
1790144014.753819,-0.0104,0.00066,-1.00319,0.00263,0.00582,-0.00158
1790144014.8785477,-0.01414,-0.00113,-1.00098,0.00215,0.00432,-0.00207
1790144015.0928645,-0.01109,0.00212,-1.00193,0.00221,0.00719,0.00075
1790144015.2931974,-0.01015,0.00031,-0.99992,0.00243,0.00445,0.00279
1790144015.2931974,-0.00892,0.00206,-1.00067,0.00219,0.00432,-6e-05
1790144015.5009863,-0.00971,-0.00036,-1.00028,0.0036,0.00857,0.0003
1790144015.7069287,-0.0103,0.00067,-1.00066,0.00503,0.00603,-2e-05
1790144015.7069287,-0.00774,0.0027,-1.00195,0.00152,0.00813,-0.00668
1790144015.7547562,0.00193,0.02501,-1.00019,-0.00367,0.01601,-0.02876
1790144015.8984938,-0.00951,-0.01127,-1.00087,0.00392,0.00519,0.01337
1790144016.1074228,-0.01353,0.00378,-1.00291,0.00334,0.00508,0.00192
1790144016.3179216,-0.01324,-0.0023,-1.00103,0.00484,0.00183,0.00253
1790144016.5275187,-0.0103,0.00028,-1.00104,0.0035,0.00723,0.00286
1790144016.5275187,-0.01248,-0.00336,-1.00055,0.00145,0.00611,0.01811
1790144016.656385,0.00915,-0.01228,-1.00051,0.00309,0.01095,0.0279
1790144016.656385,-0.00351,0.00769,-1.00058,0.00318,0.00292,-0.0231
1790144016.7836504,-0.01692,0.00541,-0.99993,0.00507,0.00246,0.00198
1790144016.945413,-0.00846,-0.00659,-1.00196,0.00242,0.00636,0.00128
1790144017.079894,-0.01287,0.00129,-1.00179,0.00543,0.00454,0.00259
1790144017.079894,-0.00973,0.0002,-1.00414,0.003,0.00557,-0.00291
1790144017.3481565,-0.00047,-0.05134,-0.99982,0.01648,-0.00454,-1.45965
1790144017.5513384,0.02314,0.00834,-0.99428,0.02335,0.017,-1.54467
1790144017.753449,-0.01512,-0.05985,-1.0441,-0.03154,0.01854,-1.4794
1790144017.753449,0.0226,0.01216,-0.99352,0.0087,0.06147,-1.53436
1790144017.961195,0.02064,-0.01833,-0.98317,0.02847,0.03108,-1.55174
1790144017.961195,0.03867,0.01823,-0.99423,-0.0098,0.02033,-1.59163
1790144018.167163,0.031,0.05056,-1.00918,-0.01357,0.01879,-1.61475
1790144018.167163,-0.02205,-0.04529,-1.00682,-0.00802,0.02462,-0.59499
1790144018.364426,-0.02531,-0.04361,-1.00161,0.00741,0.00426,-0.10545
1790144018.3772361,0.00578,0.01546,-1.00197,0.00287,0.00728,-0.00741
1790144018.5713973,0.00386,0.00458,-1.00112,0.00328,0.00193,0.00092
1790144018.58728,0.00387,0.00741,-1.00182,0.00215,0.0047,-0.00027
1790144018.7812533,0.00046,0.00746,-1.00203,0.00466,0.0056,-0.00162
1790144018.7812533,-0.0027,0.00764,-1.00305,0.0027,0.00274,0.0026
1790144018.9847336,-0.00083,0.00858,-1.00236,0.00334,0.00743,-0.00066
1790144018.9847336,0.00106,0.03003,-1.00196,0.00132,0.00439,-0.0125
1790144019.1943896,-0.00158,0.01451,-1.00197,0.00253,0.00702,-0.00508
1790144019.1943896,-0.00201,0.00413,-1.00135,-0.00024,0.00484,0.00256
1790144019.3889232,0.00169,0.00846,-1.00158,0.00327,0.00594,0.00041
1790144019.4046211,0.00228,0.01549,-1.00023,0.00271,0.00434,-0.02614
1790144019.5008135,-0.01317,0.02865,-1.00331,0.00034,0.00273,-0.0179
1790144019.5164838,0.00062,0.03482,-0.99839,0.00456,0.00758,-0.01511
1790144019.6457658,0.02789,-0.00465,-0.99933,0.00339,0.00955,0.001
1790144019.7582932,0.24403,0.02526,-1.01349,-0.01256,0.03183,0.05394
1790144019.8260338,0.16092,-0.0236,-0.97693,0.0247,-0.01614,0.00113
1790144019.966714,-0.06166,0.04322,-0.97735,0.06535,-0.00227,-0.05745
1790144020.0306408,-0.14576,0.00212,-0.99683,0.02441,-0.00338,0.00676
1790144020.1590364,-0.00743,0.03559,-0.99365,-0.0011,0.03431,-0.03378
1790144020.2716415,0.09132,0.03068,-0.99651,0.02192,-0.00722,-0.01264
1790144020.3364346,0.04575,-0.01334,-0.99014,-0.0016,0.0086,0.03689
1790144020.4651258,-0.0352,0.01264,-1.01416,-0.03389,0.00822,-0.02678
1790144020.545299,-0.07355,-0.01139,-1.01615,0.01594,0.00108,0.00532
1790144020.6580427,-0.01116,0.01445,-0.98255,0.01588,0.02418,-0.0088
1790144020.7865336,0.05402,0.02576,-0.9852,0.00053,-0.00924,-0.03818
1790144020.8696995,0.01978,0.02231,-1.00601,0.04269,-0.00777,-0.00193
1790144020.9774544,-0.04363,-0.00438,-0.99465,-0.01846,-0.01302,0.02983
1790144021.106701,-0.02371,0.00986,-0.99776,-0.0075,-0.01397,-0.0061
1790144021.18718,-0.00471,-0.00821,-1.03262,-0.04185,-0.07361,0.03665
1790144021.2997098,-0.00368,-0.02057,-1.02352,-0.01254,-0.02498,0.03446
1790144021.384195,-0.00455,0.04018,-1.00051,0.01984,5e-05,-0.04533
1790144021.4931605,-0.04114,0.01572,-1.00823,0.03042,-0.00206,-0.0202
1790144021.557969,-0.02877,0.00069,-0.99894,0.0055,0.02662,0.03036
1790144021.8318186,-0.14244,-0.01325,-0.99688,-0.04221,-0.01407,0.02746
1790144022.0577748,-0.27402,0.0142,-1.00425,-0.0005,0.00417,0.06782
1790144022.0577748,-0.0802,0.01995,-1.00156,0.03825,0.03976,-0.03433
1790144022.263757,-0.00739,0.00269,-1.00028,0.00394,0.00496,0.00928
1790144022.469904,-0.01535,0.00948,-1.00048,0.00495,0.00375,-0.00264
1790144022.5827405,-0.02764,0.00385,-1.00419,-0.00421,0.00189,-0.01892
1790144022.5989783,-0.01526,0.00079,-1.00197,0.00322,0.00643,0.01943
1790144022.8244534,-0.01029,0.00855,-1.00024,0.00414,0.00535,-0.00172
1790144022.8479896,-0.01489,0.01518,-1.00176,0.00388,0.0071,-0.00097
1790144022.888433,-0.01474,0.0045,-1.00261,0.00121,0.00421,0.00129
1790144023.017155,-0.01477,0.00717,-0.99979,0.00414,0.00658,0.00192
1790144023.0810342,-0.01335,0.00418,-1.00128,0.00452,0.00724,-0.00027
1790144023.2870154,-0.00131,0.02229,-0.99896,0.00415,0.00644,-0.02985
1790144023.494267,-0.01526,0.00733,-1.00129,0.00052,0.00264,-0.00139
1790144023.6854918,-0.01526,0.00733,-1.00129,0.00052,0.00264,-0.00139
1790144023.7016456,-0.00959,0.01682,-1.00102,0.00422,0.00605,-0.01336
1790144023.8416438,-0.01537,0.00743,-1.00075,0.00443,0.00871,0.00011
1790144023.8915389,-0.01245,0.00339,-1.00135,0.00777,0.00615,0.0027
1790144024.1169233,-0.0125,0.01407,-1.00084,0.00315,0.0052,-0.00024
1790144024.3113885,-0.01532,0.01111,-1.00102,0.0025,0.00695,-0.00628
1790144024.3113885,-0.01645,0.00386,-1.00233,0.00426,0.01035,0.00451
1790144024.5209546,-0.01241,0.00458,-1.00059,0.00165,0.00717,0.00228
1790144024.5209546,-0.03848,-0.00166,-1.0029,0.00307,0.00372,0.01559
1790144024.6962147,-0.01144,0.0051,-1.00091,0.00396,0.00577,0.00245
1790144024.8568127,0.00112,0.02221,-1.00019,0.00459,0.00707,-0.00392
1790144024.9205403,-0.0196,0.0029,-1.00045,-0.00227,0.00815,0.00771
1790144025.1300888,-0.00906,0.0098,-1.00248,0.0034,0.00644,-0.00607
1790144025.1335378,-0.01072,0.00257,-1.00122,0.00213,0.00706,0.00246
1790144025.3236005,-0.01655,0.00827,-1.00111,0.00405,0.00732,0.00238
1790144025.340827,-0.01437,0.00608,-1.00171,0.00271,0.00108,-0.00176
1790144025.5331764,-0.01483,0.00654,-1.00154,0.00406,0.00496,0.00322
1790144025.744794,-0.01215,0.00736,-1.00079,0.00376,0.00393,-0.00035
1790144025.751505,-0.01374,0.00704,-1.00156,0.00188,0.00705,-0.00256
1790144025.8557677,-0.01285,0.00673,-1.0021,0.00064,0.00735,0.00095
1790144025.9369123,-0.01252,0.00601,-0.99982,0.0019,0.00495,-0.0021
1790144026.1529531,-0.01495,0.0062,-1.00173,0.00206,0.00936,-5e-05
1790144026.3561347,-0.01236,0.00722,-1.00267,0.00512,0.00653,-0.00122
1790144026.5341418,-0.01758,0.00069,-0.99925,0.00618,0.00712,0.01394
1790144026.549933,-0.01558,0.0001,-1.00013,0.00621,0.00576,0.01701
1790144026.7612128,-0.00686,0.02498,-1.00232,0.00159,0.00391,-0.03759
1790144026.8577776,-0.0158,0.00431,-1.00177,0.00486,0.00673,0.00168
1790144026.9702432,-0.01276,0.00795,-1.00085,0.00501,0.00632,-0.00031
1790144027.180188,-0.02099,0.01748,-1.00245,0.0035,0.00564,-0.00542
1790144027.3771021,-0.02117,0.00394,-1.00139,0.00445,0.00418,-0.00168
1790144027.5844195,-0.01176,0.01246,-1.00209,0.00277,0.00487,-0.00234
1790144027.7830932,-0.01435,0.00569,-1.00044,0.00498,0.00956,0.00082
1790144027.7830932,-0.01347,0.01937,-1.00148,-0.00244,0.00301,-0.03953
1790144027.895227,-0.01774,0.01168,-1.0004,0.00117,0.00278,-0.00286
1790144027.9802456,-0.01454,-0.00543,-1.0016,0.00482,0.00703,0.01421
1790144028.0403745,0.03821,0.01463,-1.00035,0.00175,0.01454,-0.00448
1790144028.1708813,0.25066,-0.01217,-1.01171,-0.02233,0.01855,0.0422
1790144028.2815814,0.12838,-0.01478,-0.99378,0.00911,-0.02942,-0.0426
1790144028.3716354,-0.10544,-0.00271,-0.9824,0.0042,-0.02078,0.04434
1790144028.4904904,-0.16307,0.00862,-1.00012,-0.00069,-0.01396,-0.00367
1790144028.6183517,-0.01869,0.00296,-0.98769,0.02068,0.03746,0.02067
1790144028.6731927,0.07219,-0.03001,-1.02828,-0.02191,-0.01807,0.05604
1790144028.7512362,0.04673,0.02734,-0.9932,-0.01399,0.00536,-0.04819
1790144028.876666,-0.07309,0.00224,-1.01925,0.02814,-0.07538,0.02577
1790144028.9413502,-0.06893,0.03183,-0.99689,0.02935,0.03143,-0.01983
1790144029.0703337,-0.00557,0.00131,-1.00857,-0.02554,0.00541,0.01386
1790144029.2018092,0.02085,-0.03813,-1.00699,-0.02497,0.00782,0.01812
1790144029.2669249,-0.00665,-0.00634,-0.98877,-0.03504,-0.01317,0.00814
1790144029.4261515,-0.03739,0.01731,-0.99242,0.0124,0.01519,-0.0197
1790144029.5064528,-0.03334,0.0249,-1.00816,0.01433,0.0048,-0.02059
1790144029.5870423,0.01361,-0.00122,-1.02288,-0.04379,-0.01358,0.04513
1790144029.700825,0.00521,-0.02776,-0.99354,-0.0406,0.04425,0.01394
1790144029.7849123,-0.01467,-0.00422,-1.01064,-0.03092,-0.00953,0.00584
1790144029.8616626,0.01043,0.01745,-0.98415,0.00584,-0.06055,-0.02805
1790144029.95773,-0.01837,0.01358,-0.98434,0.00837,0.01531,-0.02566
1790144030.2506945,-0.14089,0.00994,-1.01023,0.00944,-0.00985,-0.00927
1790144030.2646573,-0.23747,-0.0066,-1.00449,-0.00059,0.01335,0.11744
1790144030.441426,0.02522,0.07627,-1.00145,0.0014,-0.00319,-0.04942
1790144030.4573894,0.02187,0.03715,-1.0028,0.00394,0.003,-0.03701
1790144030.6547554,-0.00591,0.0239,-1.00249,0.00026,0.00663,-0.03924
1790144030.6894736,-0.00605,0.01896,-1.00202,0.00127,0.00565,-0.03513
1790144030.8553424,-0.01411,0.00528,-1.00308,0.00449,0.00492,0.01868
1790144030.890741,-0.01488,-0.00533,-1.00051,-0.00153,0.00343,0.02616
1790144030.9899433,-0.01224,0.00104,-1.00177,0.00341,0.00858,0.02524
1790144031.0795949,-0.00966,0.00228,-1.00023,0.00317,0.00315,0.02296
1790144031.2541184,-0.00994,0.0016,-1.00032,0.00335,0.00657,0.02547
1790144031.4773314,-0.01056,0.00328,-1.00112,0.0014,0.00386,0.02209
1790144031.4773314,-0.01511,0.02034,-1.00138,-0.00029,0.00526,-0.00044
1790144031.4773314,-0.00568,0.02797,-1.00165,0.00207,0.00478,-0.01103
1790144031.6835928,-0.00105,0.02794,-1.00181,0.00118,0.00698,-0.01324
1790144031.6835928,-0.00245,0.03015,-1.00189,0.00113,0.01046,-0.02225
1790144031.8894346,-0.00134,0.03074,-1.00115,0.00299,0.00401,-0.02547
1790144031.9092522,0.00341,0.049,-1.00086,0.00495,0.00817,-0.06771
1790144032.0773315,-0.00497,0.01587,-1.00204,0.00388,0.00443,-0.04426
1790144032.2953632,-0.00382,0.00717,-0.99958,0.00316,0.00607,-0.02585
1790144032.2953632,-0.00527,-0.00373,-1.0023,-0.00131,0.00978,-0.0033
1790144032.3096142,-0.0065,0.00597,-1.00042,0.00365,0.00496,-0.00627
1790144032.5006492,-0.01157,0.00372,-1.0021,0.00249,0.00427,-0.00715
1790144032.5006492,-0.01234,-0.00318,-1.00149,0.00126,0.00678,0.00178
1790144032.7108989,-0.00975,0.00042,-1.00141,0.00076,0.00735,-0.00386
1790144032.8992946,-0.00775,0.02389,-1.00102,0.00214,0.00472,-0.03456
1790144032.903366,-0.00219,0.01932,-1.00303,0.00109,0.00457,-0.03128
1790144033.1120417,0.01152,0.03219,-1.00115,0.00251,0.00699,-0.03928
1790144033.13035,-0.01114,0.01391,-1.00063,0.00191,0.00505,-0.0206
1790144033.3220513,-0.00707,0.00854,-1.00105,0.00329,0.00654,-0.02084
1790144033.3220513,-0.00613,0.00755,-1.00074,0.0038,0.00781,-0.01593
1790144033.5317862,-0.00734,0.00937,-1.00165,-0.00049,0.00835,-0.01636
1790144033.7298982,-0.0089,0.00812,-1.0001,0.00536,0.00505,-0.02278
1790144033.9045496,-0.01122,0.00331,-0.99971,0.00533,0.00183,-0.013
1790144033.9045496,-0.00982,-0.00281,-0.99964,0.00403,0.0061,-0.00501
1790144033.9200382,-0.00927,-0.00292,-0.99953,0.00045,0.00226,-0.00203
1790144034.133525,-0.01427,-0.0095,-1.00171,0.00387,0.00546,0.00833
1790144034.1504428,-0.0144,-0.00684,-1.00168,0.0023,0.00663,0.00698
1790144034.3404837,-0.01383,-0.00788,-1.00111,0.00452,0.00474,0.006
1790144034.3404837,-0.01312,-0.00915,-1.00005,0.00426,0.0033,0.00558
1790144034.5506039,-0.0164,-0.00996,-1.00193,0.00511,0.0039,0.01307
1790144034.7279425,-0.01737,-0.00718,-1.00136,0.00212,-0.00015,0.00573
1790144034.7279425,-0.00169,0.04502,-1.00001,-0.00067,0.00561,-0.03393
1790144034.7439783,-0.00621,0.01854,-1.00171,0.00248,0.00581,-0.02532
1790144034.9368026,-0.00107,0.02467,-1.00177,-0.00339,0.00546,-0.05297
1790144034.952699,-0.0103,-0.00475,-1.00122,0.00198,0.00463,-0.00035
1790144035.16582,-0.01433,-0.00779,-1.00092,0.00363,0.00468,0.00594
1790144035.16582,-0.01341,-0.00607,-1.0014,0.00162,0.0064,0.01114
1790144035.3723853,-0.01746,-0.01286,-1.00084,0.0035,0.00556,0.02002
1790144035.3723853,-0.0259,-0.00906,-1.00046,0.00338,0.00968,0.02006
1790144035.504106,-0.01252,0.02107,-1.00212,0.00309,0.00673,0.0115
1790144035.581496,-0.00929,0.01673,-1.00108,0.00453,0.0037,0.00046
1790144035.778118,-0.00593,0.01911,-1.00154,0.00139,0.00827,-0.01257
1790144035.7919717,-0.00345,0.02883,-1.0033,0.00447,0.00803,-0.02309
1790144035.9209259,-0.00193,0.02444,-1.00219,0.00196,0.00551,-0.02931
1790144035.984455,0.05916,0.16911,-0.99684,-0.00417,0.08235,-0.46429
1790144036.1790345,-0.03852,-0.02434,-1.00297,-0.00101,0.03957,-1.23404
1790144036.1790345,-0.00173,-0.01427,-1.00556,-0.03574,0.01836,-1.42463
1790144036.388459,0.02649,0.01858,-0.99607,0.04578,0.05879,-1.49811
1790144036.388459,0.00375,-0.03042,-0.99596,0.03436,0.00893,-1.49115
1790144036.598909,0.02112,0.03807,-1.00313,0.0242,-0.00542,-1.62602
1790144036.796409,0.01961,0.002,-1.0179,-0.00217,-0.03906,-1.59803
1790144036.9267073,0.00227,-0.01734,-1.01987,-0.00099,0.02809,-1.55399
1790144037.0020456,-0.05129,-0.17059,-0.97543,0.01911,0.03811,-0.98853
1790144037.2113705,-0.01745,-0.02566,-1.00022,-0.00155,0.00596,0.00138
1790144037.2113705,-0.01319,0.00118,-1.00093,-0.00149,0.00827,0.00642
1790144037.4057178,-0.00668,0.01328,-1.00326,0.00633,0.00511,-0.00433
1790144037.4214876,-0.00264,0.00676,-1.00143,0.0036,0.00716,0.00079
1790144037.5516086,-0.00163,0.01046,-1.00115,0.00434,0.00456,-0.00187
1790144037.6242332,-0.00551,0.00514,-1.00399,0.00402,0.00628,0.0029
1790144037.8333466,-0.0085,0.04548,-1.0003,0.00238,0.00961,-0.0218
1790144037.9336956,-0.00441,0.01373,-1.00159,0.00402,0.00706,-0.00506
1790144038.2351882,-0.00825,0.00597,-1.00141,0.00619,0.00521,0.00118
1790144038.2351882,-0.00933,0.04163,-1.00019,0.00334,0.00277,-0.0402
1790144038.3515427,-0.01237,0.00311,-0.99967,0.00421,0.005,0.01506
1790144038.4242933,-0.00208,0.00533,-1.00028,0.00284,0.00612,-0.00396
1790144038.6000395,0.18009,-0.00157,-0.9971,-0.00454,0.03414,0.01364
1790144038.6481977,0.24866,0.0383,-1.01664,-0.00829,-0.03593,-0.01908
1790144038.7452755,0.00759,0.01377,-0.9866,0.00209,-0.05308,-0.01249
1790144038.8101513,-0.15378,0.02203,-1.00243,0.0211,-0.0159,-0.03274
1790144038.939857,-0.09732,-0.00019,-1.00496,0.0075,0.02348,0.0086
1790144039.0033715,0.05558,-0.00617,-1.02374,0.01407,0.01409,0.03485
1790144039.131559,0.07578,0.04032,-1.00797,0.03675,0.0233,-0.03424
1790144039.3060806,-0.01931,-0.00805,-1.00432,0.001,-0.01186,0.05085
1790144039.3220928,-0.05888,0.04158,-0.99598,0.00658,0.01712,-0.06169
1790144039.4493465,-0.01261,0.0103,-0.98585,0.00722,0.02781,0.00523
1790144039.5594962,0.041,0.03685,-0.99439,0.00786,0.02371,-0.01641
1790144039.670856,0.01187,-0.02458,-1.00327,-0.00271,0.00673,0.03402
1790144039.7662876,-0.03435,-0.00623,-1.02782,-0.01769,-0.03631,0.00603
1790144039.8297875,-0.04453,-0.01264,-0.99236,-0.00279,0.02849,0.02562
1790144039.9560199,-0.01052,0.00107,-0.99709,-0.01917,-0.00819,-0.00838
1790144040.0843382,0.03294,0.03818,-0.99319,0.03266,0.02029,-0.04382
1790144040.1499608,0.00989,0.00589,-0.98531,0.01875,0.00271,0.00095
1790144040.3253243,-0.03113,0.01911,-1.00183,0.00827,0.01612,-0.0276
1790144040.345595,-0.02767,0.02197,-1.01198,0.01843,0.00138,-0.039
1790144040.6809766,-0.02494,-0.01318,-1.02186,-0.02318,0.01448,0.05453
1790144040.6995027,-0.27732,-0.00057,-1.01164,0.00741,0.00132,0.02677
1790144040.890871,-0.04267,0.00996,-0.99941,0.00366,-0.00015,-0.02194
1790144040.907044,-0.03292,0.00141,-0.99897,0.00135,0.00458,0.0095
1790144040.9710474,-0.01396,0.00821,-1.0025,0.00287,0.00202,-0.00388
1790144041.1002953,-0.00873,0.00854,-1.00056,-0.00036,0.0091,0.0011
1790144041.2992144,-0.00467,0.00827,-1.001,0.00142,0.00684,0.0008
1790144041.2992144,-0.01465,-0.01153,-0.99968,0.00265,0.01012,0.04078
1790144041.4121416,-0.009,0.02299,-1.00091,0.00861,0.00793,-0.01683
1790144041.5089436,-0.01315,0.00166,-1.00177,0.0021,0.00205,0.0018
1790144041.6868415,-0.01461,-0.00277,-0.99905,0.00417,0.0087,0.02125
1790144041.7084763,-0.00889,0.01018,-1.00141,0.00578,0.00619,0.00076
1790144041.9279144,-0.0116,-0.00513,-1.00106,0.00287,0.00457,0.02045
1790144041.9279144,-0.01442,0.00859,-1.00013,0.00082,0.00795,-0.00363
1790144042.1245518,-0.01058,0.00745,-1.00135,0.00348,0.00571,0.00135
1790144042.330697,-0.01319,0.00738,-1.00117,0.00138,0.00707,0.00123
1790144042.5087144,-0.00043,0.02724,-1.00068,0.00063,0.00824,-0.01071
1790144042.5246277,-0.00554,0.02411,-1.00262,0.00274,0.00616,-0.01705
1790144042.736689,-0.01837,0.00376,-1.00036,0.00608,0.00905,0.00446
1790144042.7490776,-0.00634,0.00527,-1.00089,0.0032,0.00923,0.00316
1790144042.9438033,-0.01226,0.01122,-1.00125,0.00402,0.00818,0.00041
1790144043.1526241,-0.00989,0.01151,-1.00095,0.00117,0.00427,-0.00132
1790144043.3325155,0.00819,0.01488,-1.00166,0.00659,0.0087,0.00717
1790144043.346138,-0.00825,0.00867,-1.00073,0.00418,0.00732,0.00037
1790144043.5554807,-0.01349,-0.0047,-1.00088,0.00326,0.00481,0.03924
1790144043.571295,-0.02799,0.0142,-1.00025,0.00379,0.006,0.00191
1790144043.7665298,-0.00725,0.00327,-1.00095,0.00106,0.00726,-0.00136
1790144043.9759243,-0.00989,0.01178,-1.0029,0.00655,0.00537,-0.00151
1790144044.1688328,-0.0083,0.00779,-1.00037,0.00269,0.00709,0.00215
1790144044.382905,-0.01186,0.00881,-1.00049,0.00291,0.00716,0.00052
1790144044.3864627,-0.01061,0.01089,-1.00241,0.00231,0.00378,-0.00185
1790144044.5886042,-0.01199,0.00937,-1.00037,0.00246,0.00531,0.00031
1790144044.5886042,-0.01245,0.01009,-1.00195,0.00236,0.00498,-0.00037
1790144044.7981386,-0.01249,0.00754,-1.00215,0.00319,0.00497,0.00272
1790144044.9914079,-0.01087,0.00807,-1.00125,0.00214,0.00738,0.00231
1790144044.9914079,-0.00547,0.02007,-0.99997,1e-05,0.00329,-0.03021
1790144045.1765368,0.00183,0.02801,-1.00164,0.00143,0.00391,-0.03729
1790144045.18637,-0.01266,0.00982,-1.00108,0.00278,0.00469,-0.00782
1790144045.3951035,-0.01507,0.00277,-0.99976,0.0024,0.00309,0.01321
1790144045.6101677,-0.01294,0.01371,-1.00346,0.00292,0.00715,-0.00412
1790144045.6101677,-0.0103,0.00783,-1.00254,0.00292,0.00704,0.00175
1790144045.8127754,-0.0101,0.00798,-1.00007,0.00397,0.00317,0.00426
1790144045.8127754,-0.01861,-0.0012,-1.00143,0.00415,0.00936,0.03267
1790144045.941556,0.00244,-0.0137,-1.00067,0.00455,0.00762,0.0241
1790144046.021752,-0.00761,0.01294,-1.00153,0.00272,0.00319,-0.00384
1790144046.2209747,-0.01194,0.01972,-1.00158,0.00377,0.00375,-0.00518
1790144046.2209747,-0.00909,0.00477,-1.0011,0.00312,0.00542,0.00142
1790144046.2703612,-0.01247,0.00832,-1.00125,0.00417,0.00531,0.00168
1790144046.631142,0.06118,0.08816,-0.99976,0.00569,-0.01054,1.35724
1790144046.631142,0.00234,-0.06086,-1.00423,0.0036,-0.03278,1.39193
1790144046.8404238,0.01168,0.01532,-1.00195,0.01981,0.00946,1.44557
1790144046.8430407,0.0196,0.04847,-0.99212,0.02622,0.02657,1.4261
1790144047.0288064,0.0242,-0.02512,-0.98481,0.00459,0.00754,1.50734
1790144047.0288064,-0.01301,-0.05277,-1.03184,-0.02384,0.00199,1.58507
1790144047.2396774,0.0007,-0.02712,-1.00111,-0.02254,-0.01324,1.62134
1790144047.4463532,0.0223,0.05229,-1.00361,0.06627,-0.01343,1.49719
1790144047.4463532,0.01425,0.00372,-0.99024,0.01377,0.04426,1.54588
1790144047.462371,-0.00549,0.02955,-1.00113,0.00814,-0.00177,0.56994
1790144047.6582713,0.01248,0.03683,-1.00611,-0.00129,0.0029,0.21023
1790144047.6689847,-0.00811,0.03153,-1.00217,0.00632,0.00334,-0.0188
1790144047.863427,-0.01288,0.0098,-1.00323,0.00383,0.00382,-0.00141
1790144048.029761,-0.00962,0.0169,-1.00174,0.00203,0.00474,-0.00218
1790144048.0307639,-0.0109,0.01158,-1.00124,0.00515,0.0061,-6e-05
1790144048.2717938,-0.00979,0.01109,-1.00161,0.00452,0.00363,0.00053
1790144048.27379,-0.00542,0.01054,-1.00042,0.00668,0.00747,0.01905
1790144048.4686646,-0.00684,0.01806,-1.00208,0.00399,0.00463,-0.00313
1790144048.4686646,-0.01033,0.01216,-0.99846,0.00487,0.00226,-0.00405
1790144048.4849265,-0.01267,0.01081,-1.00102,0.00137,0.00705,0.00333
1790144048.679507,-0.01821,0.01754,-1.00148,0.0009,0.00774,0.00745
1790144048.679507,-0.01388,-0.02149,-1.00459,0.00072,0.00525,0.03876
1790144048.8085241,-0.00343,0.02298,-1.00045,0.00352,0.0049,-0.00475
1790144048.9214237,0.04266,0.01987,-0.99782,0.00627,0.01785,-0.00759
1790144049.0018544,0.24393,0.00701,-0.99527,0.0054,0.04548,0.09245
1790144049.114559,0.1438,0.01438,-1.01095,0.01709,-0.06956,-0.05391
1790144049.2491007,-0.11696,-0.00463,-1.01173,0.01655,0.01989,0.00743
1790144049.3088772,-0.16192,0.00932,-0.99863,-0.00406,-0.00099,0.0133
1790144049.4379697,-0.00909,0.00136,-1.00376,0.04516,0.03002,-0.02308
1790144049.5000553,0.09411,0.01384,-0.99036,0.02301,0.02493,0.0109
1790144049.6448057,0.02445,0.02128,-1.01832,0.02236,0.03686,-0.04697
1790144049.7258523,-0.06759,-0.01803,-1.0161,-0.03733,0.00788,0.06026
1790144049.9031203,-0.06443,-0.00925,-0.98705,0.00781,0.0355,-0.00477
1790144049.95161,0.01049,0.03102,-0.9687,0.00552,0.02651,-0.00877
1790144050.0159497,0.06149,0.02876,-0.98764,-0.00253,0.029,0.00155
1790144050.1641388,0.01003,0.02094,-1.0036,0.02108,0.01431,-0.01751
1790144050.225109,-0.04399,0.02938,-0.99562,-0.03349,0.04008,-0.03518
1790144050.33846,-0.02543,-0.00926,-0.99123,-0.03685,-0.01457,0.04086
1790144050.4664707,0.00274,-0.0129,-0.98906,0.00427,0.01444,0.02479
1790144050.5958369,0.01785,0.02068,-1.00104,0.00794,0.01192,-0.0245
1790144050.724181,0.00149,0.00245,-0.98057,0.00393,0.00712,0.03167
1790144050.7874584,-0.01474,0.03108,-1.00379,0.00572,0.01134,-0.02639
1790144050.8683014,-0.02431,0.02386,-1.01464,0.03255,-0.02011,-0.04734
1790144050.9486125,-0.01257,-0.01044,-1.0391,-0.00075,-0.04326,0.03393
1790144051.061056,-0.17665,0.00655,-1.00752,-0.01771,-0.01905,0.02452
1790144051.1444461,-0.15186,0.02749,-1.0073,-0.00196,0.00576,0.09681
1790144051.3383353,-0.00364,0.05206,-1.00025,0.00338,0.00207,-0.06182
1790144051.351008,-0.00763,0.01265,-1.00263,0.003,0.00669,-0.01045
1790144051.5466886,-0.00747,0.00663,-1.00281,0.00466,0.00614,0.01276
1790144051.7480092,-0.00701,0.01616,-1.00219,0.00306,0.00274,-0.00015
1790144051.7690845,-0.00636,-0.0056,-0.99848,0.00362,0.0113,0.00972
1790144051.9566457,-0.01052,0.00565,-1.001,0.0016,0.00644,0.01329
1790144051.9566457,-0.00938,0.01181,-0.99934,0.00529,0.00786,0.00966
1790144052.0845792,-0.00654,0.01678,-1.00214,0.00167,0.00492,-0.00154
1790144052.1649961,-0.0071,0.015,-1.00017,8e-05,0.00396,-0.00573
1790144052.3597903,-0.00649,0.008,-0.9995,0.00428,0.00543,0.00377
1790144052.3597903,-0.00752,0.01158,-1.00167,0.00483,0.00359,-0.01283
1790144052.5666647,-0.01447,0.01757,-1.00141,0.0037,0.00407,0.00157
1790144052.582443,-0.01056,0.00936,-0.9992,0.0036,0.00481,0.00034
1790144052.7755182,-0.00493,0.00991,-1.00174,0.0035,0.0064,0.0012
1790144052.7755182,-0.00583,0.01427,-1.00173,0.00215,0.00679,-0.00144
1790144052.957831,-0.00947,0.00365,-1.00294,-0.00072,0.00951,0.02364
1790144052.967668,-0.01351,0.00279,-1.00056,0.00138,0.00587,-0.00088
1790144053.1774294,-0.00642,0.01923,-1.00326,-0.00053,0.0056,-0.005
1790144053.1774294,-0.01444,-0.00302,-1.0016,-0.00061,0.00162,0.00921
1790144053.3873222,-0.00439,0.02469,-1.00158,0.00155,0.00631,-0.00177
1790144053.402999,-0.00789,0.01531,-0.99985,0.00158,0.00465,0.00119
1790144053.5967805,-0.00789,0.01531,-0.99985,0.00158,0.00465,0.00119
1790144053.5967805,-0.02694,0.0055,-0.99953,0.00528,0.00886,0.01892
1790144053.7735295,-0.0017,0.02245,-1.00101,0.00195,0.00921,-0.01606
1790144054.0033915,-0.00208,0.01987,-1.00109,0.00381,0.00435,-0.01223
1790144054.0033915,-0.01243,0.01273,-1.00251,0.00448,0.0088,-0.00141
1790144054.1003187,-0.00354,0.01232,-1.00036,0.00305,0.00574,0.00266
1790144054.2086027,-0.00405,0.01158,-0.99959,0.00278,0.00589,-0.001
1790144054.4176502,-0.00806,0.01182,-0.99973,0.00313,0.00595,-0.00062
1790144054.4285839,-0.00635,0.01057,-1.00017,0.00371,0.00439,0.00332
1790144054.613339,-0.00713,0.01402,-1.00088,0.00178,0.00488,-0.00293
1790144054.6299026,-0.00746,0.01299,-1.00047,0.00306,0.00595,-0.00068
1790144054.8199775,-0.00555,0.01245,-1.00066,0.00342,0.00218,0.00159
1790144054.8199775,-0.00658,0.01094,-1.00097,0.003,0.00604,0.00094
1790144055.0315044,-0.00579,0.01406,-1.0012,0.00317,0.00354,0.00012
1790144055.0435987,-0.00771,0.00936,-1.0025,0.00543,0.00584,0.0022
1790144055.1269035,-0.00587,0.01239,-0.99855,0.00244,0.00526,0.00233
1790144055.2344363,-0.00562,0.01208,-1.00273,0.00293,0.00459,0.00179
1790144055.441308,-0.0103,0.01369,-1.00137,0.00093,0.00454,0.00028
1790144055.441308,-0.01531,0.0028,-0.99989,0.00617,0.00454,0.03902
1790144055.6160715,-0.00035,0.03826,-1.00176,0.00403,-0.00361,-0.02697
1790144055.6160715,-0.00517,0.01502,-0.99974,0.00087,0.00784,-0.01669
1790144055.8556516,-0.0066,0.00395,-1.00077,0.00017,0.00077,0.00475
1790144056.0465322,-0.01123,0.01356,-1.00036,0.00079,0.00384,0.00275
1790144056.0675328,-0.00588,0.01138,-1.00078,0.00672,0.00535,0.00356
1790144056.255052,-0.01002,0.01187,-1.00116,0.00581,0.00598,0.00082
1790144056.255052,-0.01392,0.01452,-1.0014,0.00305,0.00692,-0.00084
1790144056.3835642,-0.00134,0.02898,-0.99975,0.00935,0.00038,0.01308
1790144056.4674826,-0.00838,0.01414,-1.00325,0.00303,0.00615,-0.00957
1790144056.657865,-0.00803,0.01235,-1.00202,0.00383,0.006,0.00205
1790144056.6773942,-0.00664,0.00563,-1.00223,0.00466,0.00669,0.00489
1790144056.8673563,-0.00673,0.01166,-1.00144,0.00342,0.00495,0.0015
1790144056.8833036,0.15582,0.43259,-0.99776,-0.05824,0.06346,-1.57896
1790144057.0762568,0.01109,0.01945,-0.98869,-0.02572,0.05113,-1.24525
1790144057.0762568,0.01894,0.01539,-1.01042,0.02104,-0.01951,-1.42356
1790144057.1396604,0.01386,0.00834,-1.0225,0.0061,-0.0014,-1.49581
1790144057.2843444,0.00665,-0.01073,-1.00561,0.04036,0.00036,-1.531
1790144057.4821143,0.02871,0.00128,-0.97375,0.0197,0.02151,-1.57349
1790144057.6872077,0.01804,-0.00982,-1.00642,0.01337,0.0062,-1.53817
1790144057.895547,-0.00696,-0.00518,-1.04953,-0.02117,0.01406,-1.5027
1790144057.895547,-0.06857,-0.18613,-1.04048,-0.00073,0.01078,-0.61747
1790144058.0890107,-0.03313,-0.06281,-1.00318,0.00723,0.00453,-0.26336
1790144058.1048253,0.00136,0.02083,-1.00159,-0.0035,0.00839,0.00215
1790144058.248718,-0.0144,0.01023,-0.99998,0.00297,0.00736,0.00095
1790144058.264487,-0.02202,0.01448,-1.00104,0.00548,0.00377,-0.00141
1790144058.5235908,-0.00789,0.01223,-1.00115,0.00193,0.00617,-0.00017
1790144058.7169206,-0.01378,-0.00375,-1.0025,-0.00309,0.00998,0.02565
1790144058.9250753,-0.00577,0.01764,-1.00276,0.00374,0.00719,-0.00287
1790144059.1225874,-0.0094,0.01021,-1.00131,0.00343,0.00505,0.00131
1790144059.2338455,-0.0233,-0.01131,-1.00156,-0.00056,0.00369,0.00831
1790144059.3100584,-0.00887,0.01699,-1.00018,0.00231,0.00636,0.0022
1790144059.42815,0.22553,0.00516,-0.98622,-0.00037,0.0544,0.00916
1790144059.5027783,0.21949,0.04727,-1.00987,-0.00685,-0.02975,-0.03656
1790144059.6157906,-0.02916,0.01192,-0.97397,0.0372,-0.07108,0.01002
1790144059.729082,-0.15593,0.01522,-1.00783,0.01258,-0.02384,-0.0274
1790144059.8295028,-0.0708,0.00083,-1.00496,0.01628,-0.00343,0.01386
1790144059.8903081,0.08138,0.03216,-1.00608,-0.01533,0.0457,-0.04973
1790144060.0675669,0.06143,0.0028,-1.0126,-8e-05,-0.02715,7e-05
1790144060.1322746,-0.04495,0.00371,-1.03798,0.01736,0.02836,0.02031
1790144060.2615054,-0.08399,0.0051,-0.99586,0.02368,0.0319,-0.00017
1790144060.3442419,-0.01364,0.04685,-0.97308,-0.00851,0.04481,-0.01837
1790144060.4546347,0.04486,0.01629,-0.97933,-0.00309,0.04747,-0.00516
1790144060.5531082,0.03231,0.0251,-1.00903,0.00373,0.02829,-0.03278
1790144060.666699,-0.02522,0.02561,-0.99893,0.0289,0.01916,-0.03012
1790144060.7287478,-0.05461,-0.02205,-1.00456,0.0035,-0.01117,0.05772
1790144060.9063184,-0.0108,0.0092,-0.9919,0.06323,0.04228,0.02584
1790144060.9717011,0.01749,0.00789,-0.98838,-0.03145,0.00156,0.02004
1790144061.0369105,0.01913,0.00319,-0.9642,0.031,-0.00223,0.01525
1790144061.1807232,-0.00487,0.03966,-1.01391,0.00592,-0.00539,-0.02995
1790144061.245607,-0.03064,0.00724,-0.99976,-0.01644,0.01906,-0.01206
1790144061.3905816,-0.01223,-0.01206,-1.03099,-0.02554,-0.02666,0.04839
1790144061.5836308,-0.28731,-0.01668,-1.00825,0.0099,-0.00481,0.08646
1790144061.7785246,-0.14045,0.01108,-1.00094,0.00211,0.00698,0.01473
1790144061.7785246,0.09297,0.00754,-0.98641,0.01304,0.03094,-0.02646
1790144061.9877183,0.03883,0.03876,-1.00313,-0.00748,0.0057,-0.03214
1790144061.9877183,0.01419,0.01337,-1.00135,0.00098,0.00837,-0.00428
1790144062.176404,0.00242,0.01371,-1.00073,-0.00027,0.00721,-0.00221
1790144062.1840403,-0.00068,0.00278,-1.00073,0.00294,0.01202,0.01873
1790144062.297145,0.00046,0.03392,-1.00072,0.0039,0.00698,-0.03608
1790144062.39896,-0.0047,0.0154,-1.00057,0.0051,0.0019,-0.01149
1790144062.5789375,-0.00269,0.01366,-0.99935,0.00106,0.00379,-0.00105
1790144062.587422,-0.0039,0.0111,-1.00206,0.00385,0.00622,0.00248
1790144062.8122997,-0.00636,0.01581,-0.99994,0.00201,0.00746,0.00142
1790144063.0058286,-0.00468,0.01324,-1.00009,0.00254,0.00824,0.0007
1790144063.1825895,-0.00589,0.01064,-1.00163,0.00205,0.00748,-0.00062
1790144063.208633,-0.00038,0.01725,-0.99915,0.00302,0.00519,-0.01436
1790144063.3877132,-0.0129,-0.00315,-1.00085,0.00449,0.00391,0.03093
1790144063.4036348,-0.00863,0.00696,-1.00352,0.00482,0.00461,0.01343
1790144063.6258502,-0.00422,0.01331,-1.00311,0.00517,0.00215,-0.00956
1790144063.8320484,-0.00609,0.01218,-1.0005,0.00321,0.00713,-0.00402
1790144064.0391457,0.00963,0.02225,-1.00058,0.00223,0.01064,-0.01306
1790144064.1856763,-0.01844,-0.0082,-0.99977,0.00386,0.00189,0.03399
1790144064.2005763,-0.00198,0.01377,-1.00104,0.00225,0.00791,0.00666
1790144064.444234,0.01363,0.0342,-0.99814,0.00671,0.00638,-0.02179
1790144064.444234,-0.00704,0.01362,-1.00052,0.00457,0.00531,-0.00683
1790144064.6561468,-0.00378,0.00949,-1.00099,0.00241,0.00566,0.00588
1790144064.6698966,-0.00084,0.01646,-1.00184,0.00343,0.00574,-0.00409
1790144064.86295,-0.00578,0.01453,-1.00067,0.00374,0.00447,-0.00219
1790144064.86295,-0.00661,0.01094,-1.00058,0.00049,0.00617,0.00176
1790144065.0594447,-0.00546,0.01337,-1.00294,0.00277,0.00495,-0.00052
1790144065.1913047,-0.00489,0.009,-1.00048,0.00361,0.00705,0.00304
1790144065.201909,-0.00538,0.01349,-1.00154,0.00156,0.00416,-0.00128
1790144065.477069,-0.00364,0.01158,-1.00095,0.00362,0.00412,0.00279
1790144065.6691504,-0.00427,0.01301,-1.00033,0.00286,0.00341,0.00018
1790144065.6691504,-0.0051,0.01045,-1.00072,0.00403,0.00679,-0.00012
1790144065.877571,-0.00358,0.01179,-1.00013,0.00226,0.00553,0.0024
1790144065.877571,-0.0071,0.00302,-1.00122,0.00896,0.00773,-0.00223
1790144066.0563865,-0.01611,-0.02419,-1.00128,0.00315,0.00588,0.03533
1790144066.069935,-0.00247,0.00948,-0.99846,0.00352,0.01218,0.00944
1790144066.1998343,-0.00155,0.02326,-1.00016,0.00358,0.00607,-0.0065
1790144066.2959852,-0.00252,0.01028,-1.00195,0.00515,0.00553,0.001
1790144066.49688,-0.00237,0.01303,-0.99996,0.00421,0.007,-0.00243
1790144066.6999977,-0.00442,0.01337,-0.99947,0.00351,0.00632,0.00292
1790144066.6999977,-0.01152,0.01562,-0.99967,-0.00018,0.00453,0.00343
1790144066.829209,0.00204,-0.00919,-1.00168,0.00342,0.01301,0.01231
1790144066.829209,-0.00956,0.00049,-1.00154,0.00246,0.00666,0.02419
1790144067.1082752,-0.00712,0.01268,-1.00173,0.00542,0.00497,0.00734
1790144067.1834545,-0.00425,0.01407,-0.99928,0.00588,0.00709,-0.00127
1790144067.3152704,-0.00486,0.01155,-1.00191,0.00542,0.00566,0.0032
1790144067.522659,0.17599,0.42459,-0.96285,-0.03934,-0.00667,-1.59764
1790144067.522659,0.01809,0.03794,-0.99613,-0.01745,0.03459,-1.22205
1790144067.714587,0.01502,0.0129,-0.97794,0.02002,0.00099,-1.40767
1790144067.9242318,0.02437,0.03519,-0.99918,-0.01762,0.03587,-1.54476
1790144067.9242318,0.0489,0.04071,-0.99004,0.02104,0.04647,-1.57743
1790144068.1347842,-0.01005,0.00396,-1.01861,-0.02491,-0.01927,-1.59539
1790144068.1491988,-0.00852,-0.00489,-0.9584,0.05319,0.03333,-1.50552
1790144068.3264506,0.02064,0.00768,-1.00322,0.05107,-0.01338,-1.5984
1790144068.3421853,-0.05845,-0.14119,-1.02147,0.02134,0.02693,-0.68889
1790144068.4375844,-0.0333,-0.06982,-1.00846,0.00296,-0.00196,-0.19534
1790144068.5353363,-0.00629,0.03446,-1.00149,-0.00586,0.01059,0.0131
1790144068.746327,-0.01524,0.01882,-0.99936,0.00488,0.004,-0.00205
1790144068.746327,-0.01214,0.01211,-1.00078,0.00169,0.00708,0.0012
1790144068.9375637,-0.00935,0.0138,-1.00248,0.0053,0.00267,-0.00079
1790144069.1557455,-0.01486,0.00975,-1.0017,0.00197,0.00083,0.01594
1790144069.1694622,-0.00641,0.03987,-1.00085,0.00406,0.0031,-0.01826
1790144069.3628361,-0.01445,0.00712,-1.00039,0.00273,0.0058,0.00221
1790144069.568,-0.00454,-0.00175,-1.00149,0.00189,0.00719,0.00694
1790144069.6975372,-0.01099,0.0182,-1.00091,0.00787,0.01377,0.00767
1790144069.7620883,-0.0123,0.00481,-1.00208,0.00316,0.00804,-0.00108
1790144069.8905885,0.06614,0.01358,-1.00226,-0.00581,0.01975,0.01287
1790144069.9721134,0.24872,0.03374,-1.01192,0.02348,0.00114,0.07516
1790144070.0846076,0.08797,-0.00353,-1.01909,-0.00407,-0.0388,0.02932
1790144070.1808598,-0.11259,0.00015,-1.00846,0.01877,-0.02819,-0.00079
1790144070.26083,-0.1341,0.02328,-1.00997,0.00234,-0.00506,-0.01563
1790144070.3886602,0.00492,-0.00426,-0.99993,-0.00655,0.00839,0.01949
1790144070.4697437,0.07629,0.00699,-0.99888,0.006,0.02634,0.02903
1790144070.5985239,0.01489,0.02483,-1.01349,-0.02403,0.01827,-0.01642
1790144070.662647,-0.07317,-0.01241,-0.96934,0.02739,0.1083,0.02692
1790144070.7758012,-0.05429,0.01565,-0.9963,0.00263,0.02123,-0.00023
1790144070.9044955,0.01495,0.01148,-0.99525,0.01719,0.03917,0.01052
1790144070.9844887,0.04362,0.01543,-0.99909,0.01186,0.01864,0.00374
1790144071.0968666,-0.01588,0.00043,-1.02018,-0.01242,-0.01001,0.02037
1790144071.2085798,-0.02918,0.04302,-0.98448,0.0254,-0.01676,-0.03048
1790144071.287537,-0.00695,0.01317,-1.00603,0.01247,0.00952,0.02529
1790144071.415047,0.03777,0.02869,-0.98415,0.00954,-0.01274,0.00571
1790144071.4785142,-0.02291,0.00839,-1.00679,0.01002,-0.00928,0.00076
1790144071.624644,-0.02384,0.02286,-1.01151,0.00502,-0.0177,-0.01253
1790144071.6890817,-0.01965,0.01561,-1.01445,0.0096,-0.00328,-0.03035
1790144071.8274763,-0.02263,-0.01408,-0.99838,-0.01568,-0.05168,0.00293
1790144072.0255084,-0.12303,0.05744,-0.99932,0.00497,0.00272,0.00505
1790144072.2292223,-0.01221,0.00953,-1.00118,0.00066,0.00682,0.0057
1790144072.4375474,-0.01336,0.01819,-1.00159,0.00533,0.00918,-0.00561
1790144072.4375474,-0.00989,0.02289,-0.99994,0.0024,0.00935,-0.01296
1790144072.6418524,-0.00769,0.02196,-1.00087,0.00448,0.00528,-0.01457
1790144072.6418524,-0.01062,0.01107,-0.99992,0.00033,0.00362,0.01522
1790144072.758019,-0.01055,0.00349,-1.00114,0.0017,0.00946,0.00218
1790144072.8505385,-0.01228,0.01889,-0.99908,0.00436,0.00694,-0.00082
1790144073.0115833,-0.00697,0.02523,-1.00088,0.00227,0.00514,-0.01092
1790144073.027275,-0.00839,0.01361,-1.00091,0.00538,0.00698,-0.00666
1790144073.2545402,0.00193,0.02339,-1.00224,0.00584,0.00871,-0.01669
1790144073.4641857,-0.00766,0.01124,-1.00246,0.00543,0.00866,-0.00757
1790144073.4641857,-0.01239,0.01074,-0.99908,0.00615,0.00319,-0.00453
1790144073.672443,-0.01658,-0.00034,-1.0003,0.00224,0.00346,0.01141
1790144073.865969,-0.01216,-0.01131,-1.00144,0.00265,0.00299,0.00048
1790144073.865969,-0.01741,0.00176,-1.0012,0.00392,0.00632,0.01114
1790144074.0757222,-0.00843,0.02149,-1.00137,-0.00526,0.00379,-0.0036
1790144074.2700522,-0.00942,0.01773,-1.00057,0.00129,0.00527,-5e-05
1790144074.4783201,-0.00722,0.0237,-0.99971,0.00089,0.00411,-0.01638
1790144074.4783201,-0.00925,0.0217,-1.00064,0.00272,0.00652,-0.01722
1790144074.6530378,-0.03326,0.00323,-1.0005,0.00288,0.00322,0.01763
1790144074.6691515,-0.0079,0.0194,-1.00059,0.00011,0.00723,-0.00976
1790144074.895738,-0.00473,0.02882,-1.00218,0.0037,0.0065,-0.01718
1790144074.895738,-0.02477,0.00456,-1.00242,0.00415,0.008,0.00381
1790144075.0888693,-0.01174,0.01467,-1.00204,0.0028,0.00872,-0.00281
1790144075.3147361,-0.01533,0.00724,-1.00082,0.00181,0.00496,0.00956
1790144075.5077558,-0.01514,0.00087,-1.00226,0.00584,0.00454,0.01593
1790144075.5077558,-0.01697,-0.0033,-1.00262,0.00268,0.0074,0.01624
1790144075.710664,-0.01436,0.00182,-0.99895,0.0046,0.00739,0.01661
1790144075.7170234,-0.01576,-0.00045,-1.00096,0.00335,0.00847,0.02179
1790144075.9113643,-0.01342,0.00183,-1.00046,0.0016,0.0074,0.01521
1790144076.1212595,-0.01106,0.00818,-1.0008,0.00359,0.00576,0.0065
1790144076.314902,-0.01203,0.01085,-1.00145,0.00202,0.0074,0.00569
1790144076.508311,-0.01065,-0.00259,-1.0003,0.00187,0.01623,0.00892
1790144076.7323327,-0.01845,0.00113,-0.9993,0.00547,0.00125,0.00315
1790144076.9440598,-0.01676,0.00466,-1.00164,0.00172,0.00685,0.01181
1790144076.9456687,-0.01358,0.00213,-1.00184,0.00176,0.00798,0.01376
1790144077.1506672,-0.01408,0.00029,-1.0015,0.00504,0.0058,0.02073
1790144077.2845774,-0.00224,0.02554,-1.00002,0.0057,0.00642,-0.02406
1790144077.3357868,-0.01456,0.0061,-1.00067,0.0049,0.00537,0.00582
1790144077.557164,-0.01528,0.00847,-1.00179,0.00592,0.00644,-0.00258
1790144077.5715518,-0.01229,0.00629,-1.00231,0.00779,0.00795,0.0082
1790144077.6067693,-0.01487,-0.00185,-1.00386,0.00113,0.0055,0.01039
1790144077.752402,-0.18561,-0.44743,-1.0157,0.01944,-0.01879,1.36362
1790144077.9593694,-0.00963,-0.04942,-1.00239,0.00499,0.00524,1.27487
1790144077.9593694,0.01515,-0.00857,-1.00413,0.02919,-0.01964,1.40228
1790144078.1682847,0.01934,0.01155,-0.98148,0.0464,0.01044,1.50925
1790144078.1682847,0.03797,0.05435,-1.00114,-0.01774,-0.01788,1.4898
1790144078.3303225,0.00242,-0.00744,-1.01892,-0.00323,-0.00536,1.52164
1790144078.3303225,0.00455,-0.00123,-1.02726,-0.03687,-0.00336,1.53841
1790144078.4389305,-2e-05,-0.0544,-0.99,0.01454,0.01497,1.63141
1790144078.584772,0.01547,0.01103,-1.01035,0.00486,-0.01377,1.55526
1790144078.7860284,0.01162,0.03373,-0.9892,0.06769,0.00323,1.55401
1790144078.7860284,0.09844,0.24503,-0.99741,0.00029,0.01754,0.77948
1790144078.9777458,0.02253,0.06106,-0.99588,-0.00669,0.0007,0.32499
1790144079.1857207,-0.01303,0.00622,-1.00104,0.00522,0.00525,0.00659
1790144079.1857207,-0.00939,0.01195,-1.00037,0.00259,0.00829,-0.00477
1790144079.3447087,-0.00746,0.01227,-1.00084,0.00171,0.00576,0.00203
1790144079.3606224,-0.00787,0.01319,-1.0013,0.00215,0.00623,-0.00095
1790144079.6010091,-0.00804,0.01141,-1.00071,0.00427,0.00651,-0.00012
1790144079.6010091,-0.00742,0.00503,-0.99965,0.0055,0.00649,-0.02697
1790144079.8076468,-0.01155,0.00072,-1.00285,0.00084,0.00458,0.01001
1790144079.8076468,-0.00866,0.01999,-1.00113,0.0046,0.00676,-0.00413
1790144080.0146506,-0.01245,0.00641,-1.00179,-0.00023,0.00679,0.00337
1790144080.0305078,0.00032,0.02252,-1.00252,0.01147,-0.00614,-0.04222
1790144080.1469154,-0.00102,0.00457,-1.00041,0.00541,0.00674,0.00643
1790144080.2704833,-0.00583,0.0164,-1.00139,0.00583,0.00415,-0.00488
1790144080.355957,0.21068,0.02071,-1.00054,0.02754,0.0151,-0.02133
1790144080.447976,0.20902,-0.01234,-1.01901,0.0494,-0.04789,0.04906
1790144080.575449,-0.01804,0.02799,-0.98323,0.06163,-0.01557,-0.00087
1790144080.6394176,-0.15084,0.02436,-1.00394,-0.01976,0.00829,-0.01743
1790144080.7838829,-0.06267,0.03754,-1.00486,0.01237,0.01282,-0.02219
1790144080.8490074,0.06155,-0.01074,-1.00386,0.00415,0.02458,0.04316
1790144081.0253794,0.0687,0.01243,-1.01594,0.01301,0.0038,0.01962
1790144081.0411496,-0.02879,0.01166,-1.00856,-0.0272,-0.02336,-0.00142
1790144081.1698093,-0.096,-0.00838,-0.9985,0.00852,-0.01545,0.00384
1790144081.299034,-0.01306,0.04475,-0.98166,0.00048,0.00313,-0.02366
1790144081.369522,0.05253,0.037,-0.98403,0.00587,0.01694,-0.01553
1790144081.4440267,0.03685,0.0264,-1.01082,0.01803,-0.01228,-0.01366
1790144081.6044328,-0.03866,0.00957,-1.00375,0.00592,-0.00289,0.01038
1790144081.6714997,-0.03661,0.01093,-0.94974,-0.02367,0.03592,-0.044
1790144081.7972825,-0.0198,-0.01393,-0.99851,0.02086,0.00267,0.02727
1790144081.8618586,0.00654,0.01748,-1.00549,0.00296,0.01187,0.02282
1790144081.9918861,0.01478,0.04903,-0.9752,0.03485,0.02748,-0.04654
1790144082.1315565,-0.03194,0.01737,-1.00628,-0.00168,0.00671,0.00404
1790144082.2018688,-0.02069,-0.0193,-1.01236,-0.01126,-0.01024,0.02347
1790144082.3793588,-0.05664,-0.02585,-1.03087,-0.02845,-0.05094,0.04513
1790144082.4598951,-0.292,-0.02512,-0.99097,0.00301,0.02037,0.03314
1790144082.491884,-0.03791,-0.00058,-1.00078,0.00595,0.02244,-0.0105
1790144082.678374,-0.0348,0.00855,-0.99944,0.00316,0.00405,0.00409
1790144082.6857712,-0.00599,0.01846,-1.00151,0.0021,0.00733,0.00184
1790144082.8791523,-0.00461,0.01241,-1.0004,0.00313,0.00485,0.00219
1790144082.8791523,-0.01031,0.01623,-1.00156,0.00131,0.00709,-0.00104
1790144083.084368,-0.0074,0.02451,-1.00069,0.00056,0.00684,-0.01366
1790144083.1967313,-0.01621,-0.00071,-1.00196,0.00293,0.00812,0.01186
1790144083.3899374,-0.01246,0.02063,-1.00129,0.0016,0.00433,0.0004
1790144083.5033426,-0.01142,0.02194,-1.00408,0.00072,0.00619,-0.00492
1790144083.5826726,-0.00965,0.02131,-1.00177,-0.00022,0.00811,-0.00792
1790144083.6945715,-0.01752,0.0078,-1.00114,0.00504,0.00576,0.00781
1790144083.9037738,-0.01743,0.01511,-1.00159,0.00355,0.00696,0.00203
1790144084.1142592,-0.01024,0.01727,-1.00058,0.00431,0.00284,-0.00072
1790144084.1303248,-0.01394,0.0132,-1.00002,0.00196,0.00653,-0.00107
1790144084.3111787,-0.00677,0.03844,-1.00156,0.0046,0.00779,-0.0385
1790144084.324101,-0.01776,-0.00216,-1.00144,0.00339,0.00743,0.01208
1790144084.4235182,-0.01668,0.00349,-1.00095,0.00078,0.00557,0.01233
1790144084.5008152,-0.01204,0.01485,-0.99924,0.00228,0.00557,0.00664
1790144084.7246284,-0.0181,0.00477,-1.00157,0.00017,0.00342,0.01761
1790144084.729811,-0.01448,0.01544,-1.00167,0.00125,0.00972,-0.00049
1790144084.9175768,-0.01408,0.01397,-1.00268,0.00502,0.00516,0.00109
1790144085.132971,-0.012,0.01713,-0.99997,0.00174,0.00453,-0.00266
1790144085.132971,-0.01466,0.01618,-1.00205,0.00261,0.00614,0.00169
1790144085.1466613,-0.00164,0.02759,-1.00116,0.00721,0.00567,-0.01527
1790144085.3202171,-0.02433,0.00105,-0.9977,0.00715,0.00546,0.03082
1790144085.4169962,-0.01198,0.00863,-1.00206,0.00539,0.00159,0.00895
1790144085.5458052,-0.00946,0.00673,-1.00247,0.00193,0.00609,0.01484
1790144085.547002,-0.02163,0.01385,-1.00045,0.00484,0.00737,-0.00082
1790144085.739409,-0.00989,0.01863,-1.0012,0.00316,0.00609,-0.00355
1790144085.9495723,-0.01101,0.01581,-1.00044,0.00277,0.005,-0.00311
1790144085.9495723,-0.01405,0.01324,-1.00248,0.00429,0.00568,0.00233
1790144085.9686112,-0.01307,0.01343,-1.00116,0.00532,0.00614,0.00085
1790144086.1589992,-0.01076,0.01408,-1.00128,0.00747,0.00455,0.00105
1790144086.1589992,-0.01432,0.01528,-1.00105,0.0032,0.00379,0.00265
1790144086.3518522,-0.01446,0.01617,-1.00226,0.00181,0.00437,0.00376
1790144086.3680496,-0.01441,0.017,-1.00093,0.00041,0.00465,0.00011
1790144086.5630424,-0.01358,0.01382,-1.00072,0.00221,0.00295,0.00066
1790144086.7740204,-0.01369,0.01629,-1.00033,0.00355,0.0054,-0.00042
1790144086.7740204,-0.0102,0.01627,-0.99895,0.00547,0.00473,-0.0025
1790144086.9701648,-0.01336,0.01679,-0.99932,0.00253,0.00655,0.00289
1790144086.9832609,-0.00871,0.01991,-1.00163,-0.00236,0.01204,-0.02086
1790144087.1500723,-0.01255,0.01366,-1.00109,0.00123,0.00247,-0.01479
1790144087.1744356,-0.0113,0.03274,-1.00107,0.0023,-0.00173,-0.0136
1790144087.3806384,-0.01081,0.02361,-1.00149,-0.00077,0.00692,-0.01154
1790144087.3806384,-0.01341,0.01971,-1.00187,0.0045,0.0039,-0.00396
1790144087.5873802,-0.01422,0.01074,-1.00022,0.00541,0.00563,0.00178
1790144087.603201,-0.01372,0.00979,-1.00309,0.00175,0.00612,0.00213
1790144087.8000917,-0.0213,0.01925,-1.00121,0.00011,0.00324,-0.00056
1790144087.8000917,-0.01027,0.02469,-1.00447,1e-05,0.00209,-0.02531
1790144088.0004117,-0.01471,0.02216,-1.00143,0.00246,0.00358,-0.00434
1790144088.0004117,-0.01978,-0.00523,-1.00012,0.00586,0.00696,0.01328
1790144088.2090669,-0.01701,0.01038,-0.99883,0.00234,0.0055,0.01207
1790144088.2090669,-0.01357,0.00872,-1.00201,0.00408,0.00611,0.01066
1790144088.4090545,-0.01753,0.00855,-0.99979,0.00601,0.0133,0.01616
1790144088.4280288,-0.01187,0.01489,-0.99931,0.00097,0.01166,0.00412
1790144088.5868843,-0.01263,0.00645,-1.00064,0.00489,0.00673,0.01212
1790144088.6048565,-0.00986,0.01877,-1.001,0.00568,0.00751,0.00309
1790144088.713529,0.22228,0.01541,-1.00323,0.02862,0.04483,-0.05895
1790144088.7782176,0.19478,0.01203,-1.02724,0.00899,-0.02936,0.02515
1790144088.9226582,-0.0586,0.05018,-1.00688,0.04143,0.01484,-0.03616
1790144089.0187125,-0.18598,-0.03898,-0.99733,0.003,0.00432,0.04988
1790144089.1075652,-0.07349,-0.01316,-1.0037,-0.02606,0.00512,0.04473
1790144089.243201,0.0805,0.02144,-1.00638,-0.06196,0.0187,0.00192
1790144089.309323,0.05676,-0.01409,-0.99257,-0.02268,0.01225,0.01885
1790144089.4366634,-0.01967,0.04326,-0.98347,-0.00604,0.03126,-0.05092
1790144089.509802,-0.07635,0.0225,-1.01654,0.011,0.00657,-0.00473
1790144089.6308825,-0.02333,0.01171,-1.01127,0.02824,0.00274,0.00607
1790144089.7631881,0.02663,0.032,-1.02013,0.02574,-0.00515,-0.02554
1790144089.8249714,0.00086,0.0079,-1.01666,0.02213,0.00111,0.04235
1790144089.9373014,-0.01972,-0.01018,-0.95845,-0.01736,0.01642,0.02939
1790144090.048835,-0.02459,0.0342,-1.01754,-0.01004,-0.00278,-0.02377
1790144090.1454737,0.01716,0.04711,-0.99998,0.01453,0.02227,-0.04077
1790144090.2426562,-0.00801,-0.00813,-0.99946,0.0195,0.02198,0.04756
1790144090.386586,-0.02113,0.04549,-1.01046,0.05714,-0.01469,-0.04396
1790144090.4676788,-0.04076,-0.00326,-1.02233,-0.00564,0.01961,0.0184
1790144090.5178862,-0.0259,-0.00884,-0.981,0.00061,0.03959,0.01958
1790144090.6613925,0.01532,0.03835,-0.96739,0.00493,0.03338,-0.01477
1790144090.8710656,-0.2881,-0.06128,-1.00137,0.00192,-0.0007,0.18679
1790144091.0682533,-0.05908,-0.02826,-1.00243,-0.00292,0.0143,-0.07225
1790144091.2749078,0.01666,0.01676,-0.99909,0.00801,0.00642,0.00607
1790144091.2749078,0.00383,0.02193,-1.00186,0.00217,0.00475,-0.00341
1790144091.4791605,-0.00958,0.01723,-1.00123,0.00373,0.00537,-0.00121
1790144091.6076558,-0.01498,0.01872,-1.00127,0.00396,0.00684,0.00103
1790144091.6884823,-0.01518,0.01762,-1.00014,0.00536,0.00569,0.00135
1790144091.8062024,-0.00934,0.01994,-1.00109,0.00313,0.00606,0.00025
1790144091.8825727,-0.00936,0.01935,-1.00156,0.00444,0.00391,-0.00245
1790144092.0942428,-0.01481,0.02263,-1.00087,0.00059,0.0052,-0.00582
1790144092.3012042,-0.01134,0.01857,-1.00053,0.00284,0.00735,0.00448
1790144092.3012042,-0.01063,0.01777,-1.00172,0.00556,0.00417,-0.0015
1790144092.4797204,-0.01011,0.01964,-1.00007,0.00275,0.0077,0.00032
1790144092.6574972,-0.00618,0.03989,-1.00117,0.00396,0.00886,0.00452
1790144092.6574972,-0.0066,0.02981,-1.00063,0.0024,0.00588,-0.01451
1790144092.9154649,-0.01167,0.01666,-0.99991,0.00212,0.00641,0.00183
1790144092.9154649,-0.00321,0.0207,-1.00036,0.00208,0.00837,0.00053
1790144093.1111698,-0.0086,0.02063,-0.99971,0.00562,0.00337,0.00549
1790144093.3191702,-0.00692,0.02086,-1.00128,0.00219,0.00601,-0.00182
1790144093.4804413,-0.03,0.01986,-1.00242,0.00176,0.00271,-0.00133
1790144093.4964895,-0.00167,0.03835,-1.00207,0.00258,0.00829,-0.02004
1790144093.7387354,0.00058,0.02757,-1.00115,0.00187,0.00394,-0.00882
1790144093.9381375,-0.00529,0.01793,-1.00103,0.00397,0.00497,-0.00078
1790144094.1452017,-0.00826,0.01852,-0.9995,0.00479,0.00443,0.00054
1790144094.1452017,-0.00994,0.02148,-1.00111,0.00246,0.00266,0.00046
1790144094.3520672,-0.00948,0.02012,-1.0005,0.00281,0.00784,0.00059
1790144094.3520672,-0.0109,0.01901,-1.00024,0.00387,0.00899,0.00133
1790144094.4964774,-0.0044,0.02047,-1.00046,0.00344,0.00587,0.00017
1790144094.512262,-0.00748,0.01961,-1.00151,0.00322,0.00565,-0.00084
1790144094.7608738,-0.0088,0.01982,-1.00151,0.00241,0.0045,-0.00151
1790144094.962844,-0.00872,0.01923,-1.00135,0.00158,0.00638,-0.00257
1790144094.962844,-0.01141,0.02057,-1.00165,0.00411,0.00322,0.00026
1790144095.1633458,-0.01097,0.01845,-0.99949,0.00348,0.00362,0.00174
1790144095.1730697,-0.01453,0.02099,-1.0018,0.00259,0.00218,0.00596
1790144095.348614,-0.00828,0.04143,-0.9983,0.00433,0.00626,-0.00749
1790144095.348614,-0.01301,0.01702,-1.00204,0.00111,0.00318,0.01513
1790144095.5168118,-0.00937,0.02102,-1.00092,0.00453,0.0084,0.00587
1790144095.522903,-0.00682,0.02644,-1.00256,0.00434,0.00273,-0.00698
1790144095.5864348,-0.01197,0.01152,-1.0027,0.00151,0.00814,0.00815
1790144095.7874362,-0.00616,0.02332,-0.99949,0.00339,0.0065,0.00083
1790144095.9835422,-0.01092,0.02197,-0.99899,0.00433,0.00638,-0.00206
1790144095.9835422,-0.01783,0.03004,-1.00192,0.00528,0.00686,-0.00125
1790144096.1119766,-0.00295,0.013,-1.00234,0.00348,0.00816,-0.0016
1790144096.128004,-0.01618,0.01206,-1.00087,0.00073,0.00401,0.01571
1790144096.4014442,-0.01258,0.02486,-1.00026,0.00134,0.00645,0.00134
1790144096.4014442,-0.00807,0.01923,-0.9997,0.00364,0.0061,-0.0001
1790144096.5296893,-0.07219,-0.13262,-0.98493,0.09399,-0.03092,0.48438
1790144096.6105518,0.00646,-0.00072,-1.01585,0.01536,-0.00155,1.25266
1790144096.8045871,0.01791,0.02382,-0.99689,-0.01903,-0.0047,1.46891
1790144097.0143294,0.02715,0.04302,-0.98578,-0.00675,-0.01757,1.49764
1790144097.0307844,0.02776,0.01686,-0.9852,0.02375,0.06,1.50043
1790144097.2071338,0.0268,0.01134,-1.02478,-0.01276,-0.01417,1.51594
1790144097.3841128,0.02206,-0.00783,-1.01504,0.03787,-0.01805,1.59596
1790144097.5142045,0.03034,0.00978,-0.99909,0.01958,-0.02587,1.58502
1790144097.5142045,0.08159,0.17149,-0.9683,0.02222,0.00516,1.09954
1790144097.6304367,-0.00078,0.03455,-1.007,0.00295,-0.00944,0.57193
1790144097.838021,-0.00113,0.01573,-1.00019,0.00026,0.01249,-0.01094
1790144098.041207,0.00211,0.0099,-1.0019,0.00815,0.01043,-0.00238
1790144098.041207,-0.00027,0.01346,-0.99985,0.00452,0.01138,-0.00281
1790144098.2525773,0.00133,0.01287,-1.00006,0.00229,0.00231,-0.00205
1790144098.253472,-0.00028,0.01521,-0.99995,0.0023,0.01035,0.00571
1790144098.4384756,0.00499,0.0116,-1.00423,-0.0035,0.00243,-0.00539
1790144098.6514974,0.01263,0.01248,-1.00096,0.00361,0.00517,-0.00502
1790144098.856448,0.00479,0.00982,-1.00201,0.00284,0.00313,0.00136
1790144098.856448,0.00217,0.01358,-1.00049,0.00155,0.00364,-0.00601
1790144098.8637116,-0.01148,0.00459,-1.00209,0.00659,0.01588,0.04786
1790144098.9695082,-0.01279,-0.02105,-1.00284,0.00186,-0.00084,0.03697
1790144099.0498183,0.00262,0.01233,-1.00129,0.00484,0.00549,0.00459
1790144099.1770916,0.11422,0.00946,-0.9959,0.0168,0.02043,0.01802
1790144099.2421932,0.26661,0.00197,-1.0102,0.00098,0.00635,0.00739
1790144099.371896,0.07665,-0.01222,-0.99224,0.03304,0.01731,0.03292
1790144099.468645,-0.12944,0.00879,-1.00026,-0.00336,-0.01597,0.00138
1790144099.5491884,-0.10123,0.01613,-0.99823,0.00874,-0.0002,-0.02153
1790144099.677805,0.04532,0.00756,-1.01151,-8e-05,0.0191,0.02057
1790144099.8065279,0.10273,0.00757,-1.00928,0.01339,0.01138,0.00384
1790144099.9354093,0.0019,0.01699,-1.02194,0.03351,-0.05244,-0.02623
1790144099.999516,-0.05756,0.02179,-0.99347,0.03294,0.00599,-0.00095
1790144100.1276844,-0.04628,-0.00198,-1.00206,0.0021,0.02675,0.01613
1790144100.2081926,0.03647,-0.00912,-1.01103,0.00918,-0.00884,-0.00047
1790144100.320424,-0.00121,-0.0008,-1.01485,-0.0087,-0.01833,0.0175
1790144100.449089,-0.03012,0.01135,-0.99492,0.02102,0.00567,-0.00706
1790144100.5148919,-0.0248,-0.00326,-1.00946,0.00481,0.00871,-0.00234
1790144100.577607,0.01996,0.02646,-0.98822,0.01647,0.00615,0.00829
1790144100.7061558,0.0153,0.0186,-1.00027,0.03081,0.02728,0.00545
1790144100.7861712,-0.00916,0.00982,-1.01127,-0.02222,0.01203,0.00573
1790144100.9601572,-0.02181,-0.00795,-1.01004,0.00863,0.03203,0.02192
1790144101.0270915,-0.01959,0.00405,-0.99502,0.01087,0.01318,0.01114
1790144101.3130183,0.00594,0.02754,-0.9913,0.01253,0.00266,-0.02288
1790144101.3150277,-0.23231,0.02173,-0.97048,0.02706,0.01077,-0.01702
1790144101.3254874,-0.13477,-0.03016,-1.00293,0.0109,0.00973,-0.1329
1790144101.5198216,0.02916,0.0096,-1.00084,-0.00031,0.00149,-0.00572
1790144101.7232664,0.00183,0.0086,-1.0004,0.00467,0.00765,-0.00025
1790144101.7232664,-0.00917,-0.00232,-0.99994,0.00387,0.00602,0.01339
1790144101.9253252,-0.00796,0.00476,-1.00157,0.00409,0.00699,0.00903
1790144101.934002,0.00192,0.03669,-1.00223,0.00593,0.00432,-0.03618
1790144102.0484831,-0.00634,0.00559,-1.00068,0.00217,0.00652,-0.00152
1790144102.3031104,-0.01071,-0.00039,-1.00137,0.00467,0.00548,0.00985
1790144102.3031104,-0.00975,0.00051,-1.00159,0.00362,0.00752,0.01147
1790144102.3218987,-0.00149,0.02196,-1.00049,0.00562,0.00631,-0.01043
1790144102.5424385,0.00463,0.00339,-1.00151,0.00247,0.0051,-0.00211
1790144102.5424385,-0.01282,0.00204,-1.00131,0.00589,0.00444,0.01189
1790144102.748665,-0.01067,-0.00107,-1.00116,0.00383,0.00819,0.01628
1790144102.748665,-0.00626,0.00823,-1.00316,0.00368,0.00278,0.0055
1790144102.9549487,-0.00028,0.01116,-1.00171,0.00164,0.00073,0.0056
1790144103.1296077,-0.00029,0.02114,-1.00134,0.00321,0.00749,-0.02106
1790144103.1456234,-0.00499,0.00706,-1.00117,0.00057,0.00689,0.00183
1790144103.3521092,-0.00726,-0.00191,-0.99939,0.0059,0.00172,-0.00825
1790144103.3678236,-0.0073,0.01971,-1.00086,0.00457,0.0039,0.00364
1790144103.5579486,-0.00536,0.0107,-1.00051,0.00437,0.00353,-0.00381
1790144103.764751,-0.00821,-0.00178,-1.00279,0.00188,0.00209,0.02765
1790144103.939161,-0.01323,-0.01118,-1.00112,0.00143,0.0075,0.03097
1790144104.1808395,-0.01076,0.02539,-1.00196,0.0033,0.00541,-0.0316
1790144104.3864021,-0.00749,0.00881,-0.99967,0.00223,0.00488,-0.00867
1790144104.3864021,-0.00629,-0.0001,-1.00004,0.00544,0.006,0.01002
1790144104.585009,-0.00694,-0.00026,-1.00323,0.00446,0.00775,0.01367
1790144104.7988713,-0.00347,0.01859,-1.00202,0.00245,0.00651,-0.00977
1790144104.7988713,-0.00221,0.01437,-1.00232,0.00336,0.00434,-0.01078
1790144104.989803,-0.00552,0.00734,-1.00185,0.00426,0.00579,-0.0062
1790144105.199699,-0.009,-0.00137,-1.00134,0.00203,0.00471,0.01565
1790144105.4068503,-0.00505,0.00685,-1.00188,0.00146,0.00506,0.00389
1790144105.4068503,-0.00258,0.01742,-1.00193,0.00273,0.00788,-0.01052
1790144105.5831108,-0.0056,0.01261,-1.00276,0.00191,0.00586,-0.00815
1790144105.5907097,-0.00161,0.01276,-1.00273,-0.00216,0.00603,-0.02415
1790144105.7704468,0.0064,0.03057,-0.99988,-0.00323,0.01244,-0.03555
1790144105.7903028,-0.00593,-0.00842,-0.99979,0.00227,0.00685,0.00564
1790144106.0278792,-0.01264,-0.00349,-1.00131,-0.00095,0.00597,0.02082
1790144106.0278792,-0.0034,0.0117,-0.99997,0.00266,0.00767,0.01958
1790144106.2199457,-0.00403,0.01832,-1.00201,0.00288,0.00584,-0.0153
1790144106.2199457,-0.00531,0.00915,-1.00045,0.00413,0.00566,-0.00394
1790144106.422928,-0.00766,-2e-05,-1.00195,0.00129,0.00525,0.0079
1790144106.422928,-0.01498,-0.01132,-1.00297,0.0038,0.00731,0.04473
1790144106.5503945,0.01253,-0.01053,-1.00016,0.00294,0.01233,0.02594
1790144106.5662875,0.00268,0.00975,-0.99954,0.00259,0.0056,-0.011
1790144106.8371537,-0.00703,0.02191,-1.00072,0.0038,0.00366,-0.0128
1790144106.8371537,-0.00703,0.00577,-1.00265,0.00292,0.00867,0.00938
1790144107.0486064,-0.00537,0.0047,-1.00163,0.00105,0.00596,0.00463
1790144107.0486064,0.0452,0.06133,-0.98582,0.00251,-0.03693,1.42806
1790144107.253757,0.02058,-0.03898,-1.0153,-0.04785,-0.03961,1.35319
1790144107.4588356,-0.00035,-0.00214,-1.00928,-0.00269,0.00333,1.50496
1790144107.4588356,0.01291,-0.00102,-1.00062,-0.00045,-0.00027,1.55296
1790144107.5861888,-0.00583,-0.02446,-1.00224,-0.01293,-0.00805,1.57019
1790144107.6023204,0.04194,-0.00225,-0.98647,0.00225,0.02328,1.5376
1790144107.8570802,0.02987,0.00601,-0.97651,-0.01801,0.00253,1.54501
1790144108.064378,0.00798,0.01335,-1.03008,-0.01627,-0.04174,1.5294
1790144108.064378,0.00459,0.03237,-1.01968,-0.00348,0.00852,0.55871
1790144108.27105,0.01637,0.08774,-0.99776,0.0038,0.0062,0.05029
1790144108.4785235,-0.01603,0.00313,-1.00181,0.00344,0.00528,0.00282
1790144108.6043653,-0.00908,0.00363,-1.00229,0.00471,0.00635,-0.00028
1790144108.6678724,-0.01198,0.0077,-1.00271,0.00754,0.00619,-0.00089
1790144108.889427,-0.01449,-0.00791,-1.00242,0.00902,0.00739,0.03131
1790144109.091121,-0.01094,0.00887,-1.0001,0.00157,0.00653,-0.00046
1790144109.091121,-0.01109,0.00394,-1.00195,0.00393,0.00737,0.00026
1790144109.3052256,-0.01849,-0.0014,-1.00159,0.00803,0.01029,0.01867
1790144109.4651387,0.00172,-0.01105,-0.99976,0.00784,0.00365,0.01376
1790144109.4691582,-0.00889,0.0128,-1.00248,0.00288,0.00262,-0.00714
1790144109.5906649,-0.01194,0.00543,-1.00266,0.00356,0.00789,-0.00187
1790144109.685211,0.15439,0.00974,-0.99694,0.01059,0.02505,-0.02325
1790144109.7490876,0.25669,0.01817,-1.00152,0.03226,-0.02029,0.01043
1790144109.9080558,0.01172,-0.03239,-1.01519,-0.01471,-0.05685,0.04324
1790144109.9877234,-0.16393,-0.00808,-1.01773,0.01379,-0.03566,0.01522
1790144110.0677755,-0.0976,0.03666,-1.00121,-0.00714,-0.00064,-0.03093
1790144110.1791723,0.05855,0.02939,-1.00422,0.02965,0.02154,-0.03621
1790144110.3086612,0.07628,0.015,-0.99716,0.00313,-0.01767,-0.01451
1790144110.3705704,-0.03082,0.00885,-0.99173,-0.00036,-0.02074,0.00561
1790144110.450138,-0.09673,-0.00677,-0.97392,-0.00078,-0.00127,-0.00648
1790144110.577681,-0.0501,-0.00334,-0.99461,0.00441,0.04481,-0.01226
1790144110.6412988,0.04065,0.01847,-0.97499,0.0151,0.03732,0.02558
1790144110.7696426,0.05785,0.00936,-0.9879,0.01894,0.03398,0.0089
1790144110.8813987,-0.0246,0.01591,-1.01273,-0.02114,0.01852,-0.03176
1790144110.9454887,-0.03826,0.02484,-0.99128,0.00221,0.03101,-0.01433
1790144111.073241,-0.00471,0.01209,-0.99977,-0.00893,0.05117,-0.03058
1790144111.2116559,0.00699,-0.02444,-0.96485,0.01445,0.01696,-0.02177
1790144111.327643,0.03457,0.0375,-0.97824,0.00441,-0.00221,-0.02563
1790144111.3934524,-0.01099,0.00325,-1.00719,0.02211,-0.00349,-0.00119
1790144111.4710386,-0.02919,0.01252,-1.01468,-0.01846,0.01148,0.00641
1790144111.5979195,-0.00982,0.03366,-0.99974,0.01013,-0.00118,-0.02355
1790144111.756554,-0.13808,-0.00333,-1.0164,-0.0321,-0.02545,0.03969
1790144111.756554,-0.11296,0.02967,-1.01109,0.0159,-0.01029,-0.12541
1790144111.962602,-0.00453,0.017,-0.99913,0.00598,0.00437,-0.03232
1790144112.169251,-0.01303,-0.00414,-1.00308,0.00406,0.008,0.00743
1790144112.1893852,-0.01335,-0.0063,-1.00306,0.00491,0.00563,0.0101
1790144112.3740613,-0.0149,-0.00781,-1.00169,0.00192,0.00106,0.01789
1790144112.4853542,-0.0094,0.01376,-1.00103,0.00353,0.00905,0.00946
1790144112.5805802,-0.01012,0.0022,-0.99958,0.0057,0.00403,0.00746
1790144112.7598715,-0.01082,0.00399,-0.99938,0.00584,0.00803,0.0137
1790144112.977753,-0.00773,0.00275,-1.00213,0.00406,0.00534,0.01878
1790144112.977753,-0.00914,0.01112,-1.00032,0.00193,0.01068,0.00944
1790144113.1850724,-0.00644,0.00928,-1.00195,0.00282,0.00727,0.01016
1790144113.2011383,-0.00798,0.00654,-1.00031,0.00336,0.0113,0.01741
1790144113.391939,0.00133,0.06028,-0.99868,-0.0002,0.00364,-0.03238
1790144113.5689528,-0.00516,0.00728,-1.0014,3e-05,0.00564,-0.01326
1790144113.6191187,-0.00635,0.00405,-1.00358,0.00239,0.00658,-0.0025
1790144113.8107717,-0.00692,-0.00729,-0.99999,0.00341,0.00949,0.01548
1790144114.0048745,-0.01103,0.00728,-1.00155,0.00122,0.00476,0.00389
1790144114.2195287,-0.0078,0.00396,-1.0015,0.00295,0.00385,0.00101
1790144114.2303789,-0.01057,0.01805,-1.00159,0.00426,0.00411,-0.03291
1790144114.3922832,-0.01351,0.00246,-1.00161,0.00167,0.00518,-0.01559
1790144114.4086802,-0.00793,0.00983,-1.00175,0.00109,0.00654,-0.00773
1790144114.634917,0.00404,0.01561,-1.00085,0.00269,0.00667,-0.01021
1790144114.634917,-0.01654,-0.0,-1.00174,0.00246,0.00723,-0.00367
1790144114.8285458,-0.00557,0.0078,-1.00318,0.00307,0.00907,6e-05
1790144114.8453004,-0.00674,0.00599,-1.00046,0.00339,0.00542,-0.00137
1790144115.0384784,-0.01057,0.00721,-1.00208,0.00353,0.00361,-0.00163
1790144115.0384784,-0.00774,0.00506,-1.00097,0.00476,0.00933,0.00097
1790144115.2315953,-0.01164,0.00587,-1.00177,0.00436,0.00424,0.00113
1790144115.2315953,-0.00782,0.00432,-1.00246,0.00102,0.00709,0.0016
1790144115.4413664,-0.00767,0.00841,-1.00076,0.00122,0.00527,-0.00357
1790144115.632444,-0.01021,0.00787,-1.00087,0.001,0.00789,-0.00395
1790144115.849206,-0.00938,0.00676,-1.00102,0.00205,0.00445,-0.00122
1790144115.8625178,-0.00939,0.0054,-1.00219,0.00253,0.0065,0.00161
1790144116.0613267,-0.00951,0.00413,-1.00022,0.00252,0.00781,0.00194
1790144116.0706742,-0.01341,-0.00144,-1.00199,0.00166,0.00582,0.00747
1790144116.2473733,-0.00368,0.01839,-0.99862,0.00718,0.00363,-0.00978
1790144116.2660801,-0.01268,-0.00556,-1.00352,0.0047,0.00375,0.00195
1790144116.462553,-0.01024,-0.005,-1.00093,0.00375,0.00834,0.00586
1790144116.4731553,-0.00961,-0.00129,-1.00206,0.00222,0.00417,0.01156
1790144116.6381671,-0.01271,-0.00099,-1.00257,0.00429,0.00847,0.01065
1790144116.6381671,-0.00956,-1e-05,-1.00215,0.00597,0.00651,0.01043
1790144116.8785527,-0.00853,0.00804,-1.0029,0.00159,0.00393,7e-05
1790144116.8785527,-0.01857,0.0167,-1.00312,0.00331,0.00536,-0.00903
1790144117.0260122,-0.0087,0.00427,-1.0023,-0.00044,0.00246,0.00022
1790144117.0844219,-0.01137,0.01266,-0.99946,0.00421,0.00645,0.00028
1790144117.277503,-0.01205,0.00142,-1.00084,0.00436,0.0065,0.00854
1790144117.3418176,-0.00793,-0.00047,-1.00071,0.00257,0.00619,0.00953
1790144117.4890137,-0.01032,0.00824,-1.00089,0.00314,0.00379,0.00388
1790144117.6471632,0.05422,0.0971,-0.97873,-0.00964,-0.02491,1.37638
1790144117.6630452,0.01104,-0.0304,-0.9806,0.01816,0.0237,1.43102
1790144117.9032843,0.02593,0.03625,-0.99305,0.0146,-0.01389,1.47845
1790144117.9032843,0.02535,0.02147,-0.98089,0.00212,0.02197,1.48541
1790144118.1008048,0.00842,0.02496,-1.00806,0.00808,-0.02047,1.46019
1790144118.3082643,-0.00923,-0.04552,-0.98721,-0.03347,0.04785,1.57163
1790144118.3082643,-0.00205,-0.0204,-0.98171,0.01213,-0.01555,1.63748
1790144118.517835,0.01216,0.00927,-0.96862,0.03357,0.02301,1.56274
1790144118.6480675,0.02467,0.02789,-1.02347,0.00954,0.0029,1.53097
1790144118.663332,0.01195,-0.0099,-1.02299,0.02681,-0.01733,1.58963
1790144118.921404,0.02696,0.00761,-0.97913,0.02857,0.0543,1.56814
1790144119.1322649,0.0249,-0.00831,-0.98743,0.02258,0.01193,1.55333
1790144119.3220503,0.00811,-0.01209,-0.99973,-0.00782,-0.00616,1.55009
1790144119.3379173,0.01273,-0.00264,-0.99739,0.00017,-0.02956,1.58474
1790144119.541087,0.00099,-0.03854,-0.97843,0.01225,-0.01036,1.64994
1790144119.541087,0.00931,0.02814,-0.97362,0.03518,0.02139,1.55951
1790144119.655324,0.00019,0.05488,-1.0042,0.00659,0.00531,0.05745
1790144119.7384076,-0.02188,-0.00459,-1.00249,0.0099,0.00476,0.02144
1790144119.8622777,-0.0151,0.01875,-1.00308,0.00644,0.00678,-0.00305
1790144119.8622777,-0.00787,0.01415,-1.00046,0.00757,0.00398,-0.00552
1790144120.1611233,-0.00172,0.00482,-1.00197,0.00079,0.00825,0.01367
1790144120.3550553,0.00271,0.01486,-1.00106,0.0049,0.00718,-0.00469
1790144120.3550553,-0.01056,0.00754,-1.00141,0.00734,0.00589,0.00585
1790144120.5645466,-0.0131,0.01053,-1.00129,0.00597,0.00561,0.00032
1790144120.5645466,-0.01307,0.01193,-1.00132,0.00447,0.0084,0.00208
1790144120.6614811,-0.01271,0.01348,-1.00224,0.00129,0.00586,0.00068
1790144120.7577918,-0.00949,0.01078,-1.00161,0.00547,0.00868,0.00042
1790144120.967117,-0.00856,0.0141,-1.0024,0.00384,0.00504,4e-05
1790144120.967117,-0.01741,0.01427,-1.00085,-0.00083,0.00704,0.00214
1790144120.9831216,0.00082,0.04002,-1.00088,0.00262,0.00429,-0.01611
1790144121.1432889,-0.01001,0.0069,-1.00061,0.00445,0.00835,0.003
1790144121.1904132,0.07189,0.01913,-0.99774,0.0021,0.02255,-0.0127
1790144121.2864592,0.25407,-0.02008,-0.99273,0.04826,0.00273,-0.00443
1790144121.400887,0.09428,0.03438,-1.00043,-0.02903,-0.00495,0.04629
1790144121.5289536,-0.11897,0.00476,-0.98549,-0.00584,0.00422,-0.01127
1790144121.6094975,-0.13421,-0.00245,-0.99682,-0.01166,0.01015,0.01966
1790144121.7216837,0.04243,0.04116,-0.99694,0.02085,0.01382,-0.03131
1790144121.8036447,0.10461,0.04263,-1.0033,0.02017,0.01184,-0.01609
1790144121.9150581,0.01089,0.00934,-0.99491,-0.00943,0.04906,-0.00086
1790144122.0443907,-0.08362,0.00147,-1.00922,0.00934,0.0343,0.00255
1790144122.1243234,-0.06964,-0.00917,-1.00198,0.02496,0.00373,0.00516
1790144122.2372618,0.01067,-0.00499,-1.00441,0.03464,0.02521,0.01748
1790144122.381241,0.05253,0.0235,-0.974,0.01677,0.04278,0.00572
1790144122.4448822,0.00745,0.00512,-0.98347,-0.01369,0.03415,0.01027
1790144122.5681932,-0.02421,0.00733,-1.05159,0.00149,-0.0039,-0.01842
1790144122.6226,-0.01231,0.01243,-1.00856,-0.00453,-0.01008,-0.00239
1790144122.752627,0.02535,0.0167,-1.00627,0.00358,0.00462,-0.02632
1790144122.8172712,-0.01036,0.00451,-0.98489,0.07435,0.04528,-0.01343
1790144122.9700336,-0.01143,0.00604,-0.97694,-0.02966,0.0159,0.02267
1790144123.0307,-0.03222,0.00019,-0.99191,0.0022,-0.00488,0.02406
1790144123.1367238,-0.00651,0.00472,-0.99934,0.00409,0.02556,0.02439
1790144123.2164965,0.01079,0.0201,-1.00281,-0.01163,0.01399,0.0036
1790144123.4261386,-0.19938,0.0258,-1.00453,-0.02005,-0.00719,-0.01605
1790144123.6366277,-0.00726,0.01923,-0.99345,-0.03211,0.02797,-0.0619
1790144123.6366277,0.09544,0.00785,-1.01021,-0.00039,0.00679,-0.01043
1790144123.829609,0.0073,0.021,-1.00123,0.00687,0.00567,-0.00798
1790144123.8453493,-0.00391,0.00845,-1.00212,0.0054,0.00614,0.00062
1790144124.0389662,-0.00583,0.01221,-1.00009,0.00609,0.00606,0.0014
1790144124.0389662,-0.00535,0.0132,-1.00101,0.00152,0.01157,-0.00207
1790144124.1675599,-0.01236,0.00782,-1.00144,0.00019,0.00818,0.00762
1790144124.425982,-0.00936,0.01152,-1.00151,0.00423,0.00662,0.00248
1790144124.425982,-0.01018,0.00472,-0.99956,0.00561,0.00402,0.02088
1790144124.425982,-0.00734,0.02062,-1.00233,0.00218,0.00653,-0.00851
1790144124.6551187,0.00431,0.02638,-0.99974,0.00152,0.00626,-0.03191
1790144124.6668508,-0.0129,0.00962,-1.00103,0.0036,0.00703,0.00185
1790144124.8597624,-0.00517,0.01159,-1.00178,0.00281,0.0006,-0.00034
1790144124.8597624,-0.00593,0.01041,-1.00233,0.00367,0.00545,0.0021
1790144125.0694602,-0.00518,0.01108,-0.99975,0.00459,0.0066,0.00243
1790144125.0813,-0.01091,-0.00174,-1.00204,0.00719,0.00566,0.03059
1790144125.2463317,-0.01978,-0.02596,-1.00119,-0.00207,0.00292,0.02376
1790144125.262148,-0.00846,0.00187,-0.99957,0.00467,0.0059,0.01866
1790144125.4719074,-0.00745,0.00926,-1.00157,0.00261,0.00598,0.00648
1790144125.4719074,-0.0093,0.02184,-1.00286,0.00504,-0.00137,7e-05
1790144125.6850073,-0.00536,0.01616,-1.00269,0.00333,0.00722,-0.00224
1790144125.6850073,-0.00678,0.00962,-1.00135,0.00015,0.00831,-0.00045
1790144125.8904734,-0.00806,0.0088,-1.00208,0.00145,0.00623,0.00233
1790144126.0678318,-0.03068,-0.00906,-1.00139,0.00751,0.0093,0.03003
1790144126.088043,-0.00682,0.01275,-1.00172,0.00384,0.00393,0.00254
1790144126.2940328,-0.00328,0.01961,-1.00099,0.00158,0.00473,-0.00462
1790144126.5021393,-0.01252,0.01687,-1.00171,0.0022,0.00437,-0.00278
1790144126.712493,-0.00906,0.013,-1.00207,0.0021,0.00843,-0.00014
1790144126.7447155,-0.00579,0.01203,-1.00105,0.00383,0.00717,-0.00267
1790144126.9040759,-0.00583,0.01288,-1.00198,0.00598,0.00714,-0.00119
1790144127.1137378,-0.00812,0.0124,-1.00087,0.00118,0.00804,0.00111
1790144127.1293843,-0.00727,0.01236,-1.00084,0.00568,0.00373,0.00137
1790144127.3204596,-0.00753,0.01157,-1.00042,0.0032,0.00735,0.00392
1790144127.3204596,-0.00876,0.01149,-1.00021,0.00478,0.00668,0.00157
1790144127.463411,-0.00754,0.01202,-1.00062,0.00379,0.00668,0.00087
1790144127.52735,-0.00735,0.01177,-0.99985,0.00224,0.00834,0.00037
1790144127.7339046,-0.00958,0.01169,-1.00059,0.00068,0.00509,0.00174
1790144127.7339046,-0.01615,-0.00157,-1.00259,0.00204,0.0059,0.04438
1790144127.9132698,-0.01076,0.00736,-1.00095,0.00458,-0.0035,0.01077
1790144127.9237435,-0.00554,0.00925,-1.00225,0.00095,0.00707,-0.00185
1790144128.1317782,-0.00928,-0.00111,-1.00067,0.00481,0.00228,0.00251
1790144128.1478486,-0.01119,0.01161,-1.00036,0.00416,0.00723,0.0064
1790144128.3420558,-0.00616,0.01014,-1.00092,0.00247,0.00584,0.00505
1790144128.4557893,-0.00742,0.01083,-1.00164,0.00265,0.00562,0.00348
1790144128.568958,-0.00858,0.01894,-1.0021,0.00069,0.00726,-0.01943
1790144128.7460537,-0.01161,0.00065,-0.99958,0.00688,0.00919,0.02598
1790144128.7620194,-0.00848,0.00179,-1.00302,0.00233,0.00853,0.0112
1790144128.8989658,-0.01095,0.00759,-1.00009,0.00575,0.00375,0.01207
1790144128.9558477,-0.0067,0.00717,-0.99966,0.00477,0.00823,0.00972
1790144129.1640828,0.18791,0.48161,-0.98909,0.01383,0.04892,-1.38754
1790144129.373785,0.02727,0.03076,-0.95358,-0.07855,0.08577,-1.47214
1790144129.373785,0.04131,0.00739,-0.98187,0.0263,0.01214,-1.54479
1790144129.4704087,0.02768,0.02661,-0.99814,0.01101,0.00863,-1.54494
1790144129.5675569,0.01941,0.04414,-1.00421,-0.00242,0.01591,-1.54084
1790144129.7791862,-0.00443,0.00047,-1.00114,0.00905,0.01943,-1.53914
1790144129.7791862,0.00482,-0.02724,-1.03125,-0.0566,0.03674,-1.54119
1790144129.9856832,0.02495,0.02509,-0.9854,0.03696,0.03711,-1.59659
1790144130.182911,-0.02505,-0.04411,-0.99983,0.01121,0.00486,-0.31041
1790144130.390305,-0.01744,0.00755,-1.00209,0.00339,0.00823,0.00323
1790144130.471371,-0.0189,0.01177,-1.00087,0.00299,0.00511,-0.00236
1790144130.5958972,-0.01362,0.00927,-1.00128,0.00573,0.00723,-0.00192
1790144130.792566,-0.01097,0.00227,-1.00043,0.00078,0.00696,0.03405
1790144131.009156,-0.01506,0.00957,-1.00085,0.00232,0.00393,0.00481
1790144131.2098732,-0.01192,0.01307,-1.00104,0.00408,0.00627,-0.00191
1790144131.3189201,-0.015,0.02132,-1.00255,0.00402,0.00893,-0.00341
1790144131.4154282,-0.01164,0.00997,-1.00051,0.00305,0.00588,0.00014
1790144131.4628806,-0.01253,0.0092,-1.00157,0.00243,0.00695,0.0006
1790144131.5912135,0.22577,0.02902,-1.00818,-0.01623,0.02316,0.04075
1790144131.7120702,0.19694,-0.0074,-0.96305,0.00329,0.03335,-0.00616
1790144131.7839584,-0.06691,0.00944,-1.00855,-0.0376,-0.06129,-0.00917
1790144131.912871,-0.15145,0.0391,-0.98355,0.02841,0.00372,-0.04835
1790144132.0390701,-0.06988,-0.01992,-0.99195,0.01769,0.00911,0.04257
1790144132.0867982,0.072,0.01271,-0.99885,0.01271,0.009,0.00951
1790144132.1678793,0.06153,0.0118,-0.99212,0.0241,-0.00029,0.02514
1790144132.2999833,-0.04462,0.01337,-1.00212,-0.00622,0.00566,-0.00179
1790144132.360991,-0.10305,0.00567,-1.0022,-0.01404,0.02129,0.0263
1790144132.4899359,-0.03679,-0.00422,-1.02657,-0.02961,0.00988,0.02705
1790144132.6022053,0.01996,-0.0025,-0.99368,-0.00276,0.03114,0.00279
1790144132.6658843,0.0287,0.03511,-0.96934,0.01664,-0.02077,-0.00121
1790144132.8115394,-0.03382,-0.0075,-0.99218,0.00355,0.01302,0.03974
1790144132.8599267,-0.01987,0.00291,-1.01128,-0.01072,0.01158,-0.00064
1790144133.005381,0.00424,-0.00046,-0.99788,-0.00369,0.00333,-0.00381
1790144133.0697105,-0.01151,0.01146,-0.98608,0.05603,0.03743,-0.02127
1790144133.2463586,-0.0213,0.00914,-0.98313,-0.00777,0.00766,-0.00056
1790144133.321411,-0.03324,0.02125,-1.00391,0.01548,-0.01262,-0.00395
1790144133.391801,-0.02465,0.00319,-1.01323,0.00214,0.02288,0.02344
1790144133.6635063,-0.0848,0.03715,-1.02144,0.06852,-0.03252,-0.0341
1790144133.6796257,-0.20164,0.03059,-1.00744,-0.01051,0.01903,0.00812
1790144133.6796257,-0.01445,0.05407,-1.00335,0.00173,0.00465,-0.02939
1790144133.8335862,-0.02261,0.02452,-1.00134,0.00363,0.00662,-0.02046
1790144134.0827029,-0.0288,0.01881,-1.00107,0.00418,0.00655,-0.01777
1790144134.0827029,-0.03159,0.00922,-1.00073,0.00205,0.0046,-0.00763
1790144134.2870626,-0.0257,-0.00258,-1.00398,0.00732,0.00366,0.01755
1790144134.4006941,-0.01743,0.01486,-1.00049,0.00321,0.00563,-0.00553
1790144134.6888773,-0.02052,0.00302,-1.00291,0.00249,0.00765,0.00763
1790144134.6888773,-0.0239,-0.00047,-1.00111,0.0038,0.00577,0.00907
1790144134.8414695,-0.02046,0.00787,-1.00219,0.0038,0.00408,0.00162
1790144134.8981023,-0.01829,0.01103,-1.00077,0.00332,0.00552,-0.00097
1790144135.1071417,-0.02295,0.01131,-0.99932,0.00192,0.00296,0.00202
1790144135.3147273,-0.01421,0.00911,-1.00183,0.00492,0.00683,-0.00349
1790144135.5116405,-0.01805,0.00906,-0.99989,0.00234,0.00726,-0.00214
1790144135.5116405,-0.02202,0.00911,-1.00215,0.00116,0.00225,-0.00189
1790144135.521558,-0.01792,0.01443,-1.00181,0.00545,0.00954,-0.01974
1790144135.71533,-0.02857,-0.01847,-1.00254,0.00491,0.00617,0.02901
1790144135.7282205,-0.02579,-0.00659,-1.0029,0.00181,0.00623,0.02006
1790144135.838729,-0.01858,0.00229,-1.00323,0.00315,0.00547,0.01809
1790144135.9279263,-0.01846,0.01504,-1.00221,-0.00068,0.01002,-0.01366
1790144136.1252377,-0.01987,0.00914,-1.00046,0.00432,0.00692,-0.00149
1790144136.3197033,-0.02204,0.00639,-1.00079,0.00526,0.00221,0.00376
1790144136.3396828,-0.01044,0.00899,-1.00166,0.00197,0.00653,-0.02158
1790144136.5135674,-0.03385,-0.00997,-0.99916,0.00381,0.00273,0.0237
1790144136.5294335,-0.02006,-0.00378,-1.00088,-0.00028,0.00545,0.01208
1790144136.7408726,-0.01073,0.00951,-1.00223,0.00328,0.00544,0.00071
1790144136.7408726,-0.02749,0.01392,-1.00311,0.00519,0.00606,-0.00657
1790144136.8529005,-0.01819,0.01143,-1.00309,-0.00027,0.0076,-0.0068
1790144136.9480858,-0.01515,0.00912,-0.99997,0.00641,0.00525,-0.00074
1790144137.1574223,-0.02067,0.00974,-1.0002,0.00287,0.00508,-0.00032
1790144137.3513312,-0.01727,0.01013,-1.00204,0.00081,0.00884,-0.00041
1790144137.3672132,-0.01952,0.01002,-1.00064,0.00147,0.00741,0.00138
1790144137.564445,-0.01953,0.00783,-1.00278,0.00291,0.00648,-0.0017
1790144137.564445,-0.018,0.01061,-1.00096,0.00123,0.00694,-0.00206
1790144137.769518,-0.02017,0.00929,-1.00129,0.00324,0.00765,-0.00071
1790144137.769518,-0.0188,0.0057,-1.00168,0.00023,0.00746,-0.00017
1790144137.8661427,-0.01874,0.00766,-1.00177,0.00184,0.00391,0.00156
1790144137.9781713,-0.02011,0.0098,-1.00123,0.00168,0.00855,-0.00242
1790144138.1738539,-0.02011,0.00939,-1.00205,0.00103,0.00601,-0.00075
1790144138.1738539,-0.01719,0.00764,-1.00319,0.00478,0.00162,-0.00507
1790144138.3508396,-0.02811,-0.01597,-1.00193,0.00158,-0.00031,0.01298
1790144138.3664913,-0.01987,0.01262,-1.00103,0.00632,0.00587,0.00057
1790144138.5764427,-0.01737,0.01493,-0.99902,0.00345,0.00511,-0.00448
1790144138.5764427,-0.01395,0.01059,-1.00227,0.00305,0.00721,-0.00736
1790144138.7861764,-0.01792,0.00643,-0.99962,0.00187,0.00767,0.00537
1790144138.8664749,-0.02162,0.00817,-1.0002,0.00258,0.00512,-0.00038
1790144138.994465,-0.02736,0.02031,-1.00167,-0.00349,0.0042,-0.01164
1790144139.2041187,-0.00949,0.00296,-1.00197,0.00104,0.01082,0.00136
1790144139.2041187,-0.02531,0.00884,-1.00245,0.00777,0.0075,0.00703
1790144139.3336315,-0.02166,-0.00043,-1.00034,-0.00062,0.00505,0.00526
1790144139.395831,-0.01636,0.01496,-1.00036,0.00081,0.00878,-0.00171
1790144139.5244675,-0.02186,0.01051,-1.00231,0.00174,0.0096,-0.01167
1790144139.6126046,-0.01709,0.01228,-1.0038,0.00027,0.00658,0.00182
1790144139.6898217,-0.01216,-0.00589,-1.00358,0.0087,0.01187,0.01745
1790144139.7989104,0.21596,0.0003,-1.00929,-0.02815,0.00603,0.0341
1790144139.8793385,-0.08814,0.01314,-1.02923,-0.04503,-0.05757,-0.01337
1790144140.0093837,-0.17313,0.02621,-0.99459,0.01083,0.00256,-0.02778
1790144140.1216464,-0.07352,-0.03367,-0.98878,-0.00367,0.01581,0.06987
1790144140.2014837,0.06464,-0.02415,-0.98632,0.04074,0.03445,0.04701
1790144140.3134472,0.05195,0.01372,-0.98823,-0.00375,0.03516,-0.00429
1790144140.3774233,-0.06537,-0.00914,-1.00489,0.01808,0.06324,0.00863
1790144140.5231402,-0.0749,-0.00024,-1.0149,-0.06404,0.04986,-0.00274
1790144140.5891216,-0.00109,0.03182,-1.01372,0.01775,0.01069,-0.0379
1790144140.6992095,0.00765,-0.02773,-1.0409,-0.001,0.01715,0.07048
1790144140.8115437,0.00249,0.01033,-0.99349,-0.00855,0.02355,-0.00567
1790144140.9082892,-0.04182,0.01874,-1.03656,0.01391,0.01137,0.02621
1790144141.0209467,-0.02197,-0.0075,-1.0042,0.00382,0.03179,-0.00587
1790144141.1008587,0.01763,0.00775,-1.00368,0.01149,-0.01074,-0.00802
1790144141.2138066,0.01666,0.0063,-1.00655,0.011,0.00294,-0.00644
1790144141.27794,-0.01591,-0.01436,-1.02951,-0.03105,-0.02563,0.00228
1790144141.4107554,-0.00994,0.01037,-0.98732,-0.00029,0.00925,0.00094
1790144141.4861178,-0.0125,0.01008,-0.98106,0.00254,0.02938,-0.01156
1790144141.6476395,0.0116,0.01617,-0.99655,0.01525,0.00447,0.01518
1790144141.8414726,-0.05382,0.03773,-1.00411,-0.00741,0.00968,-0.05053
1790144141.9231923,-0.04054,0.0164,-0.99771,0.00057,0.00876,-0.02813
1790144142.0697114,-0.00801,0.00057,-1.00151,0.00589,0.00857,-0.00021
1790144142.271374,-0.00082,0.00506,-0.99998,0.0067,0.00503,0.00131
1790144142.4801955,-0.00786,0.00446,-0.99996,0.00133,0.00699,0.00033
1790144142.577091,-0.00894,0.00523,-1.00324,0.0023,0.00702,-0.00208
1790144142.6736612,-0.00491,0.00351,-1.0007,0.00089,0.00705,-0.00179
1790144142.8507886,-0.00705,0.00483,-1.00159,0.0039,0.00627,0.00064
1790144142.8507886,-0.00861,0.00428,-1.0013,0.00139,0.00655,-0.00194
1790144142.9309218,-0.00684,0.00369,-1.00283,0.00013,0.00715,0.00147
1790144143.092117,-0.01133,0.01015,-1.0013,0.00115,0.00253,-0.00308
1790144143.28442,-0.01036,0.00403,-1.00134,0.00555,0.00457,0.00379
1790144143.28442,-0.00193,0.0075,-1.00009,0.00362,0.00545,-0.00168
1790144143.4912283,-0.0082,0.0035,-1.00144,0.00329,0.00634,0.00244
1790144143.5071676,-0.00808,0.00264,-1.00161,0.00374,0.00588,0.00069
1790144143.6774652,-0.00499,0.01667,-1.00187,0.00299,0.00922,-0.02392
1790144143.9079185,-0.00871,-0.00924,-1.00281,0.00424,0.00923,0.00883
1790144143.9079185,-0.00821,-0.01438,-1.00159,0.00376,0.00697,0.01778
1790144144.1168716,-0.00258,0.01119,-1.0026,0.00088,0.0054,-0.00236
1790144144.1168716,-0.00931,0.00606,-1.00343,0.00311,0.00371,-0.00307
1790144144.3229547,-0.00989,0.00278,-1.00064,0.00356,0.00669,0.00568
1790144144.506782,-0.00424,0.01777,-0.99837,0.00063,0.00661,-0.0438
1790144144.7267137,-0.00804,-0.00247,-1.00306,0.00354,0.00701,0.01506
1790144144.9361973,-0.01075,0.00791,-1.00081,0.00066,0.00569,-0.00418
1790144144.9522011,-0.00423,0.0059,-1.00051,0.00182,0.00708,0.00176
1790144145.1323044,-0.00734,0.00595,-1.00178,0.0041,0.00943,0.00071
1790144145.149933,-0.00892,0.00274,-1.00326,0.00343,0.00414,0.00163
1790144145.3398309,-0.00671,0.00374,-1.00135,0.00427,0.00806,0.00171
1790144145.3398309,-0.00503,0.00565,-1.00122,0.0024,0.00507,-0.00351
1790144145.5172076,-0.00623,0.00201,-1.00086,0.00212,0.00189,-0.00211
1790144145.746816,-0.00746,0.00595,-1.0015,0.00326,0.0048,0.00096
1790144145.746816,-0.00775,0.0043,-1.00108,-0.0003,0.00731,-5e-05
1790144145.7589874,-0.00665,0.00358,-1.00228,0.00418,0.00316,0.00268
1790144145.9389098,-0.00804,0.00522,-1.00344,0.00389,0.0065,0.00083
1790144146.165225,-0.00669,0.00522,-1.00171,0.00156,0.00297,-0.00224
1790144146.165225,-0.00464,0.00658,-0.99963,0.00265,0.00809,0.00069
1790144146.165225,-0.01208,-0.0088,-1.00086,0.00132,0.00736,0.00465
1790144146.3415437,-0.01112,-0.01291,-1.00104,0.00579,0.01356,0.03052
1790144146.35962,-0.00528,0.00181,-1.00084,0.00438,0.01058,0.01194
1790144146.5806508,-9e-05,0.01938,-1.00114,0.00115,0.00532,-0.01883
1790144146.5806508,-0.00585,0.00595,-1.00079,-0.00084,0.00823,0.00054
1790144146.776985,-0.00727,0.00024,-1.00119,0.00472,0.00838,0.0028
1790144146.950178,-0.00727,0.00024,-1.00119,0.00472,0.00838,0.0028
1790144146.9662051,-0.01899,0.01495,-1.00281,0.00155,0.00517,-0.00339
1790144147.1762214,-0.01353,0.00694,-1.00073,0.00657,0.00532,0.00583
1790144147.402132,-0.00477,0.0135,-1.00191,0.00404,0.00495,-0.00407
1790144147.4049063,-0.00646,0.00399,-1.00256,0.002,0.00505,-0.00144
1790144147.6004252,-0.00642,-0.00307,-1.00002,0.00392,0.007,0.03855
1790144147.6004252,-0.00491,0.00228,-1.00216,-9e-05,0.00498,-0.00401
1790144147.705409,-0.00609,0.01485,-1.00173,0.00555,0.0034,-0.00843
1790144147.7894633,0.00145,0.00049,-0.99862,0.00342,0.00949,-0.00271
1790144147.90216,0.19908,0.0051,-1.02274,0.00554,-0.03128,0.01162
1790144148.002509,0.17578,-0.01679,-0.97949,0.0201,0.02804,-0.01559
1790144148.1077993,-0.07439,-0.02644,-1.02099,-0.02732,-0.07324,0.04266
1790144148.203647,-0.14752,0.02605,-1.00232,0.01884,-0.00046,-0.06304
1790144148.3047202,-0.04746,0.0204,-0.9979,0.01662,0.01736,-0.03367
1790144148.4133556,0.09406,0.01865,-1.00206,0.01152,-0.12655,-0.02066
1790144148.5475023,0.05621,0.00607,-0.98498,0.01566,0.00608,-0.02457
1790144148.622564,-0.06352,0.00068,-1.00124,-0.00601,0.02189,-0.00456
1790144148.7355664,-0.07526,-0.02016,-1.03548,-0.04164,-0.00708,0.02173
1790144148.864023,-0.01188,-0.00619,-1.01377,0.0012,0.03446,0.01686
1790144148.9437869,0.01115,-0.01143,-1.01192,-0.00752,-0.00668,-0.00378
1790144149.0572107,0.01119,0.01758,-0.98574,0.02485,-0.00475,-0.0199
1790144149.1872454,-0.06901,-0.01092,-0.99514,-0.02795,0.03244,0.01896
1790144149.25163,-0.03164,0.00738,-1.00485,-0.02897,0.00518,-0.01077
1790144149.3159962,0.00558,-0.01527,-0.99312,-0.00441,0.01656,0.00247
1790144149.4434118,0.02682,0.01489,-1.00776,-0.01526,-0.01977,-0.01077
1790144149.526264,-0.00893,-0.00301,-1.00305,0.01613,-0.02203,0.00482
1790144149.6701462,-0.0184,0.01788,-0.97717,-0.01071,0.0267,0.0199
1790144149.7839704,-0.03398,0.0069,-0.98447,0.02593,0.01262,-0.01214
1790144149.9919102,-0.0039,-0.00096,-0.99856,0.00283,0.02821,0.01823
1790144149.9919102,-0.1,-0.0189,-1.01367,-0.01109,-0.02138,0.01026
1790144150.0560195,-0.16262,0.06172,-1.01052,0.00736,0.01917,-0.08226
1790144150.2497737,-0.03509,-0.01141,-1.00286,0.00778,0.00656,0.0054
1790144150.2656045,-0.01692,0.00432,-1.00143,0.00033,0.01095,-0.00449
1790144150.463889,-0.01606,0.00646,-1.00052,-0.00088,0.00651,-0.00088
1790144150.463889,-0.01062,0.00485,-1.00043,-0.00159,0.00472,-0.00022
1790144150.6251383,-0.01096,0.00626,-1.00072,0.00352,0.00698,0.0013
1790144150.8438394,-0.01399,0.00604,-1.00204,0.00222,0.0058,0.0007
1790144150.8600385,-0.01293,0.00352,-1.00053,0.00282,0.00828,0.00306
1790144150.8600385,-0.01263,0.00674,-0.99985,0.00555,0.0054,-0.00064
1790144151.0060878,-0.01401,0.00521,-0.99993,0.00248,0.00658,0.00208
1790144151.08607,-0.01513,0.00937,-1.00075,-0.00203,0.0077,-0.00071
1790144151.2768903,-0.01073,0.01068,-1.00183,0.00091,0.00657,-0.0056
1790144151.4837382,-0.01167,0.0033,-1.0025,0.00286,0.00531,0.00332
1790144151.4837382,-0.01175,0.00332,-1.00089,0.00633,0.00676,0.00202
1790144151.657973,-0.01604,0.00739,-1.00247,0.00378,0.0068,-0.00698
1790144151.898706,-0.01487,-0.00679,-1.00106,0.00262,0.00646,0.01327
1790144151.898706,-0.0111,-0.00881,-1.00079,-0.00211,0.00895,0.00853
1790144151.898706,-0.00996,0.01359,-1.00047,0.0028,0.00833,-0.00292
1790144152.0073147,-0.01234,0.00896,-1.00074,0.00197,0.00706,-0.00281
1790144152.1073148,-0.01395,0.00363,-0.99989,0.00287,0.00547,0.00412
1790144152.3116992,-0.01368,0.00635,-0.9997,0.00114,0.00306,0.00055
1790144152.4895332,-0.01511,0.01326,-1.00192,0.0026,0.00832,-0.01211
1790144152.50569,-0.01538,-0.00819,-1.00222,0.00231,0.00658,0.01607
1790144152.7160907,-0.01518,0.00219,-1.00161,0.00027,0.00946,0.00161
1790144152.9285357,-0.01136,0.00158,-1.00181,0.00146,0.00582,0.00305
1790144153.0254881,-0.01134,0.00457,-1.00222,0.00504,0.00774,0.00218
1790144153.1177368,-0.01373,0.00776,-1.00121,0.00291,0.00314,-0.00292
1790144153.3270378,-0.01296,0.0054,-1.00109,0.00068,0.00965,-0.00065
1790144153.3432539,-0.01118,0.00542,-1.00107,0.00259,0.00709,0.0015
1790144153.5365493,-0.01119,0.00237,-1.00175,0.00178,0.00633,0.00263
1790144153.730192,-0.01351,0.00837,-0.99938,0.00269,0.0081,-0.00023
1790144153.9464831,-0.0128,0.00527,-1.00009,0.00403,0.00636,2e-05
1790144154.0346773,-0.01309,0.00474,-1.00102,0.00409,0.00514,-0.00075
1790144154.1506953,-0.01877,0.00047,-1.00167,0.00159,0.0055,-0.00057
1790144154.323692,-0.01575,0.00964,-0.99912,0.00408,0.00853,0.00872
1790144154.5541615,-0.00753,0.02312,-1.0023,0.00062,0.0053,-0.04118
1790144154.5541615,-0.00889,0.00787,-1.00054,0.00427,0.00791,-0.00429
1790144154.7601056,-0.01665,0.00096,-1.00118,0.00586,0.00305,0.00457
1790144154.7601056,-0.0121,0.00488,-1.00193,0.00288,0.00785,-0.00106
1790144154.9695017,-0.0205,0.00593,-1.0015,0.00462,0.00761,0.00381
1790144155.0666497,-0.01222,0.03317,-1.00149,0.00287,0.0084,-0.0369
1790144155.1852248,-0.01133,0.00335,-0.99953,0.00673,0.00801,-0.00522
1790144155.3739076,-0.01734,-0.00214,-1.00115,0.00124,0.00668,0.01054
1790144155.3739076,-0.01295,0.00583,-1.00151,0.00206,0.00675,-0.00231
1790144155.5841303,-0.01199,0.00403,-1.00237,0.00404,0.00675,-0.00062
1790144155.5841303,0.03766,0.14461,-0.97398,-0.02369,0.06727,-0.41709
1790144155.7809222,-0.00386,-0.00944,-1.00146,0.00403,0.03937,-1.24744
1790144155.9893339,-0.00437,-0.01642,-1.01165,-0.03401,0.06372,-1.4505
1790144155.9893339,0.00127,0.00863,-1.01974,-0.01004,0.01595,-1.49227
1790144156.082683,0.02489,0.00425,-1.00484,0.04833,0.03978,-1.54026
1790144156.1956482,0.01749,-0.02658,-0.98238,-0.04151,0.03028,-1.53057
1790144156.4039612,0.02752,0.01254,-1.00429,0.02453,0.02749,-1.55135
1790144156.5974214,-0.06999,-0.20168,-1.02341,-0.00334,-0.00709,-1.0828
1790144156.8091838,-0.01625,-0.00421,-0.99595,-0.01574,0.0276,-0.44449
1790144157.0185082,-0.00765,0.00308,-1.00203,0.00618,0.00328,-0.00028
1790144157.0199409,-0.00311,-0.00344,-1.00201,0.00374,0.00712,0.00325
1790144157.0803783,0.00217,0.00494,-1.00127,0.00442,0.00583,0.00071
1790144157.209331,0.00082,0.00714,-1.00053,0.00114,0.00645,-0.00016
1790144157.4204636,-0.00559,0.00667,-1.00208,0.0026,0.00845,0.00049
1790144157.624854,-0.00702,-0.01398,-1.00224,0.00273,0.00862,0.01192
1790144157.624854,0.00178,0.00885,-1.00009,0.0053,0.00617,-0.00208
1790144157.8340163,-0.00377,0.00469,-1.00181,0.00223,0.00749,0.00167
1790144157.8340163,-0.002,-0.01029,-0.99972,0.00378,0.00666,0.01821
1790144157.948843,-0.01363,-0.02643,-1.00126,0.00157,0.00607,0.01734
1790144158.0112617,-0.00161,0.00488,-1.00134,0.00232,0.00675,0.00244
1790144158.0911596,0.15596,-0.00184,-0.996,-0.03375,0.04026,0.01406
1790144158.2359622,0.25395,-0.00292,-0.98436,-0.00057,-0.00716,-0.02919
1790144158.2835426,0.01957,-0.01743,-1.02719,-0.01444,-0.07667,0.04207
1790144158.3967826,-0.1349,0.02149,-0.99732,0.0082,0.00576,-0.07423
1790144158.5250719,-0.11094,0.02028,-1.00401,0.02081,0.00276,-0.0053
1790144158.6062822,0.04364,0.02019,-0.99552,0.02068,0.02921,-0.01343
1790144158.7175229,0.08316,-0.00115,-0.99513,0.00959,-0.0037,0.00731
1790144158.847005,-0.01876,-0.00036,-0.99306,-0.0227,-0.01675,0.00319
1790144158.9128304,-0.07776,-0.0283,-0.9894,-0.00793,0.00378,0.01847
1790144158.9775817,-0.03136,0.01014,-0.98825,0.01083,0.0434,-0.04852
1790144159.1211972,0.02643,0.04171,-0.97415,0.00624,0.04565,-0.03214
1790144159.184705,0.04283,-0.00495,-0.98278,0.00407,0.02601,0.00713
1790144159.2966065,0.00466,0.00907,-1.00731,0.03074,-0.08692,0.00563
1790144159.475759,-0.03401,0.04346,-1.00463,-0.01229,0.04346,-0.05998
1790144159.4864192,-0.0165,-0.01827,-0.99853,-0.02144,0.01963,0.02823
1790144159.630126,0.00919,-0.02272,-0.99071,0.03338,0.05232,0.03389
1790144159.7415087,0.03179,0.02328,-0.98988,0.00788,-0.00567,-0.0236
1790144159.878607,0.01469,0.00913,-0.99124,0.01616,-0.01939,0.0106
1790144159.9479187,-0.02728,0.02041,-1.02145,0.03981,-0.02707,-0.02954
1790144159.9977603,-0.01672,0.02443,-1.01871,0.04232,-0.0126,-0.03308
1790144160.1084447,-0.0426,-0.01782,-1.04813,-0.03247,-0.04269,0.04766
1790144160.2840014,-0.28455,0.01348,-1.00848,0.00853,0.00773,-0.04704
1790144160.299883,-0.07158,0.05186,-1.00371,0.00011,0.0072,0.01959
1790144160.495392,0.00188,-0.00284,-1.00184,0.00839,0.00167,-0.00298
1790144160.7056627,0.00498,0.0037,-0.99991,0.00486,0.00621,-0.00305
1790144160.72891,-0.0003,-0.0031,-1.00096,0.00288,0.00536,0.00258
1790144161.0215302,0.00161,0.01574,-1.00139,0.00664,0.00789,-0.03321
1790144161.1196227,-0.00447,0.00159,-1.00088,0.00643,0.00677,0.01284
1790144161.294021,-0.00277,0.00994,-1.00079,0.00375,0.00845,-0.00797
1790144161.5202994,-0.00217,0.00686,-1.00138,0.00136,0.00722,-0.00398
1790144161.5861027,-0.01542,-0.00681,-1.00191,0.00335,0.00377,0.00246
1790144161.729005,-0.00338,0.00918,-1.00044,0.00296,0.00722,-0.00416
1790144161.9249015,-0.00014,0.00207,-1.00043,0.00378,0.00551,-0.00123
1790144161.9383454,0.00209,0.01899,-0.99881,0.00169,0.01135,-0.00447
1790144162.13139,0.00237,0.0236,-0.99906,0.0024,0.00563,-0.02907
1790144162.3419085,-0.00394,0.00558,-1.00035,0.00203,0.00848,-0.00417
1790144162.3419085,-0.00862,0.00389,-1.00204,0.00081,0.00533,-0.01176
1790144162.5391965,-0.00665,-0.00793,-1.00123,0.00068,0.00365,0.00976
1790144162.550259,-0.00395,0.00951,-0.99983,0.00408,0.00938,-0.0057
1790144162.7473052,-0.00294,0.00048,-1.00169,0.0034,0.00338,0.00053
1790144162.760182,0.0176,0.02022,-1.00005,0.00305,0.01034,-0.00378
1790144162.9379325,0.00268,0.01885,-1.00012,0.00245,0.00645,-0.01903
1790144163.1316183,0.00145,0.02031,-0.99958,0.00083,0.00534,-0.01918
1790144163.147861,-0.00313,-0.0174,-1.00228,0.00259,0.00132,0.03419
1790144163.3582995,-0.01469,0.00864,-1.00216,0.00137,0.00242,0.00241
1790144163.3582995,-0.00742,0.00506,-1.00066,0.00311,0.00501,0.00028
1790144163.568698,-0.00273,0.00261,-1.00052,0.00286,0.0066,-0.00131
1790144163.58481,-0.00627,0.00098,-0.99963,0.00277,0.00512,0.00319
1790144163.7785475,-0.00221,0.00411,-1.00136,0.00171,0.00609,0.00158
1790144163.7785475,-0.00396,0.00405,-1.00256,0.00046,0.0058,-0.00092
1790144163.9763296,-0.00666,0.00061,-1.00037,0.00359,0.00505,0.00049
1790144164.103816,-0.00347,0.002,-1.00236,0.0028,0.00532,-0.0016
1790144164.1819153,-0.0057,0.00211,-1.00287,0.00262,0.00663,0.00024
1790144164.390214,-0.00316,0.00546,-1.00244,0.00227,0.00698,-0.0023
1790144164.5033817,-0.00531,0.00176,-1.00116,0.00076,0.0075,0.00102
1790144164.5033817,-0.00017,0.01173,-1.00072,0.00153,0.00701,-0.02439
1790144164.603889,-0.00162,-0.00617,-1.00167,0.00304,0.0022,-0.0263
1790144164.6795206,-0.00358,0.01379,-0.9991,0.00027,0.00503,-0.01594
1790144164.8072104,-0.00742,0.00264,-1.00079,0.00173,0.00766,0.01293
1790144164.9194193,-0.00451,0.00493,-1.00033,0.00488,0.00954,0.00414
1790144165.006864,-0.00519,0.00108,-1.00125,0.00369,0.00329,0.0006
1790144165.1706178,-0.0022,0.00503,-1.00171,0.00706,0.00415,-0.00211
1790144165.2610426,-0.00591,-0.00217,-1.00236,0.00433,0.00487,0.01596
1790144165.336099,0.01045,-0.00263,-0.9999,0.00249,0.01214,0.01605
1790144165.423899,0.00877,0.01316,-0.99946,0.00551,0.0068,-0.02599
1790144165.6089618,-0.01047,0.00562,-1.0021,0.0013,0.00411,0.00125
1790144165.6274226,-0.00453,-0.00596,-1.00401,0.00354,0.00425,0.00036
1790144165.818482,-0.00355,0.00855,-1.00195,0.00476,0.00301,-0.00426
1790144165.818482,-0.04564,-0.16356,-0.98134,-0.00065,-0.00944,-1.30884
1790144166.014225,0.03397,0.027,-0.99894,0.01889,-0.00609,-1.4196
1790144166.0297256,0.03625,0.00297,-0.9943,0.00536,0.01518,-1.48352
1790144166.171929,0.02414,-0.00025,-0.98775,-0.00207,0.01963,-1.49869
1790144166.2366436,0.0296,0.02629,-0.99254,0.02024,0.03035,-1.56055
1790144166.434321,0.02815,0.00727,-1.00465,0.00437,0.02365,-1.54994
1790144166.446568,0.02466,-0.021,-1.02444,0.01526,0.00339,-1.56017
1790144166.6395614,0.03869,0.0301,-1.01463,-0.01517,-0.0118,-1.56114
1790144166.6395614,0.0038,-0.03595,-0.98285,0.02578,0.0005,-1.54026
1790144166.849061,0.02314,0.056,-0.99285,0.00995,2e-05,-0.61929
1790144167.0455077,-0.02662,-0.02006,-0.99956,-0.00088,0.00919,-0.18844
1790144167.1812127,0.00338,0.01197,-1.00217,0.00109,0.01054,0.00135
1790144167.2663193,0.00498,0.01312,-1.00046,0.00938,0.00661,-7e-05
1790144167.4742484,-0.00034,0.01407,-1.00209,0.00146,0.0024,0.00105
1790144167.6630235,-0.00286,0.01507,-1.00143,0.00364,0.00712,0.00062
1790144167.8698194,-0.00391,0.02285,-0.99836,0.00362,0.00699,-0.00372
1790144167.8698194,-0.00494,0.00829,-1.00176,0.00252,0.00498,0.00308
1790144168.075457,-0.00137,0.01547,-1.0022,0.00288,0.00713,-0.00166
1790144168.0813668,0.0034,0.0277,-0.99888,0.00288,0.0071,-0.03239
1790144168.1721408,-0.01442,0.03943,-1.00069,0.00274,0.00886,-0.01262
1790144168.2692487,-0.00352,0.02756,-1.00094,0.00515,0.0073,-0.00498
1790144168.463376,0.07808,0.0122,-1.0006,-0.00523,0.02361,0.003
1790144168.463376,0.26693,0.00462,-1.00442,-0.02326,0.02779,-0.04413
1790144168.5800188,0.10567,0.06356,-1.02783,0.00994,-0.03191,-0.04975
1790144168.7693932,-0.08739,0.01973,-0.98173,-0.01014,0.01959,-0.00129
1790144168.785443,-0.13628,-0.02144,-1.0036,-0.00685,-0.00355,0.02676
1790144168.8974783,0.09882,0.00332,-1.02127,0.00738,0.00582,-0.01054
1790144169.0342684,0.01437,0.00209,-1.03785,0.03664,-0.05301,0.04061
1790144169.1535306,-0.05674,0.02854,-0.97729,0.00782,0.02524,-0.02992
1790144169.185344,-0.0589,0.01129,-0.98568,-0.00166,0.01118,0.00542
1790144169.3461628,0.02047,0.01589,-0.98417,0.00549,0.073,-0.00515
1790144169.4106355,0.05238,0.02261,-0.99961,-0.01004,0.02092,0.0004
1790144169.4944968,-0.01335,0.03267,-1.00626,-0.02236,-0.02203,-0.0147
1790144169.668872,-0.05466,0.0098,-1.01325,0.02276,-0.0219,-0.00352
1790144169.68463,-0.0373,0.0067,-0.99721,-0.00099,-0.01504,0.00936
1790144169.7804015,0.00549,0.02797,-0.98615,0.0099,-0.00853,-0.02254
1790144169.9088526,-0.0004,0.02436,-0.99585,0.01597,0.00694,-0.01959
1790144170.0169833,0.00776,0.01363,-0.94795,0.02364,-0.00756,0.00344
1790144170.1198418,-0.0248,0.01354,-1.01141,-0.005,0.00635,-0.00632
1790144170.2043047,-0.02071,0.00906,-1.03598,0.0018,-0.02613,0.01602
1790144170.531951,-0.01627,0.04049,-1.01975,0.03819,0.02782,-0.02309
1790144170.531951,-0.20319,0.03595,-0.96943,0.01677,-0.01398,-0.05241
1790144170.5412264,-0.25442,0.02183,-1.00162,-0.02058,0.00555,0.04046
1790144170.6063025,-0.01649,0.01173,-1.00036,0.02273,0.04947,0.01059
1790144170.7506242,0.08412,0.00583,-1.00577,0.00418,0.00598,0.01804
1790144170.9436245,0.00448,0.01815,-1.00342,-0.00134,0.01032,-0.00629
1790144170.9436245,-0.00825,0.01565,-1.00022,0.00327,0.00368,-0.00179
1790144171.145182,-0.01323,0.01218,-1.00486,0.00181,0.00614,0.0017
1790144171.1908307,-0.01783,0.02632,-1.0018,0.00564,0.00341,-0.02796
1790144171.255553,-0.00813,0.02398,-1.0006,0.00639,0.00448,-0.00829
1790144171.3682687,-0.0119,0.01199,-0.99982,0.00431,0.00438,0.00227
1790144171.5296075,-0.01084,0.00554,-1.00202,0.00284,0.0082,0.00397
1790144171.5475976,-0.0102,0.01578,-1.00131,0.00443,0.00671,0.00302
1790144171.7109904,-0.0079,0.02563,-1.00129,0.00065,0.00194,-0.0282
1790144171.8511395,-0.01763,0.01845,-1.00128,0.00479,0.00948,0.00068
1790144171.8671594,-0.01164,0.01282,-1.00282,0.00329,0.00708,-0.00469
1790144171.9651973,-0.01305,0.01432,-1.00242,0.00326,0.005,-0.00115
1790144172.1717,-0.01167,0.01536,-0.99979,0.0004,0.00481,-0.0005
1790144172.187657,-0.01312,0.00912,-0.99993,-0.0009,0.00795,0.0219
1790144172.3567169,-0.01912,-0.00424,-1.00132,0.00141,0.00602,0.01639
1790144172.3696716,-0.01193,0.02536,-1.00028,0.00091,0.00847,-0.01011
1790144172.578245,-0.01002,0.02259,-1.00029,0.00257,0.00225,-0.00785
1790144172.5905387,-0.00919,0.01853,-1.00025,0.00422,0.00756,-0.00571
1790144172.7844517,-0.01285,0.01655,-1.00165,0.00547,0.00396,0.00152
1790144172.994024,-0.01139,0.01499,-1.00067,0.00518,0.00396,7e-05
1790144173.0100064,-0.02637,0.01882,-1.00184,0.00421,0.00466,-0.00175
1790144173.1764247,-0.00666,0.0276,-1.00114,0.00319,0.00713,-0.01926
1790144173.1880527,-0.00739,0.02105,-1.00121,0.00345,0.00711,-0.00981
1790144173.3990579,-0.00629,0.0171,-1.00019,0.00097,0.00907,-0.01885
1790144173.3990579,-0.01923,0.01377,-1.00097,0.00341,0.00369,0.00134
1790144173.6076932,-0.00966,0.01713,-1.00339,0.00498,0.00251,-0.0024
1790144173.8089905,-0.0125,0.01335,-1.00269,0.00146,0.00289,-0.00347
1790144173.8215277,-0.01318,0.01455,-1.00168,0.00411,0.00747,0.00059
1790144174.0173538,-0.01219,0.01633,-1.00091,0.0053,0.00601,0.0001
1790144174.0278652,-0.011,0.01685,-1.00276,0.00388,0.00381,-0.00404
1790144174.2110915,-0.01156,0.01446,-1.00107,0.00309,0.00681,-0.00044
1790144174.4317372,-0.01171,0.01517,-1.00231,0.00164,0.00714,0.00158
1790144174.6244948,-0.01233,0.01665,-1.00207,0.00111,0.00544,-0.00224
1790144174.640705,-0.01099,0.01625,-1.00083,0.00108,0.00597,0.00074
1790144174.8336034,-0.01912,0.01313,-0.99978,0.0057,0.00659,0.0251
1790144175.010877,-0.00688,0.04895,-1.00129,0.00231,-0.00085,-0.03323
1790144175.026677,-0.00971,0.01459,-1.00155,0.00022,0.00612,-0.00923
1790144175.2194684,-0.01095,0.01164,-1.0019,0.00121,0.00576,-0.00571
1790144175.4460526,-0.01202,0.01906,-1.00122,0.00528,0.00155,-0.00297
1790144175.4460526,-0.01297,0.01855,-1.00145,0.00437,0.00417,-0.00244
1790144175.6496885,-0.01096,0.01349,-1.00203,0.00545,0.00685,0.00407
1790144175.6496885,-0.02192,0.0139,-1.00141,0.00635,0.00574,-0.00074
1790144175.783677,-0.00898,0.0311,-1.00026,0.00469,0.00172,0.00386
1790144175.8600295,-0.01219,0.01509,-1.00008,0.00176,0.00346,-0.00737
1790144176.064242,-0.01338,0.02,-1.00006,0.00733,0.00703,-0.00163
1790144176.0679498,-0.01182,0.00913,-1.00106,0.00415,0.00526,0.00168
1790144176.2237043,-0.01261,0.01518,-1.00104,0.00303,0.00818,0.00246
1790144176.2398388,-0.13226,-0.38899,-1.01927,-0.01093,-0.02269,1.56395
1790144176.4764078,0.00385,-0.04062,-1.01515,-0.02012,-0.00393,1.3261
1790144176.484605,0.03207,0.0345,-0.99147,0.01109,0.02481,1.41148
1790144176.6773431,0.03233,0.02402,-0.98612,0.02742,0.00275,1.48456
1790144176.8835218,0.02533,0.0162,-1.00694,-0.0424,-0.03544,1.55849
1790144176.8835218,0.03318,0.03749,-0.9922,-0.01032,0.04384,1.50467
1790144177.078905,0.0137,-0.00957,-1.00131,0.01568,-0.01158,1.56723
1790144177.2376554,0.0119,-0.02326,-0.98768,0.07869,-0.00923,1.61575
1790144177.2859628,0.06684,0.17132,-1.00345,0.01827,-0.01743,0.64283
1790144177.4982474,-0.00298,0.02123,-1.0008,0.00433,0.00648,-0.03647
1790144177.6625254,-0.00061,0.0089,-1.00166,0.00198,0.00978,-0.00051
1790144177.850383,-0.00049,0.01247,-1.00204,0.00354,0.00606,0.00223
1790144177.8706596,-0.00464,0.01104,-1.00182,0.00227,0.00545,0.00183
1790144178.1087716,-0.00203,0.00327,-1.002,0.00843,0.00806,0.01339
1790144178.254262,-0.00537,0.00865,-1.00198,0.00214,0.0065,0.00205
1790144178.318483,-0.00248,0.0117,-1.00187,0.00399,0.00624,7e-05
1790144178.5127323,-0.01349,0.01596,-1.00261,0.00192,0.0032,0.00702
1790144178.5127323,-0.00349,-0.01901,-1.00347,0.00392,0.01081,0.03059
1790144178.6407888,0.0022,0.02756,-1.00274,0.00123,0.00373,-0.00505
1790144178.7052526,-0.00501,0.01045,-1.00313,0.00466,0.00496,-0.00132
1790144178.8182504,0.216,0.01199,-1.00734,0.00438,0.03256,-0.01679
1790144178.9306574,0.2447,0.0618,-0.99651,0.00437,-0.00129,-0.05313
1790144179.010896,-0.00577,-0.00334,-0.99069,-0.02548,-0.09114,0.00674
1790144179.0915775,-0.14258,0.02845,-0.98329,-0.0021,0.02216,-0.03224
1790144179.252229,-0.06045,0.03196,-0.99346,0.00053,0.01416,-0.03181
1790144179.3492894,0.07025,0.00599,-1.01319,-0.00726,0.01728,0.00413
1790144179.462307,0.07292,0.00591,-1.01104,0.01845,-0.00051,0.00964
1790144179.529361,-0.02779,0.01916,-1.01845,0.01287,-0.03243,-0.0113
1790144179.6062112,-0.08205,-0.00366,-0.98062,-0.00619,0.03176,0.02181
1790144179.718639,-0.02307,0.01191,-0.97418,0.0035,0.03437,0.02455
1790144179.8490303,0.04917,0.02177,-0.98021,0.0097,0.04104,-0.0236
1790144179.9309933,0.03143,0.01833,-0.99598,0.0024,0.0215,-0.01032
1790144180.1202683,-0.03795,-0.00174,-1.02747,-0.03211,-0.0284,0.03532
1790144180.1202683,-0.04095,-0.0003,-1.0016,0.0057,-0.06532,-0.00785
1790144180.2495902,-0.01032,-0.00985,-1.0134,0.0127,0.00697,0.01832
1790144180.360929,0.01998,0.01277,-1.00088,0.01647,0.02555,-0.0077
1790144180.4402773,0.0241,0.0657,-1.0072,0.00671,0.00152,-0.03777
1790144180.5529563,-0.0225,0.00241,-1.00602,0.00311,-0.01558,0.01341
1790144180.6177561,-0.01537,0.0168,-1.00587,-0.01155,0.00022,0.00091
1790144180.7794526,-0.02674,-0.00069,-1.029,0.02126,-0.00669,0.03924
1790144180.9741158,-0.0558,-0.00613,-0.99784,0.02984,-0.03062,0.04908
1790144181.184977,-0.01301,0.09305,-1.00591,0.00173,-0.0066,0.0044
1790144181.3025088,-0.00126,0.01415,-1.00228,0.00371,0.00829,-0.00135
1790144181.419296,-0.00295,0.01685,-1.00082,0.00445,0.00869,-0.00449
1790144181.4301732,-0.00419,0.0129,-1.00279,0.00313,0.00406,0.00116
1790144181.5845087,-0.00396,0.02963,-1.00285,-0.00655,0.0038,-0.04726
1790144181.7041078,-0.00626,0.01993,-1.00229,-0.00094,0.00709,-0.00362
1790144181.7931294,-0.01226,0.00058,-1.00205,0.001,0.00556,0.01033
1790144181.972516,-0.00533,0.01908,-0.99958,0.00288,0.00753,-0.00437
1790144182.2128916,-0.00565,0.02486,-1.00026,0.0041,0.00785,-0.01363
1790144182.2925315,-0.01467,0.01681,-0.99963,0.00222,0.00592,-0.00336
1790144182.4092808,-0.00557,0.01481,-1.00192,0.00268,0.00893,-0.00255
1790144182.616199,-0.00848,0.01331,-0.99995,0.00188,0.00733,0.00035
1790144182.616199,-0.01027,0.01287,-1.00077,0.00371,0.00324,0.00013
1790144182.7934098,-0.00476,0.03049,-1.00234,0.00534,0.00461,-0.00261
1790144182.7934098,-0.0182,-0.00085,-1.00181,0.00422,0.00361,0.02847
1790144183.0192401,-0.00997,0.0106,-1.00142,0.00318,0.00369,0.00883
1790144183.0192401,-0.01158,0.01074,-1.00176,0.00487,0.00612,-0.01281
1790144183.227829,-0.00862,0.01307,-1.004,0.00204,0.00451,-0.00486
1790144183.227829,-0.00943,0.01106,-1.00198,0.00393,0.00475,0.00448
1790144183.3134575,-0.0069,0.01013,-1.00313,0.00257,0.00683,-0.0012
1790144183.4377005,-0.0086,0.01391,-1.00085,0.00426,0.00656,0.00121
1790144183.6143541,0.01061,0.02603,-1.00081,-0.00017,0.01065,0.00259
1790144183.6143541,-0.00416,0.03218,-1.00082,0.00451,0.00347,-0.01041
1790144183.847356,-0.00083,0.02398,-1.00091,0.00264,0.00271,-0.0172
1790144184.038078,-0.0114,0.01841,-0.99953,0.00549,0.00772,-0.00311
1790144184.2471788,-0.00469,0.01547,-0.99925,0.00367,0.00494,0.00171
1790144184.2471788,-0.00948,0.0145,-1.00125,0.00045,0.00531,0.00128
1790144184.262507,-0.00997,0.01366,-1.00258,0.00188,0.00598,0.00027
1790144184.4560733,-0.00779,0.01204,-1.00205,0.00292,0.00534,-0.00111
1790144184.4560733,-0.00959,0.01397,-1.00081,0.00204,0.00388,0.00157
1790144184.665288,-0.00737,0.01587,-1.00144,0.0051,0.00466,0.00116
1790144184.8743534,-0.00854,0.01669,-1.00217,0.00759,0.00526,-0.00016
1790144184.890471,-0.00863,0.01333,-1.00149,0.00011,0.00766,0.0018
1790144185.0682063,-0.00789,0.0127,-0.99915,0.0043,0.00597,0.0024
1790144185.278784,-0.00822,0.00782,-1.00255,0.00022,0.00817,-0.00764
1790144185.278784,-0.01602,-0.01017,-1.00318,0.00181,-0.0012,0.01376
1790144185.459659,-0.00285,0.02592,-1.00142,0.00283,0.01559,-0.01301
1790144185.6818542,-0.00616,0.02088,-1.00053,0.00167,0.00459,-0.0072
1790144185.6818542,-0.00975,0.00786,-1.00204,0.00236,0.00776,0.01126
1790144185.8866844,-0.00808,0.01586,-1.00268,0.0018,0.0082,-0.00223
1790144185.9026885,-0.00808,0.01642,-1.00072,0.00344,0.00548,-0.0022
1790144186.0966907,-0.01823,0.01071,-1.00249,0.00036,0.00858,0.01007
1790144186.3065681,-0.01028,0.01155,-1.00298,0.00193,0.00579,0.01084
1790144186.5012434,-0.00496,0.01907,-1.00197,0.00421,0.00775,-0.00748
1790144186.5336332,-0.00803,0.01212,-1.00084,0.00051,0.00586,0.00039
1790144186.7089152,-0.00939,0.00952,-1.00075,0.00606,0.00377,0.01643
1790144186.7223582,-0.01313,0.00181,-1.00178,0.00283,0.00488,0.01826
1790144186.8844388,-0.00609,0.02111,-1.00163,0.00381,0.00736,-0.00489
1790144186.9491253,-0.00387,0.02338,-1.0011,0.00618,0.00885,-0.00785
1790144187.029749,0.23732,0.00226,-1.01318,0.00415,0.01328,0.03267
1790144187.1261253,0.1855,0.01566,-1.04317,-0.05446,-0.00554,0.01858
1790144187.2228446,-0.04006,0.0213,-1.00977,-0.01327,0.02017,-0.00722
1790144187.3197045,-0.14874,0.02065,-0.98859,-0.01421,0.01692,-0.03086
1790144187.468739,-0.0544,0.03429,-1.00435,0.0117,0.01762,-0.01045
1790144187.5496547,0.07191,-0.00647,-1.00568,-0.01721,0.01195,0.03977
1790144187.6554806,0.05291,-0.00856,-1.02719,-0.01339,-0.00797,0.02028
1790144187.7363744,-0.02366,0.04236,-1.00071,0.03665,-0.01066,-0.02545
1790144187.8647254,-0.0903,0.00822,-1.00366,-0.0211,0.07805,-0.00121
1790144187.9296556,-0.02846,0.00283,-0.9877,-0.00982,0.04621,-0.01102
1790144188.112493,0.03179,-0.01007,-1.01088,-0.01256,0.0321,0.00178
1790144188.1727664,0.00806,-0.01461,-1.02461,-0.02652,0.00766,0.05284
1790144188.2361412,-0.01115,0.02043,-0.98436,-0.00322,0.01285,-0.02352
1790144188.3492112,-0.03382,0.03239,-1.00183,0.0357,-0.01764,-0.01545
1790144188.4463444,0.00801,0.04572,-1.00904,-0.01943,0.01645,-0.01442
1790144188.5741115,0.01303,0.00589,-1.01299,0.0042,0.00156,0.01114
1790144188.7193358,0.00363,0.00704,-1.00655,-0.00282,-0.03633,-0.02321
1790144188.815628,-0.0228,-0.00463,-1.02384,0.01389,-0.00035,0.03297
1790144188.8954008,-0.006,0.02643,-0.98862,0.02785,0.02223,-0.02182
1790144188.9632735,-0.00414,0.02786,-0.97297,0.02766,0.01314,-0.01734
1790144189.1697628,-0.22535,0.04122,-0.97284,0.00909,0.02621,-0.03481
1790144189.3796136,-0.02169,0.00684,-1.00533,0.00466,0.01074,-0.01456
1790144189.3796136,-0.01156,0.02025,-1.00048,0.00574,0.00458,0.00138
1790144189.5759027,-0.00851,0.01139,-1.002,0.00411,0.00373,-0.00321
1790144189.5899959,-0.00716,0.01302,-1.0015,0.0032,0.00348,0.00232
1790144189.7778153,-0.01048,0.014,-1.00256,0.00703,0.00543,-0.00023
1790144189.7778153,-0.01395,0.00805,-1.00102,0.00681,0.01179,0.00795
1790144189.8903263,-0.00561,0.02033,-1.00169,0.00424,0.00508,0.00011
1790144190.1812932,-0.00711,0.02162,-1.00039,0.00265,0.00657,-0.01195
1790144190.1971073,-0.00783,0.01505,-1.00035,0.00133,0.00646,-0.00323
1790144190.3749273,-0.00645,0.01336,-1.00095,-0.0008,0.00512,-0.00285
1790144190.600579,-0.00973,0.00228,-1.00011,0.00434,0.00925,0.02586
1790144190.600579,-0.01559,0.01132,-0.99966,0.00285,0.00542,-0.00091
1790144190.810758,-0.0079,0.0158,-1.00104,0.00373,0.00743,-0.00077
1790144191.0075152,-0.00689,0.01339,-0.9992,0.0031,0.00399,-0.00039
1790144191.0075152,-0.00785,0.0135,-1.0015,0.00486,0.00555,-0.00023
1790144191.0209084,-0.00389,0.03376,-1.00036,0.00064,0.00376,-0.01185
1790144191.197336,-0.00492,0.04439,-1.00213,0.00568,0.00254,0.00674
1790144191.3912084,-0.00035,0.03698,-1.00096,0.00286,0.00662,-0.02872
1790144191.3912084,-0.01714,-0.00352,-1.00154,0.00289,0.0044,0.00567
1790144191.4090874,-0.00986,0.0044,-1.00241,0.00736,-0.00062,0.01006
1790144191.6256232,-0.00668,0.01473,-0.99989,-0.00236,0.00725,-0.00344
1790144191.8319423,-0.0093,0.01546,-1.00206,0.00266,0.00516,0.00033
1790144191.8319423,0.01332,0.028,-1.0022,0.00588,0.00448,0.00263
1790144192.0067568,0.00019,0.04618,-1.00055,0.00324,0.00954,-0.03514
1790144192.02246,-0.00603,0.02166,-1.00165,0.00323,0.00765,-0.02022
1790144192.2473779,-0.00931,0.02052,-1.00129,0.00269,0.01121,-0.00539
1790144192.392381,-0.0068,0.01365,-1.00106,0.00504,0.00508,0.00371
1790144192.392381,-0.00567,0.01512,-0.99912,0.00306,0.00631,-0.00031
1790144192.6525776,-0.00958,0.01334,-1.00164,0.00556,0.00553,0.00236
1790144192.6653147,-0.00857,0.01114,-1.00022,0.00276,0.00326,0.0011
1790144192.858547,-0.0067,0.01747,-1.0031,0.00466,0.00527,-0.001
1790144193.05685,-0.00805,0.01235,-1.00126,0.00214,0.00526,0.0009
1790144193.2622747,-0.00726,0.01723,-1.00097,0.00313,0.00293,-0.00067
1790144193.405192,-0.00776,0.01223,-0.99914,0.00307,0.00445,-0.00131
1790144193.4697328,-0.01017,0.01399,-1.00019,0.00287,0.01028,0.00062
1790144193.6783228,-0.01093,0.01427,-1.00031,0.0024,0.00447,0.00314
1790144193.7431347,-0.01654,-0.01915,-1.00089,0.00395,0.00136,0.01335
1790144193.8617158,-0.00173,0.02596,-1.00107,0.0029,0.00841,-0.01911
1790144194.0826168,-0.00601,0.01717,-1.00019,0.00263,0.00352,0.00847
1790144194.2956016,-0.00979,0.01652,-1.00128,0.00608,0.00782,-0.00377
1790144194.4064577,-0.00536,0.01732,-1.00094,0.00258,0.00237,-0.00181
1790144194.5081854,-0.01923,0.00292,-1.00302,0.00287,0.00818,0.026
1790144194.548756,0.00262,-0.01969,-1.00181,0.00561,-0.00097,0.03255
1790144194.6938348,-0.00253,0.01063,-1.00079,0.00286,0.00162,0.00126
1790144194.8379576,-0.00766,0.03204,-0.99983,0.00264,0.00727,-0.01671
1790144194.9027164,-0.00872,0.00504,-1.00374,0.00393,0.0039,0.00518
1790144195.1127985,-0.00678,0.01675,-1.00063,0.00333,0.0043,-0.00649
1790144195.3050826,-0.00799,-0.05261,-0.97779,0.03774,0.00092,1.40023
1790144195.4274974,0.04233,0.03451,-0.99624,-0.00699,0.02243,1.45481
1790144195.528945,0.00335,-0.0234,-0.97571,0.03567,0.02866,1.60039
1790144195.7228482,0.01586,-0.01628,-1.01474,0.00762,0.00521,1.57714
1790144195.7228482,0.00416,-0.00759,-1.02129,-0.00509,-0.03668,1.62221
1790144195.9166238,0.0295,0.01977,-0.99478,0.0076,0.00286,1.50754
1790144196.1256156,0.0178,-0.02807,-0.95751,0.0596,0.02477,1.59976
1790144196.144752,0.0309,0.02329,-1.0334,0.0227,-0.02765,1.54068
1790144196.3374412,0.03867,0.00796,-0.99448,-0.03267,-0.03749,1.5393
1790144196.430793,0.00715,-0.01525,-0.9921,-0.02296,0.00378,1.59361
1790144196.5437422,0.0136,-0.01674,-0.98838,0.01305,-0.00118,1.6164
1790144196.7371695,0.01735,-0.01665,-1.0001,0.00534,-0.0079,1.61107
1790144196.9465165,0.01424,0.00997,-1.01065,-0.00965,-0.00949,1.5022
1790144196.9465165,0.01162,-0.04472,-0.9849,-0.03567,0.01957,1.60301
1790144197.155266,0.00268,0.01726,-0.99817,0.0025,-0.00606,0.5181
1790144197.155266,0.00344,0.06332,-0.99862,-0.00288,0.00332,0.04514
1790144197.2766917,-0.01894,-0.00354,-1.00298,0.00372,0.0067,0.01281
1790144197.36071,-0.01141,0.01363,-1.00256,0.00465,0.00431,-0.00845
1790144197.4413671,-0.022,-0.00816,-1.00244,-6e-05,0.00373,0.02053
1790144197.5791512,-0.00966,-0.00548,-1.00174,0.00555,0.00578,0.01335
1790144197.7635915,-0.0102,0.0107,-1.00132,0.00474,0.00369,-0.00744
1790144197.7635915,-0.0154,0.00173,-1.00151,0.00653,0.00454,0.00028
1790144197.9784808,-0.01377,0.00357,-1.00211,0.00332,0.00705,0.00072
1790144197.9811118,-0.01065,0.00562,-1.00056,0.00496,0.00557,-0.00382
1790144198.181935,-0.01014,0.00313,-1.00137,0.00502,0.00705,-0.00031
1790144198.1836991,-0.01143,0.00431,-1.00096,0.00456,0.00533,0.00302
1790144198.384566,-0.01207,0.00501,-1.00057,0.00276,0.00699,-0.00035
1790144198.384566,-0.01925,0.01363,-0.99915,0.00432,0.00395,-0.00882
1790144198.4903224,-0.00346,0.03206,-1.00081,0.0078,0.00032,-0.01834
1790144198.5546775,-0.00989,0.0075,-1.00006,0.00471,0.00696,-0.00597
1790144198.6869192,0.01322,-0.00159,-0.99865,0.00383,0.0126,0.00182
1790144198.7691398,0.24567,0.02545,-1.01062,-0.00058,0.02779,0.01585
1790144198.8743763,0.13241,-0.00861,-1.04082,-0.00148,-0.10649,-0.02458
1790144199.0013783,-0.07937,-0.00079,-0.99028,-0.01251,-0.00576,0.01783
1790144199.0886867,-0.15959,0.00561,-1.00448,0.00921,-0.02529,-0.03945
1790144199.2139065,-0.01696,0.04012,-1.00775,0.02147,0.02482,-0.05395
1790144199.2620237,0.08374,-0.00678,-1.0128,0.01046,0.00545,0.00441
1790144199.3910098,0.01773,0.00348,-1.01887,-0.02372,-0.03037,-0.0013
1790144199.4664052,-0.04953,0.01062,-0.98272,0.01104,0.01288,-0.01572
1790144199.5789773,-0.06734,0.00487,-0.99302,0.00803,0.01814,0.00985
1790144199.7648077,0.05352,0.03761,-1.00677,0.01217,0.02426,-0.03856
1790144199.7806273,-0.0008,0.01846,-1.00928,0.03686,0.00394,-0.04044
1790144199.9077952,-0.05603,-0.02044,-1.00975,0.00342,0.01361,0.03458
1790144200.0352046,-0.02527,-0.01912,-0.98913,0.02149,0.02054,0.00964
1790144200.1017983,-0.0064,-0.00755,-0.99655,0.00535,0.00271,0.01649
1790144200.2072227,0.02059,0.01278,-0.98875,0.02037,0.03501,0.03318
1790144200.3190868,0.01059,0.02039,-0.99343,0.01867,0.00132,-0.01578
1790144200.4013429,-0.03144,0.01057,-1.0123,0.01848,-0.00834,-0.00959
1790144200.5057824,-0.01861,-0.00484,-1.01061,-0.05037,-0.02304,-0.00534
1790144200.644885,-0.03643,-0.01312,-1.00015,0.0093,-0.01031,0.00513
1790144200.805206,-0.2723,0.02302,-1.00114,0.02064,0.02003,-0.05196
1790144200.8246074,-0.04869,-0.00447,-1.00048,0.00598,0.00255,-0.01484
1790144201.0475497,-0.02798,-0.00591,-1.00059,0.00329,0.00833,0.0054
1790144201.0475497,-0.00893,0.00552,-1.00291,0.00133,0.00885,-0.00298
1790144201.2351737,-0.00659,0.00306,-1.00042,0.00531,0.00724,0.00086
1790144201.4579115,-0.00672,-0.00552,-0.99793,0.00664,0.01236,0.03145
1790144201.4579115,-0.00992,0.02635,-1.00314,0.00561,0.00607,-0.02455
1790144201.5704224,-0.00782,0.01184,-1.00146,0.00389,0.00599,-0.01579
1790144201.667087,-0.01241,-0.00585,-1.00109,0.0062,0.0046,0.00753
1790144201.8451064,-0.00788,0.00757,-1.00308,-0.00171,0.00685,-0.01073
1790144202.0354147,-0.00879,0.00542,-1.00141,0.00162,0.00726,-0.00239
1790144202.038715,-0.01004,0.00425,-1.00139,0.00341,0.00606,-0.00094
1790144202.2808962,-0.00474,0.01446,-1.00141,0.00131,0.0039,-0.02842
1790144202.2808962,-0.01772,0.00245,-1.00027,0.00817,0.01308,-0.0052
1790144202.4586012,-0.00877,0.00187,-1.00153,-0.00081,0.00722,-0.00165
1790144202.683482,-0.0146,-0.01104,-1.0019,0.00644,0.00201,0.02932
1790144202.8613126,-0.00703,0.01153,-1.00265,0.00336,0.00835,-0.00297
1790144203.0863485,-0.0056,-0.01161,-1.00146,0.00445,0.01112,0.01024
1790144203.2965333,-0.00398,0.00676,-0.99976,0.00577,0.00688,0.00138
1790144203.2965333,-0.01105,0.00832,-1.00099,0.0036,0.00475,-0.00535
1790144203.4774544,-0.01068,0.00257,-0.99983,0.001,0.00465,-0.00272
1790144203.4905171,-0.00849,0.00198,-1.00076,0.00329,0.00445,0.00019
1790144203.6685672,-0.016,0.01436,-1.00181,0.00378,0.00443,-0.02669
1790144203.6685672,-0.01473,-0.00118,-1.00236,-0.00244,0.00407,-0.00573
1790144203.911427,-0.01077,-0.00715,-1.00033,0.00441,0.00511,0.01694
1790144204.1215813,-0.0168,0.00254,-1.00295,0.00391,0.00602,0.00238
1790144204.1215813,-0.00944,0.00116,-1.00224,0.00148,0.00743,-0.00104
1790144204.3186216,-0.00964,0.00167,-1.00081,0.00174,0.00657,0.00054
1790144204.47709,-0.00873,0.00408,-1.00157,0.00227,0.00633,-0.00118
1790144204.73649,-0.00998,0.00314,-1.00111,0.00324,0.00765,0.00344
1790144204.73649,-0.00961,0.00136,-1.00042,0.00152,0.00537,0.00078
1790144204.929276,-0.01061,0.00308,-1.00095,0.00215,0.007,0.00063
1790144204.929276,-0.01008,0.00159,-1.00311,0.00265,0.00391,-0.00225
1790144205.1439328,-0.0113,0.00463,-1.00241,0.00157,0.00319,0.00088
1790144205.3486283,-0.0095,0.00254,-1.0016,0.0046,0.00675,-0.00092
1790144205.5098362,-0.01357,0.00185,-1.00275,0.00748,0.00665,0.02873
1790144205.5098362,-0.0071,0.02748,-1.00182,0.00265,-0.00138,-0.02989
1790144205.5259433,-0.008,0.00438,-1.00236,0.00431,0.00713,-0.01339
1790144205.7548993,-0.00751,0.00121,-1.00011,-0.00402,0.00925,-0.01424
1790144205.9636118,-0.01083,-0.00094,-1.00317,0.00226,0.00503,0.0013
1790144205.9636118,-0.00872,0.00245,-1.00136,0.00429,0.00975,0.00352
1790144206.1566122,-0.01126,0.00258,-1.00053,0.00171,0.00543,-0.00106
1790144206.1722968,-0.0176,0.00509,-1.00172,0.00447,0.00857,-0.00082
1790144206.3037055,-0.01181,0.01532,-0.99928,0.00876,0.00456,-0.00219
1790144206.3277812,-0.00824,0.00843,-1.00215,0.0019,0.00598,-0.01769
1790144206.4783769,-0.01215,0.0004,-1.00222,0.00405,0.00723,0.00568
1790144206.5747333,-0.00685,0.00134,-1.0032,0.00313,0.00676,0.00067
1790144206.606968,-0.01054,0.00505,-1.00095,0.003,0.00588,-0.00019
1790144206.7843232,0.04441,0.1819,-0.99054,0.02133,-0.00687,-0.51058
1790144206.9815147,-0.00326,-0.04088,-1.01065,-0.01852,0.0082,-1.20641
1790144206.9815147,0.00967,-0.01532,-0.99931,0.01215,0.02585,-1.41962
1790144207.1899111,0.01286,-0.01134,-1.02801,-0.00798,0.00063,-1.48639
1790144207.1899111,0.02936,0.0285,-1.00421,-0.00958,-0.0104,-1.58159
1790144207.205135,0.0172,-0.0134,-0.99288,0.02655,0.01859,-1.54942
1790144207.3972032,0.01799,0.0032,-0.99034,0.02746,0.03143,-1.55709
1790144207.4941328,0.04037,0.0168,-0.9689,-0.03397,0.01002,-1.59163
1790144207.600628,0.01049,-0.0233,-1.01263,-0.01102,0.01343,-1.55166
1790144207.8071938,0.02112,0.00427,-1.03146,-0.02413,-0.02268,-1.59415
1790144207.8071938,-0.04766,-0.18513,-1.00354,0.03678,0.01744,-1.06868
1790144208.0127423,-0.02952,-0.02829,-1.00523,-0.00931,0.01428,-0.50583
1790144208.0127423,-0.01239,-0.07367,-1.00073,0.00889,0.00508,-0.04434
1790144208.219976,-3e-05,0.00985,-1.0007,0.00182,0.00887,0.00222
1790144208.43351,-0.00668,0.00963,-1.00098,0.00221,0.00619,-0.00314
1790144208.4490566,-0.00295,0.00876,-1.0013,0.00388,0.00701,-0.00026
1790144208.6252346,-0.00528,-0.00672,-1.003,0.00377,0.00361,0.02809
1790144208.8322272,-0.0097,0.01604,-1.00092,0.00626,0.00438,-0.00192
1790144208.8322272,-0.00434,0.00204,-1.00141,0.00176,0.00752,0.00079
1790144208.8480191,-0.0018,0.00754,-1.00145,2e-05,0.00536,-0.00332
1790144209.0259376,0.00411,-0.00413,-1.00179,0.00231,0.00243,0.00783
1790144209.1415792,-0.00364,0.0046,-1.00001,0.00075,0.0128,0.01288
1790144209.2421737,-0.00271,0.0083,-1.00309,0.00018,0.00604,-0.00237
1790144209.3496478,0.15615,-0.00251,-0.99814,-0.01061,0.02991,0.01157
1790144209.442921,0.25909,0.034,-1.00413,-0.01271,0.0132,-0.08085
1790144209.5958517,0.03582,0.01025,-0.99835,0.04641,-0.04005,0.0002
1790144209.7196484,-0.14295,0.01358,-1.00179,0.00462,-0.03308,-0.01395
1790144209.7781212,-0.09856,0.00536,-0.99564,-0.00137,0.01116,0.02038
1790144209.9069188,0.05971,0.01153,-1.00685,-0.0098,0.02218,-0.02922
1790144209.9882247,0.09058,-0.00293,-1.00541,0.02073,-0.0058,-0.01316
1790144210.0472074,-0.02322,0.00517,-1.01064,0.02705,-0.04846,0.01392
1790144210.1820934,-0.07778,0.01517,-0.98484,0.02218,-0.00991,0.00706
1790144210.2949476,-0.03708,0.01375,-1.01359,-0.00029,-0.00958,-0.00427
1790144210.4235725,0.04154,0.01722,-0.98814,-0.0031,0.00157,-0.0093
1790144210.4886656,0.03578,0.01835,-1.02435,-0.01574,-0.02176,-0.02157
1790144210.5695431,-0.02887,-0.00434,-1.02494,-0.03465,-0.03477,0.01744
1790144210.6851048,-0.03672,-0.00513,-1.00613,0.01249,-0.0118,0.02263
1790144210.8116665,0.00216,-0.00457,-0.98605,0.0217,0.00335,0.02546
1790144210.8759818,0.0137,0.03975,-1.00376,0.00718,0.00293,-0.00724
1790144211.025273,-0.02163,0.02699,-1.0165,0.0026,0.02868,-8e-05
1790144211.0837288,-0.02629,0.01982,-0.99626,-0.00633,0.02462,-0.00117
1790144211.1963387,-0.03207,0.01556,-1.03062,0.00825,-0.0056,-0.01446
1790144211.4861343,-0.03915,0.01032,-1.00249,0.05853,-0.01319,-0.0345
1790144211.5033479,-0.15372,0.04306,-1.00868,-0.00025,0.00529,-0.0236
1790144211.6985555,0.08311,-0.00897,-1.00188,0.00237,0.02012,-0.06455
1790144211.7102377,-0.00034,0.00358,-0.99916,0.0056,0.00685,-0.01106
1790144211.903129,-0.00162,0.01781,-1.00353,0.00219,0.00568,-0.0199
1790144211.903129,-0.01618,0.00388,-1.0009,0.00449,0.00501,-0.00349
1790144212.1026945,-0.0099,0.00301,-1.00039,-0.00024,0.01166,0.01236
1790144212.2198944,-0.01217,0.01269,-1.00291,0.00198,0.00167,-0.03025
1790144212.2198944,-0.01816,0.00898,-1.00295,0.0051,0.00672,-0.0016
1790144212.327995,-0.02003,-0.01138,-1.00068,0.00412,0.00528,0.03446
1790144212.5221274,-0.02081,0.00643,-1.0012,0.00604,0.00771,0.01061
1790144212.5221274,-0.01401,0.01537,-1.00065,0.00235,0.0076,-0.00627
1790144212.7194197,-0.00389,0.02871,-1.00249,0.00627,0.00323,-0.0342
1790144212.7194197,-0.02054,0.01914,-1.00025,0.00892,0.00746,-0.0018
1790144212.924484,-0.01724,-0.0013,-1.00306,0.00561,0.0051,0.00294
1790144212.924484,-0.01594,0.00701,-1.00125,0.00246,0.0075,-0.00067
1790144213.1335752,-0.01527,0.00918,-1.00155,0.00251,0.00529,-0.00425
1790144213.1495333,-0.01973,-0.00855,-0.99956,0.00128,0.00331,0.02856
1790144213.3440018,-0.0198,-0.02546,-1.00311,0.00168,0.00724,0.0087
1790144213.5373862,-0.01666,0.01875,-1.00093,0.00291,0.00822,-0.01625
1790144213.5373862,-0.02234,-0.00696,-1.00401,0.00449,0.00642,0.00898
1790144213.7462354,-0.01673,0.00186,-1.00159,0.00229,0.00545,-0.00096
1790144213.941936,-0.01494,0.00936,-1.00202,0.00239,0.0063,-0.0021
1790144213.9619062,-0.01878,3e-05,-1.00152,0.00261,0.00737,0.02088
1790144214.1196468,-0.03467,-0.00319,-1.00129,0.00584,0.00461,0.00787
1790144214.1359162,-0.01317,0.01214,-1.00067,0.00157,0.00803,-0.00366
1790144214.3614135,-0.0106,0.00171,-1.00126,0.00483,0.00667,0.01573
1790144214.3614135,-0.02669,0.01224,-1.00066,0.00275,0.00635,-0.00402
1790144214.5764434,-0.01644,0.00245,-1.00109,0.00529,0.00498,0.00188
1790144214.5764434,-0.0147,0.00832,-1.00148,0.00304,0.00554,-0.00029
1790144214.767589,-0.01833,0.00842,-0.99999,-0.00016,0.00581,-0.00179
1790144214.7792954,-0.01625,0.00689,-1.00113,0.00423,0.00759,-0.00073
1790144214.9759388,-0.01493,0.00737,-1.00056,0.00225,0.00602,-0.00269
1790144214.988691,-0.0169,0.00542,-1.00011,0.00144,0.00567,0.00172
1790144215.180785,-0.01713,0.00927,-0.9987,0.00294,0.00592,0.00145
1790144215.180785,-0.01489,0.00809,-1.00041,0.00603,0.00827,0.0001
1790144215.3872974,-0.0186,0.00308,-1.00125,0.00183,0.00655,0.00094
1790144215.3872974,-0.01442,0.00752,-1.00312,0.00516,0.00508,-0.00086
1790144215.5620844,-0.01646,0.00666,-0.99989,0.00427,0.00358,-0.00093
1790144215.580796,-0.0165,0.00608,-1.00252,0.00562,0.00374,0.00156
1790144215.7859852,-0.01478,0.0097,-1.00114,-0.00089,-0.00012,-0.016
1790144215.9600892,-0.01704,0.01777,-1.00074,0.00312,0.00314,-0.01581
1790144215.9917269,-0.01632,0.00264,-1.00164,0.00373,0.00826,0.00308
1790144216.2014368,-0.01632,0.01383,-1.00153,0.00389,0.00458,-0.00797
1790144216.4090612,-0.01557,0.00888,-1.00083,0.00291,0.0062,0.00207
1790144216.5706906,-0.02315,-0.00248,-1.00048,0.00405,0.01121,0.02189
1790144216.5864694,0.0031,-0.01285,-0.99955,0.00627,-0.00065,0.01094
1790144216.8167264,-0.01674,0.01268,-0.99959,0.00381,0.00512,-0.00324
1790144216.8167264,-0.01504,0.01165,-1.00141,0.00282,0.00786,-0.01143
1790144217.003836,-0.01571,0.0088,-1.00147,0.00485,0.00597,-0.00101
1790144217.0196707,-0.01472,0.00228,-1.00024,0.00472,0.00384,0.00366
1790144217.2295494,-0.08568,-0.15432,-0.99209,0.04769,0.0015,0.48723
1790144217.4275186,0.01597,0.00881,-0.9719,-0.02347,-0.00877,1.46242
1790144217.590851,0.01943,0.00808,-0.97156,-0.00398,-0.01516,1.54975
1790144217.6068726,0.00528,-0.01799,-0.97389,-0.02016,-0.00288,1.5667
1790144217.8432112,0.02242,0.03282,-0.9956,0.00894,-0.02704,1.50027
1790144217.8432112,0.00167,-0.04002,-1.00403,0.00221,0.01097,1.59543
1790144218.035238,-0.00459,-0.01548,-1.02295,-0.00741,-0.02241,1.58599
1790144218.245491,0.02601,0.01443,-0.96934,0.01964,0.03115,1.53087
1790144218.4548917,0.01357,0.00749,-1.02961,0.02551,0.01252,1.57142
1790144218.4548917,0.01072,-0.00025,-1.01257,0.05071,-0.00804,1.60625
1790144218.5997179,0.01251,0.00664,-0.97865,0.00895,0.00119,1.57034
1790144218.647677,0.0144,-0.02395,-0.96764,0.00185,0.00991,1.6064
1790144218.857929,0.03164,0.03757,-0.97272,0.02346,0.02879,1.47536
1790144219.072793,0.01529,-0.00353,-1.00249,-0.0093,-0.02036,1.57875
1790144219.2762542,0.09937,0.18571,-0.99755,-0.01643,-0.0125,1.08859
1790144219.4696136,-0.01004,0.02064,-1.00274,-0.00335,0.00848,-0.07177
1790144219.6271625,0.00441,0.00882,-1.00155,0.00277,0.00588,-0.00277
1790144219.6776083,0.00188,0.01129,-1.00191,0.00404,0.00607,0.0013
1790144219.8867702,-0.01624,-0.00231,-1.00248,0.00516,0.00451,-0.00403
1790144220.0968602,0.00082,0.01987,-1.00097,0.00332,0.00384,-0.0052
1790144220.0968602,-0.00449,0.00852,-1.00107,0.00184,0.00802,0.00483
1790144220.3033924,-0.00163,0.00836,-0.99906,0.00391,0.00612,7e-05
1790144220.5077043,-0.00204,0.01163,-1.00165,0.00348,0.00656,0.00049
1790144220.6296341,-0.00048,0.00911,-1.00089,0.00509,0.0045,0.00087
1790144220.709611,-0.01114,0.01911,-1.00368,0.0028,0.00641,-0.0015
1790144220.7573862,-0.00382,0.01248,-1.00193,0.00528,-0.00182,-0.00342
1790144220.8853188,0.00024,0.02213,-1.00139,0.00794,0.00865,0.00196
1790144221.005771,0.1655,0.00521,-0.9911,0.00984,0.03525,-0.01254
1790144221.1103902,0.049,0.01083,-1.00225,-0.01678,-0.0442,0.0175
1790144221.2108438,-0.10626,0.03232,-0.98717,0.02411,0.03443,-0.02463
1790144221.3179276,-0.11218,-0.00335,-1.00918,0.01783,-0.00497,0.04456
1790144221.4464011,0.0337,0.01749,-0.98213,0.03588,0.03383,0.02473
1790144221.5120628,0.0967,0.04483,-0.99894,0.03597,-0.02214,-0.0031
1790144221.5758471,0.00312,0.03257,-0.99708,-0.00314,-0.01548,0.0013
1790144221.7259617,-0.05866,0.02796,-1.01201,-0.01764,-0.01672,-0.00503
1790144221.8330386,-0.05247,-0.01458,-1.01107,0.01507,-0.00683,0.00468
1790144221.897794,0.00681,-0.01649,-0.99857,0.02438,-0.01337,0.00474
1790144222.049437,0.04844,0.04027,-0.962,-0.00313,0.0337,-0.02227
1790144222.107075,-0.00255,0.03009,-0.99625,0.03592,0.00695,-0.04672
1790144222.2833526,-0.0527,-0.01222,-1.00854,0.00224,-0.02075,0.00741
1790144222.3018441,-0.00836,0.03879,-0.99566,-0.01434,0.00266,-0.01206
1790144222.4289694,0.00763,-0.01429,-0.99864,-0.02185,0.001,0.00446
1790144222.5602908,-0.01898,-0.00025,-0.9836,-0.00391,-0.0172,-0.01455
1790144222.6229138,0.00602,0.00958,-0.98151,0.02595,0.00809,-0.00073
1790144222.7531335,-0.03339,0.00188,-1.01203,0.02578,0.01394,0.01047
1790144222.9649003,-0.02931,0.00512,-1.01202,0.02684,0.01534,-0.00811
1790144222.9649003,-0.01359,0.02293,-1.0056,0.00541,-0.01704,0.00821
1790144223.1218922,-0.28164,-0.01486,-1.01128,0.02849,-0.00716,0.0688
1790144223.1285532,-0.04933,0.03053,-1.00854,-0.00591,-0.00808,-0.20438
1790144223.3643456,-0.01497,0.02974,-1.00029,-0.00666,0.01017,-0.00772
1790144223.3643456,0.01107,0.02736,-1.00154,0.00589,0.01196,-0.0056
1790144223.5533328,-0.00475,0.02104,-1.00208,0.00345,0.00617,-0.00934
1790144223.5602477,-0.01155,0.01546,-1.00225,0.00559,0.00806,-0.00459
1790144223.6605783,-0.01466,0.01949,-1.00168,0.00676,0.00601,-0.00885
1790144223.7873476,-0.01612,0.04084,-1.00133,0.00014,-0.00114,-0.047
1790144223.9809697,-0.01225,0.02142,-0.99854,0.00537,0.00176,-0.01651
1790144223.9809697,-0.01423,0.00777,-1.00135,0.00363,0.00642,-0.01676
1790144224.1528594,-0.01622,0.0117,-1.00275,0.00381,0.00878,-0.00831
1790144224.1690032,-0.01534,0.00732,-1.00226,0.00671,0.00512,-0.00612
1790144224.396707,-0.01381,0.01034,-1.00072,0.00174,0.00687,-0.01238
1790144224.396707,-0.02467,-0.0015,-1.0014,0.0026,0.01023,0.00507
1790144224.5894575,-0.01857,0.00319,-1.00165,0.00725,0.01033,0.00541
1790144224.5894575,-0.01885,-0.00085,-1.00294,0.0043,0.00729,0.00646
1790144224.688867,-0.01897,-0.00012,-1.00197,0.00325,0.00576,0.01125
1790144224.8018832,-0.02157,-0.0008,-1.00182,0.00523,0.00686,0.0065
1790144225.007881,-0.01847,0.01114,-1.00398,0.00348,0.00962,-0.00266
1790144225.20142,-0.01241,-0.00507,-1.00329,0.00025,0.00631,0.01813
1790144225.217344,-0.01285,0.01354,-0.99994,0.00314,0.00589,-0.00036
1790144225.4107308,-0.01458,0.01111,-1.00255,0.00364,0.00153,0.00425
1790144225.4107308,-0.0152,0.01001,-1.00017,0.00215,0.00579,0.00634
1790144225.5876462,-0.01269,0.01066,-1.00208,0.00362,0.00842,0.00651
1790144225.5876462,-0.0173,0.02208,-1.0009,0.00135,0.00977,-0.05308
1790144225.6829667,-0.01495,0.02357,-1.00146,0.0012,0.00674,-0.02117
1790144225.827702,0.00059,0.01906,-1.00217,0.00591,0.00647,-0.01176
1790144226.0365415,-0.00955,0.01875,-1.00065,0.00194,0.00519,-0.01625
1790144226.229585,-0.01205,0.02069,-1.00093,0.00124,0.00517,-0.01845
1790144226.2411969,-0.01108,0.0213,-1.00076,0.00171,0.0066,-0.02177
1790144226.441725,-0.01344,0.01733,-1.00036,0.00412,0.00635,-0.01544
1790144226.441725,-0.0145,0.01602,-1.00137,0.00331,0.00319,-0.01551
1790144226.6474926,-0.01256,0.01392,-1.00123,0.0046,0.0062,-0.01165
1790144226.6474926,-0.00815,0.02029,-1.00063,0.00347,0.00777,-0.01907
1790144226.696166,-0.00998,0.02041,-0.99995,0.0022,0.00612,-0.01891
1790144226.8564148,-0.01171,0.02071,-1.00015,0.00464,0.00485,-0.01633
1790144226.8564148,-0.01304,0.02117,-1.00133,0.00302,0.00541,-0.01585
1790144227.0502937,-0.01365,0.01966,-1.00049,0.0001,0.00514,-0.01452
1790144227.0697029,-0.01017,0.02164,-1.00272,0.00432,0.00712,-0.01824
1790144227.2602296,-0.01354,0.0292,-1.00173,0.00067,0.00213,-0.0253
1790144227.4462461,-0.01684,0.01176,-1.00174,0.00265,0.00168,0.00017
1790144227.6787562,-0.01441,0.00648,-1.00185,0.00035,0.00666,-0.00396
1790144227.6787562,-0.01736,0.01048,-1.00101,0.00573,0.0077,-0.00681
1790144227.8725445,-0.01568,0.00871,-1.00346,0.00137,0.00608,-0.00949
1790144227.8725445,-0.01413,0.00466,-0.99947,0.00442,0.00551,-0.00313
1790144228.081105,-0.02457,0.01176,-1.00151,0.00323,0.00805,-0.00074
1790144228.2263565,-0.01785,0.0181,-0.99987,0.00295,0.00275,-0.00603
1790144228.2750638,-0.01533,0.01017,-1.00141,0.00246,0.00514,-0.01221
1790144228.4845083,-0.01654,0.00493,-1.00161,0.00399,0.00434,-0.0034
1790144228.6939352,0.01113,-0.0376,-0.99594,0.02304,0.01442,-1.26117
1790144228.9027636,0.0234,0.0725,-0.97839,-0.00176,0.01084,-1.44854
1790144228.909934,0.01897,-0.00243,-0.9997,0.03648,-0.01624,-1.4191
1790144229.1101747,0.01772,0.00432,-1.01512,0.00232,-0.0185,-1.55798
1790144229.307256,-0.01907,-0.02938,-1.00456,0.02391,-0.01472,-1.54907
1790144229.5155854,0.02142,0.00204,-0.96398,0.01211,0.01605,-1.56433
1790144229.5155854,0.02457,0.0163,-1.00868,-0.00797,0.02948,-1.58541
1790144229.7230012,0.0077,-0.02782,-1.02122,0.03974,0.00457,-1.42797
1790144229.9164257,-0.02085,-0.05077,-1.00435,0.00447,0.00488,-0.19764
1790144229.9164257,-0.02491,-0.03871,-1.00415,0.00101,0.00677,0.01695
1790144230.0296464,-0.01527,0.00279,-1.00115,0.00184,0.00816,0.00016
1790144230.3349428,-0.01218,-0.00253,-0.99914,0.00288,0.00469,0.0215
1790144230.3349428,-0.01626,-0.01215,-1.00144,0.0058,0.00281,-0.00519
1790144230.5402782,-0.00631,0.00744,-1.00357,0.00356,0.00414,-0.00387
1790144230.5402782,-0.01106,0.00096,-1.00244,0.00119,0.00332,0.00217
1790144230.7459366,0.00363,0.0077,-1.00096,0.0061,0.00814,-0.0216
1790144230.747936,-0.00678,0.02567,-0.99946,0.01012,-0.00044,-0.03772
1790144230.848566,-0.01287,-0.00826,-1.0008,0.00525,0.00602,0.00365
1790144230.9468124,-0.00819,0.00057,-1.00076,0.00133,0.00784,0.00372
1790144231.0164628,0.14914,-0.01176,-0.99693,-0.00982,0.01875,0.04899
1790144231.1865165,0.25914,0.05926,-1.0069,-0.03594,0.02102,-0.06249
1790144231.2648954,0.05661,0.01232,-0.99153,-0.0009,-0.00862,-0.03366
1790144231.3141003,-0.13345,-0.01837,-0.99855,0.02639,0.00251,0.01401
1790144231.456994,-0.1047,-0.00336,-1.00239,0.00842,-0.0015,-0.00397
1790144231.5521,0.0143,-0.02075,-0.99627,-0.02204,0.02812,0.0198
1790144231.647473,0.0634,-0.01423,-1.01814,-0.01152,0.00382,-0.01295
1790144231.7751207,0.00844,0.00563,-0.97288,0.01239,-0.01343,-0.01069
1790144231.8867078,-0.08227,-0.02234,-1.00961,0.02938,-0.0107,0.02153
1790144231.9676383,-0.04559,-0.00932,-1.00744,0.00174,0.01185,0.00045
1790144232.077454,0.02308,-0.00122,-1.00028,-0.01466,0.0014,0.01523
1790144232.1736403,0.00105,-0.03184,-1.01474,-0.04182,-0.03829,0.04611
1790144232.287857,-0.03408,-0.02237,-0.99446,-0.01806,-0.05049,0.00105
1790144232.3782303,-0.03846,-0.00427,-1.00838,-0.01136,0.04004,-0.00466
1790144232.5211363,-0.02057,-0.00446,-1.01072,-0.00907,0.00415,0.01857
1790144232.6477823,0.01612,0.01258,-1.00176,0.01803,0.01036,-0.00593
1790144232.6686594,-0.00259,0.01651,-1.00417,-0.02401,0.01779,-0.03114
1790144232.774751,-0.03331,0.02023,-1.01924,-0.03499,-0.05241,-0.01308
1790144232.916995,-0.02469,-0.02843,-0.99787,-0.00126,-0.00918,0.02997
1790144233.008485,-0.00772,0.02253,-0.99338,0.02615,-0.00648,-0.01958
1790144233.2153375,-0.28539,0.01026,-0.97876,0.03726,0.01553,-0.02159
1790144233.2153375,-0.16088,-0.07139,-1.00741,0.00584,-0.01814,0.01447
1790144233.4071798,0.01516,0.05467,-1.00141,0.00457,0.01355,0.01191
1790144233.4071798,0.00144,-0.00243,-1.00248,0.00371,0.00265,-0.00334
1790144233.611789,-0.00892,-0.00412,-1.00147,0.00419,0.00417,0.0005
1790144233.6544757,-0.02091,0.00131,-1.00236,0.00162,0.00371,0.0035
1790144233.7861705,-0.02182,-0.00964,-1.00168,0.00369,0.00576,0.01194
1790144233.801985,-0.01908,-0.01843,-1.00182,0.00942,-0.0012,0.04636
1790144233.9141293,-0.01475,0.00949,-1.00146,0.00495,0.00798,0.00572
1790144234.0112882,-0.01414,0.00886,-0.99997,0.00398,0.00316,-0.0128
1790144234.1886604,-0.01456,0.01448,-1.00083,0.00509,0.00434,-0.01082
1790144234.20809,-0.0145,-0.00134,-1.00152,0.00015,0.00494,-0.0057
1790144234.4304466,-0.00979,-0.01196,-1.0,0.00576,0.0044,0.00179
1790144234.4462733,-0.02818,-0.01,-1.00163,0.00233,0.00555,0.00598
1790144234.639698,-0.01751,-0.00869,-1.0003,0.00503,0.0055,0.0136
1790144234.8008692,-0.02264,-0.01103,-1.00184,0.00229,0.00169,0.01841
1790144234.8167877,-0.01143,0.01486,-0.99938,0.00248,0.00608,0.00552
1790144234.978682,-0.0076,0.04379,-0.99989,0.0043,0.00848,-0.0273
1790144235.0434952,-0.01026,0.02222,-1.00078,0.00135,0.00605,-0.01964
1790144235.2535784,-0.01922,-0.00464,-1.00204,0.00573,0.00428,-0.00375
1790144235.4502623,-0.01427,0.00356,-1.00144,0.00312,0.00467,-0.00537
1790144235.6574852,-0.01616,0.003,-1.00185,0.00071,0.00485,-0.01147
1790144235.6574852,-0.0065,0.01348,-1.00002,0.00619,0.00783,-0.021
1790144235.815101,-0.03261,-0.02138,-1.00142,0.0069,0.0044,0.03904
1790144235.8182912,-0.01597,-0.00782,-1.00129,0.00731,0.00492,0.02827
1790144236.0587502,-0.02363,0.02254,-1.00198,-0.00011,0.00603,-0.01502
1790144236.2666655,-0.01544,0.00828,-1.00255,0.00258,0.00556,-0.00795
1790144236.2666655,-0.01099,0.0101,-0.9998,0.00148,0.00528,-0.00772
1790144236.4797204,-0.0162,0.00318,-1.00239,0.00594,0.00379,-0.00432
1790144236.6847997,-0.01386,0.00389,-1.0001,0.00747,0.00643,-0.00075
1790144236.815553,-0.01716,0.00944,-1.00145,0.00438,0.00694,-0.00303
1790144236.8847835,-0.01644,0.00748,-1.00206,0.00474,0.00619,-0.00026
1790144237.0869634,-0.01597,0.00355,-1.00064,0.00284,0.00791,0.00019
1790144237.300646,-0.01584,0.0087,-1.00097,0.00227,0.0069,0.00061
1790144237.506342,-0.00904,0.02132,-1.00131,0.00411,0.00523,-0.03343
1790144237.6925287,-0.01971,-0.01121,-1.00113,0.00092,0.00053,-0.00251
1790144237.6996684,-0.0206,-0.01454,-1.00287,0.00532,0.00083,0.01248
1790144237.8436396,-0.01953,0.0128,-1.00059,0.00299,0.00385,0.00154
1790144238.1182733,-0.01832,-0.00033,-1.00227,0.00546,0.00731,0.0088
1790144238.3126333,-0.01881,0.00043,-1.00051,0.0052,0.00286,0.01335
1790144238.3126333,0.00273,0.01996,-1.00037,0.00557,0.00745,-0.01092
1790144238.4408731,-0.00865,0.00916,-1.00264,-0.00185,0.00403,-0.02748
1790144238.5211794,-0.01885,-0.0001,-0.99973,0.0045,0.00373,-0.00338
1790144238.7320526,-0.02188,-0.0039,-1.00195,0.00463,0.00588,0.00722
1790144238.8338227,-0.01521,0.00906,-1.00025,0.00469,0.00647,0.005
1790144238.940349,-0.04223,-0.13204,-1.02416,-0.02683,-0.01342,-1.37069
1790144239.1354632,-0.00233,-0.02558,-1.02092,-0.00581,-0.01472,-1.45145
1790144239.3098555,0.0163,-0.02794,-1.00005,0.04735,0.03029,-1.48337
1790144239.3098555,-0.01043,-0.02478,-0.98696,0.0174,0.03094,-1.47482
1790144239.5477548,0.0234,-0.00526,-0.96905,-0.03756,0.06802,-1.57218
1790144239.7555668,0.02009,0.00673,-1.0037,0.00362,0.02051,-1.56993
1790144239.8486633,-0.00337,-0.07188,-1.01596,0.00868,0.02813,-1.507
1790144239.9615607,-0.0349,-0.05657,-1.01096,-0.01188,0.0092,-0.50403
1790144240.165405,-0.03735,-0.04771,-1.00104,0.00508,0.00891,0.00798
1790144240.281271,0.00335,0.00446,-1.00144,0.00597,0.00886,-0.00429
1790144240.3704453,0.0067,0.0022,-1.00103,0.00258,0.00806,0.00111
1790144240.5633225,-0.0023,0.01508,-1.00154,0.00387,0.00277,-0.00686
1790144240.7761073,-0.00476,0.00095,-1.00049,0.00564,0.00476,0.00148
1790144240.9096029,-0.00056,0.01362,-1.00146,-0.00091,0.00413,-0.02869
1790144240.983262,-0.01398,0.01767,-1.00388,-0.00299,-0.00292,0.0141
1790144241.0967171,0.00698,0.03978,-1.00026,0.00025,0.00959,-0.02536
1790144241.1807017,0.24441,0.0403,-1.0039,-0.02211,0.03541,0.00179
1790144241.289042,0.18838,0.00145,-0.9846,-0.00053,0.02717,-0.02891
1790144241.3693755,-0.09565,-0.02767,-1.00039,0.04391,0.00453,0.03178
1790144241.4814353,-0.14673,-0.01751,-1.00123,0.01442,-0.09036,-0.01448
1790144241.6100404,-0.03086,0.03503,-0.9972,0.00399,0.01537,-0.01452
1790144241.6740556,0.06563,-0.01009,-0.98997,0.01526,0.00681,0.01482
1790144241.8042555,-0.04446,0.03339,-1.00954,0.03266,-0.00723,-0.05463
1790144241.9304814,-0.08033,-0.01628,-1.01848,-0.02697,0.00139,0.01806
1790144241.9949114,-0.02042,-0.02127,-1.00605,-0.0103,0.0007,0.03047
1790144242.1232848,0.02877,-0.04013,-0.98291,-0.05379,0.00511,0.0416
1790144242.209245,0.03198,-0.00146,-0.98841,0.00192,0.01674,-0.00499
1790144242.3164709,-0.031,0.00783,-0.9933,0.021,0.00382,0.01295
1790144242.414165,-0.03116,0.04861,-1.0152,0.0202,-0.00738,-0.06923
1790144242.5173051,-0.00842,-0.0017,-1.00425,0.00519,-0.00665,0.03544
1790144242.5899425,-0.02168,-0.03875,-0.9857,-0.01879,-0.02177,0.06983
1790144242.7183933,-0.0074,0.02481,-0.99418,0.00834,0.00973,-0.03648
1790144242.7828891,-0.01292,-0.00483,-0.98235,0.0192,0.01017,0.02187
1790144242.8796575,-0.03207,0.00501,-1.00401,0.01977,-0.00615,-0.00805
1790144242.9787805,0.0031,0.0286,-1.00597,0.02863,-0.00607,-0.01274
1790144243.2337518,-0.2717,-0.03062,-1.00702,-0.00734,0.02447,0.24814
1790144243.2851107,-0.02964,-0.00641,-1.00645,-0.00386,0.01218,-0.06711
1790144243.4432511,0.04461,0.00962,-1.00067,0.0037,0.00899,-0.00583
1790144243.4752066,-0.02029,-0.00235,-1.00246,0.00549,0.00723,0.00586
1790144243.635502,-0.01917,-0.00208,-0.9997,0.00733,0.00825,0.01103
1790144243.7094586,-0.0204,-0.00504,-0.99985,0.00622,0.00553,0.0117
1790144243.8580234,-0.03314,-0.00945,-1.00105,0.00196,0.01073,0.03507
1790144243.951751,-0.02019,0.01269,-1.00034,0.00909,0.0004,0.01017
1790144244.0489593,-0.01195,0.0175,-1.00122,0.00166,0.00499,-0.00876
1790144244.2291112,-0.01383,-0.00571,-1.00238,-0.00017,0.00803,0.00234
1790144244.2291112,-0.01697,-0.00544,-0.99813,0.00194,0.00782,0.01454
1790144244.4585495,-0.01407,0.00874,-1.002,0.00472,-0.00247,-0.01948
1790144244.6783187,-0.01111,0.01446,-1.00162,0.0034,0.00744,-0.01772
1790144244.8727233,-0.01499,0.0044,-1.00076,0.00356,0.00763,-0.01113
1790144244.8727233,-0.02122,-0.01798,-1.00111,0.00217,0.00913,0.03174
1790144245.0510695,-0.01069,0.01802,-1.00179,0.00291,0.00846,-0.01077
1790144245.2778816,-0.00859,0.00902,-1.00168,0.00034,0.00644,-0.01541
1790144245.483863,-0.02008,-0.00449,-0.99934,0.00174,0.00535,0.01498
1790144245.5472376,-0.0221,-0.0072,-1.00071,0.00492,0.00662,0.01939
1790144245.8685043,-0.01388,0.0054,-1.00143,0.00028,0.00692,0.00528
1790144245.8685043,-0.02563,0.02571,-1.00166,0.00147,0.00015,-0.03662
1790144245.884705,-0.00852,0.02345,-1.00015,0.0011,0.00244,-0.03885
1790144246.0949578,-0.01573,-0.00755,-1.00079,0.00617,0.00808,0.00542
1790144246.0949578,-0.01384,-0.00868,-1.00147,0.00227,0.00672,0.0067
1790144246.309163,-0.02449,-0.00938,-0.99947,0.00689,0.00619,0.0182
1790144246.309163,-0.01413,-0.0002,-1.00173,0.00498,0.00205,0.00956
1790144246.5170443,-0.01169,0.00857,-1.00186,0.00035,0.00992,-0.0004
1790144246.5170443,-0.01475,0.01353,-1.00137,0.00491,0.00306,-0.00935
1790144246.707976,-0.0145,0.0088,-0.99989,0.00164,0.00509,-0.01769
1790144246.8855498,-0.0169,-0.00297,-0.99818,0.00386,0.00635,-0.00385
1790144246.901279,-0.01881,-0.00484,-1.00112,0.00357,0.0067,0.00572
1790144247.1263158,-0.02095,-0.01376,-0.99993,0.00482,0.00649,0.02009
1790144247.1263158,-0.0183,-0.00222,-1.00139,0.00373,0.00458,0.01872
1790144247.3362958,-0.01075,0.01654,-1.00073,-0.00048,0.00551,-0.01001
1790144247.47626,-0.01244,0.02043,-1.00215,0.00256,0.00345,-0.02218
1790144247.47626,-0.01667,0.01235,-1.00168,0.00537,0.00459,0.00478
1790144247.6515403,-0.01218,0.03456,-1.00303,0.00262,-0.00316,-0.03833
1790144247.7343438,-0.01779,0.00133,-1.00098,0.00283,0.00598,-0.01515
1790144247.8909886,-0.01609,-0.02152,-0.99964,0.00238,0.00666,0.02225
1790144247.8909886,-0.02214,-0.00963,-1.00118,0.00349,0.00959,0.01732
1790144248.151278,-0.02007,-0.00582,-1.00176,0.00494,0.00461,0.02048
1790144248.1618805,-0.01367,0.00198,-1.00154,0.00338,0.00675,0.01108
1790144248.3562102,-0.02389,0.01137,-1.00135,0.00158,0.00541,0.00599
1790144248.3562102,-0.00898,-0.01367,-1.00167,0.00467,0.00774,0.01505
1790144248.4687924,-0.02068,-0.00044,-1.00063,0.00461,0.00663,0.01598
1790144248.553876,-0.01832,-0.0032,-0.9998,0.00551,0.00716,0.01729
1790144248.76785,-0.01412,0.00661,-1.00039,0.00253,0.00701,0.00285
1790144248.7743373,-0.01091,0.02092,-1.0021,0.0028,0.00517,-0.01457
1790144248.808742,-0.00906,0.02273,-1.00114,0.0016,0.00634,-0.02647
1790144248.9187636,-0.16496,-0.45292,-1.0269,0.01734,-0.03805,1.39202
1790144249.1777678,-0.01058,-0.03241,-1.04109,0.0025,0.0054,1.44008
1790144249.3711097,-0.00794,0.00844,-1.02996,0.04114,-0.00927,1.46013
1790144249.3711097,0.0028,-0.00236,-0.99244,-0.01181,-0.00718,1.53899
1790144249.4843433,0.03123,0.00544,-0.96536,-0.00062,0.02877,1.52602
1790144249.5059614,0.00723,-0.03116,-0.99118,0.01238,-0.00593,1.62858
1790144249.5972,0.02426,0.03522,-0.99303,-0.01195,0.03237,1.518
1790144249.7889855,0.0092,0.0387,-1.03799,0.00143,0.01093,1.51509
1790144249.9204967,0.01124,0.01278,-1.02569,-0.00414,-0.00711,1.56562
1790144249.9344294,0.07061,0.20515,-0.99915,-0.00275,-0.01612,0.82965
1790144250.1754625,0.00928,0.0482,-0.99689,0.01559,0.01809,0.34795
1790144250.177063,-0.01159,0.06718,-1.0007,0.00329,0.00511,0.06121
1790144250.2573297,-0.01527,0.02297,-1.00336,0.00472,0.00547,-0.00239
1790144250.4051476,-0.01276,0.01325,-1.00007,0.00462,0.00967,0.00076
1790144250.4855394,-0.0151,0.00615,-1.00022,0.0072,0.00506,0.02767
1790144250.5817971,-0.01415,0.02413,-0.99978,0.00679,0.01126,-0.00604
1790144250.810092,-0.01681,0.01387,-1.00287,0.00316,0.00467,0.00029
1790144250.822426,-0.02779,0.01962,-1.00148,0.00244,0.00658,0.02431
1790144250.9192367,-0.02596,-0.01531,-1.00231,0.00141,0.00101,0.05043
1790144251.0196202,-0.01219,0.03415,-1.00158,0.00183,0.00417,-0.00676
1790144251.176621,0.18853,-0.00937,-1.0094,0.00193,0.0201,0.07975
1790144251.3052523,0.20052,-0.01109,-1.06242,-0.01741,-0.06148,0.00262
1790144251.3371627,-0.02511,0.00492,-0.9765,-0.01189,-0.02126,0.01325
1790144251.449729,-0.17746,0.04492,-1.01158,0.05638,-0.00612,-0.07273
1790144251.5308073,-0.09036,0.01123,-1.01695,0.02528,-0.00966,0.0019
1790144251.6425052,0.05101,0.01075,-1.01765,-0.00685,-0.02169,-0.01842
1790144251.7562428,0.03988,0.00059,-1.02151,-0.00425,0.03169,0.00676
1790144251.8833773,-0.03477,-0.00438,-0.9731,-0.01221,0.02862,0.0458
1790144251.9480832,-0.07374,0.03799,-1.00604,0.01167,0.01962,-0.01057
1790144252.0766659,-0.02164,0.02352,-1.00787,0.0102,0.02707,-0.0241
1790144252.158127,0.03369,0.00936,-1.02086,-0.0036,0.00698,0.02469
1790144252.286969,-0.01134,-0.00821,-1.03527,0.00547,-0.0035,-0.00433
1790144252.400085,-0.02545,0.01451,-0.9963,0.0089,0.0105,-0.02246
1790144252.4645534,-0.03458,0.007,-0.98373,0.0001,0.00315,0.03067
1790144252.5934882,0.01409,0.00493,-1.00309,-0.00656,-0.01338,0.02004
1790144252.6576812,-0.0036,0.00652,-1.01568,-0.0254,-0.01696,0.00902
1790144252.8012524,-0.03047,0.0195,-1.01167,0.0172,0.02756,-0.01368
1790144252.9139748,-0.02581,-0.00697,-0.99882,0.02463,0.00074,0.0172
1790144252.9780166,0.00358,0.04173,-0.96664,0.01631,0.02712,-0.0146
1790144253.2696862,-0.07937,0.00582,-0.99232,0.02966,-0.02273,0.04281
1790144253.2854915,0.01316,0.07283,-1.00661,-0.00546,0.01874,0.00244
1790144253.477302,0.00244,-0.01059,-0.99926,0.00536,0.0113,0.02418
1790144253.4803886,-0.00652,-0.00846,-1.00181,0.00558,0.00606,0.02382
1790144253.682986,-0.0181,-0.00608,-1.00106,0.00353,0.00509,0.03123
1790144253.887235,-0.024,-0.00267,-1.00038,0.00303,0.00251,0.02005
1790144253.9503815,-0.01369,0.01609,-1.0002,0.00383,0.00415,-0.02788
1790144254.0822449,-0.02213,-0.01213,-1.00081,0.00135,0.00604,0.01357
1790144254.0940013,-0.01846,-0.00053,-1.00035,0.0048,0.00517,0.01768
1790144254.285697,-0.02153,-0.01587,-0.99955,0.00682,0.00507,0.03453
1790144254.49608,-0.02167,-0.00837,-0.99934,0.00345,0.00578,0.02575
1790144254.49608,-0.02496,-0.00983,-0.99964,0.00354,0.00786,0.02567
1790144254.7045107,-0.02082,-0.01106,-1.00128,0.00654,0.0063,0.02943
1790144254.912362,-0.02254,-0.00631,-1.00123,0.00187,0.00603,0.02146
1790144254.9283352,-0.01799,-0.00648,-1.00024,0.0032,0.00847,0.02677
1790144255.0887816,-0.02366,-0.00076,-1.00232,0.00652,0.00425,0.04833
1790144255.1045508,-0.01865,0.002,-1.00095,0.00228,0.0035,0.03151
1790144255.3126776,-0.0215,0.00343,-1.00199,0.00247,0.00701,0.01333
1790144255.3284883,-0.01374,0.00506,-1.00011,0.00343,-0.00068,0.01587
1790144255.522625,-0.01229,0.00975,-1.00215,0.00071,0.00828,0.01449
1790144255.7308254,-0.01106,0.0158,-1.00188,0.003,0.00484,0.00945
1790144255.7308254,0.00599,0.03634,-1.00094,0.00322,0.00878,0.00567
1790144255.9028847,-0.01038,0.02526,-1.00146,0.00272,0.00605,-0.00134
1790144255.9188554,-0.00332,0.03306,-1.00081,0.00467,0.0088,-0.01674
1790144256.141618,0.00861,0.04034,-1.0017,0.00265,0.00654,-0.03048
1790144256.141618,-0.0117,0.02777,-1.0001,0.00464,0.0089,-0.02471
1790144256.336281,-0.00142,0.03521,-1.00086,0.00605,0.0077,-0.03179
1790144256.546222,-0.0056,0.03354,-1.00157,0.0044,0.00943,-0.03262
1790144256.755084,-0.0053,0.03078,-1.00073,0.00635,0.00757,-0.02743
1790144256.9485543,-0.00706,0.03035,-1.00138,0.00293,0.0064,-0.02646
1790144257.1581724,-0.00639,0.03591,-1.00115,0.00249,0.00987,-0.03195
1790144257.3681571,-0.00378,0.03304,-1.00191,0.00271,0.00454,-0.03333
1790144257.3681571,-0.00341,0.03899,-1.00048,0.00675,0.01131,-0.03211
1790144257.5616343,-0.00643,0.03161,-1.00195,0.00175,0.01073,-0.02382
1790144257.5816662,-0.00748,0.01726,-1.00126,0.00747,0.00576,-0.01545
1790144257.7386727,-0.02249,-0.01831,-1.00331,0.00469,0.00537,0.02382
1790144257.7705326,-0.0181,-0.00035,-0.99963,0.00253,0.01042,0.02903
1790144257.9797964,-0.01695,3e-05,-0.99906,0.00369,0.00814,0.0346
1790144257.9797964,-0.01398,0.00827,-0.99993,0.00094,0.00832,0.00394
1790144258.1884322,-0.0213,-0.0141,-1.00229,0.0028,0.00384,0.03574
1790144258.1884322,-0.02142,-0.00764,-1.00024,0.00525,0.00432,0.03587
1790144258.384647,-0.01991,-0.00384,-1.00068,0.00287,0.00655,0.02894
1790144258.384647,-0.02854,-0.00237,-1.00196,-0.0002,0.0029,0.03173
1790144258.5244424,-0.00725,0.03019,-1.00276,0.00227,0.00608,-0.01247
1790144258.6085668,-0.00847,0.04216,-1.00037,0.00531,0.00388,-0.0324
1790144258.7987795,-0.00986,0.0255,-1.00155,0.00268,0.00663,-0.03099
1790144259.008655,-0.09489,-0.1764,-0.97948,0.04209,-0.00808,0.55061
1790144259.209887,-0.00114,-0.03121,-1.00898,-0.02757,-0.0031,1.46398
1790144259.4124196,0.01588,-0.01227,-1.00653,0.00323,-0.01653,1.48145
1790144259.6219382,0.03585,0.0179,-0.97648,-0.01407,-0.02117,1.56796
1790144259.8163831,0.01363,0.01085,-1.02392,-0.02334,-0.02171,1.53728
1790144260.0148737,0.04455,0.11513,-1.00683,-0.03606,-0.02888,1.21766
1790144260.0148737,0.01667,0.05926,-1.02152,-0.00483,0.00691,0.5687
1790144260.2364106,0.01583,0.09305,-0.99793,-0.0048,0.01132,0.02306
1790144260.2364106,-0.0054,0.00387,-1.00181,0.00693,-9e-05,0.00724
1790144260.4305582,-0.0008,0.02324,-1.00256,0.00185,0.01274,-0.02989
1790144260.6387298,-0.00202,0.0273,-1.00132,0.00718,0.00237,-0.01653
1790144260.6387298,-0.01267,0.00384,-1.00184,0.00465,0.00569,0.00457
1790144260.8503878,-0.00466,0.01087,-1.00096,0.00439,0.00976,0.00016
1790144261.060465,0.0015,0.0351,-1.00106,0.00241,0.0076,-0.0314
1790144261.1675034,-0.00871,-0.00053,-0.99934,0.00411,0.00656,0.00759
1790144261.227551,-0.00739,0.01482,-1.0013,0.00197,0.00919,-0.00227
1790144261.3377833,0.12563,0.0139,-0.99199,0.00457,0.02878,-0.01062
1790144261.434784,0.25173,0.01247,-0.97098,0.02194,0.05162,0.07573
1790144261.528732,0.06565,0.01009,-1.01393,-0.00385,-0.05722,-0.00769
1790144261.6379156,-0.12519,0.00155,-0.97426,-0.00723,0.02612,0.00784
1790144261.7675035,-0.12064,0.0022,-0.99776,-0.01959,0.02851,0.00709
1790144261.8623295,0.04703,0.0339,-0.9796,0.02183,0.03301,-0.0074
1790144261.9583611,0.1009,0.02407,-0.98684,0.00797,0.01668,-0.00053
1790144262.0700707,0.00695,0.03673,-1.002,0.01083,0.01374,-0.03027
1790144262.1344216,-0.06858,0.01229,-1.02285,3e-05,-0.00899,-0.00049
1790144262.2795136,-0.05742,0.01462,-1.00501,0.0131,-0.01614,0.00762
1790144262.3437114,0.0026,0.00393,-0.99678,0.00237,0.00251,0.01756
1790144262.4561675,0.03822,0.03409,-0.9618,0.0153,0.01685,0.03598
1790144262.5857484,-0.01325,0.00936,-0.98725,-0.00487,0.05145,0.01225
1790144262.6667008,-0.02848,-0.00112,-1.00825,-0.01141,-0.00385,-0.00791
1790144262.8582828,-0.02065,0.01451,-1.00756,-0.02401,0.02024,-0.01852
1790144262.8903346,0.01579,0.01497,-1.01631,0.02872,-0.01535,-0.01013
1790144262.9895477,-0.00707,0.0151,-0.99819,0.04371,-0.0002,-0.03766
1790144263.0666173,-0.00208,0.01214,-0.96356,-0.0091,0.03084,0.04821
1790144263.308429,-0.01163,0.00678,-0.99989,0.01064,0.0164,0.01001
1790144263.4729874,-0.09075,0.03435,-1.00328,0.01512,-0.03422,0.00908
1790144263.4793258,-0.14018,0.0364,-1.01289,-0.00053,-0.00095,0.07216
1790144263.7177236,-0.0122,0.03024,-1.00123,0.00338,0.00676,-0.00874
1790144263.7177236,-0.01656,0.01587,-1.00097,0.00169,0.00632,-0.00732
1790144263.9015849,-0.01861,0.01103,-1.00123,0.00561,0.01027,0.00426
1790144263.907705,-0.01015,0.01466,-0.99972,0.00316,0.00709,0.00099
1790144264.064908,-0.00757,0.02721,-1.00223,0.00165,0.00206,-0.02664
1790144264.088774,-0.00838,0.01802,-1.00043,0.00302,0.00646,-0.01268
1790144264.3333514,-0.01287,0.00526,-1.00222,0.00019,0.0052,0.00454
1790144264.5144584,-0.01267,0.01558,-1.00128,0.00195,0.00337,0.00327
1790144264.5144584,-0.0091,0.01624,-1.00176,0.00326,0.00733,-0.00536
1790144264.7387443,-0.01931,0.01247,-1.00074,0.00314,0.00738,0.00172
1790144264.9483469,-0.0074,0.01271,-1.00096,0.0019,0.00752,-0.00052
1790144265.0768132,-0.01009,0.01166,-1.00068,0.00323,0.00637,0.00135
1790144265.140491,-0.01743,0.00093,-1.00098,0.0023,0.00652,0.0213
1790144265.253958,-0.02003,-0.02188,-1.00196,0.0004,0.00653,0.02626
1790144265.350677,-0.01373,0.00282,-1.00204,0.00034,0.00499,0.0191
1790144265.558562,-0.00396,0.01591,-1.00118,-0.00035,0.01357,-0.00528
1790144265.558562,-0.0073,0.01483,-0.99819,0.00407,0.00715,0.00418
1790144265.7679317,-0.01381,0.01566,-1.00165,0.00075,0.0073,-0.00107
1790144265.9622004,-0.01992,0.02263,-1.00081,0.00389,0.00527,-0.02329
1790144266.0907402,-0.00792,0.02618,-1.00053,0.00346,0.00497,-0.0225
1790144266.1429389,-0.01147,0.00123,-1.00031,0.00563,0.00765,0.01185
1790144266.3657084,-0.01364,0.00808,-1.00028,0.00187,0.00717,0.01068
1790144266.3835816,-0.02879,0.011,-1.00081,0.00728,0.00719,-0.00209
1790144266.5744758,-0.01322,0.011,-1.00293,0.00166,0.00538,-0.00323
1790144266.5744758,-0.00626,0.01367,-1.00077,0.00313,0.00726,0.00208
1790144266.7837903,-0.01236,0.01574,-0.9999,0.00312,0.00761,-0.00156
1790144266.7837903,-0.01052,0.01355,-1.00067,0.0048,0.00425,0.0001
1790144266.9940357,-0.01078,0.01421,-1.00247,0.00329,0.00569,0.00034
1790144266.9940357,-0.01218,0.01513,-1.00246,0.00381,0.00596,-0.00134
1790144267.1075914,-0.01144,0.01372,-1.00222,0.00437,0.00663,0.00134
1790144267.1218495,-0.01085,0.01202,-0.99949,0.00508,0.00568,0.00123
1790144267.3997042,-0.01052,0.0155,-1.00158,0.00429,0.00844,-0.00067
1790144267.3997042,-0.01028,0.01416,-0.99979,0.00247,0.00388,0.00099
1790144267.6061218,-0.01136,0.01609,-1.00112,0.00295,0.0066,-0.00059
1790144267.6061218,-0.01019,0.01205,-1.00201,0.00101,0.00225,0.00301
1790144267.8138635,-0.01059,0.0143,-1.00082,0.00374,0.00354,0.00038
1790144267.8138635,-0.00985,0.0141,-1.00077,0.00475,0.00329,-0.00011
1790144267.99706,-0.00816,0.02733,-1.00213,0.00193,0.00927,-0.00525
1790144267.99706,-0.00878,-0.00385,-1.00063,0.00018,0.01146,0.02001
1790144268.1197555,-0.00785,0.02267,-1.00176,0.00398,0.00381,-0.01142
1790144268.1391103,-0.01615,0.00311,-0.99973,0.00564,0.00674,0.00607
1790144268.4267902,-0.01267,0.00925,-1.0012,0.00445,0.00905,0.00783
1790144268.4267902,-0.00841,0.01623,-1.00014,0.00224,0.00649,-0.00163
1790144268.6364284,-0.01094,0.01505,-0.99946,0.00515,0.00579,-0.00014
1790144268.7659717,-0.00022,0.0332,-1.00127,0.00651,0.00538,-0.04845
1790144268.7860317,-0.01283,0.00346,-1.00014,0.00135,0.00511,0.0073
1790144269.0365448,-0.01769,-0.00355,-0.99925,0.00519,0.00653,0.0161
1790144269.0365448,-0.01179,-0.01059,-0.99868,0.01328,0.0092,0.03125
1790144269.1325836,-0.01112,0.01399,-1.00345,0.00352,0.00655,0.00194
1790144269.2185435,-0.00873,0.0218,-0.99974,0.00491,0.00227,-0.00462
1790144269.3418527,-0.01106,0.01429,-1.00009,0.00157,0.00508,-0.0027
1790144269.361907,0.15685,0.02179,-0.9827,0.0158,0.05925,-0.0451
1790144269.4870644,0.25899,0.05526,-0.99665,0.00264,0.00702,-5e-05
1790144269.617852,-0.15295,-0.02899,-0.96168,0.02322,0.02222,0.038
1790144269.6812477,-0.09828,0.03303,-0.99478,-0.00641,0.00992,-0.0385
1790144269.7942364,0.03952,-0.01061,-0.99314,-0.01058,0.04421,0.0079
1790144269.9222434,0.0807,-0.00023,-0.99313,0.00572,0.01863,-0.00225
1790144270.0028648,-0.02738,0.02698,-1.03569,0.01606,-0.01108,-0.02046
1790144270.1164157,-0.0759,0.01542,-0.98075,0.00959,0.0283,-0.00209
1790144270.1810951,-0.04268,0.03031,-0.99062,0.01351,-0.0095,0.00389
1790144270.30987,0.01938,0.00802,-0.99442,0.01038,0.02081,0.01491
1790144270.373979,0.02513,0.0107,-1.01268,0.01863,0.02308,0.0051
1790144270.4865463,-0.03248,0.00953,-1.00399,-0.04774,0.01097,0.02614
1790144270.583741,-0.05663,-0.00616,-1.00547,-0.00831,0.01422,-0.00712
1790144270.6952655,-0.02017,0.00627,-0.99369,0.00243,0.02564,-0.0301
1790144270.840766,0.01479,0.01852,-1.00053,0.01803,0.01433,0.00917
1790144270.9055946,0.01367,0.05996,-1.00487,0.03391,0.01736,-0.02902
1790144271.035158,-0.03656,-0.01374,-1.00279,0.02655,0.05078,0.04398
1790144271.0990965,-0.02136,-0.00127,-1.06283,-0.02915,-0.03736,0.03576
1790144271.226674,0.00994,0.00284,-1.02837,-0.01874,-0.01442,0.00337
1790144271.3058057,0.0231,0.00967,-0.99974,0.02004,-0.00538,0.01218
1790144271.496163,-0.25628,-0.01119,-0.98871,-0.00572,0.00921,0.03576
1790144271.506764,-0.08167,-0.02299,-1.00203,0.00421,0.00927,0.07566
1790144271.7027981,-0.00035,0.02074,-1.00323,-0.00426,0.00843,-0.02803
1790144271.7027981,0.00353,0.01318,-1.00042,0.00127,0.0053,-0.00698
1790144271.9105022,-0.00013,0.00893,-1.00017,0.00339,0.00727,0.00363
1790144271.9105022,0.00263,0.00991,-0.99996,0.00304,0.00593,0.00232
1790144272.0794666,0.00329,0.00816,-1.0007,0.00529,0.00438,0.00504
1790144272.1747081,0.00317,0.0113,-1.00075,0.0015,0.00725,0.00154
1790144272.2714531,0.00356,0.01177,-0.99884,0.00187,0.00771,0.00223
1790144272.319077,0.0022,0.01182,-1.00078,0.00165,0.00843,0.00101
1790144272.5164442,0.00215,-0.0055,-1.00132,-0.00013,0.01138,0.02877
1790144272.720927,-0.00094,0.01261,-0.99979,-0.00064,0.00448,-2e-05
1790144272.9300506,-0.00077,0.00911,-1.00124,0.0041,0.00643,0.00505
1790144272.9300506,0.00069,0.01469,-1.00169,0.00519,0.00453,0.00189
1790144272.9459984,0.00301,0.02289,-1.00087,0.0019,0.01068,0.00199
1790144273.1065323,-0.00072,0.02718,-1.00033,0.00542,0.0042,0.01665
1790144273.1258078,0.00648,0.02948,-1.0014,0.00196,0.00362,-0.0187
1790144273.3347394,0.00038,0.01848,-1.00197,0.00258,0.00386,-0.00653
1790144273.3468957,0.00545,0.0056,-1.00055,0.00562,0.00886,0.00386
1790144273.543937,-4e-05,0.00775,-1.00096,0.00381,0.00328,0.00163
1790144273.5581803,0.0042,0.01632,-1.00202,0.00407,0.00471,-0.0021
1790144273.7491918,0.0029,0.01167,-1.00073,0.00241,0.00645,0.0034
1790144273.9319105,0.00432,0.03508,-1.00007,-0.00088,0.00298,-0.03445
1790144273.9463894,-0.00132,0.00016,-0.9997,0.00515,0.00664,0.01193
1790144274.1363902,-0.00188,-0.00202,-1.00233,0.00288,0.00384,0.03386
1790144274.1363902,-0.00812,0.016,-1.00201,0.00349,0.00268,-0.00216
1790144274.3629403,0.00352,0.00903,-1.00152,0.00447,0.0094,-0.00451
1790144274.5692058,0.00294,0.01117,-1.00158,0.00336,0.00603,-0.00041
1790144274.5692058,0.00327,0.01111,-1.00047,0.00545,0.00692,0.00063
1790144274.5858903,0.00036,0.01066,-1.00204,0.00302,0.00455,0.00152
1790144274.7667148,0.00206,0.01128,-1.00333,0.00143,0.0048,-3e-05
1790144274.7792704,0.00205,0.01216,-1.00119,0.00454,0.00711,7e-05
1790144274.975209,0.00307,0.0131,-1.00215,0.00324,0.00337,-0.00057
1790144275.1825557,0.00225,0.01258,-1.00176,0.00101,0.00462,-0.00061
1790144275.3902085,0.0031,0.01113,-1.00155,0.00262,0.00252,-5e-05
1790144275.3930123,0.00075,0.01331,-1.00256,0.0008,0.00589,-0.00101
1790144275.5917473,0.00239,0.01017,-1.00114,0.00426,0.0052,0.00112
1790144275.5917473,0.00459,0.01926,-1.00073,0.001,0.00839,-0.02986
1790144275.7661943,0.01529,0.03784,-1.00431,-0.00276,0.00917,-0.03875
1790144275.7787962,0.00457,0.00337,-0.99858,0.00317,0.00594,0.00449
1790144276.0065022,0.00062,0.0197,-0.99928,0.00493,0.00461,0.01748
1790144276.1993666,-0.0002,0.01173,-0.99873,0.00292,0.00394,0.00251
1790144276.4105659,0.0012,0.01135,-1.0019,0.00211,0.00311,0.00185
1790144276.4105659,-0.00551,0.00025,-1.00045,0.00976,0.00611,0.03163
1790144276.5438774,0.01298,-0.01089,-1.00065,-0.0003,0.01277,0.02599
1790144276.5614731,0.01315,0.00954,-1.0026,0.00202,0.00875,-0.00906
1790144276.8128283,0.00726,0.01822,-1.00014,0.00448,0.00289,-0.00936
1790144276.8612697,0.00199,0.00832,-1.00191,0.00055,0.00504,0.00233
1790144277.0222716,0.00078,0.01026,-1.00267,0.00382,0.00218,0.00147
1790144277.2165883,0.04451,-0.05585,-0.98469,0.07321,0.01108,1.23845
1790144277.2165883,0.11999,0.13028,-1.00952,0.03423,0.02329,1.38716
1790144277.4330533,0.0054,-0.06267,-1.02695,0.00815,-0.03006,1.58042
1790144277.6353395,0.00552,-0.00665,-0.9962,0.00638,-0.01509,1.55262
1790144277.7475662,0.05107,0.02983,-0.96995,0.02815,0.03042,1.5218
1790144277.843182,0.03254,-0.0077,-0.99795,-0.0291,-0.00894,1.55153
1790144278.0538013,-0.0169,-0.00175,-0.99127,0.03818,0.01566,0.60059
1790144278.231792,0.01713,0.0604,-1.00129,-0.00021,0.00778,0.19088
1790144278.247709,-0.00544,-0.01993,-1.00128,0.00476,0.00588,0.00262
1790144278.3605084,-0.00408,-0.00512,-1.00303,0.00356,0.00963,-0.00072
1790144278.4547832,-0.0088,-0.00106,-1.00106,0.00364,0.0048,-0.0003
1790144278.6675544,-0.01053,-0.00779,-1.0031,0.0028,0.0052,0.0255
1790144278.6675544,-0.00817,-0.00359,-1.00216,0.00589,0.00586,0.00435
1790144278.8589225,-0.00469,-0.00076,-0.99983,0.00402,0.0066,-0.00636
1790144278.874706,-0.00716,-0.00299,-1.00163,0.00766,0.00596,0.00057
1790144278.9882903,-0.01777,-0.01788,-1.00233,0.00239,0.00978,0.03906
1790144279.0044608,0.00191,-0.02373,-1.00161,0.00838,0.00182,-0.00232
1790144279.1343024,0.01237,-0.01351,-1.00005,0.00354,0.01103,0.00636
1790144279.1984375,0.23713,0.02872,-1.00765,-0.00274,0.00976,0.04253
1790144279.3261106,0.16196,-0.03302,-0.96804,-0.02462,0.04191,-0.0265
1790144279.437258,-0.08309,-0.00316,-1.02422,-0.02625,-0.00858,-0.00492
1790144279.5036023,-0.17884,-0.0474,-0.9998,-0.0261,-0.0075,0.04995
1790144279.6444986,-0.00878,0.029,-0.99868,0.01252,0.00587,-0.03969
1790144279.708502,0.09827,0.01379,-0.99623,0.06763,-0.02334,-0.02047
1790144279.9013338,0.05123,0.00077,-0.9803,-0.00264,0.02596,0.00797
1790144280.0264907,-0.07168,-0.0067,-1.03092,-0.03177,-0.00933,0.01387
1790144280.2025077,-0.02132,-0.0071,-1.01693,0.00193,0.0154,0.01959
1790144280.2249138,-0.00076,-0.03484,-1.00257,0.01707,-0.00088,0.04266
1790144280.346566,0.01548,0.02258,-0.98035,0.02856,0.03264,-0.01405
1790144280.5075848,-0.02126,0.00497,-1.00047,-0.00229,0.00332,0.02125
1790144280.5874796,-0.02258,0.00152,-0.99562,-0.02437,0.01815,-0.00709
1790144280.6677806,0.02554,0.00186,-0.99966,-0.01578,0.02257,-0.02842
1790144280.7817678,0.00076,-0.01031,-0.99996,0.00821,0.01011,0.00956
1790144280.862457,-0.02584,0.00165,-1.00138,0.00082,0.00237,0.01774
1790144280.9756436,0.00331,0.00199,-0.98961,0.01694,-0.01591,0.00965
1790144281.0560558,-0.01668,-0.00295,-0.99401,-0.00436,0.02119,0.00942
1790144281.2656796,-0.00104,0.00278,-1.00495,-0.00671,0.00992,-0.00772
1790144281.2815027,-0.15925,0.00888,-0.99734,-0.01919,-0.00484,-0.02431
1790144281.3623471,-0.23577,0.04816,-0.99632,0.00858,-0.00033,0.05118
1790144281.5436573,0.03203,0.0575,-1.00509,-0.00792,0.00865,-0.08032
1790144281.7331254,0.08479,0.01721,-0.99908,0.00482,0.01331,-0.02186
1790144281.7331254,-0.00138,0.01858,-1.00114,0.00725,0.00628,-0.02414
1790144281.7731903,-0.01738,0.01103,-1.00142,0.00135,0.00884,-0.02439
1790144281.939795,-0.00848,0.01338,-1.00115,0.0044,0.00482,-0.02352
1790144282.054529,-0.01122,-0.0154,-1.00182,0.00302,0.01093,-0.00776
1790144282.068254,-0.00681,-0.01229,-0.9994,0.00825,0.00665,0.00942
1790144282.1542938,-0.0114,-0.01155,-1.00353,0.00326,0.0063,0.01569
1790144282.29223,-0.01285,-0.01394,-1.00094,0.00448,0.00578,0.02082
1790144282.5535197,-0.01337,-0.01232,-1.00111,0.0041,0.00682,0.02273
1790144282.5535197,-0.00425,-0.00292,-1.00217,0.00425,0.00462,-0.01222
1790144282.5675511,-0.01327,0.00281,-0.99959,0.00263,0.00632,0.00175
1790144282.7656596,-0.00144,0.0075,-1.00126,0.00143,0.00311,-0.00295
1790144282.7656596,-0.0022,0.00984,-1.00111,0.00301,0.00542,-0.01006
1790144282.9686766,-0.00373,0.00339,-1.00193,0.00269,0.00954,0.01499
1790144282.9848268,-0.01216,-0.01152,-1.00123,0.00242,0.00874,0.00873
1790144283.1464503,-0.00665,0.00412,-1.00076,0.00383,0.00688,0.00788
1790144283.2922304,-0.00045,0.015,-1.00196,0.00041,0.00641,-0.00219
1790144283.3079135,-0.01032,-0.01871,-1.00278,0.00152,0.00596,-0.00787
1790144283.3880167,-0.00224,0.00728,-1.00028,0.00066,0.00672,-3e-05
1790144283.5816717,-0.00494,0.00404,-1.00118,0.00196,0.00715,-0.00387
1790144283.5816717,-0.00847,0.00069,-0.99957,0.00317,0.00699,-0.00102
1790144283.7908266,-0.00482,0.00492,-1.00087,0.00472,0.00517,-0.00565
1790144283.8068855,-0.02004,0.00766,-1.00236,0.00056,0.00435,-0.00514
1790144283.9686296,0.00262,0.02694,-1.00423,0.00138,0.00716,-0.0327
1790144283.9846735,-0.00191,0.00558,-0.99908,0.00214,0.00906,-0.01387
1790144284.1956108,0.00175,0.00036,-0.99988,0.0003,0.00904,-0.01852
1790144284.1956108,-0.01725,-0.01384,-1.0012,0.00336,0.00185,0.01887
1790144284.3057497,-0.00757,-0.01163,-1.00047,0.00268,0.00753,0.01916
1790144284.4025588,-0.00484,-0.00518,-1.00177,0.00456,0.00647,0.01569
1790144284.5965552,-0.00507,-0.00081,-0.99996,0.00198,0.00551,0.00597
1790144284.8063052,-0.00395,0.00505,-1.00242,0.00419,0.0067,0.00283
1790144285.0166261,-0.00299,0.01067,-1.00178,0.00242,0.00625,-0.0057
1790144285.0166261,-0.00246,0.0124,-1.00111,0.00345,0.00769,-0.01828
1790144285.213727,-0.00167,0.00845,-1.0014,0.00319,0.00285,-0.01752
1790144285.227489,-0.00729,0.00344,-1.00348,0.00382,0.00301,-0.00956
1790144285.3221664,-0.00876,-0.0033,-1.00154,0.00075,0.0097,-0.0019
1790144285.4224045,-0.00904,-0.00486,-1.00055,0.00384,0.00635,0.00575
1790144285.6291213,-0.00825,-0.00905,-1.00104,0.0024,0.00366,0.01376
1790144285.8038635,0.00278,0.027,-1.00019,0.00396,0.00156,-0.02503
1790144285.8200476,-0.00418,0.00623,-1.00247,0.0015,0.00526,-0.0134
1790144286.0293393,-0.00959,-0.00318,-1.00324,0.0036,0.00572,0.00548
1790144286.2425056,-0.00624,-0.00186,-1.00249,0.00431,0.00518,0.00678
1790144286.2425056,-0.00697,-0.00429,-1.00121,0.00226,0.00463,0.01209
1790144286.4485903,-0.00794,-0.00361,-1.00139,0.00203,0.00553,0.01536
1790144286.4531212,-0.01164,0.00191,-1.00156,-0.00082,0.00693,-0.00105
1790144286.6542635,-0.0107,-0.00922,-0.99911,0.00328,-0.00087,0.03832
1790144286.667496,-0.00212,0.01575,-1.00218,0.00655,0.00946,-0.01688
1790144286.7766194,-0.00227,0.02112,-1.00096,0.00166,0.00426,-0.02355
1790144286.8448143,-0.00294,0.00501,-1.00238,0.00122,0.00425,-0.01436
1790144286.9698977,0.09702,-0.00316,-0.998,0.0013,0.02498,0.00535
1790144287.0684597,0.2632,-0.01094,-0.96938,0.01747,0.02512,0.03283
1790144287.1626806,0.07366,-0.03602,-1.00635,-0.03483,-0.00623,0.03522
1790144287.2748747,-0.11167,0.04144,-1.01003,0.05323,-0.02904,-0.04565
1790144287.4028807,-0.12352,0.0093,-0.99334,0.00217,0.00702,-0.01992
1790144287.4821022,0.03035,0.00372,-1.00779,0.00839,0.02133,-0.00072
1790144287.5940921,0.09301,0.0156,-1.0305,0.04433,-0.01031,-0.0211
1790144287.7219386,0.00955,0.00917,-1.01256,-0.05531,-0.00048,-0.00058
1790144287.785572,-0.06346,0.01912,-0.98749,0.03044,0.0228,-0.03272
1790144287.8680992,-0.05791,0.01242,-0.98453,0.01262,0.01146,0.01962
1790144287.9765646,0.02309,0.02996,-0.98936,0.02189,0.04259,-0.03269
1790144288.1040068,-0.03179,-0.01256,-0.9961,-0.00234,-0.0052,0.03494
1790144288.1855764,-0.04175,-0.02303,-1.01537,-0.02732,-0.0057,0.0467
1790144288.2941484,-0.01676,-0.01651,-1.00105,0.02774,0.01174,0.02114
1790144288.423415,0.00333,-0.00615,-0.99467,-0.00026,-0.02508,0.03002
1790144288.5044317,0.02311,0.03669,-1.00529,0.02817,0.03545,-0.03336
1790144288.6170118,-0.02378,0.00709,-0.99562,0.04117,0.0066,-0.04112
1790144288.7016873,-0.03293,-0.00886,-0.99621,-0.00554,-0.00674,0.02756
1790144288.8098679,-0.00379,-0.01875,-0.99841,0.00531,0.00312,0.02528
1790144288.9061852,-0.00743,-0.02022,-1.01659,-0.01343,0.002,0.02652
1790144289.0992098,-0.26312,-0.03064,-1.00218,-0.01745,0.0161,0.06822
1790144289.115372,-0.2012,0.03896,-0.99832,0.01324,-0.00025,-0.03695
1790144289.3084414,0.04957,0.02217,-0.99876,-0.0008,0.01213,-0.04136
1790144289.3241904,0.07865,0.01258,-1.00556,-0.00057,-0.00348,0.01688
1790144289.5170867,-0.00717,0.01512,-1.00156,0.00792,0.00337,0.00177
1790144289.5170867,-0.00995,0.00201,-1.00257,0.00151,0.00471,-0.00524
1790144289.6665704,-0.01141,0.00826,-1.00065,0.00163,0.00432,-0.00024
1790144289.7264247,-0.01048,0.00228,-1.00216,0.00555,0.00356,0.00374
1790144289.866873,-0.00806,0.00744,-1.00205,0.00137,0.00236,0.00122
1790144289.9180317,-0.01042,0.00659,-1.00292,0.00226,0.00733,-0.00049
1790144290.1281996,-0.01201,0.00753,-1.0021,0.00538,0.00584,0.00092
1790144290.240664,-0.0071,0.00842,-1.00082,0.00205,0.00834,-0.00728
1790144290.3372946,-0.01011,0.00346,-1.00135,0.00481,0.00749,-0.00082
1790144290.5476172,-0.01209,0.00483,-1.00051,0.0028,0.00691,-0.00042
1790144290.7094893,-0.01775,-0.01847,-1.00028,0.00703,0.00779,0.01975
1790144290.7277396,-0.01818,-0.01194,-0.99982,0.00435,0.00389,0.02055
1790144290.9509003,-0.00251,0.01344,-0.99956,0.00256,0.01233,-0.00628
1790144291.1599646,-0.01088,0.00603,-1.00178,0.00342,0.00625,-0.00036
1790144291.352555,-0.00148,0.00351,-1.00032,0.00525,0.0079,0.00596
1790144291.529032,-0.0058,0.01785,-0.99979,0.00359,0.00495,-0.0195
1790144291.5470667,-0.01639,-0.00509,-1.00091,0.00306,0.00679,0.01634
1790144291.7736707,-0.01127,-0.01181,-1.00054,0.00436,0.00246,0.04249
1790144291.7736707,-0.01958,0.01177,-1.00197,0.00257,0.0042,0.00133
1790144291.9740374,-0.00751,0.00497,-1.00037,0.00319,0.00481,0.00114
1790144292.1813788,-0.00951,0.00415,-1.00262,0.00132,0.00566,0.00064
1790144292.1813788,-0.01191,0.00643,-1.00046,0.00362,0.00433,-0.00104
1790144292.3473086,-0.0092,0.00497,-1.00061,0.00373,0.00737,0.00037
1790144292.3585787,-0.00999,0.00838,-1.00162,0.00581,0.00512,-0.00185
1790144292.589376,-0.01072,0.00451,-1.00004,0.00501,0.00602,0.00176
1790144292.7984786,-0.01148,0.00416,-1.00181,0.00216,0.00731,0.00322
1790144293.0030322,-0.01005,0.00626,-1.00089,0.00215,0.00454,0.00107
1790144293.2120621,-0.01015,0.00673,-1.00289,0.0034,0.00666,-0.00122
1790144293.2120621,-0.00472,0.01376,-1.00082,0.00352,0.01041,-0.02913
1790144293.389468,-0.00204,0.00993,-1.00158,0.00058,0.00747,-0.02237
1790144293.389468,-0.0079,0.0192,-1.00004,0.00119,0.0009,-0.02123
1790144293.6154218,-0.01422,-0.00826,-1.00003,0.00323,0.00264,0.00778
1790144293.8129287,-0.01236,0.00921,-1.00125,0.00373,0.00632,0.00218
1790144294.0162678,-0.00885,0.00815,-1.00231,0.00301,0.00558,-0.00182
1790144294.1589801,-0.00605,0.00115,-1.00135,0.00048,0.00928,-0.00392
1790144294.3960888,-0.01521,-0.00485,-1.00016,0.00331,0.00545,0.01058
1790144294.4073164,-0.01101,0.0051,-1.00059,-0.00147,0.00682,0.00419
1790144294.6334295,-0.00833,0.00776,-1.00132,0.00607,0.00788,-0.00335
1790144294.6334295,-0.01042,0.00656,-1.00288,0.00358,0.00982,-0.0041
1790144294.8413522,0.02365,0.03144,-0.98213,0.02662,-0.00925,-1.41351
1790144294.8413522,0.01261,-0.02036,-0.98379,0.01013,0.0362,-1.44828
1790144295.051775,0.00785,-0.00431,-0.985,0.00035,0.03629,-1.46873
1790144295.0614142,0.02752,0.02742,-0.99616,-0.02017,0.02206,-1.50684
1790144295.2559755,0.03138,0.002,-1.00434,0.00811,-0.02143,-1.57026
1790144295.2579832,0.01261,-0.03151,-1.04011,-0.008,-0.00183,-1.54147
1790144295.4184253,0.02828,0.0209,-1.02191,0.00838,0.00026,-1.60314
1790144295.664039,0.00723,-0.03886,-0.98934,-0.01507,0.02832,-1.51326
1790144295.664039,0.00139,0.01951,-0.99452,0.01555,0.01651,-0.53952
1790144295.8701317,-0.02797,-0.04668,-1.00133,0.00403,0.00787,-0.02299
1790144295.8701317,-0.00681,0.00072,-1.00111,0.00768,0.00718,0.00936
1790144295.8860602,-0.00294,0.00842,-1.00151,0.00374,0.00681,-0.00381
1790144295.9839294,-0.00628,0.00727,-1.00061,0.00494,0.00822,0.00169
1790144296.0795717,0.0008,0.02414,-1.00109,0.00586,0.00447,-0.00606
1790144296.2686427,-0.00605,0.00762,-1.001,0.0039,0.00247,-0.0012
1790144296.2847536,-0.00518,0.00862,-1.00225,0.00515,0.00701,-0.00056
1790144296.412377,-0.00737,0.00362,-1.00014,0.00198,0.00485,0.0058
1790144296.5905185,-0.00116,0.01746,-1.00142,0.00504,0.0015,-0.02388
1790144296.602019,-0.02096,0.02596,-1.00294,-0.00165,-0.00078,0.00498
1790144296.7121623,0.04464,0.00353,-0.99997,0.00374,0.01337,0.00513
1790144296.8403034,0.25605,0.02398,-1.00853,-0.00125,0.00862,0.02267
1790144296.9044025,0.11432,-0.02355,-1.02147,0.01047,0.00046,-0.00881
1790144297.0488245,-0.09017,-0.00409,-0.98611,0.00572,0.03678,0.00779
1790144297.097064,-0.13632,0.00675,-1.0011,0.01353,0.00701,-0.02826
1790144297.242776,-0.00319,0.00518,-1.01111,-0.01298,0.02913,-0.0132
1790144297.3263204,0.09386,0.00272,-1.00193,0.00515,-0.00029,-0.01408
1790144297.4989727,0.02413,0.00405,-1.00773,0.0087,-0.00232,0.00105
1790144297.4989727,-0.07859,-0.02219,-1.00169,-0.03735,0.01441,0.05322
1790144297.6297932,-0.04792,0.04507,-1.00889,0.00564,0.01244,-0.05173
1790144297.7378423,-0.00122,-0.02096,-1.00666,-0.0117,0.01697,0.01587
1790144297.8170166,0.03699,-0.01113,-1.0262,-0.01257,-0.02817,0.03477
1790144297.9281244,-0.02589,-0.01072,-1.01818,-0.03212,-0.00388,0.0104
1790144298.0545218,-0.03894,0.02248,-1.00323,0.03788,0.05185,-0.02965
1790144298.1179874,-0.03289,0.01158,-1.00524,0.00038,-0.00586,0.01929
1790144298.244753,0.01293,0.03985,-1.0146,0.0158,-0.00028,-0.03008
1790144298.3250794,0.00148,-0.0062,-1.0065,-0.01784,-0.00625,0.00631
1790144298.4368412,-0.01425,-0.00286,-0.96043,0.05461,0.06413,0.00119
1790144298.5206037,-0.02834,0.01578,-1.01565,-0.04083,0.01428,-0.03962
1790144298.6443858,-0.01652,0.01288,-0.99855,0.02583,0.03061,-0.00351
1790144298.741626,-0.00222,0.01536,-0.97481,0.03879,0.02377,-0.00861
1790144298.9514043,-0.19134,0.01792,-0.98526,0.02228,-0.00325,-0.01366
1790144298.9514043,-0.23258,0.00938,-1.00529,-0.00161,0.00725,0.1077
1790144299.1451688,-0.02978,0.00835,-1.00198,0.00517,-0.00483,-0.02306
1790144299.3528845,0.08526,-0.03639,-1.01198,0.00989,0.01245,0.02226
1790144299.3610954,0.00094,0.00808,-1.00184,0.00471,0.00649,-0.00105
1790144299.4386797,-0.00201,0.01215,-1.00006,0.00365,0.00516,-0.00745
1790144299.5681872,-0.011,-0.00492,-0.99937,0.00984,0.0033,-0.01408
1790144299.7617362,-0.0052,0.00651,-1.00138,0.00296,0.0043,-0.00362
1790144299.7617362,-0.00538,0.00211,-1.00128,0.00128,0.00514,-0.01256
1790144299.9383059,-0.00649,-0.00195,-0.99905,0.00511,0.00376,0.00909
1790144299.9544702,-0.00999,-0.00173,-1.00118,0.00396,0.00224,0.00912
1790144300.165435,-0.00986,-0.00437,-1.00161,0.00277,0.00466,0.0166
1790144300.1845002,-0.01404,0.00221,-1.00164,-0.00081,0.00646,-0.00519
1790144300.3748577,-0.00808,0.0052,-0.99775,0.00547,0.0063,0.00182
1790144300.444373,-0.00336,0.00624,-0.99998,0.00329,0.00669,-0.00094
1790144300.584456,-0.0059,0.0078,-1.00204,0.00154,0.00603,-0.00427
1790144300.745651,-0.00668,0.02102,-1.00191,0.00348,0.00298,-0.02056
1790144300.7617571,-0.00478,0.00783,-0.99981,0.00182,0.00567,-0.02124
1790144300.9882736,-0.00729,-0.00128,-1.00118,0.00388,0.00547,0.0027
1790144301.0040379,-0.01039,-0.01556,-1.0009,0.00062,0.00561,0.00611
1790144301.1982496,-0.00578,0.00517,-0.99977,0.00596,0.00422,0.00561
1790144301.3903162,-0.00854,0.00593,-1.00086,0.00314,0.00751,-0.00049
1790144301.4060712,-0.00775,0.0016,-1.00251,0.00304,0.00533,0.00365
1790144301.5670981,-0.00134,0.02141,-1.00074,0.00287,0.00695,-0.01946
1790144301.5827641,-0.00539,0.00092,-1.00127,0.00192,0.00487,-0.00077
1790144301.8113275,-0.01209,0.00624,-0.99951,0.0073,0.00354,0.00344
1790144302.0048316,-0.00136,0.00212,-1.0001,0.00345,0.009,-0.001
1790144302.0202568,-0.00429,0.00491,-0.99957,0.00236,0.00534,-0.00182
1790144302.2212155,-0.00619,0.00239,-0.99976,0.00656,0.00745,0.00333
1790144302.4218743,-0.00538,0.00406,-0.99788,0.00396,0.00478,-0.00033
1790144302.629786,-0.00381,0.00488,-0.99957,0.00346,0.00733,0.00037
1790144302.629786,-0.00635,0.00463,-0.99992,0.00401,0.00546,0.00091
1790144302.8261752,-0.00703,0.00344,-1.00447,0.00424,0.00724,0.00206
1790144302.8379562,-0.00725,0.00025,-1.00157,0.00321,0.00462,0.00701
1790144303.0333207,-0.00682,0.00286,-0.99985,0.00447,0.00736,0.00342
1790144303.0473778,-0.00713,0.00454,-1.00084,0.00239,0.00806,0.00247
1790144303.2408884,-0.0142,-0.00161,-1.00192,0.00863,0.00383,0.02883
1790144303.4290955,-0.0031,0.0285,-1.00219,0.0016,0.00043,-0.02119
1790144303.4383101,-0.00871,0.00675,-1.00216,0.00234,0.00653,-0.01131
1790144303.640259,-0.00128,0.00822,-0.99981,0.00311,0.00866,-0.02533
1790144303.6562688,-0.00717,-0.00238,-1.00145,0.00566,0.00096,0.00556
1790144303.8627586,-0.01044,0.00488,-1.0005,0.00377,0.00557,-0.00058
1790144304.0547817,-0.00663,0.00218,-1.00113,0.00474,0.00304,-0.00095
1790144304.182266,-0.00382,0.0246,-1.00125,0.00455,0.00687,-0.02121
1790144304.472882,-0.00741,0.00875,-1.00079,0.0008,0.00633,-0.00992
1790144304.472882,-0.00745,-0.00293,-1.00106,0.00559,0.00371,0.0063
1790144304.664858,-0.0089,-0.00228,-1.00285,0.00375,0.00585,0.0114
1790144304.680901,-0.152,-0.43582,-1.03253,0.04781,-0.01907,1.31316
1790144304.8735723,0.01349,-0.00181,-0.98881,0.00024,-0.01175,1.48606
1790144305.0853906,0.03207,0.03511,-1.00323,-0.002,-0.01693,1.48019
1790144305.0853906,0.022,-0.00877,-0.98456,-0.00156,0.00587,1.51569
1790144305.2924333,0.00525,-0.00986,-0.99363,-0.00527,-0.01455,1.50481
1790144305.2924333,0.01249,-0.00336,-1.00322,-0.01344,-0.00243,1.5622
1790144305.5008311,0.03405,-0.00085,-1.05078,0.02214,-0.03125,1.54386
1790144305.5008311,0.02494,0.02245,-1.01409,-0.03272,-0.00563,1.57079
1790144305.6958623,0.08475,0.20651,-0.99166,0.01722,0.00352,0.7439
1790144305.6958623,0.01292,0.05479,-1.01454,-0.00346,-0.005,0.29152
1790144305.905109,-0.02149,0.00037,-1.00228,0.00797,0.00381,-0.0134
1790144305.905109,-0.01589,0.01,-1.00088,0.00327,0.00933,-0.00297
1790144306.0164704,-0.01343,0.00685,-1.00176,0.00312,0.00761,0.00275
1790144306.105995,-0.00943,0.01398,-1.00104,0.00452,0.00864,-0.02892
1790144306.2524147,-0.01484,0.01187,-1.0004,0.00501,0.00574,-0.00124
1790144306.3136084,-0.01565,0.00995,-0.9999,0.00522,0.00828,-0.00146
1790144306.4921627,-0.01395,0.00534,-1.00063,0.00278,0.00654,0.00573
1790144306.624078,-0.0132,0.02028,-1.00143,-0.00044,0.00553,-0.04026
1790144306.7177916,0.00273,0.00528,-0.99819,0.00454,0.01786,0.01896
1790144306.8641493,0.22563,0.0418,-1.01352,0.01394,0.04284,-0.05146
1790144306.9260907,0.14823,-0.03554,-0.98355,0.02972,-0.01075,-0.00217
1790144307.0069716,-0.03708,0.01864,-0.98823,0.02514,0.00626,0.02039
1790144307.1383722,-0.14857,-0.01492,-1.00264,-0.02331,-0.00954,0.02564
1790144307.1998107,-0.05886,-0.0036,-1.00209,0.01775,0.00645,0.02506
1790144307.3285367,0.07173,0.03451,-0.99902,0.00805,0.00137,-0.00874
1790144307.4505942,0.04397,-0.00291,-0.97256,0.01079,0.04206,-0.0018
1790144307.5217912,-0.04404,0.02071,-0.99002,0.03401,0.01098,0.01218
1790144307.642997,-0.05719,0.04773,-1.00193,-0.01815,0.01839,-0.04652
1790144307.7464387,-0.02618,-0.01008,-0.99472,0.00965,0.02519,0.01946
1790144307.8439054,0.0291,-0.01366,-0.99947,0.00217,0.02367,0.02062
1790144307.9516447,-0.0261,-0.02794,-1.01495,0.01816,0.0421,0.05048
1790144308.0978796,-0.01833,0.01553,-0.98375,0.00278,0.04194,-0.00572
1790144308.2145088,-0.02595,0.03725,-1.00162,0.03955,-0.0083,-0.0077
1790144308.283868,0.00082,0.03131,-1.00435,-0.00676,0.0275,-0.05031
1790144308.3593874,0.00497,0.02618,-1.03442,-0.056,0.01866,-0.00827
1790144308.4706793,-0.00303,-0.00778,-1.00955,-0.01804,-0.01612,0.00553
1790144308.5350108,-0.03018,-0.00769,-1.02821,-0.01674,-0.02827,0.00613
1790144308.679472,-0.00714,0.00645,-0.98934,-0.00764,0.01435,-0.02827
1790144308.774957,0.01113,0.01138,-0.99895,0.0397,-0.00753,0.00977
1790144308.9867342,-0.09179,0.00876,-0.98938,0.00021,-0.02147,0.00944
1790144308.9867342,-0.27347,-0.02677,-1.00253,-0.00861,0.00545,0.11239
1790144309.1776278,-0.09593,0.01122,-1.00006,-0.01437,0.01622,-0.03323
1790144309.1776278,0.12255,0.00065,-1.00413,-0.00884,0.02111,-0.02491
1790144309.387946,-0.00044,-0.00362,-1.00029,0.00874,0.01347,0.00702
1790144309.5284152,-0.00047,-0.00244,-0.99928,0.0018,0.01561,0.01482
1790144309.59494,0.00425,0.00751,-1.00145,0.00055,0.0057,0.00258
1790144309.7852974,-0.00626,0.02346,-1.00139,0.00054,0.0082,-0.01505
1790144309.8014567,-0.00737,0.00479,-0.99963,0.00435,0.00722,-0.00169
1790144309.9706962,-0.00194,0.01471,-1.00094,0.00349,0.007,-0.0083
1790144309.9825194,-0.0057,0.00957,-1.00099,0.00245,0.00724,-0.00582
1790144310.2061808,-0.00897,0.00038,-1.00046,0.00484,0.00703,0.01876
1790144310.4006748,-0.00689,0.0106,-0.99989,-0.00119,0.00652,-0.00508
1790144310.531332,-0.0057,0.0082,-1.00081,0.00108,0.00536,-0.00333
1790144310.6277266,-0.0026,0.00838,-1.00062,0.0054,0.00087,-0.01647
1790144310.7243571,-0.01515,-0.01382,-0.99916,0.00563,0.00895,0.02342
1790144310.82133,-0.01143,0.00481,-1.00128,0.0046,0.00933,0.01021
1790144311.0161526,0.00381,0.00858,-1.00005,0.00426,0.01156,-0.00227
1790144311.0161526,-0.00731,0.00541,-1.00063,0.00175,0.00339,-0.00226
1790144311.225138,-0.00682,0.01129,-1.00002,0.00527,0.00635,-0.00141
1790144311.2411013,-0.00334,0.00937,-1.00232,0.00364,0.00234,-0.00143
1790144311.4320261,0.0054,-0.0006,-0.99945,0.00603,0.00885,0.00174
1790144311.4320261,-0.00231,0.02353,-1.00148,-0.00039,0.00544,-0.02332
1790144311.5566318,-0.00325,0.00421,-1.0005,0.00222,0.0087,-0.00323
1790144311.6227071,-0.00731,-0.00163,-1.00099,0.00506,0.00718,0.01398
1790144311.8457952,-0.00076,-0.0067,-1.00067,0.0077,0.00398,0.00902
1790144311.8484564,-0.01002,0.00872,-1.00005,0.00206,0.0099,-8e-05
1790144312.0497801,-0.00378,0.00753,-1.00004,0.00292,0.00763,-0.00025
1790144312.246627,-0.00751,0.00758,-0.99972,0.00185,0.00689,-0.00249
1790144312.261202,-0.00251,0.01005,-1.00033,0.00308,0.00957,-0.00506
1790144312.453326,-0.00397,0.01005,-1.00012,0.00255,0.00539,-7e-05
1790144312.5660288,-0.0035,0.01517,-1.00178,0.00175,0.00169,-0.01145
1790144312.661921,-0.00516,0.01484,-1.00162,0.00443,0.00393,-0.00998
1790144312.8557234,-0.0025,0.01559,-1.00033,0.00088,0.00446,-0.0135
1790144313.06984,-0.00548,0.01137,-1.00226,0.003,0.00475,-0.01096
1790144313.2776563,-0.00325,0.01057,-1.00075,0.00225,0.00474,-0.00752
1790144313.2776563,-0.00775,0.00322,-0.99985,0.00098,0.00394,0.00626
1790144313.4554815,-0.02059,-0.02111,-0.99947,0.00259,-0.00213,0.02271
1790144313.4554815,-0.00742,0.01549,-1.00146,0.00143,0.00571,0.00273
1790144313.564607,-0.00094,0.02549,-1.00064,0.00402,0.00797,-0.01061
1790144313.6863136,-0.00349,0.01493,-1.00079,0.00467,0.00514,-0.00566
1790144313.887629,-0.00036,0.01686,-1.00174,0.00334,0.00572,-0.01034
1790144314.094634,-0.00226,0.01705,-1.00311,0.00252,0.00466,-0.01523
1790144314.094634,-0.01097,0.01738,-1.00206,-0.00081,0.00749,-0.01503
1790144314.2894282,-0.00045,-0.02665,-0.99891,0.00597,0.00451,0.0169
1790144314.306366,-0.01198,-0.00923,-0.99966,0.00352,0.01022,0.0244
1790144314.496269,-0.00881,0.00182,-1.00067,0.00329,0.00882,0.01288
1790144314.512384,-0.00437,0.01114,-1.00166,0.00478,0.0045,0.00525
1790144314.579585,-0.00235,0.01056,-1.0016,0.00318,0.00543,-0.00272
1790144314.7108333,-0.00751,0.01054,-1.0012,0.00149,0.01564,0.00931
1790144314.823137,-0.0044,0.00732,-1.00129,0.00035,0.01054,0.00236
1790144314.8393307,-0.008,-0.00368,-0.99973,0.00123,0.00366,0.01351
1790144314.9679253,-0.00643,0.00241,-1.00096,0.00517,0.00608,0.01178
1790144315.1126153,0.21126,0.02224,-1.00537,0.00372,0.0307,-0.0373
1790144315.163806,0.20405,-0.01964,-1.01627,0.03739,-0.03794,0.00338
1790144315.2731845,-0.01299,-0.01604,-0.99734,0.00463,-0.03342,0.06101
1790144315.4025314,-0.15565,0.01076,-0.98994,-0.03341,0.00817,0.01869
1790144315.4885755,-0.06325,0.02567,-0.98997,-0.01338,0.016,-0.0312
1790144315.5782678,0.06103,0.0192,-1.00195,0.02281,0.01369,-0.04481
1790144315.7393138,0.05484,-0.00217,-1.00831,-0.02014,-0.01009,-0.0116
1790144315.793626,-0.02366,0.0269,-1.00178,0.00837,0.00712,0.00796
1790144315.8518207,-0.07428,-0.00601,-1.01221,-0.00139,-0.00186,0.02244
1790144315.995989,-0.01124,-0.00729,-1.01414,-0.01495,0.01478,0.03641
1790144316.060715,0.00752,0.00501,-1.00294,-0.00541,0.03284,0.0104
1790144316.173536,-0.00573,0.03414,-0.98023,-0.0155,0.00054,-0.03262
1790144316.321671,-0.03642,0.00455,-0.99341,0.01437,0.00199,0.02594
1790144316.381966,-0.01768,-0.00606,-1.00441,-0.00986,0.00863,0.01032
1790144316.5441122,0.01337,0.01236,-1.00887,-0.03076,0.00148,-0.00384
1790144316.5601223,-0.0142,0.00192,-1.00075,0.01381,-0.01904,0.01691
1790144316.7032921,-0.02899,0.02487,-0.99399,0.00307,0.02269,-0.02571
1790144316.8164086,-0.01887,0.0193,-0.98218,-0.02245,0.01938,-0.01192
1790144316.9282022,-0.00194,-0.00198,-0.97717,-0.00073,0.00223,0.03967
1790144317.1704156,-0.00668,-0.0014,-1.00621,-0.00678,0.01419,0.02598
1790144317.1704156,-0.26709,0.02208,-0.99567,0.02039,0.02939,0.01449
1790144317.381127,-0.02714,-0.00719,-1.00037,0.00433,0.00782,0.00498
1790144317.5738196,-0.0136,0.0056,-1.00118,0.00173,0.00695,-0.00132
1790144317.5738196,-0.00796,0.00755,-1.00067,0.00234,0.00777,0.00175
1790144317.7331338,-0.0088,0.00738,-1.00151,0.0042,0.00656,-0.00024
1790144317.7828422,-0.01127,0.00495,-1.0006,0.00256,0.0068,0.00076
1790144317.9585075,-0.01224,0.00463,-1.00108,0.00367,0.00761,0.00325
1790144317.9754858,-0.0107,0.00738,-1.00139,0.0006,0.00785,0.00168
1790144318.1846647,-0.01209,0.01475,-0.99954,0.00119,0.00388,-0.00447
1790144318.3979304,-0.0089,0.00672,-0.9989,0.00338,0.00583,0.00085
1790144318.3979304,-0.00933,0.00342,-1.00202,0.00326,0.00702,0.00253
1790144318.6032283,-0.01084,0.00392,-1.00262,0.00098,0.00783,0.00209
1790144318.6032283,-0.00666,0.02102,-1.00204,0.00358,0.00479,-0.03243
1790144318.7816722,-0.01771,-0.01071,-1.0013,0.00725,0.00678,0.02251
1790144318.802088,-0.01372,-0.00064,-1.0023,0.00321,0.00518,0.00858
1790144319.0139797,-0.01243,-0.00149,-1.00123,0.0039,0.00495,-0.00156
1790144319.2167203,-0.01033,0.00427,-0.9999,0.00685,0.00864,0.00702
1790144319.229722,-0.01031,0.00621,-1.00193,0.00354,0.00556,-0.00139
1790144319.42362,-0.01018,0.00878,-1.00387,0.0022,0.00744,-0.00191
1790144319.4246306,0.00349,0.01482,-1.00127,0.00065,0.00956,-0.01123
1790144319.6004152,-0.01377,-0.00299,-1.00245,0.00075,0.00328,0.02189
1790144319.6315928,-0.00784,0.01529,-1.00079,0.00262,0.00456,-0.00894
1790144319.8240783,0.00452,0.02122,-1.00136,0.0025,0.00413,-0.00798
1790144320.0305057,-0.01604,0.0006,-1.00188,-0.00056,0.00621,0.00809
1790144320.043979,-0.00762,0.0088,-1.00134,0.00501,0.00555,-0.00158
1790144320.2380607,-0.01056,0.00604,-1.00054,0.0056,0.00642,0.00272
1790144320.2380607,-0.01064,0.00747,-1.00158,0.00522,0.00458,0.00225
1790144320.4455068,-0.01075,0.00734,-1.00068,0.00463,0.00787,0.00184
1790144320.653366,-0.0098,0.00826,-1.00254,0.00646,0.00748,0.00103
1790144320.8489556,-0.00954,0.0065,-1.00153,0.00392,0.00448,0.0013
1790144320.864164,-0.01091,0.00516,-1.00208,0.00346,0.00391,0.00234
1790144321.0549932,-0.01039,0.00783,-1.0001,0.00389,0.00531,-0.00169
1790144321.0549932,-0.01147,0.00737,-1.00216,0.00483,0.00716,0.00022
1790144321.2646923,-0.01137,0.00544,-1.0015,0.00332,0.00643,0.00088
1790144321.44235,-0.01241,0.01053,-0.99738,0.00598,0.01309,0.01545
1790144321.4611402,-0.01191,0.00754,-1.00229,0.00427,0.00566,0.01201
1790144321.6676493,-0.00731,0.00723,-1.00192,0.00113,0.00608,0.00693
1790144321.8774984,-0.00904,0.0057,-0.99893,0.00348,0.00783,-0.00036
1790144321.8774984,-0.00996,0.00893,-1.00059,0.00385,0.00216,-0.00239
1790144322.0862834,-0.02026,0.01692,-1.00222,0.00064,0.00405,-6e-05
1790144322.2862673,-0.00799,-0.00737,-1.00145,0.00434,0.01507,0.01809
1790144322.2877088,-0.01434,0.00289,-1.00196,0.00644,0.00356,0.01035
1790144322.3670146,-0.01,0.00806,-0.99984,0.00194,0.00379,-0.00137
1790144322.4906836,-0.01038,0.00939,-1.00143,0.00448,0.00625,-0.00353
1790144322.667844,-0.00874,0.00631,-1.00087,0.00271,0.00553,5e-05
1790144322.6839087,-0.01061,0.00656,-1.00055,0.00192,0.00505,0.00114
1790144322.8946328,-0.00889,0.00636,-1.00183,0.00266,0.0032,-0.00089
1790144323.1081593,-0.01069,0.00461,-1.00046,0.00414,0.00817,-0.00115
1790144323.3116872,-0.01004,0.00602,-1.00249,0.00406,0.00486,0.00304
1790144323.3116872,-0.01084,0.006,-0.99954,0.00372,0.00884,0.00069
1790144323.5040472,-0.01035,0.00592,-1.00087,0.00626,0.00537,0.00328
1790144323.6976924,-0.01055,0.00473,-1.00158,0.00524,0.00693,0.00058
1790144323.6976924,-0.0115,0.00521,-1.00012,0.0011,0.00677,0.00072
1790144323.9222505,-0.0101,0.00815,-1.00142,0.00296,0.00787,-0.00167
1790144324.131887,-0.01127,0.00616,-1.00006,0.00365,0.00797,0.00041
1790144324.3249912,-0.00983,0.00662,-0.99988,0.00219,0.00552,-0.00031
1790144324.5344944,-0.01058,0.00628,-1.00135,0.0033,0.0063,0.00085
1790144324.6942236,-0.01226,0.00629,-1.00234,0.00602,0.00608,-0.00302
1790144324.9503832,-0.00938,0.00593,-0.99909,0.00372,0.00582,-0.00098
1790144325.1475127,-0.01023,0.00623,-1.00171,0.00483,0.00584,0.00062
1790144325.3547525,-0.01016,0.00791,-1.00119,0.00241,0.00598,-0.00049
1790144325.5653756,-0.011,0.00599,-1.00047,0.00374,0.00445,0.00181
1790144325.695201,-0.01023,0.00697,-1.00219,0.00128,0.00814,-0.00122
1790144325.695201,-0.01053,0.00623,-1.00242,0.00339,0.00601,0.00131
1790144325.9705198,-0.01072,0.00738,-1.0023,0.00197,0.00745,0.00248
1790144326.1808124,-0.01018,0.00718,-1.00104,0.0015,0.00483,0.00119
1790144326.1808124,-0.01105,0.00823,-1.00003,0.00187,0.00628,0.00119
1790144326.3750558,-0.0093,0.00753,-1.0016,0.00566,0.00241,-0.0007
1790144326.5858977,-0.01101,0.00709,-1.00073,0.00049,0.00654,-0.00266
1790144326.5858977,-0.01052,0.00814,-1.00099,0.00303,0.00493,0.00054
1790144326.698928,-0.01085,0.00626,-1.00133,0.00035,0.00261,-0.00139
1790144326.698928,-0.00956,0.00717,-1.00042,0.00372,0.00324,-0.00067
1790144326.9892058,-0.01095,0.00696,-1.00018,0.00356,0.00529,-0.00124
1790144326.9892058,-0.01067,0.00652,-0.99919,0.00185,0.00536,-0.00089
1790144327.2004387,-0.01106,0.00485,-1.00001,0.00322,0.00678,-0.00054
1790144327.2004387,-0.00881,0.00696,-1.00115,0.00488,0.00668,0.00315
1790144327.4088275,-0.0112,0.00804,-1.0012,0.00235,0.00674,0.00127
1790144327.4088275,-0.01117,0.0078,-1.00046,0.00403,0.00771,0.00035
1790144327.422319,-0.01081,0.00515,-1.00069,0.00289,0.00588,-0.00123
1790144327.6130652,-0.01051,0.00473,-1.00263,0.00298,0.00645,-2e-05
1790144327.6130652,-0.0094,0.0057,-1.00137,0.00288,0.006,-0.00083
1790144327.708938,-0.01046,0.00514,-1.00121,0.00358,0.00193,-0.00049
1790144327.8199842,-0.01191,0.00514,-1.00185,0.00168,0.00505,0.00052
1790144328.0113957,-0.00942,0.00455,-0.99905,0.00473,0.00716,0.00409
1790144328.027028,-0.01104,0.00756,-1.00087,0.00325,0.00596,-0.0004
1790144328.2192738,-0.00917,0.00627,-1.00032,0.00242,0.00467,-0.00172
1790144328.4294615,-0.01027,0.00776,-1.00054,0.00268,0.00675,-0.00084
1790144328.4294615,-0.01064,0.00724,-1.00125,0.00212,0.00607,-0.00211
1790144328.4456046,-0.0106,0.007,-1.00034,0.00431,0.00432,-0.00029
1790144328.6389852,-0.01023,0.00393,-1.00042,0.00437,0.00625,0.00054
1790144328.6389852,-0.01022,0.00602,-1.00118,0.00157,0.00443,0.00044
1790144328.8336282,-0.00991,0.00609,-1.00167,0.00276,0.00817,6e-05
1790144328.8496912,-0.00948,0.00656,-1.00131,0.00387,0.00793,0.00253
1790144329.0425644,-0.01064,0.00583,-1.00199,0.00214,0.00899,-0.00089
1790144329.237358,-0.01032,0.006,-1.00234,0.00615,0.00791,-0.00035
1790144329.2533925,-0.01063,0.00764,-1.00178,0.0022,0.00687,0.0003
1790144329.2665467,-0.00964,0.00673,-1.00145,0.00514,0.00542,-0.00234
1790144329.447357,-0.01048,0.00633,-1.00063,0.00445,0.00637,-0.00163
1790144329.4672198,-0.01153,0.00628,-1.00029,0.00487,0.00386,0.00121
1790144329.6574364,-0.01178,0.00669,-0.99914,0.00125,0.00565,-0.00051
1790144329.6685865,-0.01054,0.00612,-1.00144,0.00308,0.00516,0.00121
1790144329.8697214,-0.01037,0.00617,-1.00169,0.00254,0.00441,-0.00232
1790144330.0707471,-0.01025,0.00631,-1.0019,0.00405,0.00707,-0.0006
1790144330.0745027,-0.00964,0.00682,-1.00206,0.00232,0.00541,-0.00095
1790144330.272063,-0.01192,0.00558,-1.00009,0.00309,0.0037,0.0012
1790144330.2843628,-0.00732,0.00685,-1.00289,0.00186,0.00726,-0.00027
1790144330.4780738,-0.01292,0.00668,-1.00241,-0.0003,0.00639,-0.00085
1790144330.6747708,-0.00831,0.0074,-1.00174,0.00215,0.00289,-0.00127
1790144330.6869812,-0.01146,0.00603,-1.0009,0.00549,0.00671,-0.00036
1790144330.7404962,-0.01002,0.00401,-0.99933,0.00234,0.00411,0.00187
1790144330.8823144,-0.01007,0.00699,-1.00115,0.00264,0.00245,0.00249
1790144331.0893493,-0.009,0.00686,-1.00038,0.00551,0.00398,4e-05
1790144331.0893493,-0.01084,0.00774,-1.00108,0.00319,0.00459,-0.00268
1790144331.1050818,-0.00959,0.00617,-0.99934,0.00348,0.00848,-0.00144
1790144331.2986066,-0.01003,0.00636,-1.00235,0.00217,0.00676,0.00152
1790144331.4905508,-0.01212,0.00509,-1.00115,0.00215,0.0035,0.00204
1790144331.5066397,-0.00916,0.00658,-1.00329,0.00275,0.0053,-1e-05
1790144331.6999218,-0.01064,0.00548,-1.00046,0.00212,0.00742,0.00065
1790144331.6999218,-0.01155,0.00565,-1.0003,0.00406,0.00778,-0.00053
1790144331.7157364,-0.00988,0.00574,-1.00062,0.00133,0.00666,0.00301
1790144331.9094794,-0.01195,0.00494,-1.00321,0.00189,0.00676,0.00108
1790144331.9255297,-0.01034,0.00632,-1.00129,0.00329,0.00821,0.00168
1790144332.1170158,-0.01035,0.00659,-1.00014,0.00178,0.00605,-0.00033
1790144332.3112473,-0.01055,0.00638,-1.00226,0.0029,0.00812,-0.00299
1790144332.521598,-0.01039,0.00594,-1.00097,0.00302,0.00539,0.00097
1790144332.521598,-0.01059,0.00766,-1.00134,0.00226,0.00661,-0.00123
1790144332.7320695,-0.00971,0.0073,-1.00161,0.00431,0.00605,-0.00392
1790144332.7320695,-0.0088,0.0055,-1.00223,0.00488,0.00664,0.00066
1790144332.788054,-0.01092,0.00682,-1.00064,0.00311,0.00632,-0.00264
1790144332.9257097,-0.01106,0.00726,-1.00105,0.00384,0.0062,-0.00174
1790144333.1355975,-0.01065,0.00564,-1.00049,0.00451,0.0054,-0.0015
1790144333.3445885,-0.01203,0.0059,-1.00254,0.00419,0.00564,0.00031
1790144333.3445885,-0.00818,0.00559,-1.00101,0.00211,0.00695,0.00279
1790144333.538502,-0.01174,0.00587,-1.00044,0.00362,0.00592,0.00282
1790144333.55457,-0.01113,0.00521,-1.00177,0.00511,0.0072,0.00251
1790144333.7646217,-0.00997,0.0066,-0.99948,0.00107,0.00332,0.00151
1790144333.7646217,-0.01037,0.00704,-0.99963,0.00442,0.00453,0.00042
1790144333.7646217,-0.01039,0.0075,-1.00214,0.0044,0.0071,-0.00159
1790144333.9583135,-0.01037,0.00546,-1.00158,0.00303,0.00728,0.00318
1790144334.1523414,-0.00891,0.0053,-1.00057,0.00448,0.006,0.00135
1790144334.362692,-0.00999,0.00673,-1.0001,0.00088,0.00512,0.00223
1790144334.362692,-0.0127,0.00698,-1.00134,0.00414,0.00671,0.00199
1790144334.57349,-0.00941,0.00613,-0.9997,0.00318,0.00637,-0.00161
1790144334.783304,-0.01148,0.00495,-1.00192,0.00327,0.00627,0.00198
1790144334.783304,-0.01144,0.00559,-1.00019,0.00254,0.00603,0.00177
1790144334.7997644,-0.00905,0.00601,-0.99992,0.00275,0.00411,0.00165
1790144334.977139,-0.00969,0.00738,-1.00061,0.00155,0.00454,0.0004
1790144335.1867661,-0.01171,0.0063,-0.99901,0.00266,0.00366,-0.00015
1790144335.2024074,-0.00924,0.00692,-0.99961,0.00245,0.00632,-0.00244
1790144335.3936582,-0.0091,0.00635,-1.00147,0.00282,0.00625,-0.00103
1790144335.600069,-0.0111,0.00543,-1.00168,0.00151,0.00381,-0.00061
1790144335.7751675,-0.00916,0.00807,-0.99949,0.00376,0.00578,6e-05
1790144336.0181885,-0.01064,0.00598,-1.00017,0.00215,0.00516,-0.00081
1790144336.030708,-0.01024,0.00773,-1.00285,0.0031,0.00549,9e-05
1790144336.2066064,-0.00961,0.0068,-1.00326,0.00318,0.00463,-0.00032
1790144336.222634,-0.00979,0.00544,-1.00226,0.00079,0.00736,-0.00022
1790144336.4165566,-0.00959,0.00602,-0.99997,0.00241,0.00994,-0.00151
1790144336.4165566,-0.00939,0.00659,-1.00153,0.00182,0.00721,-0.0034
1790144336.6260922,-0.00973,0.00477,-1.00309,0.00289,0.0057,-0.00017
1790144336.7869735,-0.01076,0.00435,-1.00132,0.00292,0.00778,0.00155
1790144337.029158,-0.00972,0.00548,-0.99926,0.00298,0.00749,0.00311
1790144337.029158,-0.01038,0.00519,-1.00119,0.00484,0.00843,0.00408
1790144337.0453389,-0.01072,0.00603,-0.99891,0.0004,0.00555,-0.00077
1790144337.23837,-0.01045,0.00619,-1.00147,0.00403,0.00577,0.00252
1790144337.432038,-0.01011,0.00785,-0.99957,0.00353,0.0047,-0.00057
1790144337.4478593,-0.01051,0.00761,-1.00108,0.00273,0.00355,-0.00124
1790144337.6420875,-0.01006,0.00797,-1.00096,0.00296,0.00453,-0.00127
1790144337.813258,-0.01038,0.00698,-1.00072,0.00295,0.00429,0.00189
1790144337.813258,-0.01091,0.00612,-0.99994,0.00436,0.0038,-1e-05
1790144338.0448124,-0.00843,0.00815,-1.00022,0.00446,0.00601,-0.00161
1790144338.0604742,-0.01142,0.00463,-0.99997,0.00406,0.00346,0.00059
1790144338.2535813,-0.01,0.00589,-1.00269,0.00283,0.00639,0.00165
1790144338.2697089,-0.00933,0.00782,-1.00169,0.00581,0.0044,-0.00027
1790144338.382913,-0.01019,0.00628,-1.00098,0.00402,0.0065,0.00143
1790144338.4629133,-0.01004,0.00522,-1.00243,0.00534,0.00626,0.00431
1790144338.6717336,-0.01127,0.00449,-1.0013,0.00637,0.0036,0.00036
1790144338.6717336,-0.01088,0.00753,-1.00224,0.0018,0.00626,9e-05
1790144338.8178353,-0.01198,0.00689,-1.00009,0.00289,0.00548,0.0033
1790144338.8800163,-0.01174,0.00495,-1.00195,0.00407,0.00288,0.00245
1790144339.0737197,-0.00895,0.00611,-1.00074,0.00563,0.00536,0.00405
1790144339.0737197,-0.01028,0.00801,-1.00112,0.00468,0.00789,0.00117
1790144339.2824721,-0.00986,0.00669,-1.00156,0.00319,0.00719,-0.00075
1790144339.492232,-0.01251,0.00587,-1.0012,0.00207,0.00559,-0.00082
1790144339.492232,-0.01194,0.00735,-1.00076,0.00511,0.00575,0.00114
1790144339.6865067,-0.0118,0.00575,-1.00226,0.00313,0.0029,0.00079
1790144339.6865067,-0.00998,0.00637,-1.00101,0.00335,0.00459,0.00396
1790144339.831601,-0.00981,0.00641,-1.00106,0.00424,0.00896,-0.00169
1790144339.8960726,-0.01059,0.00584,-1.00028,0.00194,0.00534,0.00055
1790144340.1050901,-0.01035,0.00752,-1.00135,0.00336,0.00978,0.00111
1790144340.1050901,-0.01074,0.00675,-1.00015,0.00387,0.00798,0.00188
1790144340.2992744,-0.011,0.00767,-1.00304,0.00353,0.00711,0.00145
1790144340.5154798,-0.01669,0.00044,-1.00079,0.0081,-0.00507,0.00357
1790144340.7197752,0.21182,-0.07635,-1.34858,0.21049,0.99047,0.27493
1790144340.8330305,0.29158,-0.00429,-1.469,0.01042,0.30574,0.30023
1790144340.9283502,0.34196,0.12821,-1.28674,0.12638,-0.29981,0.50408
1790144341.129093,0.13487,0.15604,-1.07373,0.23521,-0.10666,0.56293
1790144341.129093,0.18403,0.20716,-0.99052,-0.4543,0.25122,0.42009
1790144341.3322537,0.12481,0.19803,-0.79435,-0.57555,0.08518,0.1835
1790144341.3482873,0.14899,0.30141,-0.72819,-0.04365,-0.21797,0.0397
1790144341.5407481,0.19663,0.26131,-0.79694,0.26837,-0.46702,-0.63847
1790144341.5407481,0.15434,0.11401,-0.8556,0.51868,-0.63916,-0.91715
1790144341.7351854,0.10966,0.11337,-0.81767,0.14979,-0.76191,-1.06547
1790144341.7351854,0.02712,0.0443,-0.80337,-0.25105,-0.42661,-1.18409
1790144341.8484442,-0.03105,-0.01573,-0.7646,-0.34492,-0.0632,-1.24395
1790144342.1554675,-0.06923,-0.02678,-0.7765,-0.15607,0.38649,-1.29427
1790144342.1554675,-0.07823,-0.01027,-0.96766,0.24485,0.61711,-0.94054
1790144342.202606,0.05589,-0.06885,-1.08036,0.43784,0.39191,-0.93452
1790144342.3466752,-0.02059,0.0099,-1.05996,0.31134,0.06797,-0.7432
1790144342.5554852,0.29256,-0.03699,-1.04735,-0.37612,-0.33556,-1.12098
1790144342.765436,0.06651,0.01513,-0.90787,0.03205,-0.22822,-1.04928
1790144342.765436,-0.01366,-0.05813,-0.82802,0.39564,-0.01225,-0.83032
1790144342.861244,-0.04941,-0.1499,-0.94568,0.43591,0.19081,-0.42203
1790144342.9739063,0.03592,-0.14525,-1.07896,0.05071,0.18088,-0.13203
1790144343.167112,0.1048,-0.16951,-1.04476,-0.64467,0.08534,-0.23631
1790144343.1828802,-0.03216,-0.11282,-0.85594,-0.47102,-0.0943,0.00462
1790144343.3744442,0.01238,0.04058,-0.86657,-0.28635,-0.08756,-0.0704
1790144343.3900955,0.03959,0.12807,-0.90125,0.14893,-0.02471,-0.72534
1790144343.5806968,0.02557,0.04784,-0.73502,0.01704,-0.28256,-0.93552
1790144343.7883835,0.02884,0.0798,-0.69355,-0.03235,-0.03872,-0.77643
1790144343.8684182,0.10277,0.0107,-0.92215,0.19129,0.66271,0.29631
1790144343.9966419,0.24402,0.046,-1.18014,0.11564,0.76549,0.64903
1790144344.1884637,0.26021,0.05509,-1.38366,-0.10222,0.37982,0.39168
1790144344.2042525,0.27799,0.08172,-1.34715,-0.06737,-0.29442,0.26124
1790144344.3976495,0.20964,0.14244,-1.23232,0.05387,-0.7178,-0.09526
1790144344.6061265,-0.01336,0.09378,-0.93412,0.18697,-0.17123,0.01587
1790144344.6061265,0.02117,-0.16184,-1.25988,-0.00715,0.07997,0.77962
1790144344.6222203,-0.11347,-0.4047,-1.04643,0.07126,0.06319,2.59459
1790144344.8148842,0.06244,0.08051,-0.98035,0.02298,-0.04295,1.96191
1790144344.8148842,0.03108,0.08195,-1.01638,-0.01444,0.01178,1.18903
1790144345.0086775,0.01603,0.03707,-0.98323,-0.00287,-0.01446,0.73463
1790144345.024457,0.02418,0.02719,-0.99909,0.00311,0.00715,0.43485
1790144345.2175872,-0.0252,-0.0321,-1.00004,0.02001,0.00724,0.27738
1790144345.4271564,-0.03162,0.03163,-1.00123,-0.008,0.00261,0.14745
1790144345.4271564,0.0082,0.02515,-1.00151,0.00222,0.00823,0.00327
1790144345.6363544,-0.01496,-0.01761,-1.00399,0.00218,0.0081,0.02052
1790144345.828001,-0.00751,-0.00215,-1.00218,0.00377,0.00554,0.01615
1790144345.8915362,-0.00824,0.00414,-1.00062,0.00652,0.00663,0.0416
1790144346.0369482,-0.01464,-0.0046,-1.00233,0.00484,0.00542,0.0167
1790144346.0369482,-0.00812,-0.00328,-1.00255,0.00426,0.00439,0.00884
1790144346.250018,-0.00458,0.00661,-1.00143,0.00437,0.00586,-0.00243
1790144346.4550612,-0.00348,0.01286,-0.99971,0.00426,0.00428,-0.01491
1790144346.6635253,-0.00406,0.0077,-1.00044,0.00239,0.00744,-0.00916
1790144346.8577483,-0.00292,0.00852,-1.00156,0.00414,0.00675,-0.0113
1790144347.0648088,-0.00509,0.00722,-1.00168,0.00452,0.00768,-0.00935
1790144347.274642,-0.0063,0.00193,-1.00143,0.00218,0.00731,-0.0046
1790144347.274642,-0.0079,0.00299,-1.00153,0.00521,0.00679,-0.00299
1790144347.4693043,-0.00632,0.00286,-1.00111,0.00244,0.00809,-0.00379
1790144347.4849868,-0.00563,0.00553,-1.00252,0.0017,0.01046,-0.00939
1790144347.679343,-0.00354,0.0058,-0.99892,0.00283,0.00776,-0.0094
1790144347.679343,-0.00355,0.00918,-0.99905,0.00105,0.00652,-0.01316
1790144347.888182,-0.0028,0.00822,-1.00057,0.00024,0.00886,-0.00867
1790144347.888182,-0.00447,0.00909,-1.00033,0.00319,0.00771,-0.01228
1790144348.0954695,-0.00527,0.00666,-1.00244,0.00427,0.00676,-0.0084
1790144348.0954695,-0.00359,0.00805,-1.00133,0.00269,0.00996,-0.00673
1790144348.2893586,-0.00525,0.00193,-1.00087,0.00265,0.00644,-0.00139
1790144348.4997828,-0.00676,0.00247,-1.00084,0.00201,0.00418,-0.00454
1790144348.7093184,-0.0064,0.00017,-1.00263,0.00326,0.00615,-1e-05
1790144348.9023721,-0.00671,0.00062,-1.00254,0.00543,0.00807,0.00493
1790144348.918089,-0.00888,-0.0047,-1.00083,0.00473,0.00666,0.00901
1790144349.1108353,-0.00903,-0.00233,-1.00308,0.00268,0.00734,0.00472
1790144349.126988,-0.00754,-0.00234,-1.00105,0.0068,0.00539,0.00204
1790144349.320663,-0.00731,0.00135,-1.00153,0.00184,0.00712,0.00056
1790144349.5126402,-0.00766,0.00194,-1.00186,0.00203,0.00575,-0.00441
1790144349.7303991,-0.00551,0.00373,-1.00089,0.00363,0.00809,0.00185
1790144349.737234,-0.00493,0.00073,-0.99774,0.00191,0.00779,-0.0006
1790144349.938711,-0.00682,-0.00086,-1.0023,0.0054,0.00715,0.00353
1790144349.9496439,-0.00793,-0.00188,-1.00154,0.0048,0.00804,0.00514
1790144350.1401052,-0.00894,-0.00382,-0.99969,0.00496,0.00919,0.00882
1790144350.347935,-0.0098,-0.00454,-1.0034,0.00258,0.00703,0.01003
1790144350.347935,-0.00909,-0.00338,-1.00207,0.0023,0.0056,0.00983
1790144350.5478406,-0.01015,-0.00705,-1.00085,0.00222,0.00546,0.01378
1790144350.5478406,-0.00883,-0.00661,-1.00265,0.00492,0.0058,0.01228
1790144350.7564826,-0.01089,-0.00495,-1.00166,0.00362,0.00732,0.00767
1790144350.763393,-0.00873,-0.00369,-1.0011,0.00288,0.00479,0.00728
1790144350.9530613,-0.00656,-0.00155,-1.00277,0.0035,0.00732,0.00485
1790144350.9591463,-0.00945,-0.00556,-1.00077,0.00228,0.0061,0.00957
1790144351.1631167,-0.00929,-0.00698,-1.00272,0.00365,0.00532,0.016
1790144351.1631167,-0.01053,-0.00595,-1.00249,0.00266,0.00348,0.01556
1790144351.3701582,-0.00921,-0.00472,-1.00358,0.00278,0.00941,0.01018
1790144351.3736072,-0.00854,-0.00397,-1.00163,0.00274,0.00308,0.01034
1790144351.575948,-0.01004,-0.00858,-1.00347,0.00213,0.00368,0.01972
1790144351.7892914,-0.00942,-0.00741,-1.00359,0.00455,0.01011,0.01839
1790144351.9686036,-0.0087,-0.00928,-1.00339,0.00201,0.00587,0.01621
1790144352.1895902,-0.01263,-0.00884,-1.00226,0.00318,0.00915,0.01737
1790144352.1895902,-0.01096,-0.00789,-1.00123,0.00897,0.00486,0.01275
1790144352.3831563,-0.00945,-0.00557,-1.00266,0.00497,0.00793,0.01384
1790144352.3831563,-0.01135,-0.00791,-1.00257,0.00172,0.00384,0.01987
1790144352.5904737,-0.01013,-0.00893,-1.00456,0.00588,0.00453,0.02018
1790144352.7913115,-0.01198,-0.00952,-1.00293,0.00336,0.00584,0.01777
1790144352.9641292,-0.01137,-0.00715,-1.00225,0.00522,0.00562,0.01994
1790144353.2106266,-0.01175,-0.00888,-1.00325,0.00057,0.00573,0.0229
1790144353.2106266,-0.01105,-0.00749,-1.00219,0.00443,0.00512,0.01868
1790144353.4206715,-0.01013,-0.00759,-1.00267,0.0031,0.00339,0.01687
1790144353.4206715,-0.0122,-0.00906,-1.00097,0.00267,0.00454,0.01913
1790144353.5963235,-0.0083,-0.00489,-1.00122,0.00187,0.00557,0.01582
