unix_timestamp,esc_data
1790068928.3655753,-3,0,1,1,8922,24542,3769,20455,3179287,3179289,3179284,3179286,0,0,0,0
1790068928.3655753,-5,-4,0,-1,8920,24542,3769,20454,3179377,3179379,3179374,3179376,0,0,0,0
1790068928.5727186,3,-4,0,-2,8921,24542,3770,20454,3179407,3179409,3179404,3179406,0,0,0,0
1790068928.5727186,-5,-2,-1,0,8922,24543,3770,20455,3179497,3179499,3179494,3179496,0,0,0,0
1790068928.7737894,4,1,7,-1,8921,24542,3769,20455,3179527,3179529,3179524,3179526,0,0,0,0
1790068928.7737894,-9,1,0,-2,8918,24544,3773,20451,3179617,3179619,3179614,3179616,0,0,0,0
1790068928.950317,-1,-3,-2,-3,8920,24542,3770,20454,3179677,3179679,3179674,3179676,0,0,0,0
1790068928.950317,-3,2,5,-3,8921,24542,3769,20455,3179707,3179709,3179704,3179706,0,0,0,0
1790068929.190682,3,-3,4,-2,8922,24542,3769,20456,3179857,3179859,3179854,3179856,0,0,0,0
1790068929.3977494,-2,-3,-1,3,8920,24541,3768,20455,3179977,3179979,3179974,3179976,0,0,0,0
1790068929.5931904,-1,2,-2,0,8922,24543,3771,20455,3180127,3180129,3180124,3180126,0,0,0,0
1790068929.794154,-2,0,3,1,8924,24545,3770,20454,3180157,3180159,3180154,3180156,0,0,0,0
1790068929.9556036,-4,1,-3,0,8919,24543,3772,20451,3180307,3180309,3180304,3180306,0,0,0,0
1790068930.0034122,-2,5,0,3,8920,24543,3771,20453,3180337,3180339,3180334,3180336,0,0,0,0
1790068930.0988622,-7,-2,0,2,8919,24543,3771,20452,3180397,3180399,3180394,3180396,0,0,0,0
1790068930.209719,-1,0,0,0,8918,24544,3771,20451,3180427,3180429,3180424,3180426,0,0,0,0
1790068930.209719,3,-2,-3,1,8919,24543,3771,20452,3180487,3180489,3180484,3180486,0,0,0,0
1790068930.4208715,-5,-2,1,0,8919,24543,3770,20453,3180607,3180609,3180604,3180606,0,0,0,0
1790068930.600768,-6,2,3,-1,8919,24543,3770,20452,3180637,3180639,3180634,3180636,0,0,0,0
1790068930.6057506,6,-2,-4,-1,8919,24543,3771,20452,3180697,3180699,3180694,3180696,0,0,0,0
1790068930.8266158,2,-4,2,3,8921,24541,3770,20454,3180757,3180759,3180754,3180756,0,0,0,0
1790068930.8309712,4,-4,-4,-5,8924,24540,3766,20457,3180817,3180819,3180814,3180816,0,0,0,0
1790068930.9412837,-1,0,0,-6,8918,24543,3772,20451,3180907,3180909,3180904,3180906,0,0,0,0
1790068931.0310712,-3,1,-5,1,8919,24543,3771,20452,3180937,3180939,3180934,3180936,0,0,0,0
1790068931.0367773,-2,-5,-1,3,8920,24542,3769,20454,3180967,3180969,3180964,3180966,0,0,0,0
1790068931.1319523,-7,-4,1,0,8919,24543,3770,20453,3181027,3181029,3181024,3181026,0,0,0,0
1790068931.2272618,5,-3,-4,2,8936,24536,3767,20469,3181087,3181089,3181084,3181086,0,0,0,0
1790068931.4336724,-1,2,-5,-3,8943,24521,3746,20482,3181117,3181119,3181114,3181116,0,0,0,0
1790068931.4336724,-5,-4,-1,0,8911,24549,3780,20443,3181207,3181209,3181204,3181206,0,0,0,0
1790068931.6392887,-4,-5,-3,-2,8911,24550,3781,20443,3181237,3181239,3181234,3181236,0,0,0,0
1790068931.6392887,-2,3,-1,1,8923,24538,3766,20457,3181297,3181299,3181294,3181296,0,0,0,0
1790068931.6549475,-2,1,-4,-1,8924,24539,3765,20458,3181327,3181329,3181324,3181326,0,0,0,0
1790068931.8467124,0,-1,-4,-3,8921,24542,3769,20455,3181357,3181359,3181354,3181356,0,0,0,0
1790068931.8467124,-3,1,2,2,8917,24545,3771,20450,3181417,3181419,3181414,3181416,0,0,0,0
1790068931.8467124,-2,-2,-1,-2,8913,24539,3764,20442,3181447,3181449,3181444,3181446,0,0,0,0
1790068931.9599557,2,-5,-4,2,8930,24544,3776,20465,3181477,3181479,3181474,3181476,0,0,0,0
1790068931.9599557,-1,5,-1,4,8932,24543,3767,20463,3181507,3181509,3181504,3181506,0,0,0,0
1790068931.975884,-1,5,-1,-1,8929,24540,3764,20463,3181537,3181539,3181534,3181536,0,0,0,0
1790068932.023308,1,-1,1,1,8924,24537,3763,20459,3181567,3181569,3181564,3181566,0,0,0,0
1790068932.2620194,-1,-2,-4,-1,8921,24536,3765,20456,3181597,3181599,3181594,3181596,0,0,0,0
1790068932.2620194,-3,-2,0,0,8917,24544,3774,20449,3181687,3181689,3181684,3181686,0,0,0,0
1790068932.4550772,1,0,-1,-3,8918,24543,3772,20450,3181807,3181809,3181804,3181806,0,0,0,0
1790068932.6713283,3,-5,6,-3,8917,24544,3770,20449,3181837,3181839,3181834,3181836,0,0,0,0
1790068932.6753423,1,6,1,-3,8919,24543,3770,20450,3181927,3181929,3181924,3181926,0,0,0,0
1790068932.6790984,-2,2,-6,1,8919,24541,3770,20452,3181957,3181959,3181954,3181956,0,0,0,0
1790068932.8724623,0,0,4,4,8920,24542,3770,20451,3182017,3182019,3182014,3182016,0,0,0,0
1790068932.8724623,-1,1,0,1,8922,24541,3768,20453,3182077,3182079,3182074,3182076,0,0,0,0
1790068932.9850621,3,-6,16,2,8922,24539,3767,20454,3182107,3182109,3182104,3182106,0,0,0,0
1790068933.0816746,-2,-7,1,0,8920,24538,3767,20454,3182137,3182139,3182134,3182136,0,0,0,0
1790068933.0816746,1,0,0,2,8920,24541,3769,20453,3182167,3182169,3182164,3182166,0,0,0,0
1790068933.2778215,2,5,-3,4,8920,24541,3770,20452,3182197,3182199,3182194,3182196,0,0,0,0
1790068933.2778215,2,2,2,-1,8924,24541,3767,20456,3182287,3182289,3182284,3182286,0,0,0,0
1790068933.4854648,-2,3,-2,0,8922,24540,3767,20455,3182317,3182319,3182314,3182316,0,0,0,0
1790068933.4854648,4,0,-4,-2,8915,24532,3763,20450,3182377,3182379,3182374,3182376,0,0,0,0
1790068933.50141,-2,-2,0,-1,8919,24537,3769,20453,3182437,3182439,3182434,3182436,0,0,0,0
1790068933.6450415,-3,-2,1,2,8919,24542,3775,20452,3182467,3182469,3182464,3182466,0,0,0,0
1790068933.6450415,-1,2,4,-2,8921,24544,3774,20452,3182497,3182499,3182494,3182496,0,0,0,0
1790068933.6450415,-3,-1,2,3,8917,24541,3773,20450,3182527,3182529,3182524,3182526,0,0,0,0
1790068933.6927288,4,4,-3,-1,8917,24541,3772,20450,3182557,3182559,3182554,3182556,0,0,0,0
1790068933.886366,4,2,34,2,8930,24537,3766,20461,3182647,3182649,3182644,3182646,0,0,0,0
1790068933.902174,3,-1,-1,1,8930,24532,3761,20463,3182677,3182679,3182674,3182676,0,0,0,0
1790068933.9982038,-2,0,-3,1,8928,24532,3761,20462,3182707,3182709,3182704,3182706,0,0,0,0
1790068934.1101992,2,0,-1,2,8926,24536,3767,20458,3182797,3182799,3182794,3182796,0,0,0,0
1790068934.126058,1,4,1,-1,8927,24536,3765,20459,3182827,3182829,3182824,3182826,0,0,0,0
1790068934.3131788,5,-4,-1,2,8892,24565,3798,20423,3182947,3182949,3182944,3182946,0,0,0,0
1790068934.5137787,2,-3,-3,-1,8926,24537,3766,20458,3183037,3183039,3183034,3183036,0,0,0,0
1790068934.5274265,-2,5,-4,-1,8920,24542,3773,20455,3183067,3183069,3183064,3183066,0,0,0,0
1790068934.7046988,0,2,2,0,8916,24546,3778,20449,3183097,3183099,3183094,3183096,0,0,0,0
1790068934.714994,0,0,0,1,8915,24544,3777,20448,3183157,3183159,3183154,3183156,0,0,0,0
1790068934.7208378,-1,3,-1,2,8917,24542,3772,20450,3183187,3183189,3183184,3183186,0,0,0,0
1790068934.925078,6,6,-2,0,8914,24546,3780,20448,3183307,3183309,3183304,3183306,0,0,0,0
1790068935.0057974,-4,-6,-2,1,8915,24548,3781,20445,3183337,3183339,3183334,3183336,0,0,0,0
1790068935.0378692,-5,-2,-1,-3,8914,24546,3778,20445,3183367,3183369,3183364,3183366,0,0,0,0
1790068935.1019473,6,-5,-5,-2,8916,24544,3777,20448,3183397,3183399,3183394,3183396,0,0,0,0
1790068935.1171238,-1,-3,-2,-1,8925,24537,3774,20453,3183427,3183429,3183424,3183426,0,0,0,0
1790068935.1816006,16,-18,-13,16,9100,24364,3660,20598,3183457,3183459,3183454,3183456,0,0,0,0
1790068935.2456846,59,-57,-17,43,10292,23110,3152,21324,3183487,3183489,3183484,3183486,0,0,0,0
1790068935.2932773,72,-50,-80,71,12052,21047,1538,22636,3183517,3183519,3183514,3183516,0,0,0,0
1790068935.325515,60,-72,-77,67,13850,19290,32391,24437,3183547,3183549,3183544,3183546,0,0,0,0
1790068935.3574462,83,-72,-75,74,15843,17208,30331,26524,3183577,3183579,3183574,3183576,0,0,0,0
1790068935.4375913,82,-75,-76,74,17931,15103,28192,28755,3183607,3183609,3183604,3183606,0,0,0,0
1790068935.4873416,65,-76,-61,73,19841,13147,26190,30758,3183637,3183639,3183634,3183636,0,0,0,0
1790068935.536812,55,-53,-54,48,21549,11551,24324,32531,3183667,3183669,3183664,3183666,0,0,0,0
1790068935.565909,46,-51,-55,43,23049,10097,22921,1133,3183697,3183699,3183694,3183696,0,0,0,0
1790068935.6786146,36,-44,-47,37,24212,8895,21634,2402,3183727,3183729,3183724,3183726,0,0,0,0
1790068935.7425203,44,-37,-53,41,25416,7671,20468,3506,3183757,3183759,3183754,3183756,0,0,0,0
1790068935.7425203,47,-64,-47,52,26693,6295,19188,4857,3183787,3183789,3183784,3183786,0,0,0,0
1790068935.8071465,62,-56,-60,66,28202,4842,17625,6425,3183817,3183819,3183814,3183816,0,0,0,0
1790068935.823018,69,-54,-76,55,29935,3159,16004,8176,3183847,3183849,3183844,3183846,0,0,0,0
1790068935.871774,70,-79,-67,66,31699,1347,14180,10006,3183877,3183879,3183874,3183876,0,0,0,0
1790068935.9673083,65,-68,-73,71,785,32318,12342,11891,3183907,3183909,3183904,3183906,0,0,0,0
1790068935.9990914,57,-61,-57,51,2428,30548,10584,13675,3183937,3183939,3183934,3183936,0,0,0,0
1790068936.062624,63,-48,-56,50,4086,29018,8954,15200,3183967,3183969,3183964,3183966,0,0,0,0
1790068936.062624,56,-52,-56,50,5513,27594,7527,16761,3183997,3183999,3183994,3183996,0,0,0,0
1790068936.1427464,43,-52,-54,56,6854,26109,6046,18133,3184027,3184029,3184024,3184026,0,0,0,0
1790068936.1912978,54,-54,-58,50,8264,24737,4722,19536,3184057,3184059,3184054,3184056,0,0,0,0
1790068936.3213289,57,-50,-63,72,11342,21715,1649,22524,3184117,3184119,3184114,3184116,0,0,0,0
1790068936.3345685,67,-63,-57,53,12965,20058,5,24232,3184147,3184149,3184144,3184146,0,0,0,0
1790068936.4023156,68,-62,-64,63,14642,18397,31040,25942,3184177,3184179,3184174,3184176,0,0,0,0
1790068936.4626045,54,-50,-58,56,16352,16679,29297,27734,3184207,3184209,3184204,3184206,0,0,0,0
1790068936.5270379,67,-57,-60,52,17997,15063,27756,29290,3184237,3184239,3184234,3184236,0,0,0,0
1790068936.559202,47,-64,-56,63,19582,13533,26109,30887,3184267,3184269,3184264,3184266,0,0,0,0
1790068936.5752149,47,-53,-48,61,21068,11962,24520,32451,3184297,3184299,3184294,3184296,0,0,0,0
1790068936.7032826,63,-51,-54,48,22522,10521,23150,1103,3184327,3184329,3184324,3184326,0,0,0,0
1790068936.722793,55,-50,-53,55,23984,9104,21635,2614,3184357,3184359,3184354,3184356,0,0,0,0
1790068936.7673306,49,-56,-66,66,25519,7640,20122,4128,3184387,3184389,3184384,3184386,0,0,0,0
1790068936.831644,60,-63,-57,54,27041,5978,18577,5761,3184417,3184419,3184414,3184416,0,0,0,0
1790068936.8477995,56,-60,-63,57,30335,2780,15306,9089,3184477,3184479,3184474,3184476,0,0,0,0
1790068936.8958724,56,-60,-63,57,30335,2780,15306,9089,3184477,3184479,3184474,3184476,0,0,0,0
1790068936.9441082,57,-56,-64,67,810,32380,12081,12356,3184537,3184539,3184534,3184536,0,0,0,0
1790068937.024565,49,-60,-53,46,2307,30700,10455,13891,3184567,3184569,3184564,3184566,0,0,0,0
1790068937.0882783,56,-56,-60,53,5474,27683,7437,17030,3184627,3184629,3184624,3184626,0,0,0,0
1790068937.1845813,41,-59,-48,52,6929,26116,5857,18533,3184657,3184659,3184654,3184656,0,0,0,0
1790068937.382279,41,-37,-49,34,8267,24873,4539,19915,3184687,3184689,3184684,3184686,0,0,0,0
1790068937.382279,-1,-1,9,-5,9466,24678,4447,20732,3184777,3184779,3184774,3184776,0,0,0,0
1790068937.4019885,-3,3,6,-10,9382,24764,4551,20615,3184807,3184809,3184804,3184806,0,0,0,0
1790068937.5835087,1,2,5,1,9330,24826,4627,20544,3184867,3184869,3184864,3184866,0,0,0,0
1790068937.599449,0,-1,2,2,9363,24784,4591,20588,3184927,3184929,3184924,3184926,0,0,0,0
1790068937.78987,-2,-6,1,-2,9385,24758,4564,20616,3184957,3184959,3184954,3184956,0,0,0,0
1790068937.78987,0,-4,-1,1,9407,24736,4543,20641,3184987,3184989,3184984,3184986,0,0,0,0
1790068937.78987,-3,2,2,0,9441,24699,4504,20682,3185047,3185049,3185044,3185046,0,0,0,0
1790068937.9594083,-1,-2,-2,-1,9457,24687,4491,20699,3185077,3185079,3185074,3185076,0,0,0,0
1790068937.9614162,-2,1,-2,-3,9480,24668,4469,20721,3185137,3185139,3185134,3185136,0,0,0,0
1790068937.997697,0,-1,-5,0,9487,24658,4460,20730,3185167,3185169,3185164,3185166,0,0,0,0
1790068938.1419556,-1,-1,0,-1,9493,24651,4454,20736,3185197,3185199,3185194,3185196,0,0,0,0
1790068938.1577408,1,-6,-4,1,9500,24647,4447,20742,3185227,3185229,3185224,3185226,0,0,0,0
1790068938.1577408,-6,1,0,1,9507,24640,4442,20748,3185257,3185259,3185254,3185256,0,0,0,0
1790068938.2060113,1,0,-1,0,9519,24639,4441,20762,3185287,3185289,3185284,3185286,0,0,0,0
1790068938.3994014,-2,-8,-8,1,9543,24614,4413,20781,3185317,3185319,3185314,3185316,0,0,0,0
1790068938.3994014,-4,-4,-9,-2,9574,24581,4378,20813,3185377,3185379,3185374,3185376,0,0,0,0
1790068938.4155712,2,-4,5,0,9582,24578,4375,20817,3185407,3185409,3185404,3185406,0,0,0,0
1790068938.6092563,1,-8,-1,2,9584,24574,4369,20821,3185437,3185439,3185434,3185436,0,0,0,0
1790068938.6257188,0,-3,-1,2,9590,24573,4366,20824,3185527,3185529,3185524,3185526,0,0,0,0
1790068938.8041363,3,-1,5,-1,9590,24571,4364,20825,3185557,3185559,3185554,3185556,0,0,0,0
1790068938.819856,-1,2,2,1,9593,24569,4360,20826,3185617,3185619,3185614,3185616,0,0,0,0
1790068938.819856,-4,0,-5,-2,9590,24563,4352,20822,3185647,3185649,3185644,3185646,0,0,0,0
1790068938.9812684,0,4,-2,5,9607,24552,4351,20847,3185707,3185709,3185704,3185706,0,0,0,0
1790068938.9812684,-1,0,24,-2,9614,24543,4343,20855,3185737,3185739,3185734,3185736,0,0,0,0
1790068939.0330572,1,2,-9,0,9622,24538,4335,20862,3185767,3185769,3185764,3185766,0,0,0,0
1790068939.2223012,0,4,4,0,9624,24528,4322,20860,3185797,3185799,3185794,3185796,0,0,0,0
1790068939.2223012,3,3,5,0,9647,24547,4336,20878,3185857,3185859,3185854,3185856,0,0,0,0
1790068939.2382977,4,2,0,-7,9657,24563,4353,20883,3185887,3185889,3185884,3185886,0,0,0,0
1790068939.4161084,5,-3,1,0,9652,24559,4351,20880,3185917,3185919,3185914,3185916,0,0,0,0
1790068939.4321973,-2,-1,1,1,9664,24541,4334,20890,3186007,3186009,3186004,3186006,0,0,0,0
1790068939.6366048,-3,-4,-1,-4,9664,24539,4332,20891,3186037,3186039,3186034,3186036,0,0,0,0
1790068939.6366048,-2,-5,-6,0,9668,24532,4327,20896,3186097,3186099,3186094,3186096,0,0,0,0
1790068939.641492,2,-3,3,-5,9671,24529,4322,20899,3186127,3186129,3186124,3186126,0,0,0,0
1790068939.838158,2,-5,6,0,9684,24513,4308,20910,3186217,3186219,3186214,3186216,0,0,0,0
1790068939.838158,-1,-4,1,-2,9689,24508,4302,20914,3186247,3186249,3186244,3186246,0,0,0,0
1790068940.0443428,-2,4,5,1,9692,24506,4298,20918,3186277,3186279,3186274,3186276,0,0,0,0
1790068940.0443428,-1,-2,-1,5,9700,24498,4291,20922,3186337,3186339,3186334,3186336,0,0,0,0
1790068940.2409627,-1,5,0,2,9705,24494,4285,20927,3186367,3186369,3186364,3186366,0,0,0,0
1790068940.2409627,0,-2,-1,0,9709,24491,4281,20931,3186397,3186399,3186394,3186396,0,0,0,0
1790068940.253039,-1,2,-3,1,9714,24486,4273,20937,3186457,3186459,3186454,3186456,0,0,0,0
1790068940.253039,3,3,-2,5,9716,24485,4273,20938,3186487,3186489,3186484,3186486,0,0,0,0
1790068940.4473157,8,-2,-1,0,9724,24491,4279,20943,3186517,3186519,3186514,3186516,0,0,0,0
1790068940.4473157,3,0,-3,1,9728,24493,4277,20941,3186547,3186549,3186544,3186546,0,0,0,0
1790068940.4473157,0,1,-5,0,9729,24491,4283,20949,3186577,3186579,3186574,3186576,0,0,0,0
1790068940.6073782,1,4,2,0,9720,24493,4289,20943,3186667,3186669,3186664,3186666,0,0,0,0
1790068940.6234186,-1,1,-3,5,9720,24491,4287,20944,3186697,3186699,3186694,3186696,0,0,0,0
1790068940.6559536,0,-1,-2,0,9721,24492,4287,20944,3186727,3186729,3186724,3186726,0,0,0,0
1790068940.8648646,-4,2,3,1,9745,24507,4294,20957,3186787,3186789,3186784,3186786,0,0,0,0
1790068940.8648646,-3,-2,5,-4,9741,24499,4294,20960,3186877,3186879,3186874,3186876,0,0,0,0
1790068941.0739574,0,1,-5,-3,9743,24498,4292,20963,3186937,3186939,3186934,3186936,0,0,0,0
1790068941.0739574,0,1,-5,-3,9743,24498,4292,20963,3186937,3186939,3186934,3186936,0,0,0,0
1790068941.0739574,1,0,-2,2,9744,24501,4293,20964,3186997,3186999,3186994,3186996,0,0,0,0
1790068941.268575,2,0,7,0,9728,24511,4302,20948,3187057,3187059,3187054,3187056,0,0,0,0
1790068941.4804235,1,3,0,0,9723,24522,4320,20946,3187147,3187149,3187144,3187146,0,0,0,0
1790068941.4864414,3,-4,0,1,9751,24505,4294,20967,3187237,3187239,3187234,3187236,0,0,0,0
1790068941.6783278,-4,-1,-3,2,9751,24508,4297,20965,3187267,3187269,3187264,3187266,0,0,0,0
1790068941.6783278,-4,0,-1,-4,9748,24514,4302,20963,3187297,3187299,3187294,3187296,0,0,0,0
1790068941.6783278,3,1,-4,2,9748,24518,4307,20960,3187357,3187359,3187354,3187356,0,0,0,0
1790068941.8806603,-1,-2,0,-5,9749,24515,4306,20961,3187387,3187389,3187384,3187386,0,0,0,0
1790068941.8806603,1,-1,0,-5,9757,24514,4307,20969,3187447,3187449,3187444,3187446,0,0,0,0
1790068941.8806603,0,1,-4,3,9753,24503,4298,20971,3187507,3187509,3187504,3187506,0,0,0,0
1790068941.9933774,0,-1,4,-1,9750,24508,4305,20967,3187567,3187569,3187564,3187566,0,0,0,0
1790068942.0898983,0,0,-1,0,9750,24502,4303,20968,3187597,3187599,3187594,3187596,0,0,0,0
1790068942.1059647,12,-11,-3,8,9901,24382,4235,21046,3187627,3187629,3187624,3187626,0,0,0,0
1790068942.1872365,63,-62,-37,35,10755,23582,3720,21641,3187657,3187659,3187654,3187656,0,0,0,0
1790068942.2030132,68,-90,-76,57,12614,21323,2212,22942,3187687,3187689,3187684,3187686,0,0,0,0
1790068942.2516832,57,-65,-73,62,14142,19429,197,24627,3187717,3187719,3187714,3187716,0,0,0,0
1790068942.299532,70,-72,-68,69,16080,17437,31046,26598,3187747,3187749,3187744,3187746,0,0,0,0
1790068942.450401,70,-77,-59,76,20012,13463,26778,30638,3187807,3187809,3187804,3187806,0,0,0,0
1790068942.4646902,59,-53,-75,64,21801,11724,24978,32486,3187837,3187839,3187834,3187836,0,0,0,0
1790068942.4895928,46,-52,-51,48,23327,10186,23464,1172,3187867,3187869,3187864,3187866,0,0,0,0
1790068942.5860422,40,-53,-42,46,24587,8881,22086,2524,3187897,3187899,3187894,3187896,0,0,0,0
1790068942.6343632,49,-45,-39,49,25875,7656,20866,3706,3187927,3187929,3187924,3187926,0,0,0,0
1790068942.7143047,50,-57,-43,53,27127,6283,19567,5038,3187957,3187959,3187954,3187956,0,0,0,0
1790068942.7143047,68,-53,-59,63,28633,4866,18187,6468,3187987,3187989,3187984,3187986,0,0,0,0
1790068942.7788508,63,-59,-59,53,30238,3239,16561,8124,3188017,3188019,3188014,3188016,0,0,0,0
1790068942.8428912,71,-81,-68,70,31987,1418,14815,9898,3188047,3188049,3188044,3188046,0,0,0,0
1790068942.8917148,61,-62,-60,65,998,32499,12924,11740,3188077,3188079,3188074,3188076,0,0,0,0
1790068942.9240308,69,-60,-65,65,2698,30719,11171,13528,3188107,3188109,3188104,3188106,0,0,0,0
1790068943.020419,50,-50,-65,50,4372,29114,9557,15158,3188137,3188139,3188134,3188136,0,0,0,0
1790068943.0363202,49,-53,-48,58,5858,27583,8036,16725,3188167,3188169,3188164,3188166,0,0,0,0
1790068943.0846822,57,-53,-57,56,7233,26091,6568,18170,3188197,3188199,3188194,3188196,0,0,0,0
1790068943.1653326,56,-48,-53,38,8709,24699,5152,19574,3188227,3188229,3188224,3188226,0,0,0,0
1790068943.2128253,56,-54,-50,44,10144,23239,3608,21026,3188257,3188259,3188254,3188256,0,0,0,0
1790068943.2128253,47,-56,-48,70,11665,21733,2152,22493,3188287,3188289,3188284,3188286,0,0,0,0
1790068943.3087435,61,-65,-55,62,13335,20047,555,24161,3188317,3188319,3188314,3188316,0,0,0,0
1790068943.3409362,48,-54,-56,61,15044,18483,31574,25900,3188347,3188349,3188344,3188346,0,0,0,0
1790068943.4055429,70,-48,-75,62,16669,16742,29857,27660,3188377,3188379,3188374,3188376,0,0,0,0
1790068943.4699855,55,-61,-58,54,18356,15169,28255,29196,3188407,3188409,3188404,3188406,0,0,0,0
1790068943.4861138,53,-57,-43,60,19845,13669,26685,30763,3188437,3188439,3188434,3188436,0,0,0,0
1790068943.5367482,50,-53,-64,64,21350,12078,25210,32344,3188467,3188469,3188464,3188466,0,0,0,0
1790068943.6636362,52,-57,-47,46,22939,10613,23702,1031,3188497,3188499,3188494,3188496,0,0,0,0
1790068943.679606,58,-53,-52,52,24363,9141,22078,2628,3188527,3188529,3188524,3188526,0,0,0,0
1790068943.679606,56,-58,-67,67,25919,7645,20607,4192,3188557,3188559,3188554,3188556,0,0,0,0
1790068943.7436888,67,-70,-59,46,27564,5921,19025,5768,3188587,3188589,3188584,3188586,0,0,0,0
1790068943.8074453,50,-54,-53,69,29118,4438,17429,7378,3188617,3188619,3188614,3188616,0,0,0,0
1790068943.9205198,56,-59,-66,53,30731,2820,15862,9047,3188647,3188649,3188644,3188646,0,0,0,0
1790068943.9367058,68,-57,-61,50,2776,30798,11020,13857,3188737,3188739,3188734,3188736,0,0,0,0
1790068944.001042,53,-52,-61,61,4361,29229,9490,15351,3188767,3188769,3188764,3188766,0,0,0,0
1790068944.0660405,55,-53,-50,59,5864,27735,7964,16941,3188797,3188799,3188794,3188796,0,0,0,0
1790068944.1314473,65,-64,-63,45,7361,26135,6376,18467,3188827,3188829,3188824,3188826,0,0,0,0
1790068944.1314473,48,-44,-56,49,8883,24698,4872,19956,3188857,3188859,3188854,3188856,0,0,0,0
1790068944.3410468,28,-13,-19,27,9956,23681,3764,21122,3188887,3188889,3188884,3188886,0,0,0,0
1790068944.3410468,1,-5,-10,6,10946,22782,2899,22075,3188947,3188949,3188944,3188946,0,0,0,0
1790068944.3579688,-1,-4,-6,2,11121,22612,2755,22203,3188977,3188979,3188974,3188976,0,0,0,0
1790068944.5504847,-1,-2,-3,-2,11195,22530,2681,22267,3189037,3189039,3189034,3189036,0,0,0,0
1790068944.5663478,-1,-1,-4,2,11206,22523,2673,22276,3189067,3189069,3189064,3189066,0,0,0,0
1790068944.5663478,5,-1,-3,-1,11201,22526,2677,22274,3189097,3189099,3189094,3189096,0,0,0,0
1790068944.7431867,-1,-1,0,-1,11183,22545,2695,22255,3189157,3189159,3189154,3189156,0,0,0,0
1790068944.7598343,-1,2,-1,-2,11176,22550,2702,22249,3189187,3189189,3189184,3189186,0,0,0,0
1790068944.7598343,8,-3,4,-1,11173,22553,2705,22246,3189217,3189219,3189214,3189216,0,0,0,0
1790068944.9488962,1,-3,3,-1,11176,22551,2704,22247,3189247,3189249,3189244,3189246,0,0,0,0
1790068944.9607177,1,5,-2,2,11186,22554,2708,22256,3189277,3189279,3189274,3189276,0,0,0,0
1790068944.96443,-2,-2,-1,-1,11190,22542,2695,22257,3189307,3189309,3189304,3189306,0,0,0,0
1790068945.0254042,-5,-4,-3,-2,11194,22529,2684,22261,3189367,3189369,3189364,3189366,0,0,0,0
1790068945.0629444,4,1,-4,0,11190,22534,2688,22260,3189397,3189399,3189394,3189396,0,0,0,0
1790068945.1655984,-2,2,1,1,11176,22542,2698,22248,3189457,3189459,3189454,3189456,0,0,0,0
1790068945.3185716,-5,-3,-6,-5,11180,22543,2698,22251,3189487,3189489,3189484,3189486,0,0,0,0
1790068945.340998,-2,2,5,-2,11183,22540,2695,22253,3189517,3189519,3189514,3189516,0,0,0,0
1790068945.3420005,-2,-5,-4,0,11183,22542,2695,22252,3189547,3189549,3189544,3189546,0,0,0,0
1790068945.5691247,0,-2,2,-1,11204,22514,2672,22274,3189637,3189639,3189634,3189636,0,0,0,0
1790068945.5848935,0,1,3,-5,11195,22529,2684,22265,3189697,3189699,3189694,3189696,0,0,0,0
1790068945.7782335,-4,-2,1,-1,11185,22538,2694,22252,3189817,3189819,3189814,3189816,0,0,0,0
1790068945.987772,1,-2,1,-3,11191,22531,2687,22259,3189847,3189849,3189844,3189846,0,0,0,0
1790068945.9897816,7,-3,-3,0,11182,22539,2695,22252,3189937,3189939,3189934,3189936,0,0,0,0
1790068946.0842314,-4,0,2,0,11194,22539,2694,22267,3189997,3189999,3189994,3189996,0,0,0,0
1790068946.1840672,-3,4,3,-2,11198,22517,2670,22268,3190057,3190059,3190054,3190056,0,0,0,0
1790068946.3917134,-1,4,0,2,11192,22530,2681,22262,3190147,3190149,3190144,3190146,0,0,0,0
1790068946.4074807,2,1,-2,3,11190,22534,2683,22258,3190177,3190179,3190174,3190176,0,0,0,0
1790068946.5855181,1,2,-2,2,11183,22534,2683,22254,3190207,3190209,3190204,3190206,0,0,0,0
1790068946.6013696,-3,3,-3,-4,11186,22534,2684,22253,3190297,3190299,3190294,3190296,0,0,0,0
1790068946.795121,1,4,-1,-2,11186,22531,2682,22256,3190357,3190359,3190354,3190356,0,0,0,0
1790068947.003933,-3,-6,-3,0,11184,22533,2683,22254,3190477,3190479,3190474,3190476,0,0,0,0
1790068947.003933,1,-2,3,1,11187,22531,2681,22256,3190537,3190539,3190534,3190536,0,0,0,0
1790068947.0842788,0,3,-4,-3,11189,22528,2679,22258,3190567,3190569,3190564,3190566,0,0,0,0
1790068947.0842788,1,2,-3,-5,11189,22528,2678,22259,3190597,3190599,3190594,3190596,0,0,0,0
1790068947.1001034,0,0,-2,-4,11188,22529,2680,22258,3190627,3190629,3190624,3190626,0,0,0,0
1790068947.2137268,-1,-1,0,-2,11190,22527,2679,22259,3190687,3190689,3190684,3190686,0,0,0,0
1790068947.409529,-2,4,-2,-2,11192,22525,2676,22261,3190717,3190719,3190714,3190716,0,0,0,0
1790068947.409529,-3,-4,-4,1,11196,22523,2674,22265,3190777,3190779,3190774,3190776,0,0,0,0
1790068947.4233267,-2,-4,4,0,11194,22524,2675,22263,3190807,3190809,3190804,3190806,0,0,0,0
1790068947.5956764,-4,-4,-3,0,11189,22522,2670,22249,3190867,3190869,3190864,3190866,0,0,0,0
1790068947.6011276,6,2,1,2,11199,22532,2680,22257,3190897,3190899,3190894,3190896,0,0,0,0
1790068947.8225858,1,-1,-5,0,11228,22517,2665,22286,3191017,3191019,3191014,3191016,0,0,0,0
1790068948.032279,-3,-2,-2,0,11229,22512,2659,22287,3191047,3191049,3191044,3191046,0,0,0,0
1790068948.0342884,0,2,-2,-4,11216,22527,2675,22275,3191137,3191139,3191134,3191136,0,0,0,0
1790068948.0965886,-1,-2,6,-1,11214,22528,2676,22272,3191197,3191199,3191194,3191196,0,0,0,0
1790068948.209034,-8,3,8,3,11182,22540,2684,22245,3191257,3191259,3191254,3191256,0,0,0,0
1790068948.43547,-1,2,0,-3,11185,22579,2727,22244,3191287,3191289,3191284,3191286,0,0,0,0
1790068948.43547,-4,1,3,0,11221,22516,2667,22280,3191407,3191409,3191404,3191406,0,0,0,0
1790068948.43547,-1,-1,-3,-5,11222,22517,2667,22281,3191437,3191439,3191434,3191436,0,0,0,0
1790068948.5317323,-1,4,2,-3,11214,22525,2674,22275,3191467,3191469,3191464,3191466,0,0,0,0
1790068948.6465108,-65,-83,-81,-51,10318,21468,1920,21762,3191527,3191529,3191524,3191526,0,0,0,0
1790068948.8366067,-57,-48,-55,-56,8666,19951,156,20000,3191557,3191559,3191554,3191556,0,0,0,0
1790068948.8524492,-63,-61,-64,-48,2808,14412,27259,13993,3191677,3191679,3191674,3191676,0,0,0,0
1790068949.1119573,-53,-66,-56,-55,1265,12896,25798,12545,3191707,3191709,3191704,3191706,0,0,0,0
1790068949.1119573,-51,-64,-54,-68,32623,11321,24103,11066,3191737,3191739,3191734,3191736,0,0,0,0
1790068949.1119573,-54,-67,-62,-61,27948,6417,19222,6314,3191827,3191829,3191824,3191826,0,0,0,0
1790068949.2569869,-66,-58,-53,-67,26260,4872,17641,4782,3191857,3191859,3191854,3191856,0,0,0,0
1790068949.2569869,-62,-52,-54,-52,24611,3280,16116,3103,3191887,3191889,3191884,3191886,0,0,0,0
1790068949.2569869,-58,-67,-53,-79,23057,1798,14463,1418,3191917,3191919,3191914,3191916,0,0,0,0
1790068949.4675236,-68,-66,-63,-66,18154,29629,9605,29285,3192007,3192009,3192004,3192006,0,0,0,0
1790068949.670771,-57,-56,-60,-55,16578,28050,7953,27750,3192037,3192039,3192034,3192036,0,0,0,0
1790068949.670771,-32,-27,-33,-29,12326,23583,3229,23217,3192127,3192129,3192124,3192126,0,0,0,0
1790068949.6856039,-24,-28,-23,-27,11668,22988,2593,22503,3192157,3192159,3192154,3192156,0,0,0,0
1790068949.862357,-4,2,-4,-5,10723,22179,1863,21720,3192217,3192219,3192214,3192216,0,0,0,0
1790068949.8824074,2,-2,1,-6,10685,22215,1893,21704,3192247,3192249,3192244,3192246,0,0,0,0
1790068950.072642,-6,-1,4,0,10634,22270,1951,21657,3192307,3192309,3192304,3192306,0,0,0,0
1790068950.072642,1,1,-11,-2,10611,22291,1972,21637,3192337,3192339,3192334,3192336,0,0,0,0
1790068950.0833695,-2,-1,-16,1,10581,22321,2004,21608,3192397,3192399,3192394,3192396,0,0,0,0
1790068950.2827165,-3,2,-1,4,10558,22344,2026,21587,3192457,3192459,3192454,3192456,0,0,0,0
1790068950.284809,1,-5,-1,2,10538,22365,2047,21567,3192517,3192519,3192514,3192516,0,0,0,0
1790068950.4856396,2,-2,3,3,10527,22378,2057,21556,3192547,3192549,3192544,3192546,0,0,0,0
1790068950.4856396,1,-1,1,-4,10533,22410,2077,21553,3192577,3192579,3192574,3192576,0,0,0,0
1790068950.500663,0,-4,2,-1,10517,22429,2093,21534,3192637,3192639,3192634,3192636,0,0,0,0
1790068950.6923738,-1,-3,-2,2,10506,22433,2099,21525,3192667,3192669,3192664,3192666,0,0,0,0
1790068950.7887747,-1,-9,2,-5,10455,22468,2135,21477,3192847,3192849,3192844,3192846,0,0,0,0
1790068950.9013863,-4,7,-4,-3,10419,22514,2169,21440,3192877,3192879,3192874,3192876,0,0,0,0
1790068950.988012,4,-2,0,3,10363,22598,2246,21384,3192937,3192939,3192934,3192936,0,0,0,0
1790068951.03,23,-10,-10,6,10456,22466,2199,21425,3192967,3192969,3192964,3192966,0,0,0,0
1790068951.110187,61,-75,-29,27,11422,21524,1764,21839,3192997,3192999,3192994,3192996,0,0,0,0
1790068951.1261387,58,-60,-69,40,13288,19524,325,23258,3193027,3193029,3193024,3193026,0,0,0,0
1790068951.2225952,65,-80,-60,82,14901,17657,31256,25033,3193057,3193059,3193054,3193056,0,0,0,0
1790068951.2387369,86,-78,-74,89,16885,15782,29152,27128,3193087,3193089,3193084,3193086,0,0,0,0
1790068951.289102,85,-72,-79,78,19011,13681,26975,29300,3193117,3193119,3193114,3193116,0,0,0,0
1790068951.3502285,63,-61,-78,60,21093,11691,24787,31396,3193147,3193149,3193144,3193146,0,0,0,0
1790068951.3663945,63,-57,-60,61,22913,9828,23059,489,3193177,3193179,3193174,3193176,0,0,0,0
1790068951.4149473,47,-49,-46,51,24333,8359,21537,1968,3193207,3193209,3193204,3193206,0,0,0,0
1790068951.4954185,36,-42,-48,37,25580,7217,20325,3162,3193237,3193239,3193234,3193236,0,0,0,0
1790068951.5433142,38,-48,-43,42,26728,5993,19195,4328,3193267,3193269,3193264,3193266,0,0,0,0
1790068951.6071675,47,-49,-51,40,28081,4768,17908,5644,3193297,3193299,3193294,3193296,0,0,0,0
1790068951.6233625,62,-49,-63,62,29483,3220,16475,7062,3193327,3193329,3193324,3193326,0,0,0,0
1790068951.6722517,65,-82,-63,64,31219,1566,14817,8836,3193357,3193359,3193354,3193356,0,0,0,0
1790068951.799752,66,-54,-74,74,235,32566,12985,10572,3193387,3193389,3193384,3193386,0,0,0,0
1790068951.8158996,52,-64,-66,64,2089,30787,11145,12530,3193417,3193419,3193414,3193416,0,0,0,0
1790068951.869501,66,-54,-56,66,3842,29002,9311,14254,3193447,3193449,3193444,3193446,0,0,0,0
1790068951.8793073,56,-61,-54,62,5458,27392,7754,15923,3193477,3193479,3193474,3193476,0,0,0,0
1790068951.9428115,44,-53,-50,47,6894,25868,6134,17434,3193507,3193509,3193504,3193506,0,0,0,0
1790068951.9917705,49,-39,-57,51,8291,24529,4811,18816,3193537,3193539,3193534,3193536,0,0,0,0
1790068952.0550544,54,-46,-48,57,9630,23165,3395,20209,3193567,3193569,3193564,3193566,0,0,0,0
1790068952.1353636,60,-44,-55,64,14313,18595,31533,24834,3193657,3193659,3193654,3193656,0,0,0,0
1790068952.1992087,60,-61,-71,57,16067,16828,29851,26557,3193687,3193689,3193684,3193686,0,0,0,0
1790068952.2633462,65,-61,-59,74,17742,15171,28163,28251,3193717,3193719,3193714,3193716,0,0,0,0
1790068952.3122473,61,-68,-57,56,19424,13521,26462,30040,3193747,3193749,3193744,3193746,0,0,0,0
1790068952.3763714,48,-58,-68,56,21008,11933,24819,31553,3193777,3193779,3193774,3193776,0,0,0,0
1790068952.44102,63,-55,-47,57,22483,10429,23349,365,3193807,3193809,3193804,3193806,0,0,0,0
1790068952.5066586,55,-47,-50,62,23977,9011,21830,1851,3193837,3193839,3193834,3193836,0,0,0,0
1790068952.5204015,53,-57,-70,43,25474,7506,20388,3284,3193867,3193869,3193864,3193866,0,0,0,0
1790068952.5688605,56,-55,-57,54,26942,5919,18842,4811,3193897,3193899,3193894,3193896,0,0,0,0
1790068952.6333294,54,-53,-49,63,28538,4497,17311,6336,3193927,3193929,3193924,3193926,0,0,0,0
1790068952.6333294,55,-61,-72,44,30095,2924,15736,8032,3193957,3193959,3193954,3193956,0,0,0,0
1790068952.7292829,60,-68,-53,60,31681,1274,14096,9624,3193987,3193989,3193984,3193986,0,0,0,0
1790068952.7452555,65,-45,-57,59,555,32454,12509,11328,3194017,3194019,3194014,3194016,0,0,0,0
1790068952.847054,49,-64,-62,53,2213,30818,10809,12911,3194047,3194049,3194044,3194046,0,0,0,0
1790068952.895959,60,-49,-54,63,3831,29205,9225,14505,3194077,3194079,3194074,3194076,0,0,0,0
1790068952.9033055,58,-51,-51,59,5379,27708,7718,16085,3194107,3194109,3194104,3194106,0,0,0,0
1790068952.9515724,53,-66,-60,51,6868,26038,6051,17583,3194137,3194139,3194134,3194136,0,0,0,0
1790068953.1601639,17,-23,-19,17,11406,21701,1482,22139,3194257,3194259,3194254,3194256,0,0,0,0
1790068953.2589455,4,1,-5,0,11791,21173,972,22663,3194317,3194319,3194314,3194316,0,0,0,0
1790068953.3691952,-2,1,-3,1,11820,21149,940,22700,3194347,3194349,3194344,3194346,0,0,0,0
1790068953.3855581,-6,-3,-2,-5,11817,21162,950,22691,3194377,3194379,3194374,3194376,0,0,0,0
1790068953.5615606,-2,2,-2,-1,11767,21220,1005,22621,3194437,3194439,3194434,3194436,0,0,0,0
1790068953.5615606,-1,-2,0,1,11742,21247,1032,22586,3194467,3194469,3194464,3194466,0,0,0,0
1790068953.682032,-1,-2,0,-2,11722,21269,1057,22556,3194497,3194499,3194494,3194496,0,0,0,0
1790068953.6830342,-4,0,2,-4,11705,21291,1076,22531,3194527,3194529,3194524,3194526,0,0,0,0
1790068953.685125,-8,0,1,-1,11690,21311,1093,22509,3194557,3194559,3194554,3194556,0,0,0,0
1790068953.866283,3,4,2,0,11663,21346,1124,22474,3194617,3194619,3194614,3194616,0,0,0,0
1790068953.866283,2,0,-3,-2,11650,21356,1141,22451,3194677,3194679,3194674,3194676,0,0,0,0
1790068954.1239843,1,-3,1,1,11646,21366,1148,22439,3194737,3194739,3194734,3194736,0,0,0,0
1790068954.1239843,0,-2,1,-3,11647,21368,1149,22437,3194767,3194769,3194764,3194766,0,0,0,0
1790068954.1401393,-6,2,-4,-2,11643,21365,1147,22437,3194827,3194829,3194824,3194826,0,0,0,0
1790068954.365926,3,1,5,-2,11643,21365,1147,22436,3194857,3194859,3194854,3194856,0,0,0,0
1790068954.3818111,0,0,-1,0,11660,21343,1126,22460,3194917,3194919,3194914,3194916,0,0,0,0
1790068954.3818111,-4,1,1,-1,11657,21347,1129,22460,3194947,3194949,3194944,3194946,0,0,0,0
1790068954.3818111,-2,8,-8,-1,11645,21362,1143,22443,3194977,3194979,3194974,3194976,0,0,0,0
1790068954.5755663,-2,0,0,1,11636,21377,1157,22427,3195007,3195009,3195004,3195006,0,0,0,0
1790068954.785246,-1,3,0,4,11626,21388,1169,22411,3195127,3195129,3195124,3195126,0,0,0,0
1790068954.785246,0,1,-11,-3,11625,21390,1168,22410,3195187,3195189,3195184,3195186,0,0,0,0
1790068954.806389,-3,-5,-5,-2,11626,21390,1168,22410,3195217,3195219,3195214,3195216,0,0,0,0
1790068954.969585,4,5,2,3,11621,21384,1157,22394,3195247,3195249,3195244,3195246,0,0,0,0
1790068954.9774375,2,-1,1,-2,11616,21393,1162,22393,3195337,3195339,3195334,3195336,0,0,0,0
1790068955.170028,-1,-5,3,0,11608,21395,1158,22374,3195397,3195399,3195394,3195396,0,0,0,0
1790068955.170028,-2,3,1,-1,11607,21406,1169,22377,3195427,3195429,3195424,3195426,0,0,0,0
1790068955.1857271,-2,-1,1,-3,11603,21410,1171,22371,3195457,3195459,3195454,3195456,0,0,0,0
1790068955.3952982,0,0,-2,1,11598,21414,1175,22364,3195517,3195519,3195514,3195516,0,0,0,0
1790068955.4087222,4,-1,2,-1,11596,21416,1178,22360,3195607,3195609,3195604,3195606,0,0,0,0
1790068955.609564,1,0,1,-1,11599,21410,1173,22366,3195697,3195699,3195694,3195696,0,0,0,0
1790068955.6196122,1,4,1,-1,11600,21409,1173,22368,3195727,3195729,3195724,3195726,0,0,0,0
1790068955.8131104,-1,-1,-4,-4,11599,21411,1174,22367,3195757,3195759,3195754,3195756,0,0,0,0
1790068955.8131104,3,1,-1,-5,11596,21417,1179,22360,3195847,3195849,3195844,3195846,0,0,0,0
1790068956.0106518,-5,-5,-4,1,11597,21415,1178,22361,3195877,3195879,3195874,3195876,0,0,0,0
1790068956.0106518,0,-2,-2,0,11598,21415,1178,22363,3195967,3195969,3195964,3195966,0,0,0,0
1790068956.1850803,-5,1,1,-2,11600,21414,1176,22365,3195997,3195999,3195994,3195996,0,0,0,0
1790068956.201106,1,-10,-5,-7,11598,21415,1177,22363,3196057,3196059,3196054,3196056,0,0,0,0
1790068956.3624618,-1,-2,-2,0,11597,21413,1176,22363,3196087,3196089,3196084,3196086,0,0,0,0
1790068956.3784175,-3,-5,5,-1,11604,21407,1169,22362,3196177,3196179,3196174,3196176,0,0,0,0
1790068956.6193476,-3,-2,0,-6,11598,21413,1176,22360,3196207,3196209,3196204,3196206,0,0,0,0
1790068956.635214,-3,1,1,4,11606,21423,1176,22364,3196297,3196299,3196294,3196296,0,0,0,0
1790068956.635214,3,1,-1,0,11608,21424,1176,22367,3196327,3196329,3196324,3196326,0,0,0,0
1790068956.8271635,4,-3,0,-4,11601,21433,1183,22355,3196417,3196419,3196414,3196416,0,0,0,0
1790068956.843071,-2,2,-6,0,11600,21433,1184,22356,3196447,3196449,3196444,3196446,0,0,0,0
1790068957.0368278,-3,0,0,0,11576,21471,1219,22315,3196567,3196569,3196564,3196566,0,0,0,0
1790068957.1484466,-6,2,-4,-3,11585,21460,1208,22328,3196627,3196629,3196624,3196626,0,0,0,0
1790068957.1965961,0,-1,-2,1,11590,21453,1202,22339,3196657,3196659,3196654,3196656,0,0,0,0
1790068957.4527738,2,3,-6,1,11590,21449,1199,22341,3196687,3196689,3196684,3196686,0,0,0,0
1790068957.4527738,1,-1,0,-4,11585,21459,1205,22333,3196747,3196749,3196744,3196746,0,0,0,0
1790068957.4527738,-1,-1,-1,2,11580,21461,1209,22328,3196807,3196809,3196804,3196806,0,0,0,0
1790068957.6465044,-5,-3,-2,-2,11582,21460,1208,22328,3196837,3196839,3196834,3196836,0,0,0,0
1790068957.6465044,-46,-41,-38,-44,8512,18607,31079,19613,3196927,3196929,3196924,3196926,0,0,0,0
1790068957.8562315,-44,-41,-49,-58,7183,17262,29710,18196,3196957,3196959,3196954,3196956,0,0,0,0
1790068957.8562315,-69,-64,-57,-50,2911,12876,25346,13683,3197047,3197049,3197044,3197046,0,0,0,0
1790068958.0639179,-53,-60,-60,-64,1260,11355,23719,12128,3197077,3197079,3197074,3197076,0,0,0,0
1790068958.0639179,-60,-57,-53,-54,27728,4840,17465,5892,3197197,3197199,3197194,3197196,0,0,0,0
1790068958.206532,-60,-57,-53,-54,27728,4840,17465,5892,3197197,3197199,3197194,3197196,0,0,0,0
1790068958.206532,-58,-48,-55,-67,26056,3241,15833,4343,3197227,3197229,3197224,3197226,0,0,0,0
1790068958.2225072,-49,-67,-62,-67,24458,1761,14220,2736,3197257,3197259,3197254,3197256,0,0,0,0
1790068958.2698338,-65,-50,-59,-66,21258,31291,11004,32280,3197317,3197319,3197314,3197316,0,0,0,0
1790068958.4632232,-52,-62,-58,-55,19662,29633,9394,30549,3197347,3197349,3197344,3197346,0,0,0,0
1790068958.4632232,-58,-57,-63,-48,14872,24770,4398,25643,3197437,3197439,3197434,3197436,0,0,0,0
1790068958.671822,-69,-45,-62,-59,13204,23099,2783,24102,3197467,3197469,3197464,3197466,0,0,0,0
1790068958.671822,-57,-57,-59,-61,8248,18315,30605,19256,3197557,3197559,3197554,3197556,0,0,0,0
1790068958.8804684,-51,-58,-50,-51,6647,16617,29034,17516,3197587,3197589,3197584,3197586,0,0,0,0
1790068958.8804684,-66,-61,-70,-64,4963,14844,27450,16060,3197617,3197619,3197614,3197616,0,0,0,0
1790068958.8804684,-58,-60,-62,-66,3444,13288,25886,14364,3197647,3197649,3197644,3197646,0,0,0,0
1790068958.8804684,-72,-53,-55,-57,1850,11684,24170,12751,3197677,3197679,3197674,3197676,0,0,0,0
1790068959.0896628,-55,-52,-70,-68,217,10125,22410,11092,3197707,3197709,3197704,3197706,0,0,0,0
1790068959.0896628,-53,-66,-49,-60,31413,8431,20861,9395,3197737,3197739,3197734,3197736,0,0,0,0
1790068959.0896628,-61,-60,-56,-63,28197,5168,17568,6095,3197797,3197799,3197794,3197796,0,0,0,0
1790068959.2248924,-49,-67,-53,-63,23289,185,12736,1321,3197887,3197889,3197884,3197886,0,0,0,0
1790068959.299659,-60,-53,-58,-53,21635,31305,11112,32614,3197917,3197919,3197914,3197916,0,0,0,0
1790068959.4927597,-54,-56,-64,-63,19990,29702,9485,30914,3197947,3197949,3197944,3197946,0,0,0,0
1790068959.4927597,-47,-64,-55,-79,15210,24819,4499,25894,3198037,3198039,3198034,3198036,0,0,0,0
1790068959.701848,-9,11,-10,-11,11749,21563,927,22272,3198157,3198159,3198154,3198156,0,0,0,0
1790068959.895642,-3,1,-6,1,11694,21581,845,22140,3198247,3198249,3198244,3198246,0,0,0,0
1790068959.9115384,-4,-1,2,-2,11680,21601,864,22126,3198307,3198309,3198304,3198306,0,0,0,0
1790068960.023713,1,-2,0,3,11682,21599,862,22130,3198367,3198369,3198364,3198366,0,0,0,0
1790068960.2295337,-4,3,-2,-4,11698,21643,885,22145,3198427,3198429,3198424,3198426,0,0,0,0
1790068960.2421565,3,-2,-2,-3,11659,21689,931,22098,3198487,3198489,3198484,3198486,0,0,0,0
1790068960.3213558,1,1,0,1,11659,21680,928,22100,3198547,3198549,3198544,3198546,0,0,0,0
1790068960.5125468,1,-1,-3,3,11683,21652,900,22129,3198637,3198639,3198634,3198636,0,0,0,0
1790068960.730446,3,6,4,-4,11680,21659,904,22124,3198697,3198699,3198694,3198696,0,0,0,0
1790068960.730446,-2,-3,0,1,11674,21666,910,22118,3198757,3198759,3198754,3198756,0,0,0,0
1790068960.7366366,0,0,4,2,11675,21664,910,22120,3198787,3198789,3198784,3198786,0,0,0,0
1790068960.9311616,3,-1,4,-2,11677,21663,908,22122,3198817,3198819,3198814,3198816,0,0,0,0
1790068960.9311616,2,-3,-4,-2,11677,21663,908,22123,3198847,3198849,3198844,3198846,0,0,0,0
1790068960.9311616,2,-3,-4,1,11673,21668,912,22118,3198907,3198909,3198904,3198906,0,0,0,0
1790068960.9311616,4,-1,3,-2,11672,21670,915,22116,3198937,3198939,3198934,3198936,0,0,0,0
1790068961.1381109,-4,3,6,-3,11649,21672,918,22096,3198967,3198969,3198964,3198966,0,0,0,0
1790068961.1381109,-1,-2,5,4,11636,21726,956,22079,3198997,3198999,3198994,3198996,0,0,0,0
1790068961.1381109,1,-1,1,2,11636,21748,983,22076,3199057,3199059,3199054,3199056,0,0,0,0
1790068961.2347064,-7,-4,-1,-1,11633,21736,976,22081,3199087,3199089,3199084,3199086,0,0,0,0
1790068961.2347064,-3,-8,-1,-3,11640,21724,967,22089,3199117,3199119,3199114,3199116,0,0,0,0
1790068961.3219607,0,-3,-3,-1,11649,21720,961,22096,3199147,3199149,3199144,3199146,0,0,0,0
1790068961.379487,9,-16,-2,7,11733,21581,895,22165,3199177,3199179,3199174,3199176,0,0,0,0
1790068961.4474413,60,-64,-32,35,12607,20625,466,22683,3199207,3199209,3199204,3199206,0,0,0,0
1790068961.459299,69,-60,-74,66,14226,18548,31670,23917,3199237,3199239,3199234,3199236,0,0,0,0
1790068961.5229573,68,-60,-87,56,16059,16653,29766,25721,3199267,3199269,3199264,3199266,0,0,0,0
1790068961.5705564,81,-82,-81,71,18014,14699,27789,27749,3199297,3199299,3199294,3199296,0,0,0,0
1790068961.6343718,69,-67,-77,88,20049,12577,25649,29861,3199327,3199329,3199324,3199326,0,0,0,0
1790068961.6343718,63,-78,-70,80,22053,10593,23548,31870,3199357,3199359,3199354,3199356,0,0,0,0
1790068961.7455359,53,-64,-69,52,23877,8969,21628,935,3199387,3199389,3199384,3199386,0,0,0,0
1790068961.7612798,49,-51,-60,52,25422,7493,20114,2383,3199417,3199419,3199414,3199416,0,0,0,0
1790068961.8456118,37,-49,-45,43,27872,4968,17716,4871,3199477,3199479,3199474,3199476,0,0,0,0
1790068961.9035249,43,-54,-53,53,29092,3648,16496,6123,3199507,3199509,3199504,3199506,0,0,0,0
1790068962.0152721,73,-64,-70,54,32266,545,13384,9294,3199567,3199569,3199564,3199566,0,0,0,0
1790068962.1431692,67,-75,-70,71,3105,29699,9759,13042,3199627,3199629,3199624,3199626,0,0,0,0
1790068962.1592238,61,-51,-57,56,4795,27997,7959,14793,3199657,3199659,3199654,3199656,0,0,0,0
1790068962.2229848,55,-57,-70,53,6404,26424,6291,16431,3199687,3199689,3199684,3199686,0,0,0,0
1790068962.2705922,50,-55,-59,62,7885,24944,4863,17878,3199717,3199719,3199714,3199716,0,0,0,0
1790068962.336683,40,-51,-47,59,9308,23508,3402,19280,3199747,3199749,3199744,3199746,0,0,0,0
1790068962.336683,56,-50,-49,46,10696,22063,2080,20716,3199777,3199779,3199774,3199776,0,0,0,0
1790068962.4636967,63,-55,-49,54,12181,20689,573,22139,3199807,3199809,3199804,3199806,0,0,0,0
1790068962.4793565,53,-59,-55,61,13801,19056,31690,23743,3199837,3199839,3199834,3199836,0,0,0,0
1790068962.5276237,62,-58,-60,54,15413,17345,30073,25478,3199867,3199869,3199864,3199866,0,0,0,0
1790068962.5437698,60,-67,-64,69,17138,15806,28392,27111,3199897,3199899,3199894,3199896,0,0,0,0
1790068962.5918171,59,-52,-51,61,18787,14011,26694,28823,3199927,3199929,3199924,3199926,0,0,0,0
1790068962.6557274,70,-53,-75,51,20421,12430,25020,30438,3199957,3199959,3199954,3199956,0,0,0,0
1790068962.7677698,50,-56,-47,50,23418,9461,21979,784,3200017,3200019,3200014,3200016,0,0,0,0
1790068962.8474758,57,-45,-53,50,24841,7982,20597,2233,3200047,3200049,3200044,3200046,0,0,0,0
1790068962.8632896,59,-59,-53,66,26387,6547,19111,3656,3200077,3200079,3200074,3200076,0,0,0,0
1790068962.9114654,52,-62,-56,73,28005,4978,17498,5339,3200107,3200109,3200104,3200106,0,0,0,0
1790068962.991252,62,-52,-58,49,29561,3356,15949,6900,3200137,3200139,3200134,3200136,0,0,0,0
1790068963.0397391,60,-65,-63,71,31231,1815,14271,8599,3200167,3200169,3200164,3200166,0,0,0,0
1790068963.1035929,52,-57,-58,47,102,76,12655,10199,3200197,3200199,3200194,3200196,0,0,0,0
1790068963.1234689,54,-50,-59,59,1754,31253,11009,11913,3200227,3200229,3200224,3200226,0,0,0,0
1790068963.1831746,54,-61,-59,57,3334,29684,9377,13508,3200257,3200259,3200254,3200256,0,0,0,0
1790068963.240789,54,-54,-76,43,4816,28134,7875,14992,3200287,3200289,3200284,3200286,0,0,0,0
1790068963.2956204,58,-57,-56,65,7888,25041,4825,18079,3200347,3200349,3200344,3200346,0,0,0,0
1790068963.406101,48,-37,-57,41,10783,22079,1774,21116,3200407,3200409,3200404,3200406,0,0,0,0
1790068963.5971382,10,-14,-13,-2,12274,20749,310,22365,3200467,3200469,3200464,3200466,0,0,0,0
1790068963.5971382,-1,5,8,1,12374,20698,618,22305,3200527,3200529,3200524,3200526,0,0,0,0
1790068963.7897656,-1,-6,-2,0,12312,20782,745,22304,3200617,3200619,3200614,3200616,0,0,0,0
1790068963.8054717,-1,-1,-6,-2,12313,20782,747,22307,3200647,3200649,3200644,3200646,0,0,0,0
1790068963.9981458,1,1,3,-3,12322,20776,740,22317,3200707,3200709,3200704,3200706,0,0,0,0
1790068964.0214655,-3,1,-4,3,12324,20776,739,22320,3200737,3200739,3200734,3200736,0,0,0,0
1790068964.205542,1,2,-6,-3,12322,20787,753,22316,3200827,3200829,3200824,3200826,0,0,0,0
1790068964.221437,-2,-2,-3,1,12328,20789,752,22321,3200857,3200859,3200854,3200856,0,0,0,0
1790068964.2534466,-1,-4,1,4,12334,20783,749,22328,3200917,3200919,3200914,3200916,0,0,0,0
1790068964.4158874,-3,-1,6,-2,12334,20783,749,22328,3200947,3200949,3200944,3200946,0,0,0,0
1790068964.4158874,-2,5,-1,-3,12334,20782,749,22328,3200977,3200979,3200974,3200976,0,0,0,0
1790068964.576599,-4,-2,0,-1,12337,20784,758,22338,3201067,3201069,3201064,3201066,0,0,0,0
1790068964.576599,-2,-3,-6,1,12335,20784,759,22336,3201097,3201099,3201094,3201096,0,0,0,0
1790068964.6227164,-1,-1,1,1,12333,20786,760,22335,3201127,3201129,3201124,3201126,0,0,0,0
1790068964.8132334,-1,25,1,-3,12375,20778,759,22393,3201217,3201219,3201214,3201216,0,0,0,0
1790068965.0199225,-1,-2,-1,-2,12368,20785,766,22386,3201247,3201249,3201244,3201246,0,0,0,0
1790068965.0199225,0,2,-2,-2,12340,20807,792,22357,3201337,3201339,3201334,3201336,0,0,0,0
1790068965.2269554,-1,-5,2,-3,12334,20811,797,22350,3201367,3201369,3201364,3201366,0,0,0,0
1790068965.2269554,1,-4,-7,0,12328,20812,800,22344,3201487,3201489,3201484,3201486,0,0,0,0
1790068965.242761,0,4,3,-2,12329,20812,797,22340,3201517,3201519,3201514,3201516,0,0,0,0
1790068965.38729,10,-3,5,4,12344,20824,817,22373,3201577,3201579,3201574,3201576,0,0,0,0
1790068965.4033813,-2,2,0,-6,12340,20821,822,22376,3201607,3201609,3201604,3201606,0,0,0,0
1790068965.4490783,0,3,1,0,12333,20821,819,22363,3201637,3201639,3201634,3201636,0,0,0,0
1790068965.6436348,1,1,-1,1,12333,20831,831,22368,3201697,3201699,3201694,3201696,0,0,0,0
1790068965.6436348,2,-1,-3,1,12330,20831,833,22365,3201727,3201729,3201724,3201726,0,0,0,0
1790068965.8369179,-4,7,2,2,12326,20834,838,22361,3201757,3201759,3201754,3201756,0,0,0,0
1790068965.8505483,-2,-3,1,3,12335,20835,836,22368,3201847,3201849,3201844,3201846,0,0,0,0
1790068965.8663318,-1,0,0,1,12338,20833,834,22372,3201877,3201879,3201874,3201876,0,0,0,0
1790068966.02765,12,3,3,0,12340,20831,832,22374,3201907,3201909,3201904,3201906,0,0,0,0
1790068966.02765,-1,-4,-7,-1,12341,20834,834,22374,3201967,3201969,3201964,3201966,0,0,0,0
1790068966.059236,-1,-3,-3,0,12342,20831,832,22376,3201997,3201999,3201994,3201996,0,0,0,0
1790068966.2533278,1,-2,1,1,12343,20828,830,22378,3202027,3202029,3202024,3202026,0,0,0,0
1790068966.2533278,2,0,1,4,12346,20828,829,22380,3202057,3202059,3202054,3202056,0,0,0,0
1790068966.2533278,1,-3,-1,3,12344,20826,830,22379,3202087,3202089,3202084,3202086,0,0,0,0
1790068966.2533278,-4,-1,-6,0,12345,20825,830,22381,3202117,3202119,3202114,3202116,0,0,0,0
1790068966.4636126,-4,-3,0,0,12342,20827,830,22378,3202177,3202179,3202174,3202176,0,0,0,0
1790068966.4636126,1,-5,4,-3,12340,20826,830,22376,3202207,3202209,3202204,3202206,0,0,0,0
1790068966.4636126,-1,-2,-2,-3,12341,20824,829,22378,3202237,3202239,3202234,3202236,0,0,0,0
1790068966.6581452,-2,-5,-3,-4,12350,20817,821,22387,3202327,3202329,3202324,3202326,0,0,0,0
1790068966.855132,-2,-3,-3,-1,12355,20820,824,22394,3202357,3202359,3202354,3202356,0,0,0,0
1790068966.855132,3,4,-3,-2,12354,20829,836,22400,3202417,3202419,3202414,3202416,0,0,0,0
1790068966.8641198,3,4,2,2,12348,20840,850,22393,3202477,3202479,3202474,3202476,0,0,0,0
1790068967.0103412,3,-5,1,3,12345,20841,855,22389,3202537,3202539,3202534,3202536,0,0,0,0
1790068967.024266,-2,-3,3,1,12346,20842,855,22390,3202567,3202569,3202564,3202566,0,0,0,0
1790068967.071936,1,-4,-1,-1,12347,20843,855,22391,3202597,3202599,3202594,3202596,0,0,0,0
1790068967.2817917,-4,0,-2,-1,12351,20836,853,22400,3202657,3202659,3202654,3202656,0,0,0,0
1790068967.2817917,-4,5,-3,4,12359,20833,845,22406,3202687,3202689,3202684,3202686,0,0,0,0
1790068967.2817917,-2,-2,-1,-3,12364,20831,841,22412,3202717,3202719,3202714,3202716,0,0,0,0
1790068967.4740648,-2,-2,-4,-1,12362,20835,847,22408,3202807,3202809,3202804,3202806,0,0,0,0
1790068967.4898996,0,0,0,-8,12364,20835,848,22410,3202837,3202839,3202834,3202836,0,0,0,0
1790068967.682175,-3,-2,22,2,12341,20840,852,22388,3202897,3202899,3202894,3202896,0,0,0,0
1790068967.682175,-2,1,-1,-3,12311,20885,903,22357,3202957,3202959,3202954,3202956,0,0,0,0
1790068967.8107188,3,-2,4,2,12307,20888,914,22358,3202987,3202989,3202984,3202986,0,0,0,0
1790068967.8107188,-2,0,0,0,12310,20886,913,22363,3203017,3203019,3203014,3203016,0,0,0,0
1790068967.89315,-4,2,3,9,12315,20885,909,22367,3203047,3203049,3203044,3203046,0,0,0,0
1790068968.0607755,2,0,-1,3,12319,20888,910,22370,3203167,3203169,3203164,3203166,0,0,0,0
1790068968.0832915,1,4,-1,1,12321,20887,909,22372,3203197,3203199,3203194,3203196,0,0,0,0
1790068968.2903252,5,1,-2,2,12323,20887,908,22374,3203227,3203229,3203224,3203226,0,0,0,0
1790068968.2903252,21,37,5,13,12333,20931,909,22388,3203257,3203259,3203254,3203256,0,0,0,0
1790068968.3060412,55,56,56,66,13765,22767,2151,23780,3203287,3203289,3203284,3203286,0,0,0,0
1790068968.3060412,50,43,47,48,15242,24218,3690,25392,3203317,3203319,3203314,3203316,0,0,0,0
1790068968.5106266,53,41,60,45,16620,25406,5067,26683,3203347,3203349,3203344,3203346,0,0,0,0
1790068968.512376,58,45,49,52,18142,26831,6577,28175,3203377,3203379,3203374,3203376,0,0,0,0
1790068968.514389,47,56,58,53,21049,29782,9786,31176,3203437,3203439,3203434,3203436,0,0,0,0
1790068968.7088182,74,49,57,52,22652,31339,11403,28,3203467,3203469,3203464,3203466,0,0,0,0
1790068968.7193651,68,53,54,50,27609,3475,16115,4494,3203557,3203559,3203554,3203556,0,0,0,0
1790068968.9134364,50,49,56,57,29130,5048,17664,5995,3203587,3203589,3203584,3203586,0,0,0,0
1790068968.9134364,52,57,70,70,1135,9741,22702,11032,3203677,3203679,3203674,3203676,0,0,0,0
1790068969.1195476,69,60,47,53,2758,11402,24309,12612,3203707,3203709,3203704,3203706,0,0,0,0
1790068969.1195476,46,60,63,56,9236,17818,30897,18979,3203827,3203829,3203824,3203826,0,0,0,0
1790068969.2947423,48,40,46,54,10738,19387,32374,20508,3203857,3203859,3203854,3203856,0,0,0,0
1790068969.2947423,19,29,21,25,11651,20190,545,21410,3203887,3203889,3203884,3203886,0,0,0,0
1790068969.2947423,15,15,14,14,12204,20729,1095,21940,3203917,3203919,3203914,3203916,0,0,0,0
1790068969.2947423,1,-1,8,3,12497,20925,1398,22233,3203947,3203949,3203944,3203946,0,0,0,0
1790068969.5325124,1,3,-1,-1,12508,20870,1392,22284,3204037,3204039,3204034,3204036,0,0,0,0
1790068969.604862,-4,3,2,1,12497,20884,1406,22272,3204097,3204099,3204094,3204096,0,0,0,0
1790068969.7362053,-5,-1,2,-4,12487,20891,1416,22263,3204127,3204129,3204124,3204126,0,0,0,0
1790068969.7362053,3,-3,1,-4,12478,20888,1416,22251,3204157,3204159,3204154,3204156,0,0,0,0
1790068969.7362053,3,2,-7,-1,12463,20875,1379,22218,3204187,3204189,3204184,3204186,0,0,0,0
1790068969.9302626,-2,2,2,-3,12472,20888,1385,22222,3204217,3204219,3204214,3204216,0,0,0,0
1790068970.1394284,3,-4,1,-1,12471,20880,1380,22220,3204427,3204429,3204424,3204426,0,0,0,0
1790068970.251385,2,-1,-2,-1,12503,20873,1376,22246,3204457,3204459,3204454,3204456,0,0,0,0
1790068970.2667532,-4,-2,-4,-3,12513,20824,1325,22254,3204487,3204489,3204484,3204486,0,0,0,0
1790068970.2995372,-4,3,-2,1,12530,20831,1318,22268,3204517,3204519,3204514,3204516,0,0,0,0
1790068970.3155854,1,11,-4,2,12518,20809,1304,22263,3204547,3204549,3204544,3204546,0,0,0,0
1790068970.4477332,5,-12,-10,4,12598,20719,1265,22305,3204577,3204579,3204574,3204576,0,0,0,0
1790068970.4596457,51,-61,-22,26,13205,19966,916,22688,3204607,3204609,3204604,3204606,0,0,0,0
1790068970.5080338,75,-62,-59,76,15067,18306,32530,23916,3204637,3204639,3204634,3204636,0,0,0,0
1790068970.5241277,70,-64,-68,60,16851,16538,30586,25807,3204667,3204669,3204664,3204666,0,0,0,0
1790068970.5721815,59,-76,-64,63,18711,14534,28710,27780,3204697,3204699,3204694,3204696,0,0,0,0
1790068970.6412678,70,-68,-70,83,20784,12538,26620,29881,3204727,3204729,3204724,3204726,0,0,0,0
1790068970.7624686,56,-69,-71,54,24557,8763,22647,1028,3204787,3204789,3204784,3204786,0,0,0,0
1790068970.8264534,59,-49,-48,60,26170,7235,21038,2591,3204817,3204819,3204814,3204816,0,0,0,0
1790068970.8423452,52,-38,-52,54,27473,5764,19677,3882,3204847,3204849,3204844,3204846,0,0,0,0
1790068970.9063134,46,-47,-39,64,28705,4601,18522,5202,3204877,3204879,3204874,3204876,0,0,0,0
1790068970.9542644,60,-44,-43,49,29909,3297,17254,6388,3204907,3204909,3204904,3204906,0,0,0,0
1790068971.0187771,50,-60,-66,56,31322,1907,15803,7868,3204937,3204939,3204934,3204936,0,0,0,0
1790068971.082019,61,-64,-60,62,198,241,14180,9426,3204967,3204969,3204964,3204966,0,0,0,0
1790068971.0977938,53,-62,-67,77,2002,31194,12449,11295,3204997,3204999,3204994,3204996,0,0,0,0
1790068971.1624305,65,-69,-60,68,3795,29383,10584,13052,3205027,3205029,3205024,3205026,0,0,0,0
1790068971.178606,62,-62,-67,56,5537,27687,8816,14889,3205057,3205059,3205054,3205056,0,0,0,0
1790068971.2747266,58,-59,-61,62,7111,25999,7080,16568,3205087,3205089,3205084,3205086,0,0,0,0
1790068971.2747266,60,-53,-51,54,8711,24444,5558,18061,3205117,3205119,3205114,3205116,0,0,0,0
1790068971.338851,54,-51,-55,49,10107,23041,4061,19480,3205147,3205149,3205144,3205146,0,0,0,0
1790068971.4046903,39,-49,-54,46,11540,21656,2690,20879,3205177,3205179,3205174,3205176,0,0,0,0
1790068971.486863,52,-61,-59,54,12973,20262,1270,22212,3205207,3205209,3205204,3205206,0,0,0,0
1790068971.5333543,63,-55,-51,62,14456,18745,32483,23833,3205237,3205239,3205234,3205236,0,0,0,0
1790068971.5472639,56,-59,-62,53,16100,17020,30854,25503,3205267,3205269,3205264,3205266,0,0,0,0
1790068971.5952494,65,-78,-57,66,17747,15414,29140,27129,3205297,3205299,3205294,3205296,0,0,0,0
1790068971.7235072,63,-47,-68,52,19434,13749,27502,28836,3205327,3205329,3205324,3205326,0,0,0,0
1790068971.7449043,54,-53,-70,45,24233,9016,22627,869,3205417,3205419,3205414,3205416,0,0,0,0
1790068971.851169,52,-50,-54,62,25725,7579,21153,2436,3205447,3205449,3205444,3205446,0,0,0,0
1790068971.8669438,67,-59,-46,64,27196,6020,19667,3882,3205477,3205479,3205474,3205476,0,0,0,0
1790068971.915582,56,-51,-59,49,28746,4611,18235,5487,3205507,3205509,3205504,3205506,0,0,0,0
1790068971.9799364,56,-51,-60,53,30258,3063,16664,6956,3205537,3205539,3205534,3205536,0,0,0,0
1790068972.0443525,60,-73,-60,66,31821,1411,15014,8626,3205567,3205569,3205564,3205566,0,0,0,0
1790068972.0604887,65,-53,-56,49,681,32607,13437,10219,3205597,3205599,3205594,3205596,0,0,0,0
1790068972.1250196,47,-57,-68,62,2254,30970,11791,11942,3205627,3205629,3205624,3205626,0,0,0,0
1790068972.1728637,52,-58,-52,58,3894,29386,10265,13540,3205657,3205659,3205654,3205656,0,0,0,0
1790068972.237636,58,-50,-63,51,5432,27799,8589,15052,3205687,3205689,3205684,3205686,0,0,0,0
1790068972.3017147,51,-61,-56,51,6976,26233,7043,16646,3205717,3205719,3205714,3205716,0,0,0,0
1790068972.3175583,55,-57,-51,56,8575,24697,5540,18177,3205747,3205749,3205744,3205746,0,0,0,0
1790068972.3977137,55,-48,-62,50,10080,23168,3954,19680,3205777,3205779,3205774,3205776,0,0,0,0
1790068972.6062317,7,-8,-20,-17,12900,20372,1155,22422,3205867,3205869,3205864,3205866,0,0,0,0
1790068972.6062317,-7,20,-4,-8,12866,20748,931,22266,3205897,3205899,3205894,3205896,0,0,0,0
1790068972.6062317,-16,25,16,-14,12608,21429,1140,22043,3205927,3205929,3205924,3205926,0,0,0,0
1790068972.8011649,-7,16,8,-9,12263,21877,1546,21695,3205957,3205959,3205954,3205956,0,0,0,0
1790068972.8011649,-6,2,-1,-6,11781,22422,2164,21177,3206047,3206049,3206044,3206046,0,0,0,0
1790068972.929712,-2,4,3,-2,11707,22509,2246,21097,3206077,3206079,3206074,3206076,0,0,0,0
1790068972.929712,-2,0,1,-8,11653,22575,2306,21040,3206107,3206109,3206104,3206106,0,0,0,0
1790068972.962056,-1,3,2,2,11622,22622,2351,21004,3206137,3206139,3206134,3206136,0,0,0,0
1790068973.010621,-5,-2,3,-2,11605,22645,2373,20983,3206167,3206169,3206164,3206166,0,0,0,0
1790068973.2083042,0,-2,0,2,11600,22650,2379,20978,3206197,3206199,3206194,3206196,0,0,0,0
1790068973.224172,-7,2,-3,-9,11619,22628,2365,20998,3206287,3206289,3206284,3206286,0,0,0,0
1790068973.3209343,-2,-2,-3,3,11621,22625,2362,20999,3206317,3206319,3206314,3206316,0,0,0,0
1790068973.336628,-26,-4,-2,0,11617,22627,2363,20994,3206347,3206349,3206344,3206346,0,0,0,0
1790068973.4166238,-14,-1,-2,-3,11611,22631,2367,20989,3206377,3206379,3206374,3206376,0,0,0,0
1790068973.4166238,2,1,-2,0,11609,22631,2368,20985,3206407,3206409,3206404,3206406,0,0,0,0
1790068973.5787003,-1,-6,1,-1,11611,22636,2369,20983,3206437,3206439,3206434,3206436,0,0,0,0
1790068973.5787003,-3,-7,3,1,11611,22631,2368,20987,3206467,3206469,3206464,3206466,0,0,0,0
1790068973.5929017,4,-2,2,1,11613,22625,2366,20992,3206497,3206499,3206494,3206496,0,0,0,0
1790068973.6411228,-2,1,-2,-7,11616,22623,2363,20994,3206527,3206529,3206524,3206526,0,0,0,0
1790068973.8326437,1,-2,3,-2,11634,22599,2341,21016,3206617,3206619,3206614,3206616,0,0,0,0
1790068973.840734,1,0,2,6,11623,22615,2353,21005,3206647,3206649,3206644,3206646,0,0,0,0
1790068974.0384297,1,2,-3,1,11610,22629,2366,20991,3206677,3206679,3206674,3206676,0,0,0,0
1790068974.0384297,-1,-1,0,1,11602,22640,2379,20980,3206737,3206739,3206734,3206736,0,0,0,0
1790068974.0384297,0,-3,-1,-1,11606,22636,2376,20984,3206767,3206769,3206764,3206766,0,0,0,0
1790068974.2455266,0,-1,-1,-2,11610,22632,2371,20989,3206797,3206799,3206794,3206796,0,0,0,0
1790068974.2455266,-4,-1,1,-5,11609,22630,2369,20990,3206857,3206859,3206854,3206856,0,0,0,0
1790068974.326474,-2,4,1,0,11602,22625,2362,20980,3206917,3206919,3206914,3206916,0,0,0,0
1790068974.326474,1,-2,5,8,11614,22631,2369,20992,3206947,3206949,3206944,3206946,0,0,0,0
1790068974.4065075,7,1,0,-3,11615,22626,2364,20994,3206977,3206979,3206974,3206976,0,0,0,0
1790068974.4385147,4,2,-5,1,11617,22624,2366,20997,3207007,3207009,3207004,3207006,0,0,0,0
1790068974.6515675,-1,0,-1,-2,11615,22623,2365,20996,3207037,3207039,3207034,3207036,0,0,0,0
1790068974.6515675,-1,-1,-2,-4,11614,22633,2372,20992,3207097,3207099,3207094,3207096,0,0,0,0
1790068974.664183,0,1,-1,-9,11610,22633,2374,20990,3207127,3207129,3207124,3207126,0,0,0,0
1790068974.8568292,0,-1,-2,6,11612,22632,2375,20990,3207157,3207159,3207154,3207156,0,0,0,0
1790068974.8568292,1,2,1,-2,11615,22626,2368,20995,3207217,3207219,3207214,3207216,0,0,0,0
1790068974.8568292,-3,6,4,-1,11616,22625,2366,20995,3207247,3207249,3207244,3207246,0,0,0,0
1790068975.0641446,-2,5,-3,2,11614,22626,2367,20994,3207277,3207279,3207274,3207276,0,0,0,0
1790068975.0641446,5,2,0,2,11613,22627,2370,20993,3207337,3207339,3207334,3207336,0,0,0,0
1790068975.0641446,-1,-4,-5,-2,11613,22627,2370,20993,3207367,3207369,3207364,3207366,0,0,0,0
1790068975.2561553,1,-2,-4,-3,11615,22625,2367,20995,3207397,3207399,3207394,3207396,0,0,0,0
1790068975.2722464,5,-4,-1,1,11620,22617,2360,21002,3207457,3207459,3207454,3207456,0,0,0,0
1790068975.286121,0,0,-1,-1,11622,22616,2358,21003,3207487,3207489,3207484,3207486,0,0,0,0
1790068975.33648,-7,2,3,-3,11622,22617,2357,21003,3207517,3207519,3207514,3207516,0,0,0,0
1790068975.4660728,-3,-4,6,1,11621,22619,2362,21000,3207577,3207579,3207574,3207576,0,0,0,0
1790068975.4660728,-1,0,0,-1,11621,22617,2360,21002,3207607,3207609,3207604,3207606,0,0,0,0
1790068975.4761024,-1,0,0,-1,11621,22617,2360,21002,3207607,3207609,3207604,3207606,0,0,0,0
1790068975.6815715,-1,2,-1,1,11620,22619,2361,21000,3207667,3207669,3207664,3207666,0,0,0,0
1790068975.6846073,-1,-3,3,3,11619,22621,2363,21000,3207757,3207759,3207754,3207756,0,0,0,0
1790068975.8834708,-2,0,3,-1,11635,22632,2367,21010,3207787,3207789,3207784,3207786,0,0,0,0
1790068975.886397,0,-3,-9,-1,11628,22618,2363,21008,3207847,3207849,3207844,3207846,0,0,0,0
1790068976.0441802,-4,1,-3,-5,11627,22618,2367,21010,3207967,3207969,3207964,3207966,0,0,0,0
1790068976.0599525,0,3,4,0,11630,22617,2364,21012,3207997,3207999,3207994,3207996,0,0,0,0
1790068976.2888536,-2,-1,-2,2,11632,22621,2367,21016,3208027,3208029,3208024,3208026,0,0,0,0
1790068976.2888536,4,-3,1,-6,11638,22605,2355,21022,3208087,3208089,3208084,3208086,0,0,0,0
1790068976.2990057,-2,0,3,-7,11643,22601,2348,21027,3208147,3208149,3208144,3208146,0,0,0,0
1790068976.3628554,-1,0,-3,-7,11640,22608,2355,21021,3208177,3208179,3208174,3208176,0,0,0,0
1790068976.4902954,-3,-2,-4,-1,11634,22612,2359,21017,3208207,3208209,3208204,3208206,0,0,0,0
1790068976.4902954,0,6,1,-3,11632,22616,2362,21014,3208237,3208239,3208234,3208236,0,0,0,0
1790068976.6979148,-2,0,2,0,11619,22620,2364,21000,3208327,3208329,3208324,3208326,0,0,0,0
1790068976.6979148,-4,-2,-2,2,11614,22666,2406,20991,3208357,3208359,3208354,3208356,0,0,0,0
1790068976.8113198,4,-2,-3,4,11616,22655,2393,20992,3208387,3208389,3208384,3208386,0,0,0,0
1790068976.8113198,1,-1,3,3,11618,22641,2389,20999,3208417,3208419,3208414,3208416,0,0,0,0
1790068976.8113198,0,-2,1,-1,11626,22635,2382,21004,3208447,3208449,3208444,3208446,0,0,0,0
1790068976.9042468,-2,-1,-2,1,11629,22631,2377,21007,3208507,3208509,3208504,3208506,0,0,0,0
1790068977.0161731,-2,0,-3,2,11626,22633,2377,21004,3208537,3208539,3208534,3208536,0,0,0,0
1790068977.0161731,-1,-4,-2,7,11622,22634,2382,21003,3208567,3208569,3208564,3208566,0,0,0,0
1790068977.1440258,-7,-1,1,4,11620,22636,2384,21001,3208597,3208599,3208594,3208596,0,0,0,0
1790068977.1617122,3,-13,-5,1,11652,22591,2372,21022,3208627,3208629,3208624,3208626,0,0,0,0
1790068977.2077487,43,-29,-12,17,12096,22141,2153,21281,3208657,3208659,3208654,3208656,0,0,0,0
1790068977.2238507,50,-67,-56,49,13798,20730,1268,22199,3208687,3208689,3208684,3208686,0,0,0,0
1790068977.274055,56,-64,-96,82,15417,18426,32122,23824,3208717,3208719,3208714,3208716,0,0,0,0
1790068977.323814,66,-71,-68,68,17321,16525,30100,25838,3208747,3208749,3208744,3208746,0,0,0,0
1790068977.3993468,79,-86,-77,71,19444,14403,27910,27959,3208777,3208779,3208774,3208776,0,0,0,0
1790068977.4672365,79,-71,-72,73,21472,12394,25823,30078,3208807,3208809,3208804,3208806,0,0,0,0
1790068977.4792016,55,-54,-66,77,23353,10472,23869,31992,3208837,3208839,3208834,3208836,0,0,0,0
1790068977.5273676,54,-54,-56,54,24903,8991,22170,846,3208867,3208869,3208864,3208866,0,0,0,0
1790068977.5934935,43,-45,-41,41,26264,7663,20889,2170,3208897,3208899,3208894,3208896,0,0,0,0
1790068977.6555226,45,-52,-47,29,27425,6469,19625,3301,3208927,3208929,3208924,3208926,0,0,0,0
1790068977.7350368,47,-48,-43,42,28656,5239,18485,4540,3208957,3208959,3208954,3208956,0,0,0,0
1790068977.7350368,55,-55,-46,48,30036,3758,17119,5892,3208987,3208989,3208984,3208986,0,0,0,0
1790068977.7986653,60,-59,-60,67,31599,2221,15526,7592,3209017,3209019,3209014,3209016,0,0,0,0
1790068977.8624773,69,-70,-56,60,589,447,13794,9369,3209047,3209049,3209044,3209046,0,0,0,0
1790068977.9101076,67,-56,-70,74,2385,31364,11829,11258,3209077,3209079,3209074,3209076,0,0,0,0
1790068977.9741602,64,-72,-62,63,4232,29542,10093,13028,3209107,3209109,3209104,3209106,0,0,0,0
1790068977.9741602,56,-51,-57,57,5878,27925,8338,14715,3209137,3209139,3209134,3209136,0,0,0,0
1790068978.1016548,60,-57,-56,44,7423,26392,6796,16252,3209167,3209169,3209164,3209166,0,0,0,0
1790068978.1204422,48,-51,-47,49,8907,24977,5373,17605,3209197,3209199,3209194,3209196,0,0,0,0
1790068978.1672938,47,-59,-54,51,10232,23612,3924,19043,3209227,3209229,3209224,3209226,0,0,0,0
1790068978.2289696,33,-48,-54,62,11633,22145,2570,20485,3209257,3209259,3209254,3209256,0,0,0,0
1790068978.2449327,63,-61,-70,68,14821,19025,32185,23586,3209317,3209319,3209314,3209316,0,0,0,0
1790068978.3096466,59,-60,-64,60,16503,17280,30395,25385,3209347,3209349,3209344,3209346,0,0,0,0
1790068978.4227953,60,-71,-61,65,18282,15625,28689,27031,3209377,3209379,3209374,3209376,0,0,0,0
1790068978.442923,56,-49,-65,62,19873,13949,26973,28743,3209407,3209409,3209404,3209406,0,0,0,0
1790068978.4863513,57,-56,-51,51,21463,12381,25488,30365,3209437,3209439,3209434,3209436,0,0,0,0
1790068978.5021145,50,-62,-56,63,23056,10904,23912,31836,3209467,3209469,3209464,3209466,0,0,0,0
1790068978.5663743,58,-47,-62,52,24509,9414,22319,647,3209497,3209499,3209494,3209496,0,0,0,0
1790068978.6306875,58,-37,-49,46,25994,7907,20900,2115,3209527,3209529,3209524,3209526,0,0,0,0
1790068978.6790338,60,-70,-44,54,27571,6423,19395,3554,3209557,3209559,3209554,3209556,0,0,0,0
1790068978.7597787,44,-60,-59,66,29045,4917,17878,5134,3209587,3209589,3209584,3209586,0,0,0,0
1790068978.7597787,63,-50,-52,50,30627,3349,16324,6760,3209617,3209619,3209614,3209616,0,0,0,0
1790068978.8241878,58,-65,-65,58,32285,1822,14627,8410,3209647,3209649,3209644,3209646,0,0,0,0
1790068978.8884406,57,-57,-60,51,1131,60,12967,10071,3209677,3209679,3209674,3209676,0,0,0,0
1790068978.9368136,74,-56,-58,56,2785,31205,11300,11710,3209707,3209709,3209704,3209706,0,0,0,0
1790068979.000588,53,-59,-64,57,4414,29597,9723,13313,3209737,3209739,3209734,3209736,0,0,0,0
1790068979.0164344,53,-48,-50,49,5942,28052,8135,14857,3209767,3209769,3209764,3209766,0,0,0,0
1790068979.0808995,65,-52,-62,52,7434,26545,6543,16387,3209797,3209799,3209794,3209796,0,0,0,0
1790068979.1607456,51,-57,-60,66,9017,24950,5077,17926,3209827,3209829,3209824,3209826,0,0,0,0
1790068979.1607456,50,-51,-50,49,10473,23472,3501,19449,3209857,3209859,3209854,3209856,0,0,0,0
1790068979.368341,30,-24,-29,40,11653,22391,2375,20674,3209887,3209889,3209884,3209886,0,0,0,0
1790068979.368341,-2,-3,-3,-8,11818,21515,1741,21548,3209977,3209979,3209974,3209976,0,0,0,0
1790068979.5618708,-4,3,1,0,11728,21668,1889,21411,3210037,3210039,3210034,3210036,0,0,0,0
1790068979.5779383,-4,-4,3,-7,11658,21773,1989,21322,3210097,3210099,3210094,3210096,0,0,0,0
1790068979.7704303,-1,-4,-1,-7,11639,21803,2021,21297,3210157,3210159,3210154,3210156,0,0,0,0
1790068979.7704303,1,1,1,-3,11641,21801,2019,21298,3210187,3210189,3210184,3210186,0,0,0,0
1790068979.9741879,3,-3,-4,-5,11648,21791,2012,21307,3210247,3210249,3210244,3210246,0,0,0,0
1790068979.9741879,-6,0,-5,-3,11648,21790,2010,21308,3210277,3210279,3210274,3210276,0,0,0,0
1790068979.9741879,4,2,4,-7,11641,21798,2018,21300,3210337,3210339,3210334,3210336,0,0,0,0
1790068980.0862944,2,3,1,-4,11637,21801,2021,21297,3210367,3210369,3210364,3210366,0,0,0,0
1790068980.0862944,0,14,-1,-1,11637,21801,2021,21296,3210397,3210399,3210394,3210396,0,0,0,0
1790068980.1819096,-1,0,0,-3,11637,21800,2021,21296,3210427,3210429,3210424,3210426,0,0,0,0
1790068980.1819096,-5,1,0,0,11637,21798,2019,21297,3210457,3210459,3210454,3210456,0,0,0,0
1790068980.2782433,2,2,-3,-5,11639,21798,2018,21300,3210517,3210519,3210514,3210516,0,0,0,0
1790068980.3743303,-3,1,-2,4,11658,21809,2026,21318,3210577,3210579,3210574,3210576,0,0,0,0
1790068980.5985262,2,0,0,-1,11642,21822,2036,21301,3210697,3210699,3210694,3210696,0,0,0,0
1790068980.7923496,-2,1,-5,2,11637,21828,2042,21295,3210727,3210729,3210724,3210726,0,0,0,0
1790068981.0041184,-1,-2,-3,-2,11640,21822,2038,21298,3210847,3210849,3210844,3210846,0,0,0,0
1790068981.0041184,1,-2,0,1,11639,21826,2037,21293,3210937,3210939,3210934,3210936,0,0,0,0
1790068981.1580906,-2,-5,-3,2,11650,21834,2050,21314,3210967,3210969,3210964,3210966,0,0,0,0
1790068981.1580906,1,-1,-1,-1,11648,21837,2053,21311,3211027,3211029,3211024,3211026,0,0,0,0
1790068981.2048686,-4,0,5,1,11644,21836,2052,21307,3211057,3211059,3211054,3211056,0,0,0,0
1790068981.2369146,6,-1,3,-2,11644,21838,2056,21307,3211087,3211089,3211084,3211086,0,0,0,0
1790068981.2369146,-5,0,-6,-1,11641,21836,2052,21301,3211117,3211119,3211114,3211116,0,0,0,0
1790068981.3818262,-4,-3,-2,-2,11638,21841,2057,21300,3211147,3211149,3211144,3211146,0,0,0,0
1790068981.3818262,-3,1,2,1,11631,21845,2064,21295,3211177,3211179,3211174,3211176,0,0,0,0
1790068981.3975434,0,0,0,-2,11630,21851,2068,21291,3211207,3211209,3211204,3211206,0,0,0,0
1790068981.6077726,0,4,-1,-1,11636,21846,2063,21297,3211297,3211299,3211294,3211296,0,0,0,0
1790068981.6255162,6,-3,-2,0,11636,21847,2063,21298,3211327,3211329,3211324,3211326,0,0,0,0
1790068981.81598,1,0,-2,1,11634,21848,2065,21296,3211357,3211359,3211354,3211356,0,0,0,0
1790068981.81598,-2,-1,1,-5,11634,21850,2067,21296,3211447,3211449,3211444,3211446,0,0,0,0
1790068982.0249357,5,0,0,-7,11638,21843,2061,21300,3211537,3211539,3211534,3211536,0,0,0,0
1790068982.233914,-5,-2,3,-4,11634,21841,2061,21298,3211597,3211599,3211594,3211596,0,0,0,0
1790068982.233914,0,2,-4,-2,11635,21840,2059,21299,3211687,3211689,3211684,3211686,0,0,0,0
1790068982.3968842,1,2,-2,-3,11636,21836,2056,21300,3211717,3211719,3211714,3211716,0,0,0,0
1790068982.3968842,0,7,3,3,11636,21843,2061,21299,3211807,3211809,3211804,3211806,0,0,0,0
1790068982.5560782,0,0,1,-4,11648,21857,2066,21305,3211837,3211839,3211834,3211836,0,0,0,0
1790068982.5560782,4,-1,-6,-1,11642,21856,2069,21302,3211897,3211899,3211894,3211896,0,0,0,0
1790068982.6365666,-1,2,-1,3,11641,21858,2075,21304,3211927,3211929,3211924,3211926,0,0,0,0
1790068982.845934,-2,1,-5,3,11662,21876,2085,21320,3211957,3211959,3211954,3211956,0,0,0,0
1790068982.845934,-4,9,0,-3,11665,21869,2075,21322,3212047,3212049,3212044,3212046,0,0,0,0
1790068982.8622146,-8,0,-1,-1,11662,21874,2080,21318,3212077,3212079,3212074,3212076,0,0,0,0
1790068982.9433777,1,-2,1,-2,11658,21877,2084,21315,3212107,3212109,3212104,3212106,0,0,0,0
1790068983.0564106,-1,5,-1,3,11655,21880,2086,21312,3212137,3212139,3212134,3212136,0,0,0,0
1790068983.0564106,-4,0,3,1,11649,21885,2092,21304,3212197,3212199,3212194,3212196,0,0,0,0
1790068983.2493074,-4,-2,0,-1,11639,21893,2098,21293,3212227,3212229,3212224,3212226,0,0,0,0
1790068983.265283,0,-7,1,4,11620,21927,2134,21268,3212287,3212289,3212284,3212286,0,0,0,0
1790068983.2814016,1,-2,2,-1,11621,21920,2131,21270,3212317,3212319,3212314,3212316,0,0,0,0
1790068983.3157144,-1,-1,-2,-1,11629,21913,2123,21282,3212347,3212349,3212344,3212346,0,0,0,0
1790068983.4087982,2,-1,-3,4,11636,21907,2114,21291,3212377,3212379,3212374,3212376,0,0,0,0
1790068983.4246187,0,1,2,1,11637,21901,2109,21293,3212407,3212409,3212404,3212406,0,0,0,0
1790068983.6654124,-2,3,4,-4,11637,21907,2112,21293,3212437,3212439,3212434,3212436,0,0,0,0
1790068983.6654124,-2,-3,0,-3,11633,21917,2121,21284,3212497,3212499,3212494,3212496,0,0,0,0
1790068983.6811156,-3,-3,0,-2,11633,21914,2119,21285,3212557,3212559,3212554,3212556,0,0,0,0
1790068983.8721187,-6,-2,3,-7,11635,21914,2119,21289,3212587,3212589,3212584,3212586,0,0,0,0
1790068983.8721187,72,69,76,53,12715,23048,2732,21999,3212617,3212619,3212614,3212616,0,0,0,0
1790068983.8721187,53,50,46,57,15524,25929,5924,25031,3212677,3212679,3212674,3212676,0,0,0,0
1790068984.0648272,70,65,66,53,21498,31804,12166,31138,3212797,3212799,3212794,3212796,0,0,0,0
1790068984.277723,50,59,52,45,23190,669,13711,32716,3212827,3212829,3212824,3212826,0,0,0,0
1790068984.277723,53,68,60,45,26550,3888,16759,2947,3212887,3212889,3212884,3212886,0,0,0,0
1790068984.277723,50,53,56,51,28241,5545,18337,4507,3212917,3212919,3212914,3212916,0,0,0,0
1790068984.4185197,67,54,52,56,29759,7130,19917,6030,3212947,3212949,3212944,3212946,0,0,0,0
1790068984.4185197,48,64,69,59,31342,8736,21590,7797,3212977,3212979,3212974,3212976,0,0,0,0
1790068984.4775403,46,54,53,45,105,10278,23371,9329,3213007,3213009,3213004,3213006,0,0,0,0
1790068984.6872694,56,57,64,73,6476,16704,29896,15879,3213127,3213129,3213124,3213126,0,0,0,0
1790068984.703254,64,58,56,43,8178,18385,31551,17419,3213157,3213159,3213154,3213156,0,0,0,0
1790068984.8809884,40,25,29,40,11016,21108,1636,20268,3213217,3213219,3213214,3213216,0,0,0,0
1790068984.8967261,17,19,15,17,11670,21802,2328,21013,3213247,3213249,3213244,3213246,0,0,0,0
1790068984.8967261,8,14,20,10,12094,22216,2888,21459,3213277,3213279,3213274,3213276,0,0,0,0
1790068985.0893502,3,-1,-2,4,12142,22274,3126,21619,3213337,3213339,3213334,3213336,0,0,0,0
1790068985.1051004,-5,-2,-5,1,12163,22266,3122,21635,3213367,3213369,3213364,3213366,0,0,0,0
1790068985.1051004,-2,-6,-1,4,12206,22226,3083,21672,3213427,3213429,3213424,3213426,0,0,0,0
1790068985.2983441,-4,-2,1,-3,12224,22211,3069,21687,3213457,3213459,3213454,3213456,0,0,0,0
1790068985.2983441,0,0,2,3,12228,22211,3066,21690,3213547,3213549,3213544,3213546,0,0,0,0
1790068985.426082,-2,-1,-3,-1,12221,22217,3074,21682,3213607,3213609,3213604,3213606,0,0,0,0
1790068985.4460912,2,-1,-2,-3,12224,22215,3071,21685,3213637,3213639,3213634,3213636,0,0,0,0
1790068985.5055678,2,1,5,2,12229,22211,3067,21690,3213667,3213669,3213664,3213666,0,0,0,0
1790068985.7089474,-5,0,7,-1,12225,22199,3058,21683,3213697,3213699,3213694,3213696,0,0,0,0
1790068985.7089474,-1,-1,-4,1,12217,22222,3073,21675,3213787,3213789,3213784,3213786,0,0,0,0
1790068985.9171722,3,-2,0,4,12212,22223,3075,21671,3213817,3213819,3213814,3213816,0,0,0,0
1790068985.924871,-4,-1,-1,-2,12225,22212,3066,21682,3213907,3213909,3213904,3213906,0,0,0,0
1790068986.1102374,0,4,-2,0,12226,22211,3065,21683,3213937,3213939,3213934,3213936,0,0,0,0
1790068986.1257129,0,-1,-4,5,12263,22155,3017,21711,3214027,3214029,3214024,3214026,0,0,0,0
1790068986.225773,0,3,-3,1,12261,22175,3028,21714,3214087,3214089,3214084,3214086,0,0,0,0
1790068986.3034632,-1,-1,0,2,12248,22181,3038,21702,3214117,3214119,3214114,3214116,0,0,0,0
1790068986.3034632,1,-6,1,-1,12258,22166,3042,21703,3214147,3214149,3214144,3214146,0,0,0,0
1790068986.3652642,19,-27,-16,12,12532,21794,2887,21853,3214177,3214179,3214174,3214176,0,0,0,0
1790068986.4264126,61,-94,-38,57,13867,20341,2043,22552,3214207,3214209,3214204,3214206,0,0,0,0
1790068986.4783344,67,-55,-63,57,15855,18444,517,24360,3214237,3214239,3214234,3214236,0,0,0,0
1790068986.5264227,71,-76,-62,78,17627,16574,31315,26232,3214267,3214269,3214264,3214266,0,0,0,0
1790068986.605977,72,-83,-73,83,19686,14486,29093,28334,3214297,3214299,3214294,3214296,0,0,0,0
1790068986.6268034,75,-73,-77,76,21762,12356,26953,30580,3214327,3214329,3214324,3214326,0,0,0,0
1790068986.6708663,65,-59,-86,60,23651,10466,25023,32565,3214357,3214359,3214354,3214356,0,0,0,0
1790068986.7350502,50,-54,-57,60,25293,8982,23388,1412,3214387,3214389,3214384,3214386,0,0,0,0
1790068986.7666852,37,-50,-44,43,26690,7600,21934,2788,3214417,3214419,3214414,3214416,0,0,0,0
1790068986.8624322,37,-50,-39,51,27928,6332,20724,3932,3214447,3214449,3214444,3214446,0,0,0,0
1790068986.878528,39,-52,-45,60,29070,5110,19480,5180,3214477,3214479,3214474,3214476,0,0,0,0
1790068986.9426565,44,-60,-55,52,30425,3729,18183,6526,3214507,3214509,3214504,3214506,0,0,0,0
1790068986.99088,71,-56,-60,49,31969,2235,16657,8117,3214537,3214539,3214534,3214536,0,0,0,0
1790068987.0553427,62,-74,-63,73,920,511,14922,9846,3214567,3214569,3214564,3214566,0,0,0,0
1790068987.0553427,76,-56,-64,66,2711,31349,13009,11730,3214597,3214599,3214594,3214596,0,0,0,0
1790068987.1833901,58,-67,-65,70,4526,29576,11196,13556,3214627,3214629,3214624,3214626,0,0,0,0
1790068987.199363,53,-57,-63,52,6192,27938,9487,15184,3214657,3214659,3214654,3214656,0,0,0,0
1790068987.2480063,59,-59,-46,64,7764,26388,7919,16854,3214687,3214689,3214684,3214686,0,0,0,0
1790068987.3122077,43,-52,-62,45,9193,24866,6413,18272,3214717,3214719,3214714,3214716,0,0,0,0
1790068987.3122077,56,-50,-54,39,10555,23446,5013,19637,3214747,3214749,3214744,3214746,0,0,0,0
1790068987.440693,58,-46,-49,49,11994,22077,3524,21045,3214777,3214779,3214774,3214776,0,0,0,0
1790068987.5048664,62,-56,-59,65,13589,20682,2135,22464,3214807,3214809,3214804,3214806,0,0,0,0
1790068987.5247557,52,-62,-63,64,15109,19054,553,24093,3214837,3214839,3214834,3214836,0,0,0,0
1790068987.5247557,69,-66,-64,61,16777,17276,31513,25761,3214867,3214869,3214864,3214866,0,0,0,0
1790068987.586293,54,-70,-70,69,18523,15707,29843,27571,3214897,3214899,3214894,3214896,0,0,0,0
1790068987.6321898,66,-55,-56,57,20118,14014,28193,29174,3214927,3214929,3214924,3214926,0,0,0,0
1790068987.7613413,48,-64,-72,60,23313,10859,25027,32412,3214987,3214989,3214984,3214986,0,0,0,0
1790068987.8332548,59,-57,-56,48,24791,9380,23491,1079,3215017,3215019,3215014,3215016,0,0,0,0
1790068987.841971,56,-46,-52,66,26290,7929,21947,2604,3215047,3215049,3215044,3215046,0,0,0,0
1790068987.9068608,47,-69,-61,61,27871,6430,20495,4218,3215077,3215079,3215074,3215076,0,0,0,0
1790068987.9713953,49,-54,-57,45,29306,4898,18939,5734,3215107,3215109,3215104,3215106,0,0,0,0
1790068987.9873123,60,-52,-50,65,30975,3278,17387,7308,3215137,3215139,3215134,3215136,0,0,0,0
1790068988.083321,50,-62,-69,61,32624,1752,15754,8983,3215167,3215169,3215164,3215166,0,0,0,0
1790068988.099493,63,-65,-57,60,1430,102,14134,10511,3215197,3215199,3215194,3215196,0,0,0,0
1790068988.148032,59,-54,-54,69,3088,31243,12516,12236,3215227,3215229,3215224,3215226,0,0,0,0
1790068988.2119815,52,-62,-63,50,4641,29565,10878,13806,3215257,3215259,3215254,3215256,0,0,0,0
1790068988.2119815,55,-54,-59,63,6193,28026,9332,15395,3215287,3215289,3215284,3215286,0,0,0,0
1790068988.2798982,69,-56,-55,55,7743,26509,7772,17007,3215317,3215319,3215314,3215316,0,0,0,0
1790068988.3722463,63,-53,-55,56,10768,23428,4688,19971,3215377,3215379,3215374,3215376,0,0,0,0
1790068988.4523695,40,-29,-32,43,12016,22210,3314,21330,3215407,3215409,3215404,3215406,0,0,0,0
1790068988.581291,2,12,11,-10,13047,22290,2505,22178,3215467,3215469,3215464,3215466,0,0,0,0
1790068988.77272,-7,19,14,-15,12693,23279,3415,21724,3215527,3215529,3215524,3215526,0,0,0,0
1790068988.77272,-10,4,6,-8,12020,24195,4301,20987,3215587,3215589,3215584,3215586,0,0,0,0
1790068988.7887204,-6,4,3,-3,11710,24471,4626,20689,3215647,3215649,3215644,3215646,0,0,0,0
1790068988.9791648,2,0,-1,0,11637,24556,4718,20587,3215677,3215679,3215674,3215676,0,0,0,0
1790068988.9791648,-6,-1,-2,-2,11558,24637,4821,20476,3215737,3215739,3215734,3215736,0,0,0,0
1790068989.0008187,0,-1,-1,-1,11551,24649,4836,20462,3215767,3215769,3215764,3215766,0,0,0,0
1790068989.1917791,2,-3,-2,-1,11556,24645,4832,20469,3215797,3215799,3215794,3215796,0,0,0,0
1790068989.1917791,-2,1,-5,3,11564,24612,4803,20483,3215827,3215829,3215824,3215826,0,0,0,0
1790068989.1917791,-1,-5,1,-1,11582,24621,4799,20502,3215887,3215889,3215884,3215886,0,0,0,0
1790068989.3072968,0,-1,2,0,11574,24617,4801,20501,3215947,3215949,3215944,3215946,0,0,0,0
1790068989.4013348,-1,-1,2,0,11572,24622,4806,20495,3215977,3215979,3215974,3215976,0,0,0,0
1790068989.481232,-1,4,0,-2,11573,24622,4809,20499,3216037,3216039,3216034,3216036,0,0,0,0
1790068989.5755446,-3,-2,-1,-1,11576,24619,4803,20499,3216067,3216069,3216064,3216066,0,0,0,0
1790068989.5755446,-2,-5,0,-2,11577,24619,4800,20499,3216097,3216099,3216094,3216096,0,0,0,0
1790068989.7987533,3,0,-2,0,11574,24622,4804,20497,3216127,3216129,3216124,3216126,0,0,0,0
1790068989.7987533,2,-2,0,-2,11583,24610,4791,20512,3216217,3216219,3216214,3216216,0,0,0,0
1790068989.8219857,-2,1,-9,-6,11572,24622,4805,20495,3216247,3216249,3216244,3216246,0,0,0,0
1790068990.0073633,0,-1,-7,-1,11570,24623,4809,20489,3216337,3216339,3216334,3216336,0,0,0,0
1790068990.0234108,1,-2,6,-3,11575,24617,4802,20499,3216367,3216369,3216364,3216366,0,0,0,0
1790068990.2170355,-1,4,-2,-1,11571,24622,4806,20493,3216457,3216459,3216454,3216456,0,0,0,0
1790068990.3751068,4,-2,-4,-3,11569,24625,4810,20489,3216487,3216489,3216484,3216486,0,0,0,0
1790068990.3751068,1,-1,4,-1,11583,24628,4815,20509,3216547,3216549,3216544,3216546,0,0,0,0
1790068990.4224045,0,-3,3,1,11586,24622,4803,20510,3216577,3216579,3216574,3216576,0,0,0,0
1790068990.469981,2,1,-2,5,11583,24619,4800,20511,3216607,3216609,3216604,3216606,0,0,0,0
1790068990.6148775,2,6,-2,-1,11574,24611,4791,20495,3216637,3216639,3216634,3216636,0,0,0,0
1790068990.630614,-3,-1,0,-1,11569,24627,4811,20486,3216727,3216729,3216724,3216726,0,0,0,0
1790068990.8234243,-4,0,-1,-2,11572,24620,4806,20495,3216847,3216849,3216844,3216846,0,0,0,0
1790068990.8434224,-3,-1,0,4,11573,24621,4806,20494,3216877,3216879,3216874,3216876,0,0,0,0
1790068991.0356073,1,6,-1,-4,11573,24622,4808,20494,3216907,3216909,3216904,3216906,0,0,0,0
1790068991.0444243,-2,2,-2,-1,11571,24623,4810,20491,3216937,3216939,3216934,3216936,0,0,0,0
1790068991.0444243,1,2,-3,2,11572,24628,4811,20491,3216967,3216969,3216964,3216966,0,0,0,0
1790068991.2412531,1,-1,2,0,11574,24624,4809,20494,3216997,3216999,3216994,3216996,0,0,0,0
1790068991.2446892,0,-6,-1,-1,11575,24623,4806,20495,3217057,3217059,3217054,3217056,0,0,0,0
1790068991.2446892,5,-1,1,3,11573,24625,4809,20493,3217087,3217089,3217084,3217086,0,0,0,0
1790068991.4493227,1,-1,-5,-2,11576,24618,4801,20497,3217177,3217179,3217174,3217176,0,0,0,0
1790068991.4652054,-2,-3,-2,0,11577,24617,4801,20499,3217237,3217239,3217234,3217236,0,0,0,0
1790068991.6461387,2,0,1,-2,11575,24618,4804,20498,3217267,3217269,3217264,3217266,0,0,0,0
1790068991.6579866,0,-17,2,1,11594,24633,4811,20517,3217357,3217359,3217354,3217356,0,0,0,0
1790068991.8517213,-2,-3,-1,-2,11578,24630,4810,20501,3217477,3217479,3217474,3217476,0,0,0,0
1790068992.017859,-7,8,-4,2,11580,24621,4801,20505,3217537,3217539,3217534,3217536,0,0,0,0
1790068992.017859,-7,-1,-4,-1,11581,24621,4801,20507,3217567,3217569,3217564,3217566,0,0,0,0
1790068992.0579169,0,-4,-3,-1,11576,24624,4807,20501,3217597,3217599,3217594,3217596,0,0,0,0
1790068992.2653391,-1,4,0,-1,11590,24621,4799,20515,3217687,3217689,3217684,3217686,0,0,0,0
1790068992.4588053,19,-1,-2,2,11592,24617,4794,20518,3217717,3217719,3217714,3217716,0,0,0,0
1790068992.4588053,-3,-1,2,-2,11589,24626,4804,20514,3217807,3217809,3217804,3217806,0,0,0,0
1790068992.474748,0,-2,1,1,11587,24632,4810,20511,3217837,3217839,3217834,3217836,0,0,0,0
1790068992.6661947,0,0,3,-1,11585,24637,4813,20507,3217867,3217869,3217864,3217866,0,0,0,0
1790068992.6661947,3,5,5,2,11557,24661,4835,20471,3217927,3217929,3217924,3217926,0,0,0,0
1790068992.6820889,-1,-11,3,-1,11562,24658,4842,20477,3217957,3217959,3217954,3217956,0,0,0,0
1790068992.8757896,0,-1,5,-2,11575,24650,4832,20493,3218017,3218019,3218014,3218016,0,0,0,0
1790068992.8757896,-3,-1,3,2,11575,24650,4831,20498,3218077,3218079,3218074,3218076,0,0,0,0
1790068992.945517,-4,2,-2,-2,11574,24654,4834,20493,3218107,3218109,3218104,3218106,0,0,0,0
1790068993.086158,-2,-1,0,-1,11570,24664,4843,20489,3218167,3218169,3218164,3218166,0,0,0,0
1790068993.1963205,-2,-1,1,-2,11571,24658,4841,20492,3218197,3218199,3218194,3218196,0,0,0,0
1790068993.2120516,0,-6,3,-4,11570,24655,4837,20484,3218257,3218259,3218254,3218256,0,0,0,0
1790068993.2613454,-5,4,0,3,11567,24655,4839,20487,3218287,3218289,3218284,3218286,0,0,0,0
1790068993.327305,2,-1,1,3,11569,24653,4838,20486,3218317,3218319,3218314,3218316,0,0,0,0
1790068993.3390594,69,-73,-30,30,12618,23710,4320,21063,3218377,3218379,3218374,3218376,0,0,0,0
1790068993.4040136,70,-91,-68,60,14306,21615,2808,22323,3218407,3218409,3218404,3218406,0,0,0,0
1790068993.4567485,66,-62,-52,71,16030,19639,805,24061,3218437,3218439,3218434,3218436,0,0,0,0
1790068993.5153985,82,-84,-76,76,17971,17650,31559,26146,3218467,3218469,3218464,3218466,0,0,0,0
1790068993.5795267,82,-84,-76,76,17971,17650,31559,26146,3218467,3218469,3218464,3218466,0,0,0,0
1790068993.6504245,64,-67,-87,65,21958,13703,27377,30263,3218527,3218529,3218524,3218526,0,0,0,0
1790068993.659553,50,-58,-59,73,23746,11929,25635,32070,3218557,3218559,3218554,3218556,0,0,0,0
1790068993.6912682,52,-44,-50,47,25224,10397,23964,800,3218587,3218589,3218584,3218586,0,0,0,0
1790068993.7717092,45,-43,-54,41,26526,9097,22641,2109,3218617,3218619,3218614,3218616,0,0,0,0
1790068993.8359377,46,-37,-45,36,27784,7875,21438,3276,3218647,3218649,3218644,3218646,0,0,0,0
1790068993.900081,37,-54,-53,46,29006,6592,20169,4625,3218677,3218679,3218674,3218676,0,0,0,0
1790068993.9648552,50,-65,-52,54,30435,5154,18772,6043,3218707,3218709,3218704,3218706,0,0,0,0
1790068993.9806764,74,-68,-60,68,32084,3496,17120,7747,3218737,3218739,3218734,3218736,0,0,0,0
1790068994.028719,58,-68,-69,65,1040,1782,15308,9496,3218767,3218769,3218764,3218766,0,0,0,0
1790068994.0928402,78,-53,-75,67,2921,32723,13533,11368,3218797,3218799,3218794,3218796,0,0,0,0
1790068994.0928402,58,-62,-60,64,4666,30988,11695,13108,3218827,3218829,3218824,3218826,0,0,0,0
1790068994.220979,50,-57,-56,54,6269,29378,10105,14753,3218857,3218859,3218854,3218856,0,0,0,0
1790068994.2458994,51,-44,-56,42,7766,27939,8539,16293,3218887,3218889,3218884,3218886,0,0,0,0
1790068994.284669,43,-49,-56,55,9193,26469,7104,17664,3218917,3218919,3218914,3218916,0,0,0,0
1790068994.3535697,50,-53,-39,57,10562,25064,5714,19089,3218947,3218949,3218944,3218946,0,0,0,0
1790068994.3652918,57,-65,-60,59,11998,23585,4270,20601,3218977,3218979,3218974,3218976,0,0,0,0
1790068994.4135141,57,-51,-59,46,13599,22074,2719,22023,3219007,3219009,3219004,3219006,0,0,0,0
1790068994.5258226,52,-65,-57,62,15166,20516,1097,23671,3219037,3219039,3219034,3219036,0,0,0,0
1790068994.5421772,68,-50,-70,56,16856,18758,32187,25430,3219067,3219069,3219064,3219066,0,0,0,0
1790068994.6242034,66,-66,-53,58,20146,15549,28860,28803,3219127,3219129,3219124,3219126,0,0,0,0
1790068994.6851616,52,-48,-65,48,21790,13963,27195,30367,3219157,3219159,3219154,3219156,0,0,0,0
1790068994.7169094,48,-53,-56,67,23357,12450,25778,31866,3219187,3219189,3219184,3219186,0,0,0,0
1790068994.8604937,57,-53,-49,50,24771,10953,24222,663,3219217,3219219,3219214,3219216,0,0,0,0
1790068994.8813136,52,-43,-56,57,27829,8014,21210,3627,3219277,3219279,3219274,3219276,0,0,0,0
1790068994.94104,44,-72,-55,73,29273,6473,19662,5320,3219307,3219309,3219304,3219306,0,0,0,0
1790068995.0048137,63,-56,-64,56,30912,4880,18117,6860,3219337,3219339,3219334,3219336,0,0,0,0
1790068995.0569992,55,-53,-62,69,32555,3194,16480,8538,3219367,3219369,3219364,3219366,0,0,0,0
1790068995.1177814,66,-68,-60,47,1382,1638,14846,10158,3219397,3219399,3219394,3219396,0,0,0,0
1790068995.1835747,69,-52,-60,86,2996,4,13161,11782,3219427,3219429,3219424,3219426,0,0,0,0
1790068995.2457361,45,-56,-57,59,4557,31236,11597,13393,3219457,3219459,3219454,3219456,0,0,0,0
1790068995.2684042,60,-64,-53,52,6133,29631,10128,14950,3219487,3219489,3219484,3219486,0,0,0,0
1790068995.3254478,68,-50,-65,49,7612,28099,8548,16528,3219517,3219519,3219514,3219516,0,0,0,0
1790068995.3414664,45,-53,-56,64,9183,26600,7051,18075,3219547,3219549,3219544,3219546,0,0,0,0
1790068995.5172327,46,-50,-38,44,10517,25230,5573,19526,3219577,3219579,3219574,3219576,0,0,0,0
1790068995.5172327,13,-20,-1,24,11524,24366,4791,20450,3219607,3219609,3219604,3219606,0,0,0,0
1790068995.5172327,3,28,30,3,11921,24651,5399,20708,3219637,3219639,3219634,3219636,0,0,0,0
1790068995.5524435,-10,20,6,-9,11951,25401,5962,20608,3219667,3219669,3219664,3219666,0,0,0,0
1790068995.7384806,-11,11,15,-7,11656,26207,6716,20102,3219727,3219729,3219724,3219726,0,0,0,0
1790068995.7384806,-8,4,3,-7,11461,26479,6984,19866,3219757,3219759,3219754,3219756,0,0,0,0
1790068995.9473376,-7,1,7,-5,10818,27045,7660,19317,3219937,3219939,3219934,3219936,0,0,0,0
1790068996.1598644,-8,2,0,-3,10655,27197,7801,19160,3219997,3219999,3219994,3219996,0,0,0,0
1790068996.1598644,-3,2,-1,-2,10586,27269,7866,19083,3220027,3220029,3220024,3220026,0,0,0,0
1790068996.2802355,-2,4,-1,-5,10403,27477,8031,18872,3220117,3220119,3220114,3220116,0,0,0,0
1790068996.3603666,-4,2,6,-2,10340,27550,8093,18800,3220147,3220149,3220144,3220146,0,0,0,0
1790068996.3603666,-8,-1,13,-1,10263,27630,8161,18720,3220177,3220179,3220174,3220176,0,0,0,0
1790068996.519307,0,2,2,-4,10062,27822,8342,18544,3220237,3220239,3220234,3220236,0,0,0,0
1790068996.519307,-3,2,0,-4,9970,27917,8450,18454,3220267,3220269,3220264,3220266,0,0,0,0
1790068996.766083,1,-5,-2,0,9902,27978,8554,18391,3220387,3220389,3220384,3220386,0,0,0,0
1790068996.9696338,-2,3,4,-4,9918,27966,8536,18405,3220507,3220509,3220504,3220506,0,0,0,0
1790068996.985412,0,0,2,-3,9911,27971,8543,18399,3220537,3220539,3220534,3220536,0,0,0,0
1790068997.1791573,3,-2,-2,0,9913,27969,8541,18400,3220567,3220569,3220564,3220566,0,0,0,0
1790068997.1791573,0,-2,-2,-1,9919,27961,8528,18404,3220657,3220659,3220654,3220656,0,0,0,0
1790068997.3397872,0,3,2,4,9922,27966,8542,18411,3220687,3220689,3220684,3220686,0,0,0,0
1790068997.3397872,0,-4,-3,1,9920,27968,8546,18407,3220747,3220749,3220744,3220746,0,0,0,0
1790068997.3648946,2,5,0,2,9920,27967,8546,18408,3220777,3220779,3220774,3220776,0,0,0,0
1790068997.5330658,-2,0,5,-1,9919,27972,8549,18406,3220867,3220869,3220864,3220866,0,0,0,0
1790068997.597285,0,2,4,0,9915,27972,8549,18402,3220897,3220899,3220894,3220896,0,0,0,0
1790068997.7900004,1,4,0,-4,9922,27966,8543,18407,3220957,3220959,3220954,3220956,0,0,0,0
1790068997.7900004,1,-5,-1,-2,9919,27968,8545,18407,3221017,3221019,3221014,3221016,0,0,0,0
1790068997.9988127,-9,-4,-1,4,9918,27969,8546,18405,3221047,3221049,3221044,3221046,0,0,0,0
1790068997.9988127,-1,-2,1,-3,9922,27965,8542,18409,3221137,3221139,3221134,3221136,0,0,0,0
1790068998.1926699,0,0,3,0,9921,27967,8543,18409,3221167,3221169,3221164,3221166,0,0,0,0
1790068998.1926699,0,0,2,3,9919,27968,8545,18406,3221227,3221229,3221224,3221226,0,0,0,0
1790068998.1926699,2,1,2,0,9921,27966,8543,18408,3221257,3221259,3221254,3221256,0,0,0,0
1790068998.4020636,3,5,1,0,9923,27967,8543,18409,3221377,3221379,3221374,3221376,0,0,0,0
1790068998.5469291,0,2,-1,-2,9924,27965,8541,18410,3221437,3221439,3221434,3221436,0,0,0,0
1790068998.5469291,1,2,2,2,9925,27963,8539,18411,3221467,3221469,3221464,3221466,0,0,0,0
1790068998.5469291,-2,-3,4,0,9926,27962,8538,18412,3221497,3221499,3221494,3221496,0,0,0,0
1790068998.6272323,1,-2,2,-3,9928,27966,8541,18414,3221527,3221529,3221524,3221526,0,0,0,0
1790068998.7884908,1,-2,2,-3,9928,27966,8541,18414,3221527,3221529,3221524,3221526,0,0,0,0
1790068998.7884908,0,2,-1,-1,9925,27967,8545,18415,3221587,3221589,3221584,3221586,0,0,0,0
1790068998.7884908,-2,4,0,5,9924,27969,8547,18412,3221617,3221619,3221614,3221616,0,0,0,0
1790068998.8044002,4,4,2,-4,9923,27971,8548,18411,3221647,3221649,3221644,3221646,0,0,0,0
1790068998.9503508,-2,-4,1,-10,9927,27974,8554,18415,3221677,3221679,3221674,3221676,0,0,0,0
1790068998.9503508,15,3,1,-2,9932,27972,8551,18416,3221707,3221709,3221704,3221706,0,0,0,0
1790068998.966078,2,2,-1,1,9934,27966,8541,18419,3221737,3221739,3221734,3221736,0,0,0,0
1790068999.030741,0,-5,-2,3,9933,27963,8541,18420,3221767,3221769,3221764,3221766,0,0,0,0
1790068999.2236655,-1,-8,-2,-4,9930,27971,8546,18415,3221797,3221799,3221794,3221796,0,0,0,0
1790068999.432189,-4,0,2,3,9901,27986,8558,18392,3221977,3221979,3221974,3221976,0,0,0,0
1790068999.432189,-4,-1,1,6,9899,28012,8595,18389,3222007,3222009,3222004,3222006,0,0,0,0
1790068999.5443425,3,-1,2,-3,9912,27994,8576,18401,3222037,3222039,3222034,3222036,0,0,0,0
1790068999.5600736,4,-1,-1,0,9920,27980,8563,18411,3222067,3222069,3222064,3222066,0,0,0,0
1790068999.5600736,-2,-3,3,3,9925,27974,8556,18414,3222097,3222099,3222094,3222096,0,0,0,0
1790068999.639551,-5,5,2,-2,9921,27978,8558,18411,3222127,3222129,3222124,3222126,0,0,0,0
1790068999.8309069,0,1,2,-2,9915,27984,8566,18404,3222157,3222159,3222154,3222156,0,0,0,0
1790068999.8309069,-1,5,4,-3,9920,27979,8561,18410,3222247,3222249,3222244,3222246,0,0,0,0
1790069000.0389209,0,-4,-2,0,9920,27979,8559,18411,3222277,3222279,3222274,3222276,0,0,0,0
1790069000.0389209,52,63,54,66,11430,29708,10049,19830,3222337,3222339,3222334,3222336,0,0,0,0
1790069000.0548756,49,39,45,54,12931,31151,11599,21443,3222367,3222369,3222364,3222366,0,0,0,0
1790069000.0548756,54,43,45,64,14233,32544,12936,22904,3222397,3222399,3222394,3222396,0,0,0,0
1790069000.2485101,48,59,45,57,18824,4147,17467,27350,3222487,3222489,3222484,3222486,0,0,0,0
1790069000.2646067,59,55,59,53,20432,5665,18951,28844,3222517,3222519,3222514,3222516,0,0,0,0
1790069000.4575145,56,68,57,46,21996,7337,20584,30331,3222547,3222549,3222544,3222546,0,0,0,0
1790069000.4575145,55,62,53,70,23593,8943,22150,31979,3222577,3222579,3222574,3222576,0,0,0,0
1790069000.4575145,72,57,57,59,25192,10468,23805,738,3222607,3222609,3222604,3222606,0,0,0,0
1790069000.5772128,58,59,58,49,26780,12055,25515,2312,3222637,3222639,3222634,3222636,0,0,0,0
1790069000.5772128,60,57,59,74,28464,13734,26993,3858,3222667,3222669,3222664,3222666,0,0,0,0
1790069000.5772128,60,63,55,49,30071,15243,28654,5499,3222697,3222699,3222694,3222696,0,0,0,0
1790069000.6666052,57,61,63,64,31624,16828,30317,7093,3222727,3222729,3222724,3222726,0,0,0,0
1790069000.8611968,60,58,65,63,472,18456,31990,8706,3222757,3222759,3222754,3222756,0,0,0,0
1790069000.8611968,56,55,53,57,2101,20000,930,10321,3222787,3222789,3222784,3222786,0,0,0,0
1790069000.8611968,52,60,53,50,6994,24929,5760,15147,3222877,3222879,3222874,3222876,0,0,0,0
1790069001.0794284,4,-3,8,-2,9949,27838,9090,18637,3222997,3222999,3222994,3222996,0,0,0,0
1790069001.2642128,3,-4,-1,1,9938,27784,9074,18651,3223027,3223029,3223024,3223026,0,0,0,0
1790069001.27991,-2,6,-2,-1,9914,27808,9070,18614,3223117,3223119,3223114,3223116,0,0,0,0
1790069001.482657,5,0,0,1,9895,27820,9086,18599,3223147,3223149,3223144,3223146,0,0,0,0
1790069001.482657,-10,3,-1,0,9882,27828,9098,18590,3223177,3223179,3223174,3223176,0,0,0,0
1790069001.4843996,-1,-2,-3,-1,9880,27830,9101,18587,3223207,3223209,3223204,3223206,0,0,0,0
1790069001.4864028,0,5,3,-1,9884,27825,9097,18590,3223237,3223239,3223234,3223236,0,0,0,0
1790069001.5822387,1,-3,-2,-5,9892,27820,9090,18596,3223267,3223269,3223264,3223266,0,0,0,0
1790069001.59817,-2,-5,3,-1,9897,27816,9084,18600,3223327,3223329,3223324,3223326,0,0,0,0
1790069001.694445,0,5,-8,4,9890,27822,9091,18594,3223387,3223389,3223384,3223386,0,0,0,0
1790069001.8846972,2,-1,-6,2,9875,27808,9035,18547,3223477,3223479,3223474,3223476,0,0,0,0
1790069001.9009686,0,0,-1,-2,9869,27811,9039,18542,3223507,3223509,3223504,3223506,0,0,0,0
1790069002.0946286,-2,-4,1,-6,9862,27812,9043,18540,3223597,3223599,3223594,3223596,0,0,0,0
1790069002.2926698,-4,-2,-3,-1,9867,27809,9039,18542,3223627,3223629,3223624,3223626,0,0,0,0
1790069002.3044279,2,-2,3,-1,9874,27810,9039,18547,3223687,3223689,3223684,3223686,0,0,0,0
1790069002.3044279,-1,4,3,2,9898,27790,9025,18565,3223717,3223719,3223714,3223716,0,0,0,0
1790069002.4170988,0,0,-3,-1,9909,27747,8976,18573,3223747,3223749,3223744,3223746,0,0,0,0
1790069002.4170988,-1,1,7,-1,9909,27777,8989,18564,3223807,3223809,3223804,3223806,0,0,0,0
1790069002.4971194,0,-3,3,-1,9888,27779,9000,18552,3223837,3223839,3223834,3223836,0,0,0,0
1790069002.5611706,23,-30,-10,14,10148,27456,8823,18690,3223897,3223899,3223894,3223896,0,0,0,0
1790069002.6255386,60,-85,-41,47,11563,25949,7961,19439,3223927,3223929,3223924,3223926,0,0,0,0
1790069002.6841285,53,-74,-87,56,13411,23942,5938,21065,3223957,3223959,3223954,3223956,0,0,0,0
1790069002.8025196,60,-57,-66,82,15004,22099,3745,22900,3223987,3223989,3223984,3223986,0,0,0,0
1790069002.8185372,80,-84,-70,80,16860,20132,1943,24858,3224017,3224019,3224014,3224016,0,0,0,0
1790069002.8672822,60,-56,-74,56,20790,16298,30570,28864,3224077,3224079,3224074,3224076,0,0,0,0
1790069002.899816,60,-64,-57,54,22412,14543,28848,30499,3224107,3224109,3224104,3224106,0,0,0,0
1790069002.9480038,50,-56,-55,60,23884,12997,27347,31962,3224137,3224139,3224134,3224136,0,0,0,0
1790069002.9960768,51,-37,-44,46,25157,11738,26088,513,3224167,3224169,3224164,3224166,0,0,0,0
1790069003.1074507,46,-48,-51,55,26455,10439,24642,1741,3224197,3224199,3224194,3224196,0,0,0,0
1790069003.1232097,57,-47,-52,48,27814,9114,23388,3107,3224227,3224229,3224224,3224226,0,0,0,0
1790069003.2031915,65,-62,-77,68,30905,5798,20210,6278,3224287,3224289,3224284,3224286,0,0,0,0
1790069003.2667634,59,-74,-62,56,32684,4139,18518,8078,3224317,3224319,3224314,3224316,0,0,0,0
1790069003.3470328,54,-60,-55,55,3348,711,14957,11572,3224377,3224379,3224374,3224376,0,0,0,0
1790069003.4439268,61,-77,-61,54,4916,31839,13361,13164,3224407,3224409,3224404,3224406,0,0,0,0
1790069003.460205,53,-50,-59,56,6392,30337,11821,14709,3224437,3224439,3224434,3224436,0,0,0,0
1790069003.5245385,52,-53,-44,45,7886,28920,10388,16156,3224467,3224469,3224464,3224466,0,0,0,0
1790069003.5861647,46,-57,-58,49,9284,27467,8957,17515,3224497,3224499,3224494,3224496,0,0,0,0
1790069003.6042142,64,-68,-61,61,10792,25891,7515,19041,3224527,3224529,3224524,3224526,0,0,0,0
1790069003.700526,66,-54,-58,60,12327,24302,5878,20657,3224557,3224559,3224554,3224556,0,0,0,0
1790069003.7324219,46,-57,-63,56,13951,22651,4296,22173,3224587,3224589,3224584,3224586,0,0,0,0
1790069003.764726,62,-51,-64,72,15587,21047,2657,23889,3224617,3224619,3224614,3224616,0,0,0,0
1790069003.8298748,58,-59,-53,43,17218,19428,976,25636,3224647,3224649,3224644,3224646,0,0,0,0
1790069003.8944979,50,-71,-59,64,18793,17839,32156,27199,3224677,3224679,3224674,3224676,0,0,0,0
1790069003.8944979,68,-51,-57,53,20327,16317,30583,28765,3224707,3224709,3224704,3224706,0,0,0,0
1790069003.9582367,55,-55,-54,46,21833,14758,29059,30284,3224737,3224739,3224734,3224736,0,0,0,0
1790069004.0386205,46,-72,-64,61,23380,13276,27592,31749,3224767,3224769,3224764,3224766,0,0,0,0
1790069004.088061,57,-59,-53,62,24877,11798,26061,608,3224797,3224799,3224794,3224796,0,0,0,0
1790069004.1344233,52,-54,-52,54,26488,10229,24433,2240,3224827,3224829,3224824,3224826,0,0,0,0
1790069004.1665313,54,-68,-70,72,28135,8555,22930,3802,3224857,3224859,3224854,3224856,0,0,0,0
1790069004.2148204,66,-54,-58,48,29689,7019,21270,5509,3224887,3224889,3224884,3224886,0,0,0,0
1790069004.359082,52,-55,-56,61,31296,5427,19654,7046,3224917,3224919,3224914,3224916,0,0,0,0
1790069004.359082,51,-68,-72,61,119,3852,18096,8718,3224947,3224949,3224944,3224946,0,0,0,0
1790069004.359082,63,-45,-56,44,1698,2359,16530,10226,3224977,3224979,3224974,3224976,0,0,0,0
1790069004.4254665,56,-56,-55,56,3243,732,14986,11773,3225007,3225009,3225004,3225006,0,0,0,0
1790069004.487153,48,-70,-65,63,4749,31913,13474,13339,3225037,3225039,3225034,3225036,0,0,0,0
1790069004.5675504,55,-53,-50,47,7845,28874,10353,16479,3225097,3225099,3225094,3225096,0,0,0,0
1790069004.6153145,35,-42,-40,48,9126,27586,8980,17778,3225127,3225129,3225124,3225126,0,0,0,0
1790069004.760305,9,-11,-18,11,10350,26467,7867,18980,3225187,3225189,3225184,3225186,0,0,0,0
1790069004.760305,3,4,-7,6,10561,26209,7650,19221,3225217,3225219,3225214,3225216,0,0,0,0
1790069004.9572666,1,-2,-6,-3,10635,26154,7591,19294,3225247,3225249,3225244,3225246,0,0,0,0
1790069004.9572666,-1,1,3,-3,10609,26205,7624,19264,3225307,3225309,3225304,3225306,0,0,0,0
1790069005.1592839,-6,5,2,-2,10487,26348,7746,19125,3225367,3225369,3225364,3225366,0,0,0,0
1790069005.1592839,-4,7,7,-4,10410,26440,7825,19032,3225397,3225399,3225394,3225396,0,0,0,0
1790069005.2151787,-2,-17,3,-5,10233,26625,7988,18822,3225457,3225459,3225454,3225456,0,0,0,0
1790069005.2260084,-6,2,2,-7,10135,26715,8072,18721,3225487,3225489,3225484,3225486,0,0,0,0
1790069005.3626266,-4,-1,3,-3,9888,26928,8285,18505,3225577,3225579,3225574,3225576,0,0,0,0
1790069005.4745493,1,2,-5,-2,9856,26956,8311,18478,3225607,3225609,3225604,3225606,0,0,0,0
1790069005.4745493,2,1,1,-2,9847,26955,8320,18473,3225637,3225639,3225634,3225636,0,0,0,0
1790069005.5869415,18,1,-5,-4,9886,26915,8280,18500,3225697,3225699,3225694,3225696,0,0,0,0
1790069005.7311478,-4,2,1,0,9899,26907,8270,18511,3225787,3225789,3225784,3225786,0,0,0,0
1790069005.7789912,3,2,-2,-1,9890,26914,8277,18506,3225817,3225819,3225814,3225816,0,0,0,0
1790069005.9891033,4,-5,0,3,9897,26926,8287,18507,3225847,3225849,3225844,3225846,0,0,0,0
1790069005.9891033,0,-4,2,0,9888,26919,8280,18502,3225937,3225939,3225934,3225936,0,0,0,0
1790069006.1961741,7,5,4,1,9879,26923,8289,18497,3226057,3226059,3226054,3226056,0,0,0,0
1790069006.400443,-4,-3,0,1,9885,26920,8283,18500,3226147,3226149,3226144,3226146,0,0,0,0
1790069006.400443,2,3,-2,-1,9881,26923,8286,18497,3226177,3226179,3226174,3226176,0,0,0,0
1790069006.5609837,0,-3,-2,2,9873,26915,8280,18490,3226207,3226209,3226204,3226206,0,0,0,0
1790069006.5609837,-2,-3,0,-3,9885,26917,8278,18499,3226237,3226239,3226234,3226236,0,0,0,0
1790069006.5967028,-2,-1,-2,-1,9889,26905,8269,18503,3226297,3226299,3226294,3226296,0,0,0,0
1790069006.5967028,1,-1,2,0,9890,26908,8272,18502,3226327,3226329,3226324,3226326,0,0,0,0
1790069006.6398282,1,-1,2,0,9890,26908,8272,18502,3226327,3226329,3226324,3226326,0,0,0,0
1790069006.7981458,0,-1,-19,3,9884,26916,8274,18492,3226447,3226449,3226444,3226446,0,0,0,0
1790069007.0072727,5,-6,-2,0,9886,26913,8272,18494,3226477,3226479,3226474,3226476,0,0,0,0
1790069007.0072727,5,-6,-1,1,9884,26914,8274,18494,3226567,3226569,3226564,3226566,0,0,0,0
1790069007.2170668,-2,-1,2,0,9887,26911,8271,18495,3226657,3226659,3226654,3226656,0,0,0,0
1790069007.2170668,-3,-4,4,-2,9889,26910,8270,18496,3226687,3226689,3226684,3226686,0,0,0,0
1790069007.4115574,-2,-1,-3,-3,9890,26908,8269,18497,3226717,3226719,3226714,3226716,0,0,0,0
1790069007.4115574,-3,2,0,-3,9890,26911,8270,18497,3226777,3226779,3226774,3226776,0,0,0,0
1790069007.4115574,-4,0,8,10,9890,26910,8270,18496,3226807,3226809,3226804,3226806,0,0,0,0
1790069007.620772,1,0,-4,2,9892,26907,8266,18498,3226867,3226869,3226864,3226866,0,0,0,0
1790069007.620772,-3,3,0,-2,9893,26907,8266,18499,3226897,3226899,3226894,3226896,0,0,0,0
1790069007.640625,1,-6,0,-1,9893,26907,8267,18499,3226927,3226929,3226924,3226926,0,0,0,0
1790069007.8281546,-3,-3,3,0,9893,26908,8267,18498,3226957,3226959,3226954,3226956,0,0,0,0
1790069007.8281546,2,4,-1,2,9896,26905,8264,18501,3227047,3227049,3227044,3227046,0,0,0,0
1790069007.9892406,-6,-2,1,-2,9911,26919,8269,18507,3227077,3227079,3227074,3227076,0,0,0,0
1790069007.9892406,-1,-1,-9,0,9892,26905,8262,18496,3227107,3227109,3227104,3227106,0,0,0,0
1790069007.9892406,0,-2,0,-1,9897,26917,8272,18495,3227137,3227139,3227134,3227136,0,0,0,0
1790069008.0210927,-1,2,0,-3,9894,26922,8275,18492,3227167,3227169,3227164,3227166,0,0,0,0
1790069008.2295964,1,4,4,-2,9900,26933,8281,18497,3227197,3227199,3227194,3227196,0,0,0,0
1790069008.2295964,1,-7,1,-1,9906,26914,8266,18503,3227257,3227259,3227254,3227256,0,0,0,0
1790069008.2295964,-2,3,-4,-2,9907,26914,8264,18504,3227287,3227289,3227284,3227286,0,0,0,0
1790069008.4372668,-5,-1,-4,0,9902,26917,8267,18500,3227317,3227319,3227314,3227316,0,0,0,0
1790069008.4476063,-3,-6,-2,-3,9895,26921,8272,18496,3227347,3227349,3227344,3227346,0,0,0,0
1790069008.4476063,0,1,-5,1,9893,26923,8275,18493,3227377,3227379,3227374,3227376,0,0,0,0
1790069008.4531846,1,-1,-4,3,9896,26920,8273,18496,3227437,3227439,3227434,3227436,0,0,0,0
1790069008.6462898,-5,-5,0,-3,9894,26914,8268,18494,3227467,3227469,3227464,3227466,0,0,0,0
1790069008.6462898,0,-1,-3,-5,9873,26934,8281,18478,3227497,3227499,3227494,3227496,0,0,0,0
1790069008.6462898,-1,0,2,1,9866,26973,8318,18467,3227527,3227529,3227524,3227526,0,0,0,0
1790069008.661966,0,4,-1,2,9868,26955,8303,18471,3227557,3227559,3227554,3227556,0,0,0,0
1790069008.8551245,1,-1,-1,4,9884,26928,8279,18488,3227617,3227619,3227614,3227616,0,0,0,0
1790069008.8551245,4,0,3,1,9887,26929,8278,18489,3227647,3227649,3227644,3227646,0,0,0,0
1790069008.8551245,-3,-3,-1,-4,9879,26934,8284,18484,3227677,3227679,3227674,3227676,0,0,0,0
1790069009.0483654,-2,0,3,2,9869,26943,8294,18475,3227737,3227739,3227734,3227736,0,0,0,0
1790069009.0643098,-1,-1,-7,4,9875,26938,8289,18480,3227797,3227799,3227794,3227796,0,0,0,0
1790069009.2577093,-3,3,0,-3,9882,26933,8284,18484,3227827,3227829,3227824,3227826,0,0,0,0
1790069009.2577093,-3,0,-4,-4,9882,26937,8286,18483,3227917,3227919,3227914,3227916,0,0,0,0
1790069009.3646345,3,-3,10,-5,9884,26934,8283,18484,3227977,3227979,3227974,3227976,0,0,0,0
1790069009.4434564,-4,-5,0,0,9885,26932,8280,18487,3228007,3228009,3228004,3228006,0,0,0,0
1790069009.5066679,2,-10,-6,4,9920,26889,8266,18506,3228037,3228039,3228034,3228036,0,0,0,0
1790069009.5546324,29,-37,-12,15,10321,26441,8033,18706,3228067,3228069,3228064,3228066,0,0,0,0
1790069009.6183155,73,-80,-72,46,11842,24567,6982,19632,3228097,3228099,3228094,3228096,0,0,0,0
1790069009.649966,50,-74,-74,55,13686,22558,4446,21175,3228127,3228129,3228124,3228126,0,0,0,0
1790069009.6817868,68,-71,-64,68,15314,20759,2693,23065,3228157,3228159,3228154,3228156,0,0,0,0
1790069009.761508,76,-63,-71,88,17259,18667,712,25090,3228187,3228189,3228184,3228186,0,0,0,0
1790069009.810295,69,-58,-70,80,19171,16621,31385,27050,3228217,3228219,3228214,3228216,0,0,0,0
1790069009.8263826,50,-64,-70,53,21018,14781,29412,28964,3228247,3228249,3228244,3228246,0,0,0,0
1790069009.8829954,68,-62,-69,64,22648,13121,27707,30594,3228277,3228279,3228274,3228276,0,0,0,0
1790069010.008999,47,-41,-49,58,24055,11684,26305,32055,3228307,3228309,3228304,3228306,0,0,0,0
1790069010.0193543,44,-49,-43,47,26594,9098,23753,1897,3228367,3228369,3228364,3228366,0,0,0,0
1790069010.0833673,46,-48,-52,43,27951,7761,22299,3205,3228397,3228399,3228394,3228396,0,0,0,0
1790069010.1316528,51,-69,-54,60,29368,6170,20866,4748,3228427,3228429,3228424,3228426,0,0,0,0
1790069010.2058163,68,-57,-63,67,31096,4517,19184,6442,3228457,3228459,3228454,3228456,0,0,0,0
1790069010.33031,61,-58,-63,62,133,2778,17401,8234,3228487,3228489,3228484,3228486,0,0,0,0
1790069010.33031,60,-57,-74,62,1911,1013,15652,10052,3228517,3228519,3228514,3228516,0,0,0,0
1790069010.3383794,56,-71,-50,60,3611,32146,13860,11813,3228547,3228549,3228544,3228546,0,0,0,0
1790069010.4024704,60,-58,-56,55,5159,30547,12297,13438,3228577,3228579,3228574,3228576,0,0,0,0
1790069010.4666922,47,-42,-53,45,6615,29028,10779,14877,3228607,3228609,3228604,3228606,0,0,0,0
1790069010.482602,50,-52,-57,57,8047,27628,9410,16347,3228637,3228639,3228634,3228636,0,0,0,0
1790069010.586535,43,-62,-43,56,9447,26141,7992,17745,3228667,3228669,3228664,3228666,0,0,0,0
1790069010.643121,69,-55,-62,61,10979,24654,6418,19274,3228697,3228699,3228694,3228696,0,0,0,0
1790069010.6589506,58,-45,-66,56,12568,23086,4885,20864,3228727,3228729,3228724,3228726,0,0,0,0
1790069010.6908736,53,-56,-53,71,14119,21420,3218,22475,3228757,3228759,3228754,3228756,0,0,0,0
1790069010.787291,57,-67,-57,55,17429,18268,32742,25806,3228817,3228819,3228814,3228816,0,0,0,0
1790069010.8355958,62,-45,-62,71,19086,16579,31106,27445,3228847,3228849,3228844,3228846,0,0,0,0
1790069010.899328,54,-52,-58,48,20699,15022,29410,28998,3228877,3228879,3228874,3228876,0,0,0,0
1790069010.9791703,55,-52,-42,66,23716,11918,26452,32141,3228937,3228939,3228934,3228936,0,0,0,0
1790069011.0434444,61,-51,-66,48,25234,10421,24910,890,3228967,3228969,3228964,3228966,0,0,0,0
1790069011.0920734,47,-58,-53,52,26748,8919,23432,2441,3228997,3228999,3228994,3228996,0,0,0,0
1790069011.220456,60,-61,-50,69,28365,7384,21756,4011,3229027,3229029,3229024,3229026,0,0,0,0
1790069011.220456,66,-49,-68,54,29891,5660,20181,5635,3229057,3229059,3229054,3229056,0,0,0,0
1790069011.220456,55,-64,-52,65,31488,4197,18658,7204,3229087,3229089,3229084,3229086,0,0,0,0
1790069011.3004847,57,-53,-60,58,285,2603,17067,8930,3229117,3229119,3229114,3229116,0,0,0,0
1790069011.3648198,51,-52,-63,44,1904,991,15498,10416,3229147,3229149,3229144,3229146,0,0,0,0
1790069011.4142601,52,-64,-52,59,3482,32244,13855,12084,3229177,3229179,3229174,3229176,0,0,0,0
1790069011.5144954,54,-57,-62,52,5051,30585,12321,13650,3229207,3229209,3229204,3229206,0,0,0,0
1790069011.5262492,53,-44,-55,49,6599,29040,10726,15132,3229237,3229239,3229234,3229236,0,0,0,0
1790069011.6715047,43,-58,-48,56,8100,27559,9211,16783,3229267,3229269,3229264,3229266,0,0,0,0
1790069011.6715047,0,15,-5,2,9704,26322,7866,18785,3229357,3229359,3229354,3229356,0,0,0,0
1790069011.719417,0,15,-5,2,9704,26322,7866,18785,3229357,3229359,3229354,3229356,0,0,0,0
1790069011.9165606,-5,5,2,-8,9720,26561,7941,18721,3229417,3229419,3229414,3229416,0,0,0,0
1790069011.928857,-2,-3,7,-7,9619,26649,8026,18633,3229447,3229449,3229444,3229446,0,0,0,0
1790069011.928857,-2,10,4,-5,9413,26831,8205,18453,3229507,3229509,3229504,3229506,0,0,0,0
1790069012.121782,-1,-3,1,-3,9337,26907,8282,18378,3229537,3229539,3229534,3229536,0,0,0,0
1790069012.121782,0,1,2,0,9274,26976,8363,18302,3229597,3229599,3229594,3229596,0,0,0,0
1790069012.1451662,1,2,-4,5,9277,26972,8363,18304,3229627,3229629,3229624,3229626,0,0,0,0
1790069012.3247375,2,1,4,-1,9305,26935,8328,18342,3229687,3229689,3229684,3229686,0,0,0,0
1790069012.3404353,1,1,1,-2,9316,26916,8304,18354,3229747,3229749,3229744,3229746,0,0,0,0
1790069012.436587,1,1,-2,5,9314,26918,8307,18351,3229777,3229779,3229774,3229776,0,0,0,0
1790069012.436587,0,0,2,0,9312,26922,8312,18348,3229807,3229809,3229804,3229806,0,0,0,0
1790069012.540814,2,2,4,-5,9310,26924,8314,18346,3229837,3229839,3229834,3229836,0,0,0,0
1790069012.5448186,-5,-3,1,2,9310,26923,8313,18348,3229867,3229869,3229864,3229866,0,0,0,0
1790069012.673296,-2,-1,-2,1,9313,26920,8312,18349,3229897,3229899,3229894,3229896,0,0,0,0
1790069012.673296,0,1,1,0,9313,26921,8310,18350,3229927,3229929,3229924,3229926,0,0,0,0
1790069012.673296,-1,-5,1,-2,9312,26920,8311,18349,3229957,3229959,3229954,3229956,0,0,0,0
1790069012.7211118,0,-2,0,-2,9312,26924,8312,18348,3229987,3229989,3229984,3229986,0,0,0,0
1790069012.8503044,2,2,1,-2,9325,26912,8305,18363,3230047,3230049,3230044,3230046,0,0,0,0
1790069012.866068,1,-1,-3,3,9335,26898,8288,18371,3230077,3230079,3230074,3230076,0,0,0,0
1790069012.9631412,-2,4,2,1,9322,26914,8303,18359,3230137,3230139,3230134,3230136,0,0,0,0
1790069013.1557972,3,-4,0,-1,9312,26925,8315,18348,3230227,3230229,3230224,3230226,0,0,0,0
1790069013.3484614,3,1,2,-1,9315,26922,8312,18351,3230257,3230259,3230254,3230256,0,0,0,0
1790069013.558061,2,-4,2,-2,9316,26918,8311,18353,3230377,3230379,3230374,3230376,0,0,0,0
1790069013.558061,2,3,5,0,9312,26910,8300,18344,3230407,3230409,3230404,3230406,0,0,0,0
1790069013.558061,4,-3,2,-1,9316,26911,8307,18350,3230437,3230439,3230434,3230436,0,0,0,0
1790069013.558061,-2,-7,2,1,9318,26914,8307,18351,3230467,3230469,3230464,3230466,0,0,0,0
1790069013.558061,0,-2,-1,-4,9316,26916,8305,18350,3230497,3230499,3230494,3230496,0,0,0,0
1790069013.6906116,-1,1,3,1,9318,26910,8301,18353,3230557,3230559,3230554,3230556,0,0,0,0
1790069013.7240102,-5,-3,-3,0,9318,26907,8298,18353,3230587,3230589,3230584,3230586,0,0,0,0
1790069013.7829394,0,-1,-1,-1,9317,26909,8301,18353,3230617,3230619,3230614,3230616,0,0,0,0
1790069013.977051,4,1,-5,-1,9311,26918,8308,18342,3230707,3230709,3230704,3230706,0,0,0,0
1790069013.977051,0,6,-1,-3,9312,26919,8307,18343,3230737,3230739,3230734,3230736,0,0,0,0
1790069014.169835,-4,1,-9,-1,9316,26913,8303,18346,3230857,3230859,3230854,3230856,0,0,0,0
1790069014.3787858,1,-1,-2,-6,9317,26911,8301,18348,3230977,3230979,3230974,3230976,0,0,0,0
1790069014.5884783,1,1,0,-2,9320,26909,8299,18351,3231007,3231009,3231004,3231006,0,0,0,0
1790069014.5884783,0,-1,-2,2,9319,26909,8299,18349,3231097,3231099,3231094,3231096,0,0,0,0
1790069014.7015147,4,-2,-5,-4,9319,26909,8298,18349,3231127,3231129,3231124,3231126,0,0,0,0
1790069014.781193,0,-3,5,0,9323,26906,8295,18353,3231187,3231189,3231184,3231186,0,0,0,0
1790069014.7970831,4,-3,2,-3,9324,26905,8294,18355,3231217,3231219,3231214,3231216,0,0,0,0
1790069015.0069973,3,-2,-6,-1,9335,26909,8293,18361,3231367,3231369,3231364,3231366,0,0,0,0
1790069015.1844344,3,-2,-6,-1,9335,26909,8293,18361,3231367,3231369,3231364,3231366,0,0,0,0
1790069015.1844344,-3,0,-4,-2,9324,26905,8295,18351,3231427,3231429,3231424,3231426,0,0,0,0
1790069015.2006466,1,-1,3,1,9319,26908,8298,18350,3231487,3231489,3231484,3231486,0,0,0,0
1790069015.4093513,3,0,0,0,9330,26913,8300,18357,3231517,3231519,3231514,3231516,0,0,0,0
1790069015.4093513,-1,-2,2,-1,9331,26893,8283,18362,3231577,3231579,3231574,3231576,0,0,0,0
1790069015.600327,0,-1,-1,1,9329,26897,8287,18360,3231637,3231639,3231634,3231636,0,0,0,0
1790069015.61635,1,-5,5,2,9328,26895,8288,18360,3231727,3231729,3231724,3231726,0,0,0,0
1790069015.7120936,-2,2,0,-1,9329,26897,8288,18360,3231757,3231759,3231754,3231756,0,0,0,0
1790069015.7120936,-2,-4,0,-3,9319,26892,8284,18353,3231787,3231789,3231784,3231786,0,0,0,0
1790069015.80669,0,3,2,2,9300,26918,8306,18331,3231817,3231819,3231814,3231816,0,0,0,0
1790069015.8247907,1,-1,0,-2,9295,26946,8340,18318,3231847,3231849,3231844,3231846,0,0,0,0
1790069016.0157573,5,-1,2,1,9298,26936,8323,18325,3231877,3231879,3231874,3231876,0,0,0,0
1790069016.0157573,-3,-9,1,-1,9314,26903,8297,18346,3231937,3231939,3231934,3231936,0,0,0,0
1790069016.0157573,-5,-9,-3,-1,9322,26898,8291,18354,3231967,3231969,3231964,3231966,0,0,0,0
1790069016.1321633,-2,-2,-2,0,9322,26903,8292,18353,3231997,3231999,3231994,3231996,0,0,0,0
1790069016.1321633,-1,3,1,0,9311,26913,8304,18342,3232057,3232059,3232054,3232056,0,0,0,0
1790069016.43414,-45,-53,-53,-46,4414,22300,3629,13718,3232177,3232179,3232174,3232176,0,0,0,0
1790069016.43414,-59,-42,-52,-63,2942,20965,2219,12142,3232207,3232209,3232204,3232206,0,0,0,0
1790069016.6350574,-55,-55,-58,-68,1359,19438,680,10588,3232237,3232239,3232234,3232236,0,0,0,0
1790069016.6350574,-58,-46,-52,-67,31179,16310,30262,7545,3232297,3232299,3232294,3232296,0,0,0,0
1790069016.6350574,-66,-62,-49,-54,29621,14672,28711,5922,3232327,3232329,3232324,3232326,0,0,0,0
1790069016.7242038,-51,-65,-61,-59,28034,13092,27036,4425,3232357,3232359,3232354,3232356,0,0,0,0
1790069016.7351935,-66,-55,-62,-52,26449,11486,25568,2889,3232387,3232389,3232384,3232386,0,0,0,0
1790069016.8401077,-65,-68,-58,-54,24830,9913,23898,1193,3232417,3232419,3232414,3232416,0,0,0,0
1790069016.8401077,-47,-60,-62,-53,23272,8235,22234,32523,3232447,3232449,3232444,3232446,0,0,0,0
1790069017.0460136,-62,-65,-54,-62,21654,6763,20712,30853,3232477,3232479,3232474,3232476,0,0,0,0
1790069017.0460136,-61,-59,-58,-62,16769,1914,15766,25842,3232567,3232569,3232564,3232566,0,0,0,0
1790069017.2393293,-54,-60,-65,-58,15144,188,14160,24304,3232597,3232599,3232594,3232596,0,0,0,0
1790069017.2550771,-57,-53,-63,-60,10289,28043,9271,19372,3232687,3232689,3232684,3232686,0,0,0,0
1790069017.2550771,-65,-53,-67,-61,8740,26504,7678,17665,3232717,3232719,3232714,3232716,0,0,0,0
1790069017.448474,-64,-53,-54,-60,5466,23186,4441,14486,3232777,3232779,3232774,3232776,0,0,0,0
1790069017.448474,-62,-58,-57,-66,3832,21497,2799,12909,3232807,3232809,3232804,3232806,0,0,0,0
1790069017.448474,-54,-57,-62,-56,2172,19871,1207,11328,3232837,3232839,3232834,3232836,0,0,0,0
1790069017.6577241,-60,-57,-56,-59,30077,14927,29032,6439,3232927,3232929,3232924,3232926,0,0,0,0
1790069017.739325,-65,-65,-59,-65,28405,13268,27354,4920,3232957,3232959,3232954,3232956,0,0,0,0
1790069017.865899,-50,-62,-54,-44,26776,11707,25859,3226,3232987,3232989,3232984,3232986,0,0,0,0
1790069017.8679075,-58,-67,-71,-55,23528,8462,22523,44,3233047,3233049,3233044,3233046,0,0,0,0
1790069018.0712843,-54,-53,-55,-56,21943,6943,20850,31102,3233077,3233079,3233074,3233076,0,0,0,0
1790069018.0712843,-70,-59,-63,-66,15450,301,14348,24665,3233197,3233199,3233194,3233196,0,0,0,0
1790069018.262225,-51,-51,-48,-51,13936,31334,12683,23076,3233227,3233229,3233224,3233226,0,0,0,0
1790069018.2782028,-24,-22,-23,-22,10034,27712,8783,19051,3233317,3233319,3233314,3233316,0,0,0,0
1790069018.4719026,-12,-11,-16,-19,9555,27276,8173,18483,3233347,3233349,3233344,3233346,0,0,0,0
1790069018.4719026,-3,7,2,2,9431,27231,7848,18034,3233407,3233409,3233404,3233406,0,0,0,0
1790069018.4719026,4,3,3,-3,9427,27258,7869,18027,3233437,3233439,3233434,3233436,0,0,0,0
1790069018.599323,-3,1,-2,0,9416,27260,7875,18017,3233467,3233469,3233464,3233466,0,0,0,0
1790069018.6913738,-2,1,-4,1,9423,27263,7876,18025,3233527,3233529,3233524,3233526,0,0,0,0
1790069018.889225,-2,2,4,-3,9407,27312,7919,18010,3233647,3233649,3233644,3233646,0,0,0,0
1790069018.8996632,-2,0,0,0,9418,27301,7911,18025,3233677,3233679,3233674,3233676,0,0,0,0
1790069019.090687,-2,-3,0,-2,9458,27258,7873,18074,3233767,3233769,3233764,3233766,0,0,0,0
1790069019.2994924,7,-1,1,-5,9461,27257,7870,18079,3233827,3233829,3233824,3233826,0,0,0,0
1790069019.2994924,-6,1,1,2,9455,27265,7877,18072,3233947,3233949,3233944,3233946,0,0,0,0
1790069019.493981,2,3,-2,-2,9455,27265,7878,18072,3234037,3234039,3234034,3234036,0,0,0,0
1790069019.7016163,-1,3,-2,-1,9395,27332,7935,18015,3234187,3234189,3234184,3234186,0,0,0,0
1790069019.764798,-5,2,0,0,9407,27327,7935,18022,3234217,3234219,3234214,3234216,0,0,0,0
1790069019.812861,2,-2,0,2,9419,27322,7928,18034,3234247,3234249,3234244,3234246,0,0,0,0
1790069019.9090447,0,-1,3,2,9461,27255,7895,18079,3234307,3234309,3234304,3234306,0,0,0,0
1790069019.957179,37,-33,-20,24,9884,26766,7676,18389,3234337,3234339,3234334,3234336,0,0,0,0
1790069020.0209155,60,-85,-71,58,11321,25038,6512,19187,3234367,3234369,3234364,3234366,0,0,0,0
1790069020.0859108,60,-82,-103,61,12926,22624,4024,20785,3234397,3234399,3234394,3234396,0,0,0,0
1790069020.11777,80,-64,-62,85,14539,20839,2152,22488,3234427,3234429,3234424,3234426,0,0,0,0
1790069020.1985066,63,-60,-83,65,16362,18748,192,24512,3234457,3234459,3234454,3234456,0,0,0,0
1790069020.2625523,61,-67,-72,68,18441,16764,30822,26514,3234487,3234489,3234484,3234486,0,0,0,0
1790069020.2787173,64,-57,-64,67,20202,14954,28886,28341,3234517,3234519,3234514,3234516,0,0,0,0
1790069020.3109248,53,-64,-67,55,21818,13316,27201,29979,3234547,3234549,3234544,3234546,0,0,0,0
1790069020.407325,45,-47,-47,35,24503,10491,24449,32717,3234607,3234609,3234604,3234606,0,0,0,0
1790069020.5357878,52,-48,-42,44,25805,9211,23223,1210,3234637,3234639,3234634,3234636,0,0,0,0
1790069020.5443053,61,-46,-49,54,27211,7809,21780,2637,3234667,3234669,3234664,3234666,0,0,0,0
1790069020.5833764,56,-71,-63,65,28791,6225,20257,4189,3234697,3234699,3234694,3234696,0,0,0,0
1790069020.6521604,53,-55,-57,60,30436,4595,18621,5864,3234727,3234729,3234724,3234726,0,0,0,0
1790069020.6628177,72,-65,-65,75,32215,2801,16808,7697,3234757,3234759,3234754,3234756,0,0,0,0
1790069020.7105498,60,-53,-59,61,1139,1060,15047,9447,3234787,3234789,3234784,3234786,0,0,0,0
1790069020.7741177,71,-70,-70,66,2789,32229,13394,11175,3234817,3234819,3234814,3234816,0,0,0,0
1790069020.9030852,49,-47,-63,46,4394,30629,11797,12797,3234847,3234849,3234844,3234846,0,0,0,0
1790069020.919224,50,-48,-47,48,5907,29119,10356,14238,3234877,3234879,3234874,3234876,0,0,0,0
1790069020.919224,58,-53,-57,63,7269,27698,8845,15705,3234907,3234909,3234904,3234906,0,0,0,0
1790069020.982826,53,-62,-60,54,8863,26211,7425,17226,3234937,3234939,3234934,3234936,0,0,0,0
1790069021.0464623,52,-54,-53,54,10303,24684,5855,18696,3234967,3234969,3234964,3234966,0,0,0,0
1790069021.094634,52,-50,-59,68,11838,23118,4337,20282,3234997,3234999,3234994,3234996,0,0,0,0
1790069021.1425867,60,-55,-61,48,13504,21471,2749,21907,3235027,3235029,3235024,3235026,0,0,0,0
1790069021.223558,53,-61,-56,60,15076,19866,1062,23544,3235057,3235059,3235054,3235056,0,0,0,0
1790069021.2397254,65,-59,-74,67,16695,18354,32207,25238,3235087,3235089,3235084,3235086,0,0,0,0
1790069021.3037682,61,-55,-63,51,18393,16681,30567,26810,3235117,3235119,3235114,3235116,0,0,0,0
1790069021.3379526,51,-55,-56,61,19893,15143,28975,28410,3235147,3235149,3235144,3235146,0,0,0,0
1790069021.4161608,58,-49,-62,59,21434,13583,27385,30008,3235177,3235179,3235174,3235176,0,0,0,0
1790069021.4810445,51,-61,-60,54,23088,12054,25955,31537,3235207,3235209,3235204,3235206,0,0,0,0
1790069021.4971166,51,-52,-48,65,24468,10510,24343,358,3235237,3235239,3235234,3235236,0,0,0,0
1790069021.5615067,62,-56,-66,58,26047,9049,22893,1920,3235267,3235269,3235264,3235266,0,0,0,0
1790069021.609779,64,-59,-58,46,27745,7463,21290,3412,3235297,3235299,3235294,3235296,0,0,0,0
1790069021.6256433,46,-55,-51,63,29242,5790,19625,5053,3235327,3235329,3235324,3235326,0,0,0,0
1790069021.6759388,58,-66,-66,52,30873,4346,18113,6624,3235357,3235359,3235354,3235356,0,0,0,0
1790069021.770348,51,-56,-53,57,32484,2751,16517,8285,3235387,3235389,3235384,3235386,0,0,0,0
1790069021.7863095,56,-56,-54,58,1238,1147,14971,9895,3235417,3235419,3235414,3235416,0,0,0,0
1790069021.8664293,64,-61,-58,55,2796,32328,13351,11463,3235447,3235449,3235444,3235446,0,0,0,0
1790069021.8824666,47,-58,-54,55,4401,30746,11754,12973,3235477,3235479,3235474,3235476,0,0,0,0
1790069021.9628806,52,-53,-53,55,5925,29181,10257,14539,3235507,3235509,3235504,3235506,0,0,0,0
1790069022.1589103,68,-52,-63,56,7419,27687,8671,16105,3235537,3235539,3235534,3235536,0,0,0,0
1790069022.1589103,11,-29,-28,27,9528,25724,6712,17954,3235597,3235599,3235594,3235596,0,0,0,0
1790069022.1708817,0,-11,11,10,9668,25271,6356,18433,3235627,3235629,3235624,3235626,0,0,0,0
1790069022.3656418,-8,-3,1,-3,9535,25363,6898,18346,3235687,3235689,3235684,3235686,0,0,0,0
1790069022.3656418,-2,2,0,-3,9430,25475,7022,18234,3235717,3235719,3235714,3235716,0,0,0,0
1790069022.3793106,-9,-3,2,-2,9344,25567,7141,18122,3235777,3235779,3235774,3235776,0,0,0,0
1790069022.5713,-1,3,3,2,9349,25563,7142,18125,3235867,3235869,3235864,3235866,0,0,0,0
1790069022.58712,-1,-1,1,-2,9355,25553,7131,18136,3235897,3235899,3235894,3235896,0,0,0,0
1790069022.7895663,2,-1,5,5,9372,25538,7113,18159,3235987,3235989,3235984,3235986,0,0,0,0
1790069022.805577,-5,0,-1,5,9376,25537,7117,18168,3236017,3236019,3236014,3236016,0,0,0,0
1790069022.9021494,-5,0,-3,-1,9386,25531,7107,18179,3236077,3236079,3236074,3236076,0,0,0,0
1790069022.9021494,0,-2,-3,0,9386,25527,7103,18181,3236107,3236109,3236104,3236106,0,0,0,0
1790069022.9823694,-3,-3,0,2,9387,25525,7101,18182,3236137,3236139,3236134,3236136,0,0,0,0
1790069023.1908185,-1,7,3,5,9394,25526,7104,18194,3236197,3236199,3236194,3236196,0,0,0,0
1790069023.1908185,-1,-8,5,2,9401,25524,7102,18200,3236287,3236289,3236284,3236286,0,0,0,0
1790069023.3524485,-1,-8,5,2,9401,25524,7102,18200,3236287,3236289,3236284,3236286,0,0,0,0
1790069023.3640459,-1,0,2,5,9400,25522,7103,18199,3236347,3236349,3236344,3236346,0,0,0,0
1790069023.3998463,0,2,-3,0,9400,25526,7105,18199,3236407,3236409,3236404,3236406,0,0,0,0
1790069023.5925484,0,-4,-3,-3,9428,25502,7075,18229,3236467,3236469,3236464,3236466,0,0,0,0
1790069023.5925484,-2,-2,-3,-2,9430,25496,7068,18234,3236497,3236499,3236494,3236496,0,0,0,0
1790069023.6082988,-2,-2,-3,-2,9430,25496,7068,18234,3236497,3236499,3236494,3236496,0,0,0,0
1790069023.7857125,4,-7,-2,4,9423,25505,7080,18225,3236647,3236649,3236644,3236646,0,0,0,0
1790069024.0118454,0,-8,2,1,9427,25500,7076,18229,3236707,3236709,3236704,3236706,0,0,0,0
1790069024.1727557,-3,1,1,-1,9436,25506,7091,18247,3236827,3236829,3236824,3236826,0,0,0,0
1790069024.1727557,-4,0,3,1,9441,25504,7088,18253,3236857,3236859,3236854,3236856,0,0,0,0
1790069024.2043722,3,-4,-3,-3,9445,25498,7080,18257,3236887,3236889,3236884,3236886,0,0,0,0
1790069024.4138868,-3,-1,-4,-4,9451,25492,7069,18261,3236917,3236919,3236914,3236916,0,0,0,0
1790069024.4138868,1,-4,7,8,9457,25479,7059,18273,3237007,3237009,3237004,3237006,0,0,0,0
1790069024.6237998,3,-1,-3,2,9452,25479,7061,18269,3237127,3237129,3237124,3237126,0,0,0,0
1790069024.8015947,-2,-5,-1,-1,9455,25474,7057,18273,3237217,3237219,3237214,3237216,0,0,0,0
1790069024.8175068,0,-3,1,1,9455,25475,7058,18273,3237247,3237249,3237244,3237246,0,0,0,0
1790069025.0270853,-2,2,0,0,9457,25474,7056,18275,3237277,3237279,3237274,3237276,0,0,0,0
1790069025.0270853,0,3,1,1,9463,25472,7052,18279,3237337,3237339,3237334,3237336,0,0,0,0
1790069025.0431218,5,1,-9,1,9460,25470,7051,18279,3237367,3237369,3237364,3237366,0,0,0,0
1790069025.2347538,-7,-1,2,3,9461,25469,7051,18279,3237397,3237399,3237394,3237396,0,0,0,0
1790069025.2347538,3,2,2,1,9467,25464,7043,18286,3237457,3237459,3237454,3237456,0,0,0,0
1790069025.2347538,-1,6,-3,2,9474,25460,7040,18293,3237487,3237489,3237484,3237486,0,0,0,0
1790069025.4462724,3,0,2,-2,9486,25453,7029,18304,3237577,3237579,3237574,3237576,0,0,0,0
1790069025.612654,2,2,1,1,9491,25451,7026,18304,3237667,3237669,3237664,3237666,0,0,0,0
1790069025.6224785,2,-2,-7,1,9500,25454,7032,18316,3237697,3237699,3237694,3237696,0,0,0,0
1790069025.810735,0,1,-3,2,9500,25450,7031,18321,3237727,3237729,3237724,3237726,0,0,0,0
1790069025.810735,1,0,2,-5,9505,25450,7028,18322,3237757,3237759,3237754,3237756,0,0,0,0
1790069025.810735,-3,3,5,1,9507,25450,7031,18327,3237787,3237789,3237784,3237786,0,0,0,0
1790069025.8604434,0,-4,4,1,9523,25437,7011,18340,3237877,3237879,3237874,3237876,0,0,0,0
1790069026.0506465,1,2,1,3,9522,25435,7010,18341,3237907,3237909,3237904,3237906,0,0,0,0
1790069026.0506465,-3,-1,-4,1,9526,25433,7007,18344,3237967,3237969,3237964,3237966,0,0,0,0
1790069026.0506465,0,2,2,-2,9528,25432,7006,18345,3237997,3237999,3237994,3237996,0,0,0,0
1790069026.2601247,3,2,-2,3,9494,25459,7041,18314,3238117,3238119,3238114,3238116,0,0,0,0
1790069026.3755202,-2,0,-6,-2,9511,25442,7023,18333,3238177,3238179,3238174,3238176,0,0,0,0
1790069026.6619678,-2,-1,0,0,9516,25437,7015,18338,3238207,3238209,3238204,3238206,0,0,0,0
1790069026.6619678,7,1,1,0,9524,25433,7008,18345,3238327,3238329,3238324,3238326,0,0,0,0
1790069026.677959,1,3,-2,1,9523,25436,7011,18343,3238357,3238359,3238354,3238356,0,0,0,0
1790069026.8222706,-1,-1,3,2,9520,25436,7011,18342,3238387,3238389,3238384,3238386,0,0,0,0
1790069026.8222706,-49,-65,-55,-57,9164,24713,6678,18037,3238417,3238419,3238414,3238416,0,0,0,0
1790069026.8383093,-55,-44,-50,-59,7353,23227,4766,16556,3238447,3238449,3238444,3238446,0,0,0,0
1790069026.8773565,-52,-44,-44,-44,6019,21971,3531,15070,3238477,3238479,3238474,3238476,0,0,0,0
1790069027.07812,-46,-48,-44,-49,4517,20756,2259,13665,3238507,3238509,3238504,3238506,0,0,0,0
1790069027.07812,-50,-70,-67,-64,1516,17887,32074,10496,3238567,3238569,3238564,3238566,0,0,0,0
1790069027.07812,-52,-56,-64,-49,119,16298,30521,9047,3238597,3238599,3238594,3238596,0,0,0,0
1790069027.2878463,-45,-66,-53,-59,31399,14616,28887,7652,3238627,3238629,3238624,3238626,0,0,0,0
1790069027.2878463,-60,-57,-58,-53,28369,11440,25669,4631,3238687,3238689,3238684,3238686,0,0,0,0
1790069027.4821982,-65,-56,-63,-61,25169,8196,22433,1297,3238747,3238749,3238744,3238746,0,0,0,0
1790069027.498187,-61,-55,-62,-67,20200,3568,17704,29140,3238837,3238839,3238834,3238836,0,0,0,0
1790069027.6916146,-55,-55,-61,-64,18570,1995,16103,27613,3238867,3238869,3238864,3238866,0,0,0,0
1790069027.6916146,-56,-54,-41,-49,15432,31404,12692,24308,3238927,3238929,3238924,3238926,0,0,0,0
1790069027.6916146,-49,-61,-64,-76,13931,29787,11020,22657,3238957,3238959,3238954,3238956,0,0,0,0
1790069027.8368232,-47,-36,-37,-39,10942,26783,7932,19633,3239017,3239019,3239014,3239016,0,0,0,0
1790069027.8526878,-26,-21,-22,-18,10170,26059,7147,18837,3239047,3239049,3239044,3239046,0,0,0,0
1790069027.9005306,-15,-18,-20,-26,9547,25496,6526,18205,3239077,3239079,3239074,3239076,0,0,0,0
1790069028.0931864,1,-2,-2,-1,9242,25220,5930,17552,3239137,3239139,3239134,3239136,0,0,0,0
1790069028.0931864,4,-1,-7,2,9305,25148,5864,17632,3239227,3239229,3239224,3239226,0,0,0,0
1790069028.3027742,5,0,-4,2,9338,25120,5838,17669,3239257,3239259,3239254,3239256,0,0,0,0
1790069028.3027742,5,-1,-1,-2,9407,25040,5768,17759,3239347,3239349,3239344,3239346,0,0,0,0
1790069028.4637208,1,1,-5,5,9425,25024,5753,17779,3239377,3239379,3239374,3239376,0,0,0,0
1790069028.4637208,-2,-3,0,-1,9435,25013,5743,17792,3239407,3239409,3239404,3239406,0,0,0,0
1790069028.4871178,2,-3,2,2,9442,25006,5737,17800,3239437,3239439,3239434,3239436,0,0,0,0
1790069028.5073211,3,3,-3,0,9444,25003,5734,17805,3239467,3239469,3239464,3239466,0,0,0,0
1790069028.7143524,-5,5,-1,1,9465,25025,5742,17821,3239497,3239499,3239494,3239496,0,0,0,0
1790069028.7143524,-1,-4,-5,1,9475,24992,5723,17839,3239557,3239559,3239554,3239556,0,0,0,0
1790069028.7143524,0,-2,1,-3,9485,24971,5712,17853,3239587,3239589,3239584,3239586,0,0,0,0
1790069028.841877,-2,-3,0,-2,9502,24961,5701,17872,3239617,3239619,3239614,3239616,0,0,0,0
1790069028.841877,1,3,-4,-1,9516,24946,5688,17889,3239647,3239649,3239644,3239646,0,0,0,0
1790069028.8579533,-2,1,-1,2,9528,24930,5674,17905,3239677,3239679,3239674,3239676,0,0,0,0
1790069029.1296976,-1,1,-4,-4,9560,24903,5652,17940,3239737,3239739,3239734,3239736,0,0,0,0
1790069029.1296976,-2,1,-4,-3,9546,24908,5652,17929,3239797,3239799,3239794,3239796,0,0,0,0
1790069029.1296976,-5,-4,2,-7,9561,24913,5673,17952,3239827,3239829,3239824,3239826,0,0,0,0
1790069029.249116,4,0,-4,-1,9576,24917,5666,17960,3239857,3239859,3239854,3239856,0,0,0,0
1790069029.2568898,-2,3,-4,3,9611,24872,5634,18005,3239917,3239919,3239914,3239916,0,0,0,0
1790069029.3199768,7,-4,1,3,9633,24840,5612,18030,3239947,3239949,3239944,3239946,0,0,0,0
1790069029.3857343,11,-8,-12,11,9769,24672,5526,18142,3239977,3239979,3239974,3239976,0,0,0,0
1790069029.4392333,70,-61,-38,21,10723,23891,5015,18622,3240007,3240009,3240004,3240006,0,0,0,0
1790069029.494566,66,-79,-51,92,12880,21971,3701,20097,3240037,3240039,3240034,3240036,0,0,0,0
1790069029.5418482,73,-69,-63,59,14431,20144,2089,22032,3240067,3240069,3240064,3240066,0,0,0,0
1790069029.5580435,69,-72,-75,81,16368,18299,144,24067,3240097,3240099,3240094,3240096,0,0,0,0
1790069029.6381423,61,-65,-83,81,18510,16267,30751,26203,3240127,3240129,3240124,3240126,0,0,0,0
1790069029.689097,82,-69,-71,73,20509,14257,28693,28256,3240157,3240159,3240154,3240156,0,0,0,0
1790069029.7344284,64,-51,-55,61,22255,12526,26849,30157,3240187,3240189,3240184,3240186,0,0,0,0
1790069029.7663827,46,-59,-56,47,23802,11035,25361,31617,3240217,3240219,3240214,3240216,0,0,0,0
1790069029.8145351,53,-46,-39,42,25114,9742,24016,201,3240247,3240249,3240244,3240246,0,0,0,0
1790069029.8624904,48,-55,-53,49,26364,8536,22838,1362,3240277,3240279,3240274,3240276,0,0,0,0
1790069029.959222,48,-53,-55,65,29139,5711,20036,4153,3240337,3240339,3240334,3240336,0,0,0,0
1790069030.0232365,60,-68,-56,53,30785,4194,18493,5799,3240367,3240369,3240364,3240366,0,0,0,0
1790069030.071488,58,-61,-68,78,32616,2436,16717,7713,3240397,3240399,3240394,3240396,0,0,0,0
1790069030.199621,68,-64,-70,63,1598,689,14912,9500,3240427,3240429,3240424,3240426,0,0,0,0
1790069030.2155685,57,-55,-49,57,4926,30079,11452,12896,3240487,3240489,3240484,3240486,0,0,0,0
1790069030.2794034,49,-65,-53,58,6418,28600,10007,14373,3240517,3240519,3240514,3240516,0,0,0,0
1790069030.3456564,52,-55,-54,56,7861,27149,8524,15832,3240547,3240549,3240544,3240546,0,0,0,0
1790069030.3957105,39,-47,-56,51,9264,25700,7116,17258,3240577,3240579,3240574,3240576,0,0,0,0
1790069030.5205166,58,-66,-62,71,12253,22656,4012,20339,3240637,3240639,3240634,3240636,0,0,0,0
1790069030.5364215,49,-56,-58,51,13887,21092,2430,21906,3240667,3240669,3240664,3240666,0,0,0,0
1790069030.6005578,63,-60,-65,65,15597,19449,787,23573,3240697,3240699,3240694,3240696,0,0,0,0
1790069030.6649857,56,-71,-67,63,17304,17730,31833,25326,3240727,3240729,3240724,3240726,0,0,0,0
1790069030.712734,57,-55,-61,26,18915,16199,30210,26902,3240757,3240759,3240754,3240756,0,0,0,0
1790069030.760922,66,-60,-57,57,20519,14591,28576,28589,3240787,3240789,3240784,3240786,0,0,0,0
1790069030.7767177,54,-65,-62,47,21994,13076,27026,30146,3240817,3240819,3240814,3240816,0,0,0,0
1790069030.8565655,44,-51,-52,54,23516,11668,25664,31552,3240847,3240849,3240844,3240846,0,0,0,0
1790069030.9048567,59,-47,-46,55,24948,10134,24116,347,3240877,3240879,3240874,3240876,0,0,0,0
1790069030.9686053,49,-68,-70,58,26535,8617,22597,1888,3240907,3240909,3240904,3240906,0,0,0,0
1790069030.9846184,53,-61,-58,50,28132,7116,20986,3417,3240937,3240939,3240934,3240936,0,0,0,0
1790069031.032126,75,-48,-61,72,29674,5469,19365,5082,3240967,3240969,3240964,3240966,0,0,0,0
1790069031.0956342,53,-70,-61,60,31404,3812,17749,6765,3240997,3240999,3240994,3240996,0,0,0,0
1790069031.224015,58,-58,-60,49,1856,650,14577,10031,3241057,3241059,3241054,3241056,0,0,0,0
1790069031.2401676,54,-67,-53,50,3433,31821,12931,11611,3241087,3241089,3241084,3241086,0,0,0,0
1790069031.306655,59,-59,-59,54,6437,28766,9922,14652,3241147,3241149,3241144,3241146,0,0,0,0
1790069031.3863735,53,-58,-56,58,7973,27208,8340,16266,3241177,3241179,3241174,3241176,0,0,0,0
1790069031.5780096,43,-44,-39,48,9337,25773,6876,17653,3241207,3241209,3241204,3241206,0,0,0,0
1790069031.5780096,-7,10,10,-10,10659,26492,7380,18548,3241327,3241329,3241324,3241326,0,0,0,0
1790069031.7850149,-10,8,12,-6,10510,26771,7647,18369,3241357,3241359,3241354,3241356,0,0,0,0
1790069031.7956927,-4,3,6,-7,10139,27139,8036,17943,3241417,3241419,3241414,3241416,0,0,0,0
1790069031.8670504,-5,2,9,-2,10013,27251,8142,17807,3241447,3241449,3241444,3241446,0,0,0,0
1790069031.8670504,-3,-5,-2,-5,9920,27337,8218,17712,3241477,3241479,3241474,3241476,0,0,0,0
1790069031.996486,-9,1,-2,-3,9858,27398,8272,17651,3241507,3241509,3241504,3241506,0,0,0,0
1790069031.996486,1,4,1,-4,9820,27438,8309,17614,3241537,3241539,3241534,3241536,0,0,0,0
1790069031.996486,0,1,3,-1,9803,27455,8327,17596,3241567,3241569,3241564,3241566,0,0,0,0
1790069032.1987317,4,-1,4,4,9816,27461,8336,17605,3241627,3241629,3241624,3241626,0,0,0,0
1790069032.1987317,-1,4,0,0,9817,27448,8321,17607,3241687,3241689,3241684,3241686,0,0,0,0
1790069032.3227546,-2,-1,1,-1,9810,27452,8327,17606,3241747,3241749,3241744,3241746,0,0,0,0
1790069032.613051,-3,-2,-5,-2,9804,27453,8327,17596,3241807,3241809,3241804,3241806,0,0,0,0
1790069032.613051,1,-2,0,0,9812,27456,8330,17605,3241927,3241929,3241924,3241926,0,0,0,0
1790069032.7826414,-2,5,-1,3,9812,27459,8333,17604,3242017,3242019,3242014,3242016,0,0,0,0
1790069032.8208694,1,0,4,-4,9811,27460,8333,17603,3242047,3242049,3242044,3242046,0,0,0,0
1790069032.8841162,3,-1,-2,-2,9823,27456,8335,17613,3242077,3242079,3242074,3242076,0,0,0,0
1790069032.9325743,3,0,-11,0,9836,27440,8316,17626,3242107,3242109,3242104,3242106,0,0,0,0
1790069033.0131576,-1,0,-2,-3,9826,27445,8318,17620,3242137,3242139,3242134,3242136,0,0,0,0
1790069033.0131576,1,0,2,-5,9814,27462,8333,17607,3242167,3242169,3242164,3242166,0,0,0,0
1790069033.2217581,1,0,4,-1,9803,27471,8343,17595,3242197,3242199,3242194,3242196,0,0,0,0
1790069033.2217581,2,-2,-2,-2,9803,27474,8346,17594,3242287,3242289,3242284,3242286,0,0,0,0
1790069033.4263902,0,1,2,1,9798,27468,8343,17591,3242407,3242409,3242404,3242406,0,0,0,0
1790069033.5836642,3,-1,0,1,9794,27467,8339,17582,3242437,3242439,3242434,3242436,0,0,0,0
1790069033.5836642,0,2,3,0,9805,27468,8347,17601,3242467,3242469,3242464,3242466,0,0,0,0
1790069033.6029766,1,-2,7,1,9805,27469,8344,17597,3242497,3242499,3242494,3242496,0,0,0,0
1790069033.6314852,3,0,-1,0,9805,27471,8346,17599,3242527,3242529,3242524,3242526,0,0,0,0
1790069033.8560297,3,3,-4,-1,9804,27471,8342,17593,3242557,3242559,3242554,3242556,0,0,0,0
1790069033.8560297,2,-2,0,2,9804,27473,8350,17597,3242647,3242649,3242644,3242646,0,0,0,0
1790069033.871733,3,-4,5,2,9804,27473,8351,17596,3242677,3242679,3242674,3242676,0,0,0,0
1790069034.0328064,1,-2,-4,-3,9801,27470,8350,17595,3242737,3242739,3242734,3242736,0,0,0,0
1790069034.2418618,0,1,3,-2,9801,27471,8351,17595,3242767,3242769,3242764,3242766,0,0,0,0
1790069034.2418618,-3,2,2,0,9801,27463,8345,17596,3242887,3242889,3242884,3242886,0,0,0,0
1790069034.4495676,-2,5,-4,-1,9803,27458,8341,17599,3242917,3242919,3242914,3242916,0,0,0,0
1790069034.4495676,-4,-5,-3,2,9804,27457,8339,17600,3242947,3242949,3242944,3242946,0,0,0,0
1790069034.4495676,1,-6,0,-4,9803,27462,8341,17599,3243007,3243009,3243004,3243006,0,0,0,0
1790069034.6564684,5,0,5,3,9805,27463,8342,17601,3243037,3243039,3243034,3243036,0,0,0,0
1790069034.6564684,1,-3,-1,2,9807,27462,8341,17602,3243067,3243069,3243064,3243066,0,0,0,0
1790069034.6564684,-1,-2,-3,3,9811,27465,8341,17605,3243127,3243129,3243124,3243126,0,0,0,0
1790069034.8658793,4,-4,2,-1,9814,27469,8345,17605,3243217,3243219,3243214,3243216,0,0,0,0
1790069034.8818269,-5,-4,3,0,9816,27468,8344,17608,3243247,3243249,3243244,3243246,0,0,0,0
1790069035.058532,-2,0,2,-2,9816,27481,8359,17612,3243337,3243339,3243334,3243336,0,0,0,0
1790069035.0746634,4,-9,-4,-3,9809,27494,8370,17604,3243397,3243399,3243394,3243396,0,0,0,0
1790069035.2203307,-2,-1,-5,-6,9815,27484,8365,17609,3243457,3243459,3243454,3243456,0,0,0,0
1790069035.2364805,-1,1,-2,2,9814,27483,8363,17608,3243487,3243489,3243484,3243486,0,0,0,0
1790069035.477676,-4,-3,-5,1,9812,27483,8367,17611,3243637,3243639,3243634,3243636,0,0,0,0
1790069035.6719153,2,2,1,-4,9807,27487,8370,17607,3243697,3243699,3243694,3243696,0,0,0,0
1790069035.882712,-3,-1,-1,4,9801,27492,8375,17602,3243787,3243789,3243784,3243786,0,0,0,0
1790069035.882712,0,1,0,2,9774,27514,8391,17576,3243847,3243849,3243844,3243846,0,0,0,0
1790069035.8966672,2,-5,-5,-3,9793,27532,8408,17585,3243907,3243909,3243904,3243906,0,0,0,0
1790069035.9932091,1,-1,3,-1,9796,27522,8398,17591,3243967,3243969,3243964,3243966,0,0,0,0
1790069036.1048381,3,2,3,1,9789,27524,8401,17587,3244027,3244029,3244024,3244026,0,0,0,0
1790069036.2980804,2,-2,2,6,9789,27525,8401,17586,3244087,3244089,3244084,3244086,0,0,0,0
1790069036.3033292,3,0,1,5,9789,27526,8402,17585,3244117,3244119,3244114,3244116,0,0,0,0
1790069036.5014358,2,1,-1,2,9790,27529,8403,17585,3244147,3244149,3244144,3244146,0,0,0,0
1790069036.5034413,6,-56,2,-2,9792,27411,8404,17585,3244177,3244179,3244174,3244176,0,0,0,0
1790069036.5034413,-67,-48,-77,-53,8403,25709,6696,16470,3244207,3244209,3244204,3244206,0,0,0,0
1790069036.5034413,-40,-40,-49,-42,6847,24474,5295,14795,3244237,3244239,3244234,3244236,0,0,0,0
1790069036.7016435,-54,-64,-54,-53,2448,20469,1334,10269,3244327,3244329,3244324,3244326,0,0,0,0
1790069036.7173119,-63,-56,-57,-65,32269,17224,30868,7416,3244387,3244389,3244384,3244386,0,0,0,0
1790069036.9227087,-55,-54,-54,-56,27738,12408,26029,2848,3244477,3244479,3244474,3244476,0,0,0,0
1790069036.9247942,-64,-62,-56,-62,26058,10865,24358,1138,3244507,3244509,3244504,3244506,0,0,0,0
1790069037.1168914,-57,-59,-65,-57,24438,9296,22808,32442,3244537,3244539,3244534,3244536,0,0,0,0
1790069037.1189048,-57,-69,-57,-58,21117,6072,19650,29068,3244597,3244599,3244594,3244596,0,0,0,0
1790069037.1189048,-58,-48,-71,-67,19503,4555,18090,27428,3244627,3244629,3244624,3244626,0,0,0,0
1790069037.3182662,-55,-60,-56,-50,17888,2901,16376,25748,3244657,3244659,3244654,3244656,0,0,0,0
1790069037.3182662,-69,-63,-55,-68,13226,30674,11389,21043,3244747,3244749,3244744,3244746,0,0,0,0
1790069037.519683,-51,-48,-59,-66,11579,29143,9803,19285,3244777,3244779,3244774,3244776,0,0,0,0
1790069037.519683,-58,-53,-65,-62,6638,24234,4945,14329,3244867,3244869,3244864,3244866,0,0,0,0
1790069037.727612,-74,-63,-63,-62,1700,19298,135,9443,3244957,3244959,3244954,3244956,0,0,0,0
1790069037.743651,-56,-68,-56,-43,98,17624,31204,7926,3244987,3244989,3244984,3244986,0,0,0,0
1790069037.9032147,-53,-69,-67,-67,31246,16063,29547,6229,3245017,3245019,3245014,3245016,0,0,0,0
1790069037.9032147,-49,-56,-51,-54,27995,12791,26415,3017,3245077,3245079,3245074,3245076,0,0,0,0
1790069037.9211643,-73,-64,-63,-69,26262,11238,24670,1321,3245107,3245109,3245104,3245106,0,0,0,0
1790069038.128516,-56,-67,-56,-46,24613,9541,23167,32541,3245137,3245139,3245134,3245136,0,0,0,0
1790069038.1444106,-51,-54,-59,-45,19702,4641,18340,27748,3245227,3245229,3245224,3245226,0,0,0,0
1790069038.3377562,-60,-59,-60,-72,18122,3018,16606,26063,3245257,3245259,3245254,3245256,0,0,0,0
1790069038.3377562,-58,-56,-74,-74,14949,32496,13286,22788,3245317,3245319,3245314,3245316,0,0,0,0
1790069038.5469534,-62,-60,-62,-56,13429,30859,11678,21158,3245347,3245349,3245344,3245346,0,0,0,0
1790069038.5469534,-6,-2,-12,-9,9645,27420,7850,17198,3245467,3245469,3245464,3245466,0,0,0,0
1790069038.5632005,-3,-1,-1,2,9691,27449,7713,17125,3245497,3245499,3245494,3245496,0,0,0,0
1790069038.7570035,2,0,-3,6,9810,27379,7677,17253,3245587,3245589,3245584,3245586,0,0,0,0
1790069038.8530679,-4,0,-4,1,9813,27376,7672,17258,3245647,3245649,3245644,3245646,0,0,0,0
1790069038.870989,0,3,-2,-2,9801,27393,7686,17248,3245677,3245679,3245674,3245676,0,0,0,0
1790069038.911077,1,1,-3,-1,9789,27407,7698,17238,3245707,3245709,3245704,3245706,0,0,0,0
1790069038.9585388,2,-3,6,-1,9781,27450,7748,17244,3245737,3245739,3245734,3245736,0,0,0,0
1790069039.167878,-3,-4,-1,1,9790,27438,7754,17255,3245857,3245859,3245854,3245856,0,0,0,0
1790069039.360179,-3,-2,1,-3,9837,27397,7712,17293,3245947,3245949,3245944,3245946,0,0,0,0
1790069039.360179,-7,5,-1,-8,9834,27400,7714,17291,3245977,3245979,3245974,3245976,0,0,0,0
1790069039.5689516,2,8,-3,-4,9820,27414,7727,17281,3246037,3246039,3246034,3246036,0,0,0,0
1790069039.5689516,-2,-2,3,0,9819,27413,7727,17280,3246097,3246099,3246094,3246096,0,0,0,0
1790069039.7778597,0,-1,-2,-1,9821,27413,7726,17282,3246187,3246189,3246184,3246186,0,0,0,0
1790069039.7778597,2,-3,-6,5,9818,27417,7729,17279,3246217,3246219,3246214,3246216,0,0,0,0
1790069039.9298923,-3,2,-1,-3,9815,27419,7732,17277,3246247,3246249,3246244,3246246,0,0,0,0
1790069039.9861622,1,-5,-1,1,9772,27469,7797,17256,3246337,3246339,3246334,3246336,0,0,0,0
1790069040.0339618,1,-3,1,2,9789,27480,7801,17266,3246367,3246369,3246364,3246366,0,0,0,0
1790069040.0986247,4,-2,-1,2,9793,27463,7783,17271,3246397,3246399,3246394,3246396,0,0,0,0
1790069040.1614604,5,-3,11,-1,9805,27441,7773,17284,3246427,3246429,3246424,3246426,0,0,0,0
1790069040.183581,14,-17,-11,7,9987,27228,7669,17389,3246457,3246459,3246454,3246456,0,0,0,0
1790069040.240861,73,-81,-47,42,11131,26003,7034,18100,3246487,3246489,3246484,3246486,0,0,0,0
1790069040.304392,49,-99,-118,57,12595,23629,4762,19399,3246517,3246519,3246514,3246516,0,0,0,0
1790069040.3523872,58,-70,-64,59,14106,21632,2752,21053,3246547,3246549,3246544,3246546,0,0,0,0
1790069040.3843696,73,-72,-70,77,16042,19740,815,22966,3246577,3246579,3246574,3246576,0,0,0,0
1790069040.416285,81,-77,-68,82,18015,17720,31468,24898,3246607,3246609,3246604,3246606,0,0,0,0
1790069040.5522578,62,-71,-70,63,19862,15843,29438,26794,3246637,3246639,3246634,3246636,0,0,0,0
1790069040.560318,58,-52,-64,57,21569,14021,27710,28572,3246667,3246669,3246664,3246666,0,0,0,0
1790069040.5910623,45,-46,-48,52,23172,12510,26142,30146,3246697,3246699,3246694,3246696,0,0,0,0
1790069040.686601,46,-52,-52,42,24421,11201,24703,31415,3246727,3246729,3246724,3246726,0,0,0,0
1790069040.7339513,54,-58,-53,54,27028,8423,22102,1246,3246787,3246789,3246784,3246786,0,0,0,0
1790069040.7339513,58,-47,-58,53,28546,7002,20727,2755,3246817,3246819,3246814,3246816,0,0,0,0
1790069040.7977967,66,-57,-62,59,30161,5365,19036,4397,3246847,3246849,3246844,3246846,0,0,0,0
1790069040.8776078,70,-68,-54,72,31857,3632,17319,6171,3246877,3246879,3246874,3246876,0,0,0,0
1790069040.932276,58,-67,-76,55,849,1919,15551,8022,3246907,3246909,3246904,3246906,0,0,0,0
1790069040.9416559,63,-59,-43,65,2504,156,13827,9737,3246937,3246939,3246934,3246936,0,0,0,0
1790069041.0070953,55,-48,-65,52,4246,31333,12208,11397,3246967,3246969,3246964,3246966,0,0,0,0
1790069041.0543795,50,-62,-47,50,5753,29869,10638,12868,3246997,3246999,3246994,3246996,0,0,0,0
1790069041.1862369,50,-54,-50,56,7087,28384,9262,14277,3247027,3247029,3247024,3247026,0,0,0,0
1790069041.1985664,57,-53,-65,51,10082,25458,6325,17320,3247087,3247089,3247084,3247086,0,0,0,0
1790069041.2626414,42,-75,-58,62,11628,23919,4742,18844,3247117,3247119,3247114,3247116,0,0,0,0
1790069041.3114429,66,-63,-52,68,13292,22277,3110,20535,3247147,3247149,3247144,3247146,0,0,0,0
1790069041.3751855,52,-55,-64,57,14923,20710,1480,22094,3247177,3247179,3247174,3247176,0,0,0,0
1790069041.406808,55,-66,-58,65,16534,18995,32610,23800,3247207,3247209,3247204,3247206,0,0,0,0
1790069041.5064292,63,-51,-62,51,18245,17355,30974,25552,3247237,3247239,3247234,3247236,0,0,0,0
1790069041.5187926,45,-55,-54,62,19766,15940,29275,27076,3247267,3247269,3247264,3247266,0,0,0,0
1790069041.5849073,56,-61,-51,59,21280,14328,27822,28629,3247297,3247299,3247294,3247296,0,0,0,0
1790069041.6231093,61,-58,-55,53,22887,12753,26323,30177,3247327,3247329,3247324,3247326,0,0,0,0
1790069041.6938548,53,-55,-61,54,24289,11318,24796,31586,3247357,3247359,3247354,3247356,0,0,0,0
1790069041.6938548,54,-66,-42,60,25847,9821,23374,397,3247387,3247389,3247384,3247386,0,0,0,0
1790069041.8218172,72,-58,-55,64,27462,8227,21719,1983,3247417,3247419,3247414,3247416,0,0,0,0
1790069041.8456936,48,-61,-68,60,29037,6740,20131,3543,3247447,3247449,3247444,3247446,0,0,0,0
1790069041.8857129,61,-59,-56,83,30626,5035,18572,5277,3247477,3247479,3247474,3247476,0,0,0,0
1790069041.9059474,69,-55,-62,59,32299,3383,16951,6841,3247507,3247509,3247504,3247506,0,0,0,0
1790069041.9663708,52,-60,-55,66,1087,1898,15245,8482,3247537,3247539,3247534,3247536,0,0,0,0
1790069042.0150235,63,-61,-57,50,2631,258,13708,10071,3247567,3247569,3247564,3247566,0,0,0,0
1790069042.0950253,50,-58,-49,64,5744,29943,10617,13214,3247627,3247629,3247624,3247626,0,0,0,0
1790069042.237843,42,-35,-43,36,8567,27084,7722,16137,3247687,3247689,3247684,3247686,0,0,0,0
1790069042.385069,22,-5,-32,15,9396,26415,6983,16960,3247717,3247719,3247714,3247716,0,0,0,0
1790069042.385069,2,2,-7,-3,9562,26944,6696,17141,3247777,3247779,3247774,3247776,0,0,0,0
1790069042.4383724,1,-8,2,4,9494,27020,6778,17079,3247807,3247809,3247804,3247806,0,0,0,0
1790069042.6428733,-1,3,-1,-1,9458,27066,6834,17047,3247837,3247839,3247834,3247836,0,0,0,0
1790069042.6428733,0,-5,-2,0,9469,27054,6832,17057,3247897,3247899,3247894,3247896,0,0,0,0
1790069042.659285,2,0,-3,7,9530,26988,6768,17117,3247957,3247959,3247954,3247956,0,0,0,0
1790069042.8129413,3,-5,-6,-4,9566,26954,6733,17149,3247987,3247989,3247984,3247986,0,0,0,0
1790069042.8235111,2,-2,0,-4,9594,26926,6705,17176,3248017,3248019,3248014,3248016,0,0,0,0
1790069042.8286076,2,-2,3,1,9613,26909,6686,17192,3248047,3248049,3248044,3248046,0,0,0,0
1790069042.9440274,2,-2,-1,0,9621,26901,6676,17199,3248077,3248079,3248074,3248076,0,0,0,0
1790069042.9599268,5,0,-2,2,9630,26917,6689,17205,3248107,3248109,3248104,3248106,0,0,0,0
1790069043.05652,1,5,-4,-1,9633,26907,6682,17211,3248137,3248139,3248134,3248136,0,0,0,0
1790069043.05652,0,1,-2,1,9631,26899,6682,17215,3248167,3248169,3248164,3248166,0,0,0,0
1790069043.2501583,-1,-1,-3,2,9637,26900,6682,17218,3248197,3248199,3248194,3248196,0,0,0,0
1790069043.2662382,-2,4,0,-3,9648,26894,6684,17232,3248287,3248289,3248284,3248286,0,0,0,0
1790069043.4111066,-3,0,3,-1,9652,26894,6684,17235,3248317,3248319,3248314,3248316,0,0,0,0
1790069043.4111066,-2,-3,2,-4,9653,26891,6683,17237,3248377,3248379,3248374,3248376,0,0,0,0
1790069043.4591079,0,-3,-2,1,9655,26892,6684,17238,3248407,3248409,3248404,3248406,0,0,0,0
1790069043.6668444,1,-3,2,1,9656,26890,6682,17239,3248437,3248439,3248434,3248436,0,0,0,0
1790069043.6668444,-5,2,1,0,9697,26872,6677,17282,3248497,3248499,3248494,3248496,0,0,0,0
1790069043.6668444,1,1,1,0,9697,26871,6675,17284,3248527,3248529,3248524,3248526,0,0,0,0
1790069043.682607,3,-2,1,-1,9690,26880,6684,17278,3248557,3248559,3248554,3248556,0,0,0,0
1790069043.8759823,-2,5,3,3,9679,26892,6696,17268,3248647,3248649,3248644,3248646,0,0,0,0
1790069043.8759823,3,6,3,1,9684,26887,6693,17271,3248677,3248679,3248674,3248676,0,0,0,0
1790069043.9722438,3,-4,3,2,9690,26880,6685,17276,3248737,3248739,3248734,3248736,0,0,0,0
1790069044.0680969,-2,0,3,-5,9688,26881,6687,17275,3248767,3248769,3248764,3248766,0,0,0,0
1790069044.083762,2,6,3,0,9685,26885,6690,17273,3248797,3248799,3248794,3248796,0,0,0,0
1790069044.276138,-1,-1,-3,-2,9696,26889,6703,17288,3248857,3248859,3248854,3248856,0,0,0,0
1790069044.2922704,2,-1,2,-1,9699,26882,6703,17297,3248917,3248919,3248914,3248916,0,0,0,0
1790069044.4474113,2,0,0,-2,9698,26882,6702,17295,3248977,3248979,3248974,3248976,0,0,0,0
1790069044.484489,-3,2,0,3,9697,26883,6703,17294,3249007,3249009,3249004,3249006,0,0,0,0
1790069044.5004675,0,0,-1,-5,9695,26881,6702,17293,3249037,3249039,3249034,3249036,0,0,0,0
1790069044.6933494,-3,0,-3,-1,9686,26885,6707,17287,3249097,3249099,3249094,3249096,0,0,0,0
1790069044.6933494,7,-4,2,-2,9689,26888,6711,17286,3249157,3249159,3249154,3249156,0,0,0,0
1790069044.8999424,-3,-8,3,0,9691,26884,6708,17289,3249187,3249189,3249184,3249186,0,0,0,0
1790069044.8999424,0,-1,2,-5,9694,26885,6707,17291,3249307,3249309,3249304,3249306,0,0,0,0
1790069044.9797044,1,2,0,2,9695,26884,6706,17292,3249337,3249339,3249334,3249336,0,0,0,0
1790069045.0950184,-3,3,4,-4,9697,26883,6705,17294,3249397,3249399,3249394,3249396,0,0,0,0
1790069045.3012626,3,1,0,-4,9699,26881,6702,17295,3249487,3249489,3249484,3249486,0,0,0,0
1790069045.3012626,-2,-2,-4,-1,9700,26879,6700,17296,3249517,3249519,3249514,3249516,0,0,0,0
1790069045.5099545,-2,-3,-1,5,9698,26880,6701,17295,3249577,3249579,3249574,3249576,0,0,0,0
1790069045.5099545,1,-2,-2,0,9708,26872,6693,17302,3249667,3249669,3249664,3249666,0,0,0,0
1790069045.715893,1,-2,-1,1,9708,26871,6693,17304,3249697,3249699,3249694,3249696,0,0,0,0
1790069045.715893,2,-8,-1,-1,9710,26874,6694,17303,3249757,3249759,3249754,3249756,0,0,0,0
1790069045.715893,4,1,1,0,9714,26880,6699,17309,3249787,3249789,3249784,3249786,0,0,0,0
1790069045.8772516,2,0,-3,-2,9718,26874,6701,17316,3249847,3249849,3249844,3249846,0,0,0,0
1790069045.8930132,0,-1,-1,-2,9713,26878,6706,17314,3249907,3249909,3249904,3249906,0,0,0,0
1790069045.9731185,-3,-1,0,1,9719,26882,6714,17318,3249937,3249939,3249934,3249936,0,0,0,0
1790069046.1325204,-5,-2,-7,-2,9726,26863,6695,17323,3249997,3249999,3249994,3249996,0,0,0,0
1790069046.1325204,-1,1,-3,-3,9729,26859,6693,17327,3250027,3250029,3250024,3250026,0,0,0,0
1790069046.3260105,-3,0,0,0,9726,26863,6696,17324,3250057,3250059,3250054,3250056,0,0,0,0
1790069046.3260105,-5,-4,-4,-1,9718,26872,6706,17317,3250147,3250149,3250144,3250146,0,0,0,0
1790069046.5322723,1,-4,1,0,9721,26869,6703,17320,3250177,3250179,3250174,3250176,0,0,0,0
1790069046.5322723,-5,-1,1,2,9695,26906,6755,17308,3250267,3250269,3250264,3250266,0,0,0,0
1790069046.6555777,-1,-2,-2,-5,9717,26900,6740,17321,3250327,3250329,3250324,3250326,0,0,0,0
1790069046.6555777,-3,-2,-1,1,9723,26888,6730,17328,3250357,3250359,3250354,3250356,0,0,0,0
1790069046.7391224,1,-1,-4,0,9726,26881,6722,17331,3250387,3250389,3250384,3250386,0,0,0,0
1790069046.9456382,-1,-3,1,-2,9728,26881,6719,17332,3250417,3250419,3250414,3250416,0,0,0,0
1790069046.9456382,1,1,4,-6,9726,26882,6720,17330,3250447,3250449,3250444,3250446,0,0,0,0
1790069046.9456382,1,-4,2,2,9722,26884,6725,17329,3250477,3250479,3250474,3250476,0,0,0,0
1790069046.9779778,-2,-2,-1,-1,9721,26885,6727,17327,3250537,3250539,3250534,3250536,0,0,0,0
1790069047.0583768,-60,-61,-86,-48,7858,25078,4890,16182,3250597,3250599,3250594,3250596,0,0,0,0
1790069047.157646,-57,-48,-48,-60,4991,22336,2178,13290,3250657,3250659,3250654,3250656,0,0,0,0
1790069047.3486316,-52,-47,-45,-59,3514,20995,856,11702,3250687,3250689,3250684,3250686,0,0,0,0
1790069047.358748,-59,-55,-66,-49,1993,19513,32146,10183,3250717,3250719,3250714,3250716,0,0,0,0
1790069047.364462,-52,-76,-59,-60,471,18016,30641,8675,3250747,3250749,3250744,3250746,0,0,0,0
1790069047.364462,-52,-52,-45,-68,31738,16433,28975,7110,3250777,3250779,3250774,3250776,0,0,0,0
1790069047.55903,-49,-60,-68,-40,30327,14725,27366,5637,3250807,3250809,3250804,3250806,0,0,0,0
1790069047.55903,-68,-53,-58,-60,27277,11603,24078,2555,3250867,3250869,3250864,3250866,0,0,0,0
1790069047.5720165,-51,-56,-61,-52,25688,10043,22375,883,3250897,3250899,3250894,3250896,0,0,0,0
1790069047.6203423,-65,-66,-52,-68,24090,8379,20888,32170,3250927,3250929,3250924,3250926,0,0,0,0
1790069047.76026,-64,-61,-54,-60,20710,5204,17764,28816,3250987,3250989,3250984,3250986,0,0,0,0
1790069047.9616978,-64,-63,-60,-69,19102,3519,16196,27230,3251017,3251019,3251014,3251016,0,0,0,0
1790069047.973568,-59,-49,-55,-63,14415,31384,11203,22255,3251107,3251109,3251104,3251106,0,0,0,0
1790069047.9894974,-63,-64,-65,-69,12837,29794,9563,20716,3251137,3251139,3251134,3251136,0,0,0,0
1790069048.166393,-54,-51,-52,-50,11339,28257,7920,18999,3251167,3251169,3251164,3251166,0,0,0,0
1790069048.166393,1,0,-10,-8,9446,26586,5824,17031,3251257,3251259,3251254,3251256,0,0,0,0
1790069048.3756344,0,-5,0,-1,9613,26599,5820,17192,3251347,3251349,3251344,3251346,0,0,0,0
1790069048.3756344,3,-4,-1,-1,9648,26571,5803,17228,3251377,3251379,3251374,3251376,0,0,0,0
1790069048.48722,-3,-2,0,-1,9666,26558,5784,17245,3251437,3251439,3251434,3251436,0,0,0,0
1790069048.592173,-1,-3,1,1,9660,26606,5822,17237,3251497,3251499,3251494,3251496,0,0,0,0
1790069048.788939,-2,3,-2,1,9660,26610,5853,17255,3251527,3251529,3251524,3251526,0,0,0,0
1790069048.788939,-2,2,-1,3,9674,26597,5836,17265,3251647,3251649,3251644,3251646,0,0,0,0
1790069048.9951792,-3,-5,-2,4,9669,26603,5841,17262,3251737,3251739,3251734,3251736,0,0,0,0
1790069048.9951792,2,-1,-4,-1,9655,26596,5836,17252,3251767,3251769,3251764,3251766,0,0,0,0
1790069049.108012,-2,2,2,-2,9637,26627,5859,17235,3251797,3251799,3251794,3251796,0,0,0,0
1790069049.108012,0,-2,1,-1,9653,26643,5900,17264,3251827,3251829,3251824,3251826,0,0,0,0
1790069049.1799924,1,-3,-4,-2,9667,26640,5891,17271,3251857,3251859,3251854,3251856,0,0,0,0
1790069049.2352662,28,-41,-16,17,10100,26140,5641,17535,3251917,3251919,3251914,3251916,0,0,0,0
1790069049.3679771,58,-78,-64,38,11505,24316,4248,18649,3251947,3251949,3251944,3251946,0,0,0,0
1790069049.37893,54,-60,-75,72,13353,22288,2560,20110,3251977,3251979,3251974,3251976,0,0,0,0
1790069049.4272957,66,-80,-64,66,15035,20548,732,21943,3252007,3252009,3252004,3252006,0,0,0,0
1790069049.4433024,82,-62,-72,87,16996,18536,31344,24016,3252037,3252039,3252034,3252036,0,0,0,0
1790069049.4914715,79,-59,-73,73,19049,16429,29193,26130,3252067,3252069,3252064,3252066,0,0,0,0
1790069049.6038902,58,-69,-77,64,20969,14503,27238,28065,3252097,3252099,3252094,3252096,0,0,0,0
1790069049.6198142,68,-54,-55,63,22726,12863,25568,29716,3252127,3252129,3252124,3252126,0,0,0,0
1790069049.6840448,46,-40,-39,44,24091,11556,24110,31122,3252157,3252159,3252154,3252156,0,0,0,0
1790069049.6999512,45,-40,-55,35,25328,10279,22904,32454,3252187,3252189,3252184,3252186,0,0,0,0
1790069049.7648346,43,-43,-39,40,26582,9048,21674,863,3252217,3252219,3252214,3252216,0,0,0,0
1790069049.8134975,46,-55,-61,47,27953,7690,20305,2217,3252247,3252249,3252244,3252246,0,0,0,0
1790069049.8929873,64,-59,-67,57,31166,4448,17120,5512,3252307,3252309,3252304,3252306,0,0,0,0
1790069049.9570174,59,-66,-62,75,192,2586,15292,7286,3252337,3252339,3252334,3252336,0,0,0,0
1790069050.0208948,52,-60,-68,57,1994,815,13537,9177,3252367,3252369,3252364,3252366,0,0,0,0
1790069050.0847194,62,-76,-59,74,3687,31878,11689,10906,3252397,3252399,3252394,3252396,0,0,0,0
1790069050.1334198,58,-55,-49,55,5225,30355,10231,12536,3252427,3252429,3252424,3252426,0,0,0,0
1790069050.1972606,50,-51,-59,43,6666,28918,8731,13931,3252457,3252459,3252454,3252456,0,0,0,0
1790069050.2609928,52,-56,-64,53,8089,27479,7387,15304,3252487,3252489,3252484,3252486,0,0,0,0
1790069050.3251917,49,-58,-48,51,9453,26008,5837,16768,3252517,3252519,3252514,3252516,0,0,0,0
1790069050.3413842,63,-47,-52,58,10981,24552,4406,18259,3252547,3252549,3252544,3252546,0,0,0,0
1790069050.38947,58,-57,-54,49,12612,23003,2884,19789,3252577,3252579,3252574,3252576,0,0,0,0
1790069050.405156,62,-56,-58,65,14186,21360,1228,21489,3252607,3252609,3252604,3252606,0,0,0,0
1790069050.4536383,61,-63,-61,52,15927,19640,32350,23225,3252637,3252639,3252634,3252636,0,0,0,0
1790069050.5820727,61,-71,-56,70,17591,18017,30551,24924,3252667,3252669,3252664,3252666,0,0,0,0
1790069050.5978956,63,-51,-55,50,19237,16432,28902,26560,3252697,3252699,3252694,3252696,0,0,0,0
1790069050.6299748,51,-56,-67,50,20815,14850,27342,28115,3252727,3252729,3252724,3252726,0,0,0,0
1790069050.662098,56,-70,-54,59,22290,13338,25926,29650,3252757,3252759,3252754,3252756,0,0,0,0
1790069050.7262228,51,-49,-42,50,23799,11829,24310,31123,3252787,3252789,3252784,3252786,0,0,0,0
1790069050.7744513,51,-53,-61,50,25286,10355,22862,32714,3252817,3252819,3252814,3252816,0,0,0,0
1790069050.838262,47,-61,-56,64,26821,8873,21311,1445,3252847,3252849,3252844,3252846,0,0,0,0
1790069050.8664174,63,-51,-52,55,28391,7362,19736,3051,3252877,3252879,3252874,3252876,0,0,0,0
1790069050.918161,60,-52,-59,47,29964,5636,18229,4621,3252907,3252909,3252904,3252906,0,0,0,0
1790069050.9817653,60,-67,-65,72,31565,4135,16539,6228,3252937,3252939,3252934,3252936,0,0,0,0
1790069051.025248,61,-52,-57,62,402,2518,14927,7926,3252967,3252969,3252964,3252966,0,0,0,0
1790069051.0926623,44,-53,-61,57,2097,891,13337,9539,3252997,3252999,3252994,3252996,0,0,0,0
1790069051.167003,57,-76,-57,70,3681,32119,11711,11196,3253027,3253029,3253024,3253026,0,0,0,0
1790069051.2469523,63,-49,-47,50,5176,30502,10246,12728,3253057,3253059,3253054,3253056,0,0,0,0
1790069051.3482885,30,-31,-20,31,9321,26366,5927,16965,3253147,3253149,3253144,3253146,0,0,0,0
1790069051.4443622,12,6,22,3,9937,26227,6157,17489,3253177,3253179,3253174,3253176,0,0,0,0
1790069051.4604366,-2,33,10,5,10057,26671,6734,17468,3253207,3253209,3253204,3253206,0,0,0,0
1790069051.653766,-10,5,10,-5,9718,27773,7407,17058,3253297,3253299,3253294,3253296,0,0,0,0
1790069051.653766,-9,1,3,-1,9588,27847,7578,16958,3253327,3253329,3253324,3253326,0,0,0,0
1790069051.8629906,-1,0,-6,-1,9494,27954,7768,16904,3253417,3253419,3253414,3253416,0,0,0,0
1790069051.8629906,-1,10,-4,-4,9509,27942,7757,16920,3253447,3253449,3253444,3253446,0,0,0,0
1790069051.8848715,-2,-4,1,2,9534,27921,7735,16945,3253477,3253479,3253474,3253476,0,0,0,0
1790069052.0194962,-1,-2,-2,3,9562,27898,7712,16971,3253507,3253509,3253504,3253506,0,0,0,0
1790069052.035264,1,0,4,6,9578,27882,7692,16994,3253537,3253539,3253534,3253536,0,0,0,0
1790069052.035264,-3,-3,1,1,9600,27869,7704,17035,3253567,3253569,3253564,3253566,0,0,0,0
1790069052.131792,-1,-2,3,0,9647,27848,7686,17078,3253627,3253629,3253624,3253626,0,0,0,0
1790069052.272313,1,4,0,-1,9675,27819,7657,17110,3253687,3253689,3253684,3253686,0,0,0,0
1790069052.272313,7,-1,-3,0,9688,27816,7658,17123,3253717,3253719,3253714,3253716,0,0,0,0
1790069052.433627,1,-2,0,-2,9691,27811,7655,17125,3253747,3253749,3253744,3253746,0,0,0,0
1790069052.433627,-2,-2,-3,1,9685,27820,7662,17120,3253807,3253809,3253804,3253806,0,0,0,0
1790069052.433627,1,-1,0,3,9681,27822,7666,17116,3253837,3253839,3253834,3253836,0,0,0,0
1790069052.6806521,-4,0,1,1,9694,27824,7673,17131,3253867,3253869,3253864,3253866,0,0,0,0
1790069052.6806521,2,-1,2,1,9728,27811,7690,17185,3253957,3253959,3253954,3253956,0,0,0,0
1790069052.8829627,-1,-1,1,-3,9713,27819,7701,17176,3253987,3253989,3253984,3253986,0,0,0,0
1790069052.8829627,3,-5,-3,1,9706,27831,7714,17170,3254077,3254079,3254074,3254076,0,0,0,0
1790069053.0256872,4,-2,4,-1,9710,27827,7709,17172,3254107,3254109,3254104,3254106,0,0,0,0
1790069053.0256872,4,0,0,5,9712,27824,7708,17174,3254137,3254139,3254134,3254136,0,0,0,0
1790069053.041505,-1,0,3,-5,9710,27825,7709,17172,3254167,3254169,3254164,3254166,0,0,0,0
1790069053.0894835,1,-1,1,-4,9708,27829,7712,17170,3254197,3254199,3254194,3254196,0,0,0,0
1790069053.1084125,-2,-1,1,0,9699,27823,7708,17160,3254227,3254229,3254224,3254226,0,0,0,0
1790069053.2667742,0,-1,1,-2,9707,27825,7710,17171,3254257,3254259,3254254,3254256,0,0,0,0
1790069053.282342,0,2,2,3,9725,27826,7735,17201,3254317,3254319,3254314,3254316,0,0,0,0
1790069053.4926782,-3,-2,-2,3,9721,27834,7742,17198,3254437,3254439,3254434,3254436,0,0,0,0
1790069053.699434,-3,-2,-3,3,9717,27836,7744,17196,3254467,3254469,3254464,3254466,0,0,0,0
1790069053.699434,1,-9,-2,-3,9726,27829,7738,17202,3254557,3254559,3254554,3254556,0,0,0,0
1790069053.9085183,0,2,-1,1,9722,27832,7740,17199,3254587,3254589,3254584,3254586,0,0,0,0
1790069053.9085183,-1,-1,0,-2,9725,27830,7739,17201,3254677,3254679,3254674,3254676,0,0,0,0
1790069053.9244869,0,2,1,-2,9725,27828,7737,17202,3254707,3254709,3254704,3254706,0,0,0,0
1790069054.0370204,-3,8,1,2,9723,27831,7739,17201,3254737,3254739,3254734,3254736,0,0,0,0
1790069054.1162372,-1,2,-2,-3,9721,27833,7742,17198,3254767,3254769,3254764,3254766,0,0,0,0
1790069054.1162372,4,-4,-2,6,9724,27831,7740,17200,3254827,3254829,3254824,3254826,0,0,0,0
1790069054.3135064,-1,2,2,3,9728,27826,7736,17203,3254887,3254889,3254884,3254886,0,0,0,0
1790069054.3251717,-3,0,0,0,9723,27834,7742,17199,3254947,3254949,3254944,3254946,0,0,0,0
1790069054.5178792,1,0,2,0,9736,27821,7732,17209,3255037,3255039,3255034,3255036,0,0,0,0
1790069054.6869204,1,-3,0,-7,9740,27817,7728,17212,3255067,3255069,3255064,3255066,0,0,0,0
1790069054.6869204,1,-6,0,-6,9751,27830,7738,17223,3255097,3255099,3255094,3255096,0,0,0,0
1790069054.6869204,0,-4,-9,3,9736,27821,7741,17212,3255127,3255129,3255124,3255126,0,0,0,0
1790069054.6953683,-1,-3,1,-3,9744,27834,7755,17222,3255157,3255159,3255154,3255156,0,0,0,0
1790069054.9329436,3,1,-2,-5,9744,27835,7759,17227,3255187,3255189,3255184,3255186,0,0,0,0
1790069054.9329436,3,-3,-5,2,9756,27837,7761,17237,3255217,3255219,3255214,3255216,0,0,0,0
1790069054.9329436,1,3,-4,1,9765,27813,7747,17247,3255277,3255279,3255274,3255276,0,0,0,0
1790069054.9329436,-3,-1,5,0,9765,27809,7745,17250,3255307,3255309,3255304,3255306,0,0,0,0
1790069055.0451307,-2,0,-2,-4,9763,27815,7750,17246,3255367,3255369,3255364,3255366,0,0,0,0
1790069055.1409464,-1,-5,-1,0,9763,27814,7749,17248,3255427,3255429,3255424,3255426,0,0,0,0
1790069055.3341694,2,-2,-2,0,9732,27860,7808,17230,3255547,3255549,3255544,3255546,0,0,0,0
1790069055.4469028,-2,4,3,2,9767,27818,7775,17265,3255637,3255639,3255634,3255636,0,0,0,0
1790069055.7506833,0,0,4,0,9773,27820,7774,17268,3255697,3255699,3255694,3255696,0,0,0,0
1790069055.7506833,2,4,0,4,9765,27827,7782,17262,3255757,3255759,3255754,3255756,0,0,0,0
1790069055.7666814,-2,-5,2,-4,9771,27824,7777,17266,3255817,3255819,3255814,3255816,0,0,0,0
1790069055.9592257,-79,-66,-86,-53,8473,26300,6598,16332,3255877,3255879,3255874,3255876,0,0,0,0
1790069055.9592257,-53,-52,-45,-61,5584,23479,3615,13336,3255937,3255939,3255934,3255936,0,0,0,0
1790069056.0559297,-61,-47,-56,-51,4132,22075,2291,11767,3255967,3255969,3255964,3255966,0,0,0,0
1790069056.151848,-52,-51,-51,-51,2573,20701,873,10239,3255997,3255999,3255994,3255996,0,0,0,0
1790069056.151848,-54,-60,-60,-63,32434,17537,30398,7307,3256057,3256059,3256054,3256056,0,0,0,0
1790069056.3610501,-55,-57,-54,-48,30873,15990,28823,5759,3256087,3256089,3256084,3256086,0,0,0,0
1790069056.3610501,-62,-54,-58,-59,27728,12744,25673,2656,3256147,3256149,3256144,3256146,0,0,0,0
1790069056.3771071,-62,-67,-48,-53,26096,11195,23957,984,3256177,3256179,3256174,3256176,0,0,0,0
1790069056.570226,-56,-65,-62,-65,24461,9519,22330,32275,3256207,3256209,3256204,3256206,0,0,0,0
1790069056.570226,-52,-56,-56,-77,19629,4780,17551,27421,3256297,3256299,3256294,3256296,0,0,0,0
1790069056.7790177,-74,-58,-58,-61,13352,31052,11073,20913,3256417,3256419,3256414,3256416,0,0,0,0
1790069056.971925,-37,-44,-57,-59,11666,29484,9392,19275,3256447,3256449,3256444,3256446,0,0,0,0
1790069057.068324,2,4,2,-2,9835,27737,7178,17130,3256567,3256569,3256564,3256566,0,0,0,0
1790069057.2755706,4,-4,-6,0,10055,27555,7012,17321,3256657,3256659,3256654,3256656,0,0,0,0
1790069057.295589,0,3,4,7,10212,27391,6851,17454,3256717,3256719,3256714,3256716,0,0,0,0
1790069057.3833857,-1,-6,-7,1,10278,27316,6781,17517,3256747,3256749,3256744,3256746,0,0,0,0
1790069057.39797,8,-2,0,0,10343,27274,6734,17577,3256777,3256779,3256774,3256776,0,0,0,0
1790069057.5883133,2,-5,0,1,10436,27134,6609,17684,3256867,3256869,3256864,3256866,0,0,0,0
1790069057.5990884,-1,-3,0,2,10461,27117,6589,17708,3256897,3256899,3256894,3256896,0,0,0,0
1790069057.799964,0,-2,-3,-1,10472,27100,6572,17722,3256927,3256929,3256924,3256926,0,0,0,0
1790069057.799964,0,1,-3,-4,10480,27093,6564,17733,3256987,3256989,3256984,3256986,0,0,0,0
1790069057.799964,-1,-1,-3,1,10476,27097,6567,17729,3257017,3257019,3257014,3257016,0,0,0,0
1790069057.90864,-1,-2,2,-8,10451,27090,6565,17707,3257047,3257049,3257044,3257046,0,0,0,0
1790069057.90864,-3,0,-7,0,10421,27178,6643,17659,3257107,3257109,3257104,3257106,0,0,0,0
1790069057.9722238,-2,-1,3,-2,10392,27179,6637,17631,3257137,3257139,3257134,3257136,0,0,0,0
1790069058.0940776,4,-4,-3,5,10430,27122,6615,17654,3257167,3257169,3257164,3257166,0,0,0,0
1790069058.1010077,37,-39,-25,24,10865,26613,6349,17973,3257197,3257199,3257194,3257196,0,0,0,0
1790069058.1646383,74,-92,-104,41,12297,24730,4837,18834,3257227,3257229,3257224,3257226,0,0,0,0
1790069058.1806407,44,-81,-52,69,13835,22566,2936,20277,3257257,3257259,3257254,3257256,0,0,0,0
1790069058.2286282,77,-67,-73,64,15543,20745,1127,22072,3257287,3257289,3257284,3257286,0,0,0,0
1790069058.356614,73,-57,-93,78,17557,18686,31788,24177,3257317,3257319,3257314,3257316,0,0,0,0
1790069058.4046664,62,-62,-82,74,19598,16563,29534,26254,3257347,3257349,3257344,3257346,0,0,0,0
1790069058.4204454,61,-71,-73,59,21449,14667,27631,28206,3257377,3257379,3257374,3257376,0,0,0,0
1790069058.4857824,42,-41,-48,43,24503,11738,24510,31184,3257437,3257439,3257434,3257436,0,0,0,0
1790069058.502719,39,-42,-42,42,25731,10471,23354,32445,3257467,3257469,3257464,3257466,0,0,0,0
1790069058.5658102,43,-42,-41,41,26944,9208,22027,846,3257497,3257499,3257494,3257496,0,0,0,0
1790069058.6451125,65,-70,-56,66,29841,6264,19236,3726,3257557,3257559,3257554,3257556,0,0,0,0
1790069058.7415872,53,-63,-66,52,31536,4604,17509,5560,3257587,3257589,3257584,3257586,0,0,0,0
1790069058.7577488,73,-64,-75,78,611,2830,15720,7373,3257617,3257619,3257614,3257616,0,0,0,0
1790069058.8218815,57,-55,-57,58,2340,941,13845,9228,3257647,3257649,3257644,3257646,0,0,0,0
1790069058.8865576,62,-67,-75,73,4106,32099,12142,10926,3257677,3257679,3257674,3257676,0,0,0,0
1790069058.9352443,49,-52,-38,47,5615,30547,10609,12514,3257707,3257709,3257704,3257706,0,0,0,0
1790069059.0045033,43,-43,-49,45,6960,29129,9214,13886,3257737,3257739,3257734,3257736,0,0,0,0
1790069059.06258,59,-48,-46,51,8414,27719,7811,15300,3257767,3257769,3257764,3257766,0,0,0,0
1790069059.0787315,64,-62,-51,58,9884,26246,6301,16811,3257797,3257799,3257794,3257796,0,0,0,0
1790069059.1055107,48,-55,-65,50,11459,24730,4844,18326,3257827,3257829,3257824,3257826,0,0,0,0
1790069059.190144,64,-51,-52,58,13040,23138,3227,19912,3257857,3257859,3257854,3257856,0,0,0,0
1790069059.205585,65,-60,-66,60,14644,21528,1556,21573,3257887,3257889,3257884,3257886,0,0,0,0
1790069059.2531173,54,-55,-51,51,16310,19816,32669,23281,3257917,3257919,3257914,3257916,0,0,0,0
1790069059.3821335,67,-65,-61,69,18016,18273,30986,25029,3257947,3257949,3257944,3257946,0,0,0,0
1790069059.4061055,54,-53,-58,59,19633,16630,29272,26636,3257977,3257979,3257974,3257976,0,0,0,0
1790069059.4304886,48,-56,-58,52,21155,15082,27802,28175,3258007,3258009,3258004,3258006,0,0,0,0
1790069059.5103781,66,-52,-49,59,22702,13646,26285,29718,3258037,3258039,3258034,3258036,0,0,0,0
1790069059.5103781,58,-54,-61,55,24180,12099,24736,31186,3258067,3258069,3258064,3258066,0,0,0,0
1790069059.5746624,41,-48,-55,46,25702,10615,23323,32711,3258097,3258099,3258094,3258096,0,0,0,0
1790069059.6383486,62,-52,-55,60,27270,9110,21757,1450,3258127,3258129,3258124,3258126,0,0,0,0
1790069059.6698647,52,-57,-69,52,28876,7581,20091,3140,3258157,3258159,3258154,3258156,0,0,0,0
1790069059.7176013,60,-55,-54,54,30472,5803,18544,4728,3258187,3258189,3258184,3258186,0,0,0,0
1790069059.829719,68,-62,-60,63,32118,4294,16910,6371,3258217,3258219,3258214,3258216,0,0,0,0
1790069059.8457327,52,-58,-55,47,937,2675,15266,8041,3258247,3258249,3258244,3258246,0,0,0,0
1790069059.894384,59,-50,-54,61,2458,1023,13707,9608,3258277,3258279,3258274,3258276,0,0,0,0
1790069059.958531,58,-63,-62,53,4106,32338,12074,11229,3258307,3258309,3258304,3258306,0,0,0,0
1790069060.0442054,46,-58,-55,47,5583,30714,10560,12717,3258337,3258339,3258334,3258336,0,0,0,0
1790069060.0558174,48,-50,-57,54,7017,29170,9066,14253,3258367,3258369,3258364,3258366,0,0,0,0
1790069060.1091428,54,-44,-55,65,8654,27742,7602,15788,3258397,3258399,3258394,3258396,0,0,0,0
1790069060.1197863,33,-30,-23,28,9826,26547,6219,17038,3258427,3258429,3258424,3258426,0,0,0,0
1790069060.264208,15,-4,2,1,10981,25506,6754,17610,3258487,3258489,3258484,3258486,0,0,0,0
1790069060.4578352,-7,2,-5,19,11118,25467,6756,17579,3258517,3258519,3258514,3258516,0,0,0,0
1790069060.6663613,0,-2,-5,3,11036,25550,6857,17497,3258637,3258639,3258634,3258636,0,0,0,0
1790069060.6663613,1,0,-4,-1,11067,25528,6832,17521,3258697,3258699,3258694,3258696,0,0,0,0
1790069060.6663613,1,1,0,-6,11074,25517,6822,17529,3258757,3258759,3258754,3258756,0,0,0,0
1790069060.873518,-2,2,-4,-1,11076,25522,6827,17532,3258817,3258819,3258814,3258816,0,0,0,0
1790069060.873518,-4,3,-3,-3,11080,25526,6831,17534,3258877,3258879,3258874,3258876,0,0,0,0
1790069060.9851692,0,-7,-6,2,11076,25524,6831,17532,3258937,3258939,3258934,3258936,0,0,0,0
1790069061.0817935,3,0,-1,1,11069,25522,6831,17530,3258997,3258999,3258994,3258996,0,0,0,0
1790069061.2884223,0,-2,2,-3,11079,25522,6831,17534,3259087,3259089,3259084,3259086,0,0,0,0
1790069061.2884223,2,-3,1,0,11080,25522,6832,17536,3259117,3259119,3259114,3259116,0,0,0,0
1790069061.4794185,-1,-5,0,0,11108,25501,6811,17557,3259207,3259209,3259204,3259206,0,0,0,0
1790069061.4951122,-2,-4,1,2,11118,25492,6800,17566,3259237,3259239,3259234,3259236,0,0,0,0
1790069061.6864965,-2,-2,1,1,11114,25495,6801,17565,3259267,3259269,3259264,3259266,0,0,0,0
1790069061.6864965,-2,0,1,-3,11088,25514,6824,17545,3259357,3259359,3259354,3259356,0,0,0,0
1790069061.89571,-1,6,-3,-4,11085,25516,6827,17541,3259387,3259389,3259384,3259386,0,0,0,0
1790069062.055929,-7,1,1,-4,11089,25508,6820,17544,3259567,3259569,3259564,3259566,0,0,0,0
1790069062.087856,-1,1,2,-3,11098,25514,6831,17559,3259597,3259599,3259594,3259596,0,0,0,0
1790069062.1037807,-5,4,0,0,11101,25512,6833,17560,3259627,3259629,3259624,3259626,0,0,0,0
1790069062.2983468,-2,-3,-3,1,11100,25511,6826,17557,3259657,3259659,3259654,3259656,0,0,0,0
1790069062.2983468,0,1,0,-2,11091,25524,6844,17552,3259747,3259749,3259744,3259746,0,0,0,0
1790069062.5055914,0,2,0,3,11088,25526,6844,17550,3259777,3259779,3259774,3259776,0,0,0,0
1790069062.5055914,-1,3,1,-5,11091,25525,6846,17551,3259807,3259809,3259804,3259806,0,0,0,0
1790069062.5055914,4,-3,2,0,11100,25525,6844,17556,3259867,3259869,3259864,3259866,0,0,0,0
1790069062.7112417,2,5,8,0,11102,25523,6842,17559,3259897,3259899,3259894,3259896,0,0,0,0
1790069062.7112417,-3,1,-3,5,11101,25522,6843,17557,3259987,3259989,3259984,3259986,0,0,0,0
1790069062.922335,-3,-5,-1,-3,11102,25517,6838,17560,3260077,3260079,3260074,3260076,0,0,0,0
1790069062.922335,-1,10,4,-1,11106,25516,6836,17562,3260107,3260109,3260104,3260106,0,0,0,0
1790069062.9531722,-4,-7,-2,1,11105,25515,6834,17563,3260137,3260139,3260134,3260136,0,0,0,0
1790069063.1234076,2,-20,-1,-5,11104,25514,6835,17562,3260197,3260199,3260194,3260196,0,0,0,0
1790069063.1295035,-5,-3,1,-3,11100,25514,6835,17559,3260227,3260229,3260224,3260226,0,0,0,0
1790069063.323812,-6,4,-2,1,11101,25512,6832,17561,3260317,3260319,3260314,3260316,0,0,0,0
1790069063.3382587,-6,-3,6,-1,11104,25511,6830,17563,3260347,3260349,3260344,3260346,0,0,0,0
1790069063.4998822,3,1,-1,-2,11113,25513,6829,17563,3260407,3260409,3260404,3260406,0,0,0,0
1790069063.515738,-4,0,-2,-4,11119,25516,6843,17577,3260467,3260469,3260464,3260466,0,0,0,0
1790069063.7257679,0,5,-2,2,11142,25525,6849,17593,3260557,3260559,3260554,3260556,0,0,0,0
1790069063.7419076,1,1,-3,1,11143,25517,6841,17595,3260587,3260589,3260584,3260586,0,0,0,0
1790069063.9350643,-1,-5,-3,0,11150,25507,6832,17603,3260707,3260709,3260704,3260706,0,0,0,0
1790069064.144785,-2,1,6,-6,11147,25510,6835,17600,3260737,3260739,3260734,3260736,0,0,0,0
1790069064.2580426,5,-2,2,-1,11107,25554,6877,17561,3260857,3260859,3260854,3260856,0,0,0,0
1790069064.2580426,4,-4,-4,1,11121,25545,6869,17573,3260917,3260919,3260914,3260916,0,0,0,0
1790069064.3659198,1,3,2,1,11128,25540,6861,17578,3260947,3260949,3260944,3260946,0,0,0,0
1790069064.4624157,-3,5,0,-2,11138,25539,6864,17583,3260977,3260979,3260974,3260976,0,0,0,0
1790069064.4624157,-2,3,-3,1,11139,25533,6857,17588,3261037,3261039,3261034,3261036,0,0,0,0
1790069064.5441368,4,-1,-1,-2,11137,25533,6859,17587,3261067,3261069,3261064,3261066,0,0,0,0
1790069064.606694,7,-12,3,7,11183,25493,6844,17610,3261097,3261099,3261094,3261096,0,0,0,0
1790069064.6549826,28,-31,-24,26,11618,25050,6621,17991,3261127,3261129,3261124,3261126,0,0,0,0
1790069064.7196147,59,-69,-53,41,13300,23352,5536,18931,3261157,3261159,3261154,3261156,0,0,0,0
1790069064.768146,59,-65,-52,75,14770,21181,3370,20484,3261187,3261189,3261184,3261186,0,0,0,0
1790069064.784399,67,-67,-75,72,16477,19418,1599,22228,3261217,3261219,3261214,3261216,0,0,0,0
1790069064.8643901,58,-73,-83,77,18540,17330,32322,24418,3261247,3261249,3261244,3261246,0,0,0,0
1790069064.9125476,81,-82,-71,73,20561,15395,30157,26501,3261277,3261279,3261274,3261276,0,0,0,0
1790069064.960991,77,-77,-70,71,22385,13471,28196,28410,3261307,3261309,3261304,3261306,0,0,0,0
1790069064.9767137,48,-50,-56,55,24115,11852,26487,30075,3261337,3261339,3261334,3261336,0,0,0,0
1790069065.0569475,43,-49,-58,39,25513,10407,25067,31410,3261367,3261369,3261364,3261366,0,0,0,0
1790069065.1212554,37,-42,-38,37,26717,9188,23791,32714,3261397,3261399,3261394,3261396,0,0,0,0
1790069065.1537535,36,-38,-59,41,28003,7888,22527,1110,3261427,3261429,3261424,3261426,0,0,0,0
1790069065.1861098,45,-63,-60,50,29250,6519,21218,2541,3261457,3261459,3261454,3261456,0,0,0,0
1790069065.234,56,-58,-72,58,32517,3310,18009,5778,3261517,3261519,3261514,3261516,0,0,0,0
1790069065.3636136,70,-81,-57,77,1495,1581,16248,7630,3261547,3261549,3261544,3261546,0,0,0,0
1790069065.3851793,61,-54,-68,67,3291,32568,14406,9413,3261577,3261579,3261574,3261576,0,0,0,0
1790069065.4330485,56,-62,-61,68,4955,30839,12729,11194,3261607,3261609,3261604,3261606,0,0,0,0
1790069065.4434762,57,-52,-65,47,6538,29240,11029,12756,3261637,3261639,3261634,3261636,0,0,0,0
1790069065.4915211,52,-58,-55,52,8026,27829,9617,14253,3261667,3261669,3261664,3261666,0,0,0,0
1790069065.619815,45,-54,-41,60,9460,26313,8170,15718,3261697,3261699,3261694,3261696,0,0,0,0
1790069065.6358871,64,-59,-56,51,10917,24881,6750,17174,3261727,3261729,3261724,3261726,0,0,0,0
1790069065.683894,65,-48,-57,45,12386,23365,5274,18613,3261757,3261759,3261754,3261756,0,0,0,0
1790069065.6997688,47,-53,-57,65,13925,21854,3627,20149,3261787,3261789,3261784,3261786,0,0,0,0
1790069065.7637,60,-68,-61,62,15538,20276,2105,21793,3261817,3261819,3261814,3261816,0,0,0,0
1790069065.8119812,59,-46,-66,61,17244,18617,432,23528,3261847,3261849,3261844,3261846,0,0,0,0
1790069065.9409957,57,-58,-60,63,18871,16908,31422,25260,3261877,3261879,3261874,3261876,0,0,0,0
1790069065.9409957,59,-61,-68,54,20546,15323,29811,26825,3261907,3261909,3261904,3261906,0,0,0,0
1790069065.9601502,50,-52,-57,57,22061,13807,28266,28405,3261937,3261939,3261934,3261936,0,0,0,0
1790069066.0216718,51,-58,-44,62,23606,12254,26727,29965,3261967,3261969,3261964,3261966,0,0,0,0
1790069066.0847857,57,-54,-67,49,25196,10702,25241,31394,3261997,3261999,3261994,3261996,0,0,0,0
1790069066.137216,46,-51,-50,54,26686,9230,23699,187,3262027,3262029,3262024,3262026,0,0,0,0
1790069066.1648266,55,-55,-54,65,28250,7731,22103,1817,3262057,3262059,3262054,3262056,0,0,0,0
1790069066.261271,65,-65,-60,48,29771,6090,20643,3340,3262087,3262089,3262084,3262086,0,0,0,0
1790069066.261271,49,-47,-58,63,31387,4588,19036,4970,3262117,3262119,3262114,3262116,0,0,0,0
1790069066.341098,61,-54,-55,57,202,2943,17366,6591,3262147,3262149,3262144,3262146,0,0,0,0
1790069066.3885396,55,-66,-61,54,1858,1292,15803,8208,3262177,3262179,3262174,3262176,0,0,0,0
1790069066.4531689,49,-51,-52,63,3424,32563,14164,9813,3262207,3262209,3262204,3262206,0,0,0,0
1790069066.4531689,57,-56,-63,51,4940,31019,12639,11424,3262237,3262239,3262234,3262236,0,0,0,0
1790069066.598712,52,-57,-61,56,6489,29386,11087,12972,3262267,3262269,3262264,3262266,0,0,0,0
1790069066.61471,56,-54,-47,56,9589,26343,7976,16087,3262327,3262329,3262324,3262326,0,0,0,0
1790069066.8087268,46,-39,-42,30,10869,25078,6597,17386,3262357,3262359,3262354,3262356,0,0,0,0
1790069066.8087268,13,3,29,1,11568,24453,6360,18000,3262387,3262389,3262384,3262386,0,0,0,0
1790069066.8249276,2,23,12,-5,11739,24838,6935,17960,3262417,3262419,3262414,3262416,0,0,0,0
1790069067.0085585,-30,19,26,-17,11091,25889,7761,17273,3262477,3262479,3262474,3262476,0,0,0,0
1790069067.0085585,-15,22,18,-22,10479,26528,8352,16800,3262507,3262509,3262504,3262506,0,0,0,0
1790069067.0237713,-14,9,14,-10,10155,26924,8859,16403,3262537,3262539,3262534,3262536,0,0,0,0
1790069067.1716645,-6,2,2,-6,9785,27293,9252,16099,3262627,3262629,3262624,3262626,0,0,0,0
1790069067.1716645,1,-1,-10,-1,9754,27324,9281,16070,3262657,3262659,3262654,3262656,0,0,0,0
1790069067.2255008,-4,0,-3,-3,9745,27334,9292,16062,3262687,3262689,3262684,3262686,0,0,0,0
1790069067.4260695,0,5,1,3,9761,27315,9276,16076,3262747,3262749,3262744,3262746,0,0,0,0
1790069067.4260695,4,-9,3,-5,9776,27305,9267,16090,3262777,3262779,3262774,3262776,0,0,0,0
1790069067.4260695,2,-1,-2,2,9785,27297,9259,16097,3262807,3262809,3262804,3262806,0,0,0,0
1790069067.541247,-4,0,2,0,9787,27294,9255,16099,3262837,3262839,3262834,3262836,0,0,0,0
1790069067.541247,5,1,-1,1,9782,27297,9258,16094,3262867,3262869,3262864,3262866,0,0,0,0
1790069067.6340015,-3,2,1,0,9768,27311,9269,16082,3262927,3262929,3262924,3262926,0,0,0,0
1790069067.7930453,-2,1,2,-2,9778,27302,9262,16091,3263017,3263019,3263014,3263016,0,0,0,0
1790069067.8413553,2,6,-6,1,9779,27300,9261,16091,3263047,3263049,3263044,3263046,0,0,0,0
1790069068.0415769,-2,2,0,0,9781,27306,9268,16093,3263077,3263079,3263074,3263076,0,0,0,0
1790069068.0415769,-1,-2,-3,-1,9794,27289,9256,16105,3263107,3263109,3263104,3263106,0,0,0,0
1790069068.0415769,0,-5,-7,-5,9791,27296,9255,16101,3263167,3263169,3263164,3263166,0,0,0,0
1790069068.1793647,1,-2,0,-8,9777,27308,9267,16090,3263197,3263199,3263194,3263196,0,0,0,0
1790069068.1931543,0,1,0,-4,9771,27314,9273,16083,3263227,3263229,3263224,3263226,0,0,0,0
1790069068.1931543,0,1,-1,-2,9768,27314,9274,16082,3263257,3263259,3263254,3263256,0,0,0,0
1790069068.4509213,2,-2,-3,-1,9772,27311,9272,16085,3263287,3263289,3263284,3263286,0,0,0,0
1790069068.4509213,0,-2,-3,-1,9782,27301,9262,16094,3263347,3263349,3263344,3263346,0,0,0,0
1790069068.4533257,-3,-4,1,-7,9776,27309,9269,16088,3263407,3263409,3263404,3263406,0,0,0,0
1790069068.6452887,-1,-2,-4,-3,9769,27308,9269,16081,3263437,3263439,3263434,3263436,0,0,0,0
1790069068.6611314,-6,1,-1,0,9787,27308,9272,16099,3263527,3263529,3263524,3263526,0,0,0,0
1790069068.815588,-4,-4,-2,-5,9786,27311,9275,16096,3263557,3263559,3263554,3263556,0,0,0,0
1790069068.815588,1,1,-1,2,9777,27316,9279,16092,3263617,3263619,3263614,3263616,0,0,0,0
1790069068.853626,0,-1,-5,2,9777,27313,9277,16092,3263647,3263649,3263644,3263646,0,0,0,0
1790069069.0634608,-4,-3,0,2,9780,27309,9274,16095,3263677,3263679,3263674,3263676,0,0,0,0
1790069069.0634608,1,1,-6,-8,9775,27313,9276,16090,3263797,3263799,3263794,3263796,0,0,0,0
1790069069.1922963,-1,-1,5,4,9774,27313,9278,16090,3263827,3263829,3263824,3263826,0,0,0,0
1790069069.1922963,2,-1,0,-1,9774,27312,9277,16090,3263857,3263859,3263854,3263856,0,0,0,0
1790069069.2727997,-2,7,1,-1,9776,27312,9276,16091,3263917,3263919,3263914,3263916,0,0,0,0
1790069069.4656334,-2,-2,0,0,9775,27310,9275,16091,3264007,3264009,3264004,3264006,0,0,0,0
1790069069.4817739,-3,0,-2,-3,9776,27310,9276,16092,3264037,3264039,3264034,3264036,0,0,0,0
1790069069.6749997,0,-1,5,-1,9778,27308,9274,16094,3264067,3264069,3264064,3264066,0,0,0,0
1790069069.6749997,0,0,-3,3,9778,27309,9273,16093,3264127,3264129,3264124,3264126,0,0,0,0
1790069069.6749997,0,2,-5,-2,9778,27309,9274,16093,3264157,3264159,3264154,3264156,0,0,0,0
1790069069.8845782,4,-2,-1,-2,9777,27309,9274,16093,3264187,3264189,3264184,3264186,0,0,0,0
1790069069.8845782,-3,0,2,-1,9779,27309,9273,16095,3264277,3264279,3264274,3264276,0,0,0,0
1790069070.078734,-2,-1,0,1,9779,27307,9272,16094,3264307,3264309,3264304,3264306,0,0,0,0
1790069070.078734,-3,-1,0,5,9780,27309,9273,16095,3264397,3264399,3264394,3264396,0,0,0,0
1790069070.2073271,-4,3,1,1,9790,27315,9276,16102,3264427,3264429,3264424,3264426,0,0,0,0
1790069070.2073271,1,-3,1,0,9773,27300,9267,16093,3264457,3264459,3264454,3264456,0,0,0,0
1790069070.223263,-1,1,-4,-1,9779,27314,9276,16096,3264487,3264489,3264484,3264486,0,0,0,0
1790069070.4977202,-1,-1,0,5,9774,27318,9284,16093,3264517,3264519,3264514,3264516,0,0,0,0
1790069070.4977202,-1,-11,-6,-6,9773,27324,9287,16092,3264547,3264549,3264544,3264546,0,0,0,0
1790069070.4977202,-2,3,3,0,9781,27313,9281,16100,3264607,3264609,3264604,3264606,0,0,0,0
1790069070.4977202,0,-4,-1,0,9790,27307,9272,16105,3264637,3264639,3264634,3264636,0,0,0,0
1790069070.6906195,1,-1,-8,2,9781,27316,9278,16098,3264727,3264729,3264724,3264726,0,0,0,0
1790069070.9002316,2,1,1,6,9781,27315,9280,16099,3264787,3264789,3264784,3264786,0,0,0,0
1790069070.9002316,2,-4,-1,-5,9781,27315,9279,16098,3264817,3264819,3264814,3264816,0,0,0,0
1790069070.9002316,-5,6,1,0,9745,27369,9319,16066,3264877,3264879,3264874,3264876,0,0,0,0
1790069071.112808,3,-4,-4,0,9758,27346,9308,16079,3264937,3264939,3264934,3264936,0,0,0,0
1790069071.112808,-1,-2,1,2,9779,27325,9289,16097,3264997,3264999,3264994,3264996,0,0,0,0
1790069071.2086158,-1,-1,0,-2,9774,27333,9296,16093,3265057,3265059,3265054,3265056,0,0,0,0
1790069071.2243664,-1,-1,0,-2,9774,27333,9296,16093,3265057,3265059,3265054,3265056,0,0,0,0
1790069071.3058662,-5,-1,-1,-4,9769,27341,9302,16088,3265117,3265119,3265114,3265116,0,0,0,0
1790069071.3216474,0,4,-4,-2,9771,27337,9300,16090,3265147,3265149,3265144,3265146,0,0,0,0
1790069071.5155742,1,-3,-4,0,9776,27333,9296,16095,3265177,3265179,3265174,3265176,0,0,0,0
1790069071.5155742,2,2,-3,1,9780,27329,9291,16098,3265237,3265239,3265234,3265236,0,0,0,0
1790069071.723456,-5,1,-3,-3,9774,27337,9297,16091,3265297,3265299,3265294,3265296,0,0,0,0
1790069071.723456,0,-4,6,8,9773,27337,9299,16092,3265357,3265359,3265354,3265356,0,0,0,0
1790069071.9287753,-9,-5,-1,-1,9778,27333,9294,16096,3265417,3265419,3265414,3265416,0,0,0,0
1790069071.9287753,2,-1,-2,-5,9778,27334,9295,16095,3265477,3265479,3265474,3265476,0,0,0,0
1790069071.9444177,0,-2,-1,-3,9775,27335,9296,16093,3265507,3265509,3265504,3265506,0,0,0,0
1790069072.136176,0,1,-2,1,9774,27335,9297,16092,3265537,3265539,3265534,3265536,0,0,0,0
1790069072.136176,-2,-3,-2,2,9776,27334,9295,16093,3265567,3265569,3265564,3265566,0,0,0,0
1790069072.136176,1,-5,0,-6,9776,27332,9292,16095,3265597,3265599,3265594,3265596,0,0,0,0
1790069072.136176,-2,0,0,-2,9776,27333,9293,16095,3265627,3265629,3265624,3265626,0,0,0,0
1790069072.2186556,-2,0,-2,-2,9775,27335,9294,16094,3265657,3265659,3265654,3265656,0,0,0,0
1790069072.3446145,-3,3,0,1,9774,27336,9295,16093,3265687,3265689,3265684,3265686,0,0,0,0
1790069072.3446145,-1,-9,-4,1,9778,27333,9293,16095,3265747,3265749,3265744,3265746,0,0,0,0
1790069072.5371609,1,0,4,2,9778,27331,9291,16097,3265777,3265779,3265774,3265776,0,0,0,0
1790069072.5371609,-3,-4,0,3,9779,27333,9292,16096,3265807,3265809,3265804,3265806,0,0,0,0
1790069072.5371609,0,0,2,-1,9778,27335,9294,16095,3265837,3265839,3265834,3265836,0,0,0,0
1790069072.5371609,1,0,3,7,9777,27337,9297,16095,3265897,3265899,3265894,3265896,0,0,0,0
1790069072.7471821,-7,5,1,-4,9783,27335,9292,16097,3266017,3266019,3266014,3266016,0,0,0,0
1790069072.9555125,-1,2,-2,4,9780,27341,9298,16096,3266047,3266049,3266044,3266046,0,0,0,0
1790069072.9555125,-1,-3,0,2,9780,27341,9299,16095,3266137,3266139,3266134,3266136,0,0,0,0
1790069073.1551764,-4,-4,-1,3,9780,27339,9296,16097,3266167,3266169,3266164,3266166,0,0,0,0
1790069073.1642947,-3,-5,5,-4,9775,27341,9301,16091,3266257,3266259,3266254,3266256,0,0,0,0
1790069073.2351964,0,-2,-1,-2,9775,27339,9300,16093,3266287,3266289,3266284,3266286,0,0,0,0
1790069073.3647106,0,0,-4,4,9777,27336,9297,16094,3266347,3266349,3266344,3266346,0,0,0,0
1790069073.3801634,2,2,0,-6,9778,27335,9295,16096,3266377,3266379,3266374,3266376,0,0,0,0
1790069073.5732477,-1,0,-4,0,9773,27341,9298,16090,3266497,3266499,3266494,3266496,0,0,0,0
1790069073.7667615,0,-1,2,1,9776,27337,9296,16092,3266527,3266529,3266524,3266526,0,0,0,0
1790069073.7667615,1,-1,0,-1,9784,27334,9290,16100,3266617,3266619,3266614,3266616,0,0,0,0
1790069073.9758308,3,0,0,3,9784,27335,9293,16099,3266677,3266679,3266674,3266676,0,0,0,0
1790069073.9758308,0,-1,1,3,9786,27336,9293,16100,3266737,3266739,3266734,3266736,0,0,0,0
1790069074.184153,1,0,0,-3,9785,27338,9295,16099,3266767,3266769,3266764,3266766,0,0,0,0
1790069074.184153,0,1,-5,-2,9785,27337,9295,16099,3266797,3266799,3266794,3266796,0,0,0,0
1790069074.184153,-6,-5,0,-5,9787,27334,9293,16101,3266857,3266859,3266854,3266856,0,0,0,0
1790069074.184153,-4,2,2,-2,9782,27335,9295,16098,3266887,3266889,3266884,3266886,0,0,0,0
1790069074.2323725,0,-4,-3,3,9780,27336,9296,16096,3266917,3266919,3266914,3266916,0,0,0,0
1790069074.3901093,-3,-8,-1,-1,9779,27338,9298,16095,3266947,3266949,3266944,3266946,0,0,0,0
1790069074.403484,-2,-1,7,5,9780,27335,9295,16096,3267007,3267009,3267004,3267006,0,0,0,0
1790069074.5950177,-4,-1,0,-6,9777,27334,9295,16095,3267067,3267069,3267064,3267066,0,0,0,0
1790069074.5950177,-3,4,-2,-1,9774,27337,9296,16093,3267127,3267129,3267124,3267126,0,0,0,0
1790069074.7999542,0,0,-4,0,9775,27338,9295,16094,3267157,3267159,3267154,3267156,0,0,0,0
1790069074.7999542,1,1,-6,4,9778,27336,9293,16095,3267187,3267189,3267184,3267186,0,0,0,0
1790069074.7999542,-4,1,0,-3,9785,27334,9292,16099,3267247,3267249,3267244,3267246,0,0,0,0
1790069075.0041683,3,-4,-5,-4,9786,27339,9293,16099,3267277,3267279,3267274,3267276,0,0,0,0
1790069075.0058692,-1,1,-5,4,9785,27340,9294,16098,3267307,3267309,3267304,3267306,0,0,0,0
1790069075.01615,7,-5,2,-5,9786,27343,9296,16099,3267337,3267339,3267334,3267336,0,0,0,0
1790069075.0191193,0,5,-2,0,9787,27344,9298,16098,3267367,3267369,3267364,3267366,0,0,0,0
1790069075.213008,-2,0,1,-5,9786,27344,9299,16099,3267427,3267429,3267424,3267426,0,0,0,0
1790069075.2179997,-1,0,-9,-2,9785,27345,9299,16097,3267457,3267459,3267454,3267456,0,0,0,0
1790069075.2196143,0,-6,-5,-1,9783,27345,9301,16096,3267487,3267489,3267484,3267486,0,0,0,0
1790069075.414684,-2,-1,4,-1,9784,27343,9300,16096,3267517,3267519,3267514,3267516,0,0,0,0
1790069075.4157023,-1,0,-3,-1,9785,27340,9298,16099,3267547,3267549,3267544,3267546,0,0,0,0
1790069075.4183178,-3,-1,-1,0,9788,27336,9295,16102,3267607,3267609,3267604,3267606,0,0,0,0
1790069075.6193917,-2,-6,3,-7,9779,27342,9299,16095,3267667,3267669,3267664,3267666,0,0,0,0
1790069075.6261363,-2,0,-3,-3,9777,27338,9298,16094,3267727,3267729,3267724,3267726,0,0,0,0
1790069075.8241315,1,1,0,-4,9778,27335,9296,16095,3267757,3267759,3267754,3267756,0,0,0,0
1790069075.8241315,-1,2,-6,2,9776,27335,9295,16095,3267847,3267849,3267844,3267846,0,0,0,0
1790069076.0306098,-2,3,-6,-3,9777,27336,9293,16096,3267967,3267969,3267964,3267966,0,0,0,0
1790069076.2311523,1,2,-1,-3,9777,27338,9295,16095,3267997,3267999,3267994,3267996,0,0,0,0
1790069076.437991,5,-10,6,-7,9783,27344,9297,16097,3268117,3268119,3268114,3268116,0,0,0,0
1790069076.4390569,1,-1,2,-1,9786,27345,9298,16099,3268207,3268209,3268204,3268206,0,0,0,0
1790069076.6391604,2,-1,-1,1,9788,27344,9298,16100,3268237,3268239,3268234,3268236,0,0,0,0
1790069076.6497533,-2,-2,3,6,9789,27345,9299,16102,3268297,3268299,3268294,3268296,0,0,0,0
1790069076.652699,-2,0,-5,-3,9788,27344,9298,16100,3268327,3268329,3268324,3268326,0,0,0,0
1790069076.8480575,-2,-3,-3,-4,9791,27344,9300,16102,3268357,3268359,3268354,3268356,0,0,0,0
1790069076.849016,3,-1,4,7,9791,27342,9298,16102,3268387,3268389,3268384,3268386,0,0,0,0
1790069077.050428,-1,8,3,1,9784,27340,9299,16098,3268477,3268479,3268474,3268476,0,0,0,0
1790069077.050428,-1,0,-2,1,9788,27329,9291,16103,3268567,3268569,3268564,3268566,0,0,0,0
1790069077.2582822,-1,-2,-2,-3,9780,27333,9291,16098,3268687,3268689,3268684,3268686,0,0,0,0
1790069077.4588416,4,2,-2,-2,9783,27336,9292,16100,3268777,3268779,3268774,3268776,0,0,0,0
1790069077.6673932,-4,0,5,-3,9793,27334,9290,16105,3268837,3268839,3268834,3268836,0,0,0,0
1790069077.6673932,3,4,-1,-3,9794,27339,9295,16104,3268957,3268959,3268954,3268956,0,0,0,0
1790069077.7810895,-2,-4,-4,-1,9796,27336,9292,16106,3268987,3268989,3268984,3268986,0,0,0,0
1790069077.7833838,-1,-3,-5,-2,9797,27340,9294,16106,3269017,3269019,3269014,3269016,0,0,0,0
1790069077.8082094,-5,-2,-2,-5,9792,27342,9298,16103,3269047,3269049,3269044,3269046,0,0,0,0
1790069077.8448534,1,-4,3,2,9786,27342,9300,16100,3269077,3269079,3269074,3269076,0,0,0,0
1790069078.0713475,0,-2,4,-1,9783,27342,9301,16097,3269107,3269109,3269104,3269106,0,0,0,0
1790069078.0713475,-1,-4,-1,-2,9782,27340,9300,16096,3269137,3269139,3269134,3269136,0,0,0,0
1790069078.0713475,-4,6,-6,4,9783,27338,9298,16097,3269167,3269169,3269164,3269166,0,0,0,0
1790069078.0713475,-1,-2,-2,0,9782,27333,9294,16099,3269197,3269199,3269194,3269196,0,0,0,0
1790069078.2640638,-4,-2,-6,-1,9786,27331,9292,16102,3269227,3269229,3269224,3269226,0,0,0,0
1790069078.2640638,-1,-3,-2,0,9783,27333,9292,16099,3269287,3269289,3269284,3269286,0,0,0,0
1790069078.283005,0,-1,2,-2,9782,27333,9293,16099,3269317,3269319,3269314,3269316,0,0,0,0
1790069078.4784055,1,-9,-2,-7,9784,27334,9292,16100,3269347,3269349,3269344,3269346,0,0,0,0
1790069078.4784055,5,-4,-4,-1,9791,27338,9293,16103,3269437,3269439,3269434,3269436,0,0,0,0
1790069078.4992628,-1,7,1,-3,9793,27338,9292,16105,3269467,3269469,3269464,3269466,0,0,0,0
1790069078.6831949,0,-5,-3,-1,9794,27342,9295,16105,3269527,3269529,3269524,3269526,0,0,0,0
1790069078.6994634,-1,-2,2,-2,9796,27342,9296,16105,3269587,3269589,3269584,3269586,0,0,0,0
1790069078.8964455,3,-3,-3,2,9798,27335,9293,16108,3269647,3269649,3269644,3269646,0,0,0,0
1790069078.908175,-4,-3,0,-3,9796,27335,9293,16107,3269677,3269679,3269674,3269676,0,0,0,0
1790069079.0991452,-1,0,1,-3,9792,27335,9294,16104,3269707,3269709,3269704,3269706,0,0,0,0
1790069079.1001256,2,6,-2,1,9791,27333,9294,16104,3269737,3269739,3269734,3269736,0,0,0,0
1790069079.1011403,1,2,0,1,9793,27328,9290,16105,3269767,3269769,3269764,3269766,0,0,0,0
1790069079.1046476,0,0,-7,-1,9794,27325,9288,16106,3269797,3269799,3269794,3269796,0,0,0,0
1790069079.2566135,-4,-8,1,3,9792,27325,9286,16106,3269827,3269829,3269824,3269826,0,0,0,0
1790069079.2566135,-1,-4,1,0,9786,27333,9292,16102,3269887,3269889,3269884,3269886,0,0,0,0
1790069079.2726974,4,7,2,-3,9785,27338,9293,16101,3269917,3269919,3269914,3269916,0,0,0,0
1790069079.511808,3,2,2,12,9799,27336,9292,16110,3270007,3270009,3270004,3270006,0,0,0,0
1790069079.5150816,4,1,0,0,9802,27335,9290,16111,3270037,3270039,3270034,3270036,0,0,0,0
1790069079.5150816,3,3,-1,0,9803,27336,9291,16112,3270067,3270069,3270064,3270066,0,0,0,0
1790069079.715657,2,-3,0,1,9798,27343,9298,16106,3270127,3270129,3270124,3270126,0,0,0,0
1790069079.724659,-6,-3,0,-3,9793,27342,9301,16103,3270187,3270189,3270184,3270186,0,0,0,0
1790069079.9092696,-6,0,-8,-9,9789,27338,9298,16102,3270247,3270249,3270244,3270246,0,0,0,0
1790069079.9243755,-1,-2,-1,-3,9785,27335,9295,16102,3270307,3270309,3270304,3270306,0,0,0,0
1790069080.1247897,3,1,1,4,9785,27334,9294,16101,3270337,3270339,3270334,3270336,0,0,0,0
1790069080.1247897,-2,5,-2,2,9785,27334,9294,16102,3270367,3270369,3270364,3270366,0,0,0,0
1790069080.1247897,2,4,-2,1,9789,27338,9294,16103,3270427,3270429,3270424,3270426,0,0,0,0
1790069080.285499,2,0,0,-2,9795,27343,9296,16107,3270487,3270489,3270484,3270486,0,0,0,0
1790069080.319487,1,0,-6,5,9797,27342,9297,16107,3270517,3270519,3270514,3270516,0,0,0,0
1790069080.3352704,0,-1,-3,-1,9800,27343,9298,16109,3270547,3270549,3270544,3270546,0,0,0,0
1790069080.5318735,-4,4,3,-4,9799,27342,9299,16109,3270577,3270579,3270574,3270576,0,0,0,0
1790069080.5318735,-2,-1,-7,-6,9799,27342,9300,16109,3270607,3270609,3270604,3270606,0,0,0,0
1790069080.5318735,0,0,-3,1,9795,27338,9298,16106,3270667,3270669,3270664,3270666,0,0,0,0
1790069080.7253666,0,1,-3,3,9789,27337,9297,16103,3270727,3270729,3270724,3270726,0,0,0,0
1790069080.741488,-4,0,-2,-4,9788,27337,9295,16104,3270787,3270789,3270784,3270786,0,0,0,0
1790069080.94286,1,-1,-12,-5,9788,27337,9296,16104,3270817,3270819,3270814,3270816,0,0,0,0
1790069081.1436214,3,4,2,-3,9800,27346,9302,16108,3270967,3270969,3270964,3270966,0,0,0,0
1790069081.1436214,0,-2,-2,-6,9801,27344,9301,16110,3270997,3270999,3270994,3270996,0,0,0,0
1790069081.1436214,-3,-5,0,-5,9797,27341,9300,16109,3271027,3271029,3271024,3271026,0,0,0,0
1790069081.3043387,1,1,-6,4,9794,27339,9299,16108,3271057,3271059,3271054,3271056,0,0,0,0
1790069081.3043387,-2,-3,3,-1,9786,27339,9302,16102,3271117,3271119,3271114,3271116,0,0,0,0
1790069081.356963,-2,-4,-3,0,9788,27338,9300,16105,3271147,3271149,3271144,3271146,0,0,0,0
1790069081.549409,-3,-3,-2,0,9789,27334,9296,16108,3271177,3271179,3271174,3271176,0,0,0,0
1790069081.5653968,2,1,6,-1,9794,27335,9294,16111,3271267,3271269,3271264,3271266,0,0,0,0
1790069081.758937,-1,-2,1,1,9796,27338,9298,16112,3271297,3271299,3271294,3271296,0,0,0,0
1790069081.758937,1,5,-3,-3,9803,27345,9303,16114,3271387,3271389,3271384,3271386,0,0,0,0
1790069081.9682326,-2,-1,2,-1,9804,27337,9302,16118,3271537,3271539,3271534,3271536,0,0,0,0
1790069082.1716073,3,1,4,-1,9804,27335,9302,16119,3271567,3271569,3271564,3271566,0,0,0,0
1790069082.1733534,3,1,4,-1,9804,27335,9302,16119,3271567,3271569,3271564,3271566,0,0,0,0
1790069082.1744297,-3,1,0,-2,9797,27329,9298,16117,3271657,3271659,3271654,3271656,0,0,0,0
1790069082.3014343,0,3,-5,-3,9795,27334,9300,16115,3271687,3271689,3271684,3271686,0,0,0,0
1790069082.3023193,-3,-1,3,-2,9793,27336,9302,16114,3271717,3271719,3271714,3271716,0,0,0,0
1790069082.3023193,1,1,2,1,9797,27340,9303,16115,3271747,3271749,3271744,3271746,0,0,0,0
1790069082.3773153,-3,0,2,4,9803,27339,9302,16120,3271777,3271779,3271774,3271776,0,0,0,0
1790069082.5801144,-1,4,10,1,9808,27338,9301,16123,3271807,3271809,3271804,3271806,0,0,0,0
1790069082.5801144,5,-6,-1,2,9812,27338,9300,16125,3271837,3271839,3271834,3271836,0,0,0,0
1790069082.5801144,0,-2,-3,4,9812,27343,9305,16124,3271897,3271899,3271894,3271896,0,0,0,0
1790069082.7856712,0,-3,-2,-2,9807,27345,9309,16120,3271927,3271929,3271924,3271926,0,0,0,0
1790069082.7876484,-4,-3,-3,-5,9803,27343,9310,16119,3271957,3271959,3271954,3271956,0,0,0,0
1790069082.986651,-1,-2,1,1,9809,27329,9299,16126,3272047,3272049,3272044,3272046,0,0,0,0
1790069082.9931,-3,1,0,0,9803,27333,9301,16123,3272077,3272079,3272074,3272076,0,0,0,0
1790069082.9931,1,2,1,7,9797,27335,9302,16118,3272137,3272139,3272134,3272136,0,0,0,0
1790069083.1968782,2,-1,-1,4,9802,27336,9302,16122,3272197,3272199,3272194,3272196,0,0,0,0
1790069083.1978824,4,0,-2,-4,9808,27336,9301,16126,3272227,3272229,3272224,3272226,0,0,0,0
1790069083.1988804,1,-2,1,0,9811,27338,9302,16127,3272257,3272259,3272254,3272256,0,0,0,0
1790069083.3056386,3,0,-1,1,9809,27344,9306,16126,3272287,3272289,3272284,3272286,0,0,0,0
1790069083.3056386,2,2,0,0,9808,27349,9312,16124,3272317,3272319,3272314,3272316,0,0,0,0
1790069083.3209722,-1,-1,9,1,9811,27348,9313,16125,3272347,3272349,3272344,3272346,0,0,0,0
1790069083.4066775,2,-2,2,-1,9814,27344,9311,16127,3272377,3272379,3272374,3272376,0,0,0,0
1790069083.6074448,3,0,-1,4,9816,27340,9307,16130,3272407,3272409,3272404,3272406,0,0,0,0
1790069083.607772,-4,-5,-5,3,9809,27335,9307,16128,3272467,3272469,3272464,3272466,0,0,0,0
1790069083.6089606,0,-4,2,-1,9805,27335,9307,16125,3272497,3272499,3272494,3272496,0,0,0,0
1790069083.8056052,0,-4,-3,0,9802,27333,9305,16125,3272527,3272529,3272524,3272526,0,0,0,0
1790069083.813315,-2,-1,-7,-3,9802,27332,9304,16123,3272557,3272559,3272554,3272556,0,0,0,0
1790069083.8262138,-2,0,-2,1,9812,27334,9304,16132,3272647,3272649,3272644,3272646,0,0,0,0
1790069084.0162165,1,-1,1,3,9814,27343,9308,16133,3272707,3272709,3272704,3272706,0,0,0,0
1790069084.0216074,-5,2,-2,3,9815,27346,9313,16131,3272737,3272739,3272734,3272736,0,0,0,0
1790069084.0428312,0,3,1,0,9812,27347,9316,16130,3272767,3272769,3272764,3272766,0,0,0,0
1790069084.2164152,-2,-1,-1,5,9811,27346,9316,16129,3272797,3272799,3272794,3272796,0,0,0,0
1790069084.2215397,-23,-4,1,7,9807,27342,9315,16129,3272827,3272829,3272824,3272826,0,0,0,0
1790069084.223027,-1,-3,0,-7,9807,27340,9313,16128,3272857,3272859,3272854,3272856,0,0,0,0
1790069084.3060372,-2,-3,1,1,9805,27336,9311,16128,3272887,3272889,3272884,3272886,0,0,0,0
1790069084.4239488,3,1,3,3,9800,27340,9310,16126,3272977,3272979,3272974,3272976,0,0,0,0
1790069084.6293464,0,-4,2,0,9800,27345,9314,16126,3273007,3273009,3273004,3273006,0,0,0,0
1790069084.6313393,2,-1,3,-1,9806,27350,9319,16127,3273067,3273069,3273064,3273066,0,0,0,0
1790069084.6450176,0,-3,-3,-3,9810,27349,9318,16128,3273097,3273099,3273094,3273096,0,0,0,0
1790069084.6450176,-2,0,3,1,9814,27350,9318,16130,3273127,3273129,3273124,3273126,0,0,0,0
1790069084.8332777,2,-2,-1,-1,9812,27347,9318,16130,3273157,3273159,3273154,3273156,0,0,0,0
1790069084.8343916,-2,-1,-2,1,9802,27340,9313,16126,3273277,3273279,3273274,3273276,0,0,0,0
1790069084.8398955,-4,-5,2,-1,9809,27340,9314,16129,3273217,3273219,3273214,3273216,0,0,0,0
1790069085.0244563,0,1,0,-1,9801,27340,9312,16126,3273307,3273309,3273304,3273306,0,0,0,0
1790069085.025477,4,-4,-2,0,9804,27347,9316,16128,3273367,3273369,3273364,3273366,0,0,0,0
1790069085.2433226,-1,4,0,-3,9810,27349,9323,16130,3273517,3273519,3273514,3273516,0,0,0,0
1790069085.3270972,-6,-4,0,-5,9804,27348,9323,16126,3273547,3273549,3273544,3273546,0,0,0,0
1790069085.4509838,-5,0,1,-6,9802,27347,9322,16126,3273577,3273579,3273574,3273576,0,0,0,0
1790069085.4518044,1,2,2,5,9805,27337,9315,16131,3273637,3273639,3273634,3273636,0,0,0,0
1790069085.6523445,0,2,4,-1,9809,27336,9311,16135,3273667,3273669,3273664,3273666,0,0,0,0
1790069085.6588526,3,12,-5,1,9812,27352,9321,16133,3273757,3273759,3273754,3273756,0,0,0,0
1790069085.8610716,-4,-7,-2,-1,9813,27345,9320,16136,3273877,3273879,3273874,3273876,0,0,0,0
1790069086.0283415,-2,0,-3,-3,9808,27342,9320,16133,3273907,3273909,3273904,3273906,0,0,0,0
1790069086.0341408,-10,2,-6,-4,9805,27342,9319,16132,3273937,3273939,3273934,3273936,0,0,0,0
1790069086.0375438,-2,-6,2,-2,9803,27343,9319,16131,3273967,3273969,3273964,3273966,0,0,0,0
1790069086.0375438,-2,2,-2,0,9802,27343,9321,16132,3273997,3273999,3273994,3273996,0,0,0,0
1790069086.2637894,-3,3,4,2,9805,27344,9320,16133,3274027,3274029,3274024,3274026,0,0,0,0
1790069086.2701204,-2,2,0,-5,9819,27350,9324,16141,3274117,3274119,3274114,3274116,0,0,0,0
1790069086.326411,4,3,5,-1,9821,27347,9323,16143,3274147,3274149,3274144,3274146,0,0,0,0
1790069086.4724917,3,2,0,-4,9818,27348,9325,16142,3274177,3274179,3274174,3274176,0,0,0,0
1790069086.4724917,-7,-3,-3,-3,9810,27344,9325,16138,3274237,3274239,3274234,3274236,0,0,0,0
1790069086.677805,1,-2,-4,-5,9806,27344,9323,16136,3274267,3274269,3274264,3274266,0,0,0,0
1790069086.6798139,4,3,-6,5,9808,27339,9317,16139,3274327,3274329,3274324,3274326,0,0,0,0
1790069086.686461,0,1,4,-3,9808,27343,9320,16139,3274357,3274359,3274354,3274356,0,0,0,0
1790069086.882741,2,5,-7,5,9809,27347,9323,16139,3274387,3274389,3274384,3274386,0,0,0,0
1790069086.8843522,-2,2,-1,0,9811,27360,9333,16136,3274477,3274479,3274474,3274476,0,0,0,0
1790069087.0379694,-2,5,0,-3,9811,27353,9330,16137,3274537,3274539,3274534,3274536,0,0,0,0
1790069087.042103,-8,-3,-6,-1,9812,27348,9329,16138,3274567,3274569,3274564,3274566,0,0,0,0
1790069087.2912996,-1,0,-1,-1,9811,27343,9325,16139,3274597,3274599,3274594,3274596,0,0,0,0
1790069087.2912996,2,0,1,0,9808,27342,9323,16139,3274627,3274629,3274624,3274626,0,0,0,0
1790069087.2912996,0,-1,-1,1,9808,27343,9321,16139,3274657,3274659,3274654,3274656,0,0,0,0
1790069087.3004928,3,2,-5,3,9809,27351,9326,16139,3274717,3274719,3274714,3274716,0,0,0,0
1790069087.3251553,2,0,-4,-3,9811,27356,9330,16140,3274747,3274749,3274744,3274746,0,0,0,0
1790069087.494649,0,0,-3,-3,9814,27360,9335,16140,3274807,3274809,3274804,3274806,0,0,0,0
1790069087.494649,-1,-3,5,-3,9812,27357,9336,16137,3274837,3274839,3274834,3274836,0,0,0,0
1790069087.7012208,-1,1,3,5,9810,27351,9332,16139,3274867,3274869,3274864,3274866,0,0,0,0
1790069087.7012208,0,-3,-9,-8,9809,27346,9330,16139,3274897,3274899,3274894,3274896,0,0,0,0
1790069087.7022781,-1,-2,0,-3,9807,27345,9328,16139,3274927,3274929,3274924,3274926,0,0,0,0
1790069087.7039907,4,-1,1,-2,9807,27345,9327,16139,3274957,3274959,3274954,3274956,0,0,0,0
1790069087.885919,3,13,0,3,9808,27349,9328,16140,3274987,3274989,3274984,3274986,0,0,0,0
1790069087.888742,3,2,1,0,9811,27354,9331,16145,3275047,3275049,3275044,3275046,0,0,0,0
1790069087.9048884,-4,-2,-1,6,9811,27358,9336,16143,3275077,3275079,3275074,3275076,0,0,0,0
1790069088.0172174,2,2,-5,6,9813,27363,9341,16142,3275107,3275109,3275104,3275106,0,0,0,0
1790069088.0198154,2,-2,0,3,9812,27366,9345,16141,3275167,3275169,3275164,3275166,0,0,0,0
1790069088.1745389,0,1,3,1,9807,27361,9342,16140,3275197,3275199,3275194,3275196,0,0,0,0
1790069088.17654,1,-1,-4,2,9807,27352,9336,16141,3275227,3275229,3275224,3275226,0,0,0,0
1790069088.17957,-4,2,-3,2,9810,27347,9332,16143,3275257,3275259,3275254,3275256,0,0,0,0
1790069088.2261786,-2,-4,2,2,9808,27348,9333,16143,3275287,3275289,3275284,3275286,0,0,0,0
1790069088.3199248,-1,-3,0,0,9804,27356,9337,16141,3275347,3275349,3275344,3275346,0,0,0,0
1790069088.4628859,-1,-5,0,0,9810,27361,9340,16142,3275377,3275379,3275374,3275376,0,0,0,0
1790069088.4628859,1,1,2,2,9813,27364,9342,16145,3275407,3275409,3275404,3275406,0,0,0,0
1790069088.4788897,0,0,6,0,9815,27363,9342,16147,3275437,3275439,3275434,3275436,0,0,0,0
1790069088.6018515,-1,-4,-2,-5,9819,27359,9342,16148,3275497,3275499,3275494,3275496,0,0,0,0
1790069088.626062,-1,-1,0,-2,9817,27355,9340,16148,3275527,3275529,3275524,3275526,0,0,0,0
1790069088.7442698,-1,1,0,-3,9813,27353,9338,16148,3275557,3275559,3275554,3275556,0,0,0,0
1790069088.7452686,0,-2,-5,-1,9812,27350,9338,16147,3275587,3275589,3275584,3275586,0,0,0,0
1790069088.7836957,-3,-2,-4,0,9807,27350,9336,16145,3275617,3275619,3275614,3275616,0,0,0,0
1790069088.8737123,1,-1,-5,3,9806,27351,9335,16146,3275647,3275649,3275644,3275646,0,0,0,0
1790069088.8737123,2,-1,-1,-3,9809,27352,9336,16147,3275677,3275679,3275674,3275676,0,0,0,0
1790069089.0265434,-1,1,1,3,9812,27357,9338,16149,3275707,3275709,3275704,3275706,0,0,0,0
1790069089.0415242,2,2,3,1,9817,27361,9342,16150,3275767,3275769,3275764,3275766,0,0,0,0
1790069089.0737424,-3,-3,2,-5,9818,27362,9344,16150,3275797,3275799,3275794,3275796,0,0,0,0
1790069089.198063,-2,-3,2,2,9820,27361,9344,16150,3275827,3275829,3275824,3275826,0,0,0,0
1790069089.244723,1,0,-2,-5,9814,27353,9340,16148,3275887,3275889,3275884,3275886,0,0,0,0
1790069089.3392558,-2,-1,-6,3,9810,27352,9336,16147,3275947,3275949,3275944,3275946,0,0,0,0
1790069089.4787116,2,1,-10,-2,9811,27361,9343,16148,3276007,3276009,3276004,3276006,0,0,0,0
1790069089.4857435,4,17,1,4,9815,27364,9345,16149,3276037,3276039,3276034,3276036,0,0,0,0
1790069089.5054514,3,4,-4,1,9820,27364,9346,16152,3276067,3276069,3276064,3276066,0,0,0,0
1790069089.651584,-1,-1,0,3,9822,27365,9348,16154,3276097,3276099,3276094,3276096,0,0,0,0
1790069089.651584,0,-5,1,-1,9820,27363,9350,16154,3276157,3276159,3276154,3276156,0,0,0,0
1790069089.6938167,-3,-2,0,-1,9813,27360,9350,16152,3276187,3276189,3276184,3276186,0,0,0,0
1790069089.8004785,-12,3,1,3,9805,27358,9349,16147,3276247,3276249,3276244,3276246,0,0,0,0
1790069089.8646352,-2,-1,-2,3,9804,27361,9349,16147,3276277,3276279,3276274,3276276,0,0,0,0
1790069090.0060272,-3,1,8,1,9820,27365,9352,16158,3276367,3276369,3276364,3276366,0,0,0,0
1790069090.103167,2,0,-1,-1,9826,27366,9351,16161,3276397,3276399,3276394,3276396,0,0,0,0
1790069090.2560875,-4,-3,3,1,9827,27364,9352,16163,3276457,3276459,3276454,3276456,0,0,0,0
1790069090.2560875,0,-7,-3,-3,9825,27360,9352,16162,3276487,3276489,3276484,3276486,0,0,0,0
1790069090.2921145,-4,0,-2,-10,9820,27356,9350,16159,3276547,3276549,3276544,3276546,0,0,0,0
1790069090.401751,-6,2,-2,-2,9814,27356,9350,16158,3276577,3276579,3276574,3276576,0,0,0,0
1790069090.4051175,2,3,-2,3,9809,27359,9350,16155,3276607,3276609,3276604,3276606,0,0,0,0
1790069090.5413477,-1,0,-3,5,9810,27361,9353,16154,3276637,3276639,3276634,3276636,0,0,0,0
1790069090.5650215,0,8,-1,4,9818,27365,9355,16161,3276697,3276699,3276694,3276696,0,0,0,0
1790069090.7055902,-3,1,1,3,9823,27367,9360,16161,3276787,3276789,3276784,3276786,0,0,0,0
1790069090.8432794,-3,1,3,-4,9819,27360,9357,16159,3276847,3276849,3276844,3276846,0,0,0,0
1790069090.8661103,-8,-1,0,-2,9819,27355,9350,16160,3276877,3276879,3276874,3276876,0,0,0,0
1790069090.9780056,-1,0,1,1,9819,27353,9349,16162,3276907,3276909,3276904,3276906,0,0,0,0
1790069090.9780056,3,-3,-2,5,9819,27354,9347,16163,3276937,3276939,3276934,3276936,0,0,0,0
1790069090.994133,2,4,0,-1,9820,27357,9348,16165,3276967,3276969,3276964,3276966,0,0,0,0
1790069091.1242287,5,0,0,-2,9829,27365,9355,16167,3277027,3277029,3277024,3277026,0,0,0,0
1790069091.1649625,2,5,3,0,9826,27369,9359,16164,3277057,3277059,3277054,3277056,0,0,0,0
1790069091.2857041,1,0,0,4,9822,27370,9363,16162,3277087,3277089,3277084,3277086,0,0,0,0
1790069091.286699,8,-1,-6,-5,9822,27373,9366,16161,3277117,3277119,3277114,3277116,0,0,0,0
1790069091.2979734,-6,2,1,1,9817,27369,9366,16160,3277147,3277149,3277144,3277146,0,0,0,0
1790069091.4013472,1,-1,-3,-4,9816,27364,9361,16160,3277177,3277179,3277174,3277176,0,0,0,0
1790069091.422504,-2,3,-2,-6,9815,27360,9358,16161,3277207,3277209,3277204,3277206,0,0,0,0
1790069091.5400202,-1,4,1,-3,9813,27360,9357,16162,3277267,3277269,3277264,3277266,0,0,0,0
1790069091.561198,0,-2,-2,0,9816,27363,9357,16164,3277297,3277299,3277294,3277296,0,0,0,0
1790069091.728427,0,1,2,3,9822,27376,9368,16164,3277387,3277389,3277384,3277386,0,0,0,0
1790069091.8119094,-1,-5,-4,-2,9822,27378,9374,16165,3277447,3277449,3277444,3277446,0,0,0,0
1790069091.9499493,-2,2,-3,3,9821,27375,9373,16164,3277477,3277479,3277474,3277476,0,0,0,0
1790069091.9571235,-5,0,2,-3,9815,27367,9367,16163,3277537,3277539,3277534,3277536,0,0,0,0
1790069092.1044154,-1,0,4,1,9812,27370,9368,16163,3277597,3277599,3277594,3277596,0,0,0,0
1790069092.1242173,-4,-3,-2,0,9810,27372,9371,16161,3277627,3277629,3277624,3277626,0,0,0,0
1790069092.2356663,1,0,2,0,9818,27377,9371,16168,3277687,3277689,3277684,3277686,0,0,0,0
1790069092.2866766,4,-3,0,-3,9821,27381,9375,16170,3277717,3277719,3277714,3277716,0,0,0,0
1790069092.367469,-3,-8,0,1,9825,27379,9378,16172,3277777,3277779,3277774,3277776,0,0,0,0
1790069092.4805093,-2,-4,3,0,9822,27375,9378,16171,3277807,3277809,3277804,3277806,0,0,0,0
1790069092.496413,-1,-4,1,-1,9819,27372,9377,16169,3277837,3277839,3277834,3277836,0,0,0,0
1790069092.5121312,-2,-6,0,-1,9816,27370,9376,16168,3277867,3277869,3277864,3277866,0,0,0,0
1790069092.639992,1,2,-4,-2,9811,27372,9376,16166,3277927,3277929,3277924,3277926,0,0,0,0
1790069092.671544,-1,-4,-2,3,9812,27376,9375,16167,3277957,3277959,3277954,3277956,0,0,0,0
1790069092.7835,-1,-2,3,-1,9822,27376,9377,16176,3278017,3278019,3278014,3278016,0,0,0,0
1790069092.8156583,-3,-2,-2,-4,9823,27383,9383,16175,3278047,3278049,3278044,3278046,0,0,0,0
1790069092.981653,-3,-4,4,1,9822,27391,9393,16172,3278107,3278109,3278104,3278106,0,0,0,0
1790069093.0478997,2,1,-2,-5,9819,27392,9397,16172,3278137,3278139,3278134,3278136,0,0,0,0
1790069093.0618227,-2,0,-1,-5,9814,27386,9396,16171,3278167,3278169,3278164,3278166,0,0,0,0
1790069093.0829923,-3,-9,4,-1,9815,27384,9394,16174,3278197,3278199,3278194,3278196,0,0,0,0
1790069093.1941237,1,2,-7,-2,9813,27376,9390,16175,3278227,3278229,3278224,3278226,0,0,0,0
1790069093.1941237,-2,-3,1,0,9815,27374,9387,16178,3278257,3278259,3278254,3278256,0,0,0,0
1790069093.2214885,1,-3,0,0,9815,27377,9389,16179,3278287,3278289,3278284,3278286,0,0,0,0
1790069093.339543,-1,-1,1,-5,9818,27388,9393,16180,3278347,3278349,3278344,3278346,0,0,0,0
1790069093.464398,4,5,3,-3,9821,27389,9396,16182,3278377,3278379,3278374,3278376,0,0,0,0
1790069093.478464,2,0,1,-1,9826,27394,9400,16183,3278437,3278439,3278434,3278436,0,0,0,0
1790069093.6102223,-2,-1,0,3,9825,27394,9403,16183,3278467,3278469,3278464,3278466,0,0,0,0
1790069093.6105897,1,1,1,2,9822,27390,9404,16182,3278497,3278499,3278494,3278496,0,0,0,0
1790069093.644007,-2,0,-2,2,9821,27388,9403,16185,3278527,3278529,3278524,3278526,0,0,0,0
1790069093.7580934,-2,-2,-3,2,9820,27384,9401,16187,3278587,3278589,3278584,3278586,0,0,0,0
1790069093.759095,3,-4,-6,-6,9819,27381,9400,16189,3278617,3278619,3278614,3278616,0,0,0,0
1790069093.8116426,-1,2,3,4,9820,27381,9399,16191,3278647,3278649,3278644,3278646,0,0,0,0
1790069093.8634312,4,5,1,-2,9821,27384,9399,16191,3278677,3278679,3278674,3278676,0,0,0,0
1790069094.0478354,4,1,-2,-2,9820,27395,9410,16191,3278737,3278739,3278734,3278736,0,0,0,0
1790069094.05734,0,2,4,-1,9825,27399,9416,16192,3278797,3278799,3278794,3278796,0,0,0,0
1790069094.2559824,-5,3,1,2,9822,27384,9409,16195,3278917,3278919,3278914,3278916,0,0,0,0
1790069094.3744714,2,-2,-5,1,9821,27383,9408,16198,3278977,3278979,3278974,3278976,0,0,0,0
1790069094.4643798,1,-4,2,0,9823,27395,9415,16198,3279037,3279039,3279034,3279036,0,0,0,0
1790069094.66634,-1,2,-2,-3,9840,27399,9418,16208,3279127,3279129,3279124,3279126,0,0,0,0
1790069094.8689103,-1,-7,-5,-4,9839,27392,9417,16210,3279157,3279159,3279154,3279156,0,0,0,0
1790069094.8699298,-5,-3,-2,-5,9832,27387,9416,16207,3279217,3279219,3279214,3279216,0,0,0,0
1790069094.8719103,0,4,-1,-5,9828,27388,9416,16205,3279247,3279249,3279244,3279246,0,0,0,0
1790069095.0744112,-2,-3,-1,-1,9826,27389,9417,16208,3279307,3279309,3279304,3279306,0,0,0,0
1790069095.075421,3,-3,0,0,9828,27389,9416,16209,3279337,3279339,3279334,3279336,0,0,0,0
1790069095.0765684,-3,0,0,5,9837,27396,9420,16215,3279397,3279399,3279394,3279396,0,0,0,0
1790069095.2794101,2,0,-2,-1,9846,27397,9423,16219,3279457,3279459,3279454,3279456,0,0,0,0
1790069095.2826214,0,-6,-1,0,9846,27395,9427,16220,3279517,3279519,3279514,3279516,0,0,0,0
1790069095.3436465,0,-2,1,1,9843,27387,9422,16219,3279547,3279549,3279544,3279546,0,0,0,0
1790069095.3846734,-1,-5,-2,-4,9838,27383,9420,16219,3279577,3279579,3279574,3279576,0,0,0,0
1790069095.484889,1,-2,-2,-5,9838,27381,9416,16223,3279637,3279639,3279634,3279636,0,0,0,0
1790069095.6864636,1,2,4,3,9850,27390,9422,16228,3279727,3279729,3279724,3279726,0,0,0,0
1790069095.700356,-2,-3,-3,4,9852,27389,9421,16229,3279757,3279759,3279754,3279756,0,0,0,0
1790069095.8931677,-2,-2,-2,2,9852,27389,9423,16230,3279787,3279789,3279784,3279786,0,0,0,0
1790069095.8936582,1,-1,3,-4,9849,27388,9424,16227,3279817,3279819,3279814,3279816,0,0,0,0
1790069095.901705,-3,-2,-3,2,9842,27385,9424,16224,3279847,3279849,3279844,3279846,0,0,0,0
1790069095.901705,-3,-2,-3,4,9839,27387,9427,16224,3279877,3279879,3279874,3279876,0,0,0,0
1790069096.0961237,-1,-3,3,-2,9837,27384,9424,16224,3279907,3279909,3279904,3279906,0,0,0,0
1790069096.1030202,0,1,4,-1,9848,27390,9423,16232,3279997,3279999,3279994,3279996,0,0,0,0
1790069096.1030202,1,6,-1,2,9852,27393,9427,16235,3280027,3280029,3280024,3280026,0,0,0,0
1790069096.2973142,1,-2,4,-5,9855,27394,9428,16235,3280057,3280059,3280054,3280056,0,0,0,0
1790069096.304873,0,-8,-4,3,9852,27381,9426,16236,3280147,3280149,3280144,3280146,0,0,0,0
1790069096.3807507,-5,-2,-7,-2,9850,27378,9424,16236,3280177,3280179,3280174,3280176,0,0,0,0
1790069096.50562,-2,5,4,4,9848,27381,9426,16238,3280237,3280239,3280234,3280236,0,0,0,0
1790069096.7069964,-1,4,-2,-1,9844,27384,9429,16237,3280267,3280269,3280264,3280266,0,0,0,0
1790069096.7129648,-2,12,-3,6,9845,27387,9430,16237,3280297,3280299,3280294,3280296,0,0,0,0
1790069096.714325,0,-2,-2,-2,9857,27390,9434,16246,3280387,3280389,3280384,3280386,0,0,0,0
1790069096.9153452,0,-9,2,0,9865,27392,9434,16248,3280417,3280419,3280414,3280416,0,0,0,0
1790069096.9153452,-1,-6,-2,1,9861,27387,9435,16248,3280477,3280479,3280474,3280476,0,0,0,0
1790069096.9153452,-1,1,-2,0,9855,27387,9435,16244,3280507,3280509,3280504,3280506,0,0,0,0
1790069097.11681,1,-5,-3,-5,9848,27387,9436,16242,3280537,3280539,3280534,3280536,0,0,0,0
1790069097.1233282,2,2,2,3,9847,27385,9434,16242,3280597,3280599,3280594,3280596,0,0,0,0
1790069097.124675,-3,4,0,1,9852,27383,9430,16247,3280627,3280629,3280624,3280626,0,0,0,0
1790069097.3250146,-1,1,1,-1,9859,27381,9430,16253,3280657,3280659,3280654,3280656,0,0,0,0
1790069097.3250146,-2,0,0,-5,9868,27391,9437,16254,3280747,3280749,3280744,3280746,0,0,0,0
1790069097.4014604,-3,-4,4,1,9864,27387,9439,16252,3280777,3280779,3280774,3280776,0,0,0,0
1790069097.5312836,1,-1,-5,-2,9856,27382,9434,16251,3280867,3280869,3280864,3280866,0,0,0,0
1790069097.7357621,-2,-2,-1,-2,9855,27383,9434,16251,3280897,3280899,3280894,3280896,0,0,0,0
1790069097.7387142,-1,-1,1,6,9856,27385,9434,16252,3280927,3280929,3280924,3280926,0,0,0,0
1790069097.739714,-1,-1,-2,6,9864,27390,9440,16258,3280987,3280989,3280984,3280986,0,0,0,0
1790069097.9409845,-3,1,4,1,9868,27392,9442,16259,3281017,3281019,3281014,3281016,0,0,0,0
1790069097.9539893,-1,-9,2,0,9872,27384,9441,16265,3281107,3281109,3281104,3281106,0,0,0,0
1790069098.1443005,2,-4,-1,-3,9867,27382,9440,16261,3281137,3281139,3281134,3281136,0,0,0,0
1790069098.1443005,0,-4,3,-1,9860,27384,9440,16260,3281227,3281229,3281224,3281226,0,0,0,0
1790069098.3498158,0,2,1,-2,9864,27389,9441,16263,3281257,3281259,3281254,3281256,0,0,0,0
1790069098.351448,0,-3,1,-1,9873,27391,9447,16268,3281347,3281349,3281344,3281346,0,0,0,0
1790069098.4045188,0,-5,-2,-2,9873,27391,9449,16267,3281377,3281379,3281374,3281376,0,0,0,0
1790069098.555105,-3,-2,-2,-1,9868,27382,9445,16266,3281437,3281439,3281434,3281436,0,0,0,0
1790069098.561145,-1,-7,-10,-13,9864,27379,9443,16266,3281467,3281469,3281464,3281466,0,0,0,0
1790069098.755575,-3,-4,0,0,9865,27378,9440,16268,3281497,3281499,3281494,3281496,0,0,0,0
1790069098.7628822,2,7,2,-6,9872,27391,9447,16272,3281587,3281589,3281584,3281586,0,0,0,0
1790069098.9637964,-2,2,-1,-3,9872,27394,9451,16270,3281617,3281619,3281614,3281616,0,0,0,0
1790069098.9666865,1,-7,-1,-2,9875,27389,9451,16272,3281677,3281679,3281674,3281676,0,0,0,0
1790069098.9776266,1,-6,-1,1,9871,27381,9446,16271,3281737,3281739,3281734,3281736,0,0,0,0
1790069099.1710534,3,2,3,2,9863,27380,9446,16269,3281767,3281769,3281764,3281766,0,0,0,0
1790069099.1720617,-1,-3,4,2,9861,27386,9449,16266,3281797,3281799,3281794,3281796,0,0,0,0
1790069099.1793666,2,0,3,1,9870,27386,9448,16272,3281857,3281859,3281854,3281856,0,0,0,0
1790069099.3736143,3,0,-1,0,9883,27387,9447,16278,3281917,3281919,3281914,3281916,0,0,0,0
1790069099.3802958,-1,-1,0,-3,9880,27391,9452,16277,3281947,3281949,3281944,3281946,0,0,0,0
1790069099.3806434,-2,4,0,-11,9873,27392,9456,16273,3281977,3281979,3281974,3281976,0,0,0,0
1790069099.5817764,-2,-2,-5,-3,9870,27381,9450,16275,3282067,3282069,3282064,3282066,0,0,0,0
1790069099.5817764,0,-2,5,0,9874,27381,9448,16281,3282127,3282129,3282124,3282126,0,0,0,0
1790069099.7851567,-1,6,0,1,9880,27384,9450,16284,3282157,3282159,3282154,3282156,0,0,0,0
1790069099.7871587,-1,1,-2,-5,9886,27388,9455,16288,3282247,3282249,3282244,3282246,0,0,0,0
1790069099.9905093,1,-6,1,-2,9880,27388,9460,16284,3282307,3282309,3282304,3282306,0,0,0,0
1790069100.0045373,1,1,-4,-5,9876,27385,9459,16283,3282337,3282339,3282334,3282336,0,0,0,0
1790069100.0059328,-5,-6,6,-5,9875,27382,9458,16284,3282367,3282369,3282364,3282366,0,0,0,0
1790069100.1926658,0,-3,-2,3,9876,27380,9453,16286,3282397,3282399,3282394,3282396,0,0,0,0
1790069100.1926658,4,-4,-5,-3,9877,27384,9454,16287,3282427,3282429,3282424,3282426,0,0,0,0
1790069100.2054236,-3,-1,2,-6,9886,27389,9461,16291,3282487,3282489,3282484,3282486,0,0,0,0
1790069100.3947747,-3,3,4,3,9886,27390,9462,16294,3282517,3282519,3282514,3282516,0,0,0,0
1790069100.4006035,3,-1,1,-4,9890,27390,9463,16294,3282547,3282549,3282544,3282546,0,0,0,0
1790069100.401612,-6,-6,-3,2,9878,27386,9463,16289,3282607,3282609,3282604,3282606,0,0,0,0
1790069100.6027694,-4,-4,-3,2,9873,27385,9461,16287,3282637,3282639,3282634,3282636,0,0,0,0
1790069100.6027694,-2,3,7,5,9873,27390,9464,16288,3282697,3282699,3282694,3282696,0,0,0,0
1790069100.8044825,-1,-2,1,-3,9875,27398,9468,16289,3282727,3282729,3282724,3282726,0,0,0,0
1790069100.8106875,2,0,-5,0,9887,27400,9473,16293,3282817,3282819,3282814,3282816,0,0,0,0
1790069100.8243039,3,0,-1,2,9888,27393,9470,16296,3282847,3282849,3282844,3282846,0,0,0,0
1790069101.0126724,-1,3,-1,-4,9878,27388,9467,16292,3282907,3282909,3282904,3282906,0,0,0,0
1790069101.0186915,-4,-1,2,-5,9871,27392,9469,16289,3282967,3282969,3282964,3282966,0,0,0,0
1790069101.2191136,-1,-3,-1,-6,9894,27390,9467,16302,3283087,3283089,3283084,3283086,0,0,0,0
1790069101.4087017,0,-2,3,-1,9893,27391,9469,16302,3283117,3283119,3283114,3283116,0,0,0,0
1790069101.6239562,-2,2,0,2,9877,27389,9468,16295,3283207,3283209,3283204,3283206,0,0,0,0
1790069101.630599,-4,-2,5,3,9885,27402,9479,16300,3283327,3283329,3283324,3283326,0,0,0,0
1790069101.8321645,0,0,4,-3,9889,27401,9481,16301,3283357,3283359,3283354,3283356,0,0,0,0
1790069101.8321645,-3,-5,4,0,9887,27383,9468,16303,3283447,3283449,3283444,3283446,0,0,0,0
1790069102.038651,0,-4,1,-2,9884,27387,9468,16304,3283507,3283509,3283504,3283506,0,0,0,0
1790069102.0454788,2,1,-3,-2,9889,27401,9481,16303,3283597,3283599,3283594,3283596,0,0,0,0
1790069102.241744,-2,-6,-3,1,9896,27398,9480,16309,3283657,3283659,3283654,3283656,0,0,0,0
1790069102.241744,-3,-4,2,0,9883,27392,9478,16302,3283717,3283719,3283714,3283716,0,0,0,0
1790069102.415501,-1,-4,-1,-2,9879,27390,9476,16301,3283747,3283749,3283744,3283746,0,0,0,0
1790069102.415501,-4,3,-1,-1,9883,27390,9474,16304,3283777,3283779,3283774,3283776,0,0,0,0
1790069102.4216373,2,6,-3,6,9887,27390,9473,16307,3283807,3283809,3283804,3283806,0,0,0,0
1790069102.651443,5,0,-2,2,9892,27396,9476,16311,3283837,3283839,3283834,3283836,0,0,0,0
1790069102.651443,-5,-2,1,-4,9891,27399,9485,16309,3283957,3283959,3283954,3283956,0,0,0,0
1790069102.8581243,-1,4,2,-1,9885,27393,9478,16308,3284077,3284079,3284074,3284076,0,0,0,0
1790069103.0607128,4,-3,-2,-2,9888,27397,9479,16311,3284107,3284109,3284104,3284106,0,0,0,0
1790069103.0607128,4,0,-1,-1,9893,27398,9481,16313,3284137,3284139,3284134,3284136,0,0,0,0
1790069103.0628119,-2,0,0,1,9897,27399,9485,16315,3284167,3284169,3284164,3284166,0,0,0,0
1790069103.0628119,-5,1,-1,3,9899,27400,9485,16316,3284197,3284199,3284194,3284196,0,0,0,0
1790069103.262141,-3,1,2,3,9897,27398,9485,16313,3284227,3284229,3284224,3284226,0,0,0,0
1790069103.262141,-1,-6,-3,-4,9894,27395,9484,16312,3284257,3284259,3284254,3284256,0,0,0,0
1790069103.269165,-1,-9,2,0,9892,27389,9480,16313,3284287,3284289,3284284,3284286,0,0,0,0
1790069103.269165,-4,0,-6,-4,9888,27388,9478,16313,3284317,3284319,3284314,3284316,0,0,0,0
1790069103.4216375,0,2,5,1,9886,27393,9480,16311,3284347,3284349,3284344,3284346,0,0,0,0
1790069103.4216375,1,0,-8,0,9888,27395,9482,16313,3284377,3284379,3284374,3284376,0,0,0,0
1790069103.4724085,2,2,-1,-1,9896,27399,9483,16316,3284407,3284409,3284404,3284406,0,0,0,0
1790069103.484112,0,-3,-8,3,9899,27400,9485,16317,3284437,3284439,3284434,3284436,0,0,0,0
1790069103.6765473,-3,4,-1,0,9898,27403,9489,16316,3284467,3284469,3284464,3284466,0,0,0,0
1790069103.677491,-4,-1,-6,-6,9893,27403,9493,16313,3284497,3284499,3284494,3284496,0,0,0,0
1790069103.6843853,-2,0,-1,0,9886,27398,9490,16309,3284557,3284559,3284554,3284556,0,0,0,0
1790069103.8801713,3,-3,-1,6,9886,27405,9492,16312,3284677,3284679,3284674,3284676,0,0,0,0
1790069104.0862405,2,4,-2,-4,9896,27409,9498,16316,3284737,3284739,3284734,3284736,0,0,0,0
1790069104.0940132,-6,1,-2,-7,9895,27402,9497,16317,3284797,3284799,3284794,3284796,0,0,0,0
1790069104.2904377,-4,0,-9,1,9884,27401,9494,16312,3284857,3284859,3284854,3284856,0,0,0,0
1790069104.3044043,1,0,2,-4,9880,27402,9496,16311,3284887,3284889,3284884,3284886,0,0,0,0
1790069104.3044043,2,-1,-4,-1,9882,27407,9498,16311,3284917,3284919,3284914,3284916,0,0,0,0
1790069104.422382,6,0,3,6,9888,27410,9499,16315,3284947,3284949,3284944,3284946,0,0,0,0
1790069104.422382,0,0,-3,-3,9895,27411,9501,16319,3284977,3284979,3284974,3284976,0,0,0,0
1790069104.4966476,0,-2,-1,3,9902,27409,9500,16323,3285007,3285009,3285004,3285006,0,0,0,0
1790069104.503939,1,-6,-1,4,9900,27406,9500,16323,3285037,3285039,3285034,3285036,0,0,0,0
1790069104.6998281,0,1,1,-1,9891,27401,9499,16318,3285097,3285099,3285094,3285096,0,0,0,0
1790069104.6998281,2,0,1,3,9882,27403,9499,16314,3285157,3285159,3285154,3285156,0,0,0,0
1790069104.9015627,0,0,-1,-3,9885,27412,9503,16316,3285217,3285219,3285214,3285216,0,0,0,0
1790069104.9061732,1,1,-1,-3,9896,27416,9508,16322,3285277,3285279,3285274,3285276,0,0,0,0
1790069105.108895,-5,-1,-2,-2,9895,27410,9508,16323,3285307,3285309,3285304,3285306,0,0,0,0
1790069105.109843,0,0,-1,-2,9895,27405,9505,16324,3285337,3285339,3285334,3285336,0,0,0,0
1790069105.1166456,-2,3,3,-3,9889,27400,9499,16321,3285397,3285399,3285394,3285396,0,0,0,0
1790069105.3116615,-1,-1,-1,1,9885,27401,9500,16321,3285427,3285429,3285424,3285426,0,0,0,0
1790069105.3250062,0,2,0,2,9900,27412,9505,16328,3285517,3285519,3285514,3285516,0,0,0,0
1790069105.428913,-2,-1,-3,2,9903,27415,9510,16329,3285547,3285549,3285544,3285546,0,0,0,0
1790069105.4347773,-1,-7,-4,-2,9903,27413,9514,16331,3285607,3285609,3285604,3285606,0,0,0,0
1790069105.442789,1,1,-5,1,9899,27413,9515,16330,3285637,3285639,3285634,3285636,0,0,0,0
1790069105.5250711,-3,-2,-1,-4,9894,27411,9513,16326,3285667,3285669,3285664,3285666,0,0,0,0
1790069105.7204278,3,3,2,-4,9888,27416,9515,16327,3285787,3285789,3285784,3285786,0,0,0,0
1790069105.927616,-5,-5,0,-3,9895,27426,9525,16330,3285847,3285849,3285844,3285846,0,0,0,0
1790069105.9420207,-7,-7,-6,-1,9902,27417,9521,16335,3285937,3285939,3285934,3285936,0,0,0,0
1790069106.1300914,3,2,-2,-5,9887,27414,9519,16327,3285997,3285999,3285994,3285996,0,0,0,0
1790069106.1441064,-4,4,-5,-1,9883,27421,9523,16325,3286027,3286029,3286024,3286026,0,0,0,0
1790069106.1441064,5,-1,0,-6,9883,27420,9524,16325,3286057,3286059,3286054,3286056,0,0,0,0
1790069106.338235,-2,-3,4,2,9899,27421,9521,16337,3286117,3286119,3286114,3286116,0,0,0,0
1790069106.3436384,3,3,2,3,9904,27420,9522,16336,3286147,3286149,3286144,3286146,0,0,0,0
1790069106.3450506,0,-3,5,-5,9902,27422,9526,16337,3286177,3286179,3286174,3286176,0,0,0,0
1790069106.4350011,-2,-4,0,-6,9895,27421,9527,16332,3286207,3286209,3286204,3286206,0,0,0,0
1790069106.441992,0,2,-7,2,9890,27417,9526,16329,3286237,3286239,3286234,3286236,0,0,0,0
1790069106.5391345,-4,-3,0,-1,9886,27416,9525,16329,3286267,3286269,3286264,3286266,0,0,0,0
1790069106.545973,2,3,-5,3,9887,27417,9522,16330,3286297,3286299,3286294,3286296,0,0,0,0
1790069106.7477894,-1,-4,5,1,9906,27424,9527,16339,3286417,3286419,3286414,3286416,0,0,0,0
1790069106.9488022,0,-2,-4,-4,9906,27423,9529,16339,3286447,3286449,3286444,3286446,0,0,0,0
1790069106.9488022,1,-2,-4,0,9902,27417,9526,16337,3286477,3286479,3286474,3286476,0,0,0,0
1790069106.9556668,1,1,2,3,9890,27416,9525,16332,3286537,3286539,3286534,3286536,0,0,0,0
1790069107.1576705,4,-6,-1,0,9888,27417,9524,16333,3286567,3286569,3286564,3286566,0,0,0,0
1790069107.1576705,2,1,-2,-4,9891,27423,9526,16334,3286597,3286599,3286594,3286596,0,0,0,0
1790069107.1643243,-3,1,4,-1,9895,27423,9529,16338,3286627,3286629,3286624,3286626,0,0,0,0
1790069107.1714616,1,3,0,3,9900,27426,9531,16340,3286657,3286659,3286654,3286656,0,0,0,0
1790069107.3642666,5,-3,-1,-1,9904,27429,9535,16341,3286687,3286689,3286684,3286686,0,0,0,0
1790069107.435485,1,0,0,-3,9902,27426,9542,16343,3286777,3286779,3286774,3286776,0,0,0,0
1790069107.4423451,-5,3,-4,-1,9898,27422,9538,16342,3286807,3286809,3286804,3286806,0,0,0,0
1790069107.5732408,-1,1,-3,4,9899,27422,9538,16349,3286897,3286899,3286894,3286896,0,0,0,0
1790069107.7740946,2,2,1,1,9899,27429,9544,16351,3286957,3286959,3286954,3286956,0,0,0,0
1790069107.7755773,0,2,5,6,9905,27435,9549,16355,3286987,3286989,3286984,3286986,0,0,0,0
1790069107.7755773,-1,3,4,-2,9909,27436,9552,16356,3287017,3287019,3287014,3287016,0,0,0,0
1790069107.976735,-2,-4,2,3,9912,27435,9552,16357,3287047,3287049,3287044,3287046,0,0,0,0
1790069107.976735,0,-4,-7,-2,9909,27435,9554,16357,3287077,3287079,3287074,3287076,0,0,0,0
1790069107.9834025,0,-3,-3,-1,9903,27433,9555,16353,3287107,3287109,3287104,3287106,0,0,0,0
1790069107.9834025,0,3,-2,8,9898,27429,9552,16352,3287137,3287139,3287134,3287136,0,0,0,0
1790069108.1791658,-3,-2,1,-1,9897,27430,9552,16354,3287197,3287199,3287194,3287196,0,0,0,0
1790069108.1846812,0,2,0,0,9899,27437,9557,16360,3287257,3287259,3287254,3287256,0,0,0,0
1790069108.3863587,0,0,-4,11,9905,27447,9571,16365,3287317,3287319,3287314,3287316,0,0,0,0
1790069108.3932917,-2,0,1,1,9914,27452,9579,16368,3287377,3287379,3287374,3287376,0,0,0,0
1790069108.3932917,-1,-2,3,-6,9915,27451,9582,16372,3287407,3287409,3287404,3287406,0,0,0,0
1790069108.4423027,1,-3,-1,1,9913,27455,9589,16373,3287437,3287439,3287434,3287436,0,0,0,0
1790069108.5875418,-8,0,-3,3,9906,27461,9600,16371,3287497,3287499,3287494,3287496,0,0,0,0
1790069108.6020005,-4,-2,-2,-4,9900,27459,9600,16370,3287527,3287529,3287524,3287526,0,0,0,0
1790069108.796553,6,1,-2,-3,9897,27459,9602,16369,3287557,3287559,3287554,3287556,0,0,0,0
1790069108.796553,0,0,0,3,9888,27467,9608,16366,3287647,3287649,3287644,3287646,0,0,0,0
1790069108.9996102,0,-1,0,-4,9890,27474,9612,16369,3287677,3287679,3287674,3287676,0,0,0,0
1790069109.00163,-1,4,5,0,9893,27476,9618,16372,3287707,3287709,3287704,3287706,0,0,0,0
1790069109.0039778,2,5,1,-1,9904,27477,9619,16378,3287737,3287739,3287734,3287736,0,0,0,0
1790069109.0049756,4,1,1,2,9909,27475,9621,16385,3287767,3287769,3287764,3287766,0,0,0,0
1790069109.2051702,2,-3,5,1,9909,27477,9624,16389,3287797,3287799,3287794,3287796,0,0,0,0
1790069109.2061725,-3,1,-7,3,9913,27481,9642,16397,3287887,3287889,3287884,3287886,0,0,0,0
1790069109.3172534,0,2,2,-5,9912,27483,9649,16401,3287917,3287919,3287914,3287916,0,0,0,0
1790069109.3172534,-2,-2,1,7,9910,27485,9657,16404,3287947,3287949,3287944,3287946,0,0,0,0
1790069109.407784,-3,-3,7,3,9908,27488,9666,16407,3287977,3287979,3287974,3287976,0,0,0,0
1790069109.4451306,-4,-2,-1,-10,9905,27492,9676,16410,3288007,3288009,3288004,3288006,0,0,0,0
1790069109.614571,-3,-2,1,3,9899,27505,9703,16416,3288067,3288069,3288064,3288066,0,0,0,0
1790069109.6227689,0,0,-1,0,9897,27514,9723,16427,3288127,3288129,3288124,3288126,0,0,0,0
1790069109.8296695,-2,-1,-2,-3,9896,27516,9728,16430,3288157,3288159,3288154,3288156,0,0,0,0
1790069109.8306832,-4,5,-3,-3,9888,27536,9759,16437,3288247,3288249,3288244,3288246,0,0,0,0
1790069109.8651102,-3,-2,-3,-2,9886,27543,9770,16437,3288277,3288279,3288274,3288276,0,0,0,0
1790069110.0250733,-2,1,-4,4,9875,27561,9797,16436,3288337,3288339,3288334,3288336,0,0,0,0
1790069110.229891,-3,-1,-6,3,9873,27566,9806,16438,3288367,3288369,3288364,3288366,0,0,0,0
1790069110.2348459,-4,4,-2,-5,9873,27571,9812,16441,3288397,3288399,3288394,3288396,0,0,0,0
1790069110.434959,3,0,1,-3,9875,27589,9837,16448,3288607,3288609,3288604,3288606,0,0,0,0
1790069110.8429673,-1,-2,4,-6,9874,27589,9839,16450,3288637,3288639,3288634,3288636,0,0,0,0
1790069110.8429673,-1,-1,-7,-4,9873,27602,9862,16450,3288877,3288879,3288874,3288876,0,0,0,0
1790069111.0516367,-1,-5,1,1,9875,27598,9861,16452,3288907,3288909,3288904,3288906,0,0,0,0
1790069111.0516367,-4,-3,4,-4,9873,27595,9858,16452,3288967,3288969,3288964,3288966,0,0,0,0
1790069111.0658772,-1,-1,-1,2,9869,27597,9860,16450,3288997,3288999,3288994,3288996,0,0,0,0
1790069111.2533216,-1,-4,-2,2,9866,27598,9862,16448,3289027,3289029,3289024,3289026,0,0,0,0
1790069111.2533216,-3,4,0,0,9865,27599,9863,16448,3289057,3289059,3289054,3289056,0,0,0,0
1790069111.2601159,1,4,0,5,9868,27596,9858,16451,3289117,3289119,3289114,3289116,0,0,0,0
1790069111.3929708,-2,-8,-4,-1,9870,27592,9855,16453,3289147,3289149,3289144,3289146,0,0,0,0
1790069111.3929708,0,1,0,0,9873,27595,9854,16456,3289177,3289179,3289174,3289176,0,0,0,0
1790069111.4038305,-3,8,-3,6,9875,27600,9856,16457,3289207,3289209,3289204,3289206,0,0,0,0
1790069111.6629636,-1,2,-1,-4,9883,27601,9864,16461,3289357,3289359,3289354,3289356,0,0,0,0
1790069111.865173,-4,0,-4,4,9888,27595,9859,16465,3289387,3289389,3289384,3289386,0,0,0,0
1790069111.865173,-2,0,-2,1,9877,27592,9857,16460,3289477,3289479,3289474,3289476,0,0,0,0
1790069112.0726924,-3,2,-1,-1,9873,27593,9859,16457,3289507,3289509,3289504,3289506,0,0,0,0
1790069112.0726924,-1,5,-1,-3,9871,27593,9858,16455,3289597,3289599,3289594,3289596,0,0,0,0
1790069112.4551353,2,-1,-3,-1,9874,27594,9857,16458,3289627,3289629,3289624,3289626,0,0,0,0
1790069112.4617746,2,0,3,2,9884,27605,9866,16462,3289777,3289779,3289774,3289776,0,0,0,0
1790069112.4617746,1,2,4,1,9884,27606,9868,16462,3289837,3289839,3289834,3289836,0,0,0,0
1790069112.6911428,-2,-3,-4,3,9875,27597,9865,16458,3289957,3289959,3289954,3289956,0,0,0,0
1790069112.8919208,-1,-1,-2,-4,9874,27594,9864,16458,3289987,3289989,3289984,3289986,0,0,0,0
1790069112.8924444,-4,-3,-1,4,9872,27594,9861,16459,3290077,3290079,3290074,3290076,0,0,0,0
1790069113.0932784,-1,0,-5,2,9873,27598,9861,16459,3290107,3290109,3290104,3290106,0,0,0,0
1790069113.0932784,-1,-1,-1,5,9874,27604,9867,16458,3290167,3290169,3290164,3290166,0,0,0,0
1790069113.1004665,-1,-1,-1,-2,9877,27607,9869,16459,3290197,3290199,3290194,3290196,0,0,0,0
1790069113.3017373,3,-4,2,2,9879,27610,9871,16459,3290227,3290229,3290224,3290226,0,0,0,0
1790069113.3017373,-5,-3,-2,-2,9882,27604,9868,16464,3290317,3290319,3290314,3290316,0,0,0,0
1790069113.461849,0,-6,2,-3,9881,27603,9868,16462,3290347,3290349,3290344,3290346,0,0,0,0
1790069113.461849,-1,-3,-2,-3,9873,27602,9869,16456,3290407,3290409,3290404,3290406,0,0,0,0
1790069113.4749496,-2,-1,-1,0,9869,27603,9871,16452,3290437,3290439,3290434,3290436,0,0,0,0
1790069113.7046049,-1,-2,-1,0,9866,27601,9868,16453,3290467,3290469,3290464,3290466,0,0,0,0
1790069113.7108543,1,-3,-4,4,9870,27607,9869,16454,3290557,3290559,3290554,3290556,0,0,0,0
1790069113.7250838,1,-1,-1,-1,9871,27613,9875,16452,3290587,3290589,3290584,3290586,0,0,0,0
1790069113.9120827,-2,-1,-3,0,9877,27617,9879,16455,3290647,3290649,3290644,3290646,0,0,0,0
1790069113.9195383,-7,0,7,-3,9879,27612,9876,16459,3290677,3290679,3290674,3290676,0,0,0,0
1790069114.1209688,1,-1,-3,1,9882,27611,9874,16463,3290707,3290709,3290704,3290706,0,0,0,0
1790069114.1209688,-4,-2,-5,-2,9876,27610,9878,16459,3290767,3290769,3290764,3290766,0,0,0,0
1790069114.1209688,-2,2,4,-1,9874,27609,9878,16458,3290797,3290799,3290794,3290796,0,0,0,0
1790069114.321788,0,2,0,6,9870,27607,9877,16456,3290827,3290829,3290824,3290826,0,0,0,0
1790069114.321788,-3,-4,-2,3,9870,27602,9873,16458,3290887,3290889,3290884,3290886,0,0,0,0
1790069114.3295388,0,-3,0,-2,9868,27605,9873,16456,3290917,3290919,3290914,3290916,0,0,0,0
1790069114.3295388,-2,-2,1,-4,9862,27611,9877,16450,3290977,3290979,3290974,3290976,0,0,0,0
1790069114.4681022,-2,3,-5,1,9864,27616,9880,16452,3291007,3291009,3291004,3291006,0,0,0,0
1790069114.4681022,2,-5,2,0,9869,27618,9882,16454,3291037,3291039,3291034,3291036,0,0,0,0
1790069114.530376,2,5,-2,-2,9872,27619,9883,16457,3291067,3291069,3291064,3291066,0,0,0,0
1790069114.5450838,0,-2,1,0,9874,27620,9885,16458,3291097,3291099,3291094,3291096,0,0,0,0
1790069114.7338948,0,1,1,-2,9877,27616,9883,16460,3291157,3291159,3291154,3291156,0,0,0,0
1790069114.741113,-1,-2,3,-4,9869,27619,9890,16455,3291217,3291219,3291214,3291216,0,0,0,0
1790069114.9398596,-1,-5,-8,-3,9866,27616,9889,16454,3291247,3291249,3291244,3291246,0,0,0,0
1790069114.9408665,-1,0,-1,3,9864,27612,9886,16454,3291277,3291279,3291274,3291276,0,0,0,0
1790069114.9428294,1,2,2,-3,9863,27610,9883,16453,3291337,3291339,3291334,3291336,0,0,0,0
1790069115.1455526,4,5,4,-5,9869,27610,9879,16458,3291397,3291399,3291394,3291396,0,0,0,0
1790069115.1580186,1,-1,-1,-1,9870,27614,9881,16457,3291427,3291429,3291424,3291426,0,0,0,0
1790069115.1580186,1,3,-1,0,9869,27619,9884,16457,3291457,3291459,3291454,3291456,0,0,0,0
1790069115.3512778,-1,7,-1,5,9870,27621,9889,16457,3291487,3291489,3291484,3291486,0,0,0,0
1790069115.3522797,-3,4,-3,1,9873,27620,9890,16462,3291517,3291519,3291514,3291516,0,0,0,0
1790069115.3640602,-3,2,-1,3,9880,27617,9887,16465,3291547,3291549,3291544,3291546,0,0,0,0
1790069115.365061,-2,0,-2,2,9885,27615,9885,16469,3291577,3291579,3291574,3291576,0,0,0,0
1790069115.4837427,-1,1,2,-3,9879,27613,9887,16466,3291637,3291639,3291634,3291636,0,0,0,0
1790069115.5644093,-5,-6,-3,-3,9870,27612,9887,16463,3291697,3291699,3291694,3291696,0,0,0,0
1790069115.7589798,1,-2,0,-5,9867,27609,9888,16459,3291727,3291729,3291724,3291726,0,0,0,0
1790069115.760057,-2,-1,-4,5,9867,27609,9886,16460,3291757,3291759,3291754,3291756,0,0,0,0
1790069115.761853,-6,2,-3,1,9868,27610,9884,16461,3291787,3291789,3291784,3291786,0,0,0,0
1790069115.761853,-2,-1,1,1,9865,27613,9886,16457,3291817,3291819,3291814,3291816,0,0,0,0
1790069115.9632034,1,-3,-1,-4,9873,27621,9892,16464,3291937,3291939,3291934,3291936,0,0,0,0
1790069116.1686804,4,-1,-1,1,9875,27621,9892,16465,3291967,3291969,3291964,3291966,0,0,0,0
1790069116.1841915,0,-4,4,-7,9881,27621,9893,16467,3292027,3292029,3292024,3292026,0,0,0,0
1790069116.1851835,1,6,-2,1,9878,27623,9896,16466,3292057,3292059,3292054,3292056,0,0,0,0
1790069116.372836,0,0,0,-1,9869,27618,9896,16460,3292117,3292119,3292114,3292116,0,0,0,0
1790069116.3845313,-4,-2,0,1,9867,27615,9894,16459,3292147,3292149,3292144,3292146,0,0,0,0
1790069116.3865361,0,3,-1,-2,9867,27614,9891,16460,3292177,3292179,3292174,3292176,0,0,0,0
1790069116.4840555,3,1,0,2,9867,27613,9888,16462,3292207,3292209,3292204,3292206,0,0,0,0
1790069116.4840555,0,0,-1,-1,9866,27614,9887,16461,3292237,3292239,3292234,3292236,0,0,0,0
1790069116.5858507,-1,-1,-3,-5,9864,27625,9896,16460,3292297,3292299,3292294,3292296,0,0,0,0
1790069116.7822073,2,4,-2,1,9875,27634,9904,16462,3292417,3292419,3292414,3292416,0,0,0,0
1790069116.9881117,-1,-9,1,-1,9873,27632,9906,16462,3292477,3292479,3292474,3292476,0,0,0,0
1790069116.9891236,-1,-9,1,-1,9873,27632,9906,16462,3292477,3292479,3292474,3292476,0,0,0,0
1790069116.99747,2,-5,-1,0,9870,27626,9903,16462,3292537,3292539,3292534,3292536,0,0,0,0
1790069117.0017846,1,-6,4,-4,9869,27626,9904,16461,3292567,3292569,3292564,3292566,0,0,0,0
1790069117.1918604,-7,3,3,-2,9867,27623,9903,16461,3292597,3292599,3292594,3292596,0,0,0,0
1790069117.197235,-3,1,0,2,9868,27619,9897,16463,3292657,3292659,3292654,3292656,0,0,0,0
1790069117.2041104,4,1,1,-5,9865,27617,9896,16463,3292687,3292689,3292684,3292686,0,0,0,0
1790069117.3978746,1,-2,0,3,9869,27625,9897,16465,3292747,3292749,3292744,3292746,0,0,0,0
1790069117.4045203,1,0,1,3,9870,27633,9902,16462,3292777,3292779,3292774,3292776,0,0,0,0
1790069117.4045203,-3,1,6,-8,9867,27638,9908,16460,3292807,3292809,3292804,3292806,0,0,0,0
1790069117.6022043,-1,-3,-1,-6,9871,27638,9916,16462,3292927,3292929,3292924,3292926,0,0,0,0
1790069117.807732,-2,-5,-3,2,9866,27638,9918,16460,3292987,3292989,3292984,3292986,0,0,0,0
1790069117.81472,-6,3,6,3,9864,27634,9913,16459,3293017,3293019,3293014,3293016,0,0,0,0
1790069117.81472,-3,2,0,0,9862,27629,9911,16460,3293047,3293049,3293044,3293046,0,0,0,0
1790069118.0103242,-3,-5,-1,-2,9864,27626,9906,16460,3293077,3293079,3293074,3293076,0,0,0,0
1790069118.01338,-2,0,0,0,9865,27625,9904,16462,3293107,3293109,3293104,3293106,0,0,0,0
1790069118.0143378,-1,4,-2,-1,9861,27636,9910,16458,3293167,3293169,3293164,3293166,0,0,0,0
1790069118.2160156,5,7,-3,-2,9865,27647,9920,16458,3293257,3293259,3293254,3293256,0,0,0,0
1790069118.222571,4,-4,-2,-6,9869,27647,9920,16461,3293287,3293289,3293284,3293286,0,0,0,0
1790069118.4213731,-2,1,-1,3,9871,27644,9919,16462,3293317,3293319,3293314,3293316,0,0,0,0
1790069118.423348,-2,0,2,-2,9877,27638,9913,16468,3293407,3293409,3293404,3293406,0,0,0,0
1790069118.625122,1,-2,-5,-5,9871,27636,9917,16464,3293437,3293439,3293434,3293436,0,0,0,0
1790069118.8297436,-7,3,1,-4,9864,27631,9910,16461,3293557,3293559,3293554,3293556,0,0,0,0
1790069118.833714,2,-4,0,0,9868,27638,9913,16462,3293647,3293649,3293644,3293646,0,0,0,0
1790069119.0363128,-3,-2,-2,3,9869,27641,9916,16465,3293677,3293679,3293674,3293676,0,0,0,0
1790069119.037098,1,2,2,0,9877,27644,9920,16468,3293767,3293769,3293764,3293766,0,0,0,0
1790069119.243751,-2,-4,-5,0,9876,27640,9920,16468,3293827,3293829,3293824,3293826,0,0,0,0
1790069119.441438,0,1,1,2,9863,27640,9922,16459,3293917,3293919,3293914,3293916,0,0,0,0
1790069119.4478846,0,0,-3,6,9867,27637,9913,16464,3293977,3293979,3293974,3293976,0,0,0,0
1790069119.4632716,4,-1,-1,4,9865,27642,9918,16463,3294007,3294009,3294004,3294006,0,0,0,0
1790069119.6499453,1,2,5,0,9865,27642,9921,16463,3294037,3294039,3294034,3294036,0,0,0,0
1790069119.652943,-1,2,3,0,9876,27646,9921,16471,3294097,3294099,3294094,3294096,0,0,0,0
1790069119.8569257,-4,-5,-1,-3,9880,27649,9926,16472,3294217,3294219,3294214,3294216,0,0,0,0
1790069119.8580546,-2,0,-5,-3,9879,27646,9925,16473,3294247,3294249,3294244,3294246,0,0,0,0
1790069119.8643105,-2,-3,3,0,9878,27642,9924,16472,3294277,3294279,3294274,3294276,0,0,0,0
1790069120.0594103,-1,-3,0,-1,9875,27642,9923,16471,3294307,3294309,3294304,3294306,0,0,0,0
1790069120.0594103,-3,-8,3,-2,9872,27642,9925,16468,3294337,3294339,3294334,3294336,0,0,0,0
1790069120.0647726,-5,4,-1,2,9870,27642,9924,16467,3294367,3294369,3294364,3294366,0,0,0,0
1790069120.0663133,1,0,-3,-2,9870,27640,9921,16468,3294397,3294399,3294394,3294396,0,0,0,0
1790069120.264652,-2,-6,1,1,9871,27642,9920,16468,3294427,3294429,3294424,3294426,0,0,0,0
1790069120.2662146,-1,2,1,7,9871,27642,9920,16468,3294457,3294459,3294454,3294456,0,0,0,0
1790069120.2739446,2,1,1,0,9872,27651,9927,16468,3294517,3294519,3294514,3294516,0,0,0,0
1790069120.4691174,-2,7,2,3,9875,27656,9929,16469,3294547,3294549,3294544,3294546,0,0,0,0
1790069120.4741082,-2,3,1,0,9884,27652,9927,16476,3294607,3294609,3294604,3294606,0,0,0,0
1790069120.4764106,-1,0,5,2,9887,27652,9927,16479,3294637,3294639,3294634,3294636,0,0,0,0
1790069120.6699216,-4,-2,5,0,9886,27650,9928,16478,3294667,3294669,3294664,3294666,0,0,0,0
1790069120.6764007,0,-2,-1,-10,9881,27648,9927,16474,3294727,3294729,3294724,3294726,0,0,0,0
1790069120.6835546,-6,-5,-3,-1,9878,27646,9927,16473,3294757,3294759,3294754,3294756,0,0,0,0
1790069120.8784306,-4,1,-2,-3,9874,27646,9927,16470,3294787,3294789,3294784,3294786,0,0,0,0
1790069120.8784306,3,-2,-4,-2,9869,27648,9926,16468,3294847,3294849,3294844,3294846,0,0,0,0
1790069120.8852162,12,4,-2,-2,9872,27647,9924,16468,3294877,3294879,3294874,3294876,0,0,0,0
1790069121.079742,-1,4,1,0,9874,27646,9923,16472,3294907,3294909,3294904,3294906,0,0,0,0
1790069121.2878242,4,3,-1,2,9882,27665,9938,16472,3295057,3295059,3295054,3295056,0,0,0,0
1790069121.2878242,0,3,-3,1,9888,27658,9935,16479,3295117,3295119,3295114,3295116,0,0,0,0
1790069121.4892848,-5,-2,3,-2,9887,27658,9932,16478,3295177,3295179,3295174,3295176,0,0,0,0
1790069121.494454,-3,-2,-3,0,9879,27660,9936,16471,3295207,3295209,3295204,3295206,0,0,0,0
1790069121.5031998,-2,-2,-4,-1,9877,27656,9937,16470,3295237,3295239,3295234,3295236,0,0,0,0
1790069121.6975925,-1,-39,-3,-3,9873,27651,9931,16471,3295327,3295329,3295324,3295326,0,0,0,0
1790069121.703999,0,3,-2,-1,9875,27651,9931,16472,3295357,3295359,3295354,3295356,0,0,0,0
1790069121.898267,-4,4,-2,-1,9875,27657,9933,16472,3295387,3295389,3295384,3295386,0,0,0,0
1790069121.898267,5,-1,7,1,9873,27666,9941,16467,3295447,3295449,3295444,3295446,0,0,0,0
1790069122.1066408,-3,4,1,2,9876,27670,9947,16473,3295507,3295509,3295504,3295506,0,0,0,0
1790069122.1066408,1,2,-2,5,9883,27671,9947,16477,3295537,3295539,3295534,3295536,0,0,0,0
1790069122.1066408,-1,5,4,3,9886,27674,9950,16479,3295567,3295569,3295564,3295566,0,0,0,0
1790069122.3152478,-4,-9,1,-8,9878,27677,9956,16470,3295717,3295719,3295714,3295716,0,0,0,0
1790069122.5163279,0,-5,-1,0,9878,27671,9952,16474,3295747,3295749,3295744,3295746,0,0,0,0
1790069122.5232363,3,-8,-7,-6,9878,27665,9943,16477,3295837,3295839,3295834,3295836,0,0,0,0
1790069122.7189512,3,4,0,3,9876,27668,9948,16474,3295867,3295869,3295864,3295866,0,0,0,0
1790069122.7241988,-1,-1,-3,5,9876,27679,9956,16472,3295927,3295929,3295924,3295926,0,0,0,0
1790069122.725482,-15,-2,-2,2,9889,27678,9953,16482,3295987,3295989,3295984,3295986,0,0,0,0
1790069122.9258716,1,-1,2,2,9893,27678,9952,16485,3296017,3296019,3296014,3296016,0,0,0,0
1790069122.9263043,-4,-2,-1,1,9894,27678,9955,16485,3296047,3296049,3296044,3296046,0,0,0,0
1790069122.9455168,-2,-2,-5,-2,9882,27686,9966,16476,3296137,3296139,3296134,3296136,0,0,0,0
1790069123.1284616,-3,3,0,-1,9880,27680,9963,16475,3296167,3296169,3296164,3296166,0,0,0,0
1790069123.1284616,-1,2,-2,-3,9878,27676,9960,16476,3296197,3296199,3296194,3296196,0,0,0,0
1790069123.1412544,-3,-2,-3,-2,9878,27677,9959,16477,3296227,3296229,3296224,3296226,0,0,0,0
1790069123.1428406,-1,0,-5,-4,9876,27680,9960,16474,3296257,3296259,3296254,3296256,0,0,0,0
1790069123.337089,2,-1,4,-6,9872,27689,9965,16471,3296317,3296319,3296314,3296316,0,0,0,0
1790069123.343632,-3,-8,2,-4,9873,27691,9969,16471,3296347,3296349,3296344,3296346,0,0,0,0
1790069123.5166638,-1,8,2,4,9875,27691,9970,16473,3296377,3296379,3296374,3296376,0,0,0,0
1790069123.5166638,5,-2,2,2,9882,27692,9969,16478,3296407,3296409,3296404,3296406,0,0,0,0
1790069123.5246866,1,0,3,-1,9889,27696,9973,16483,3296467,3296469,3296464,3296466,0,0,0,0
1790069123.7450752,1,-4,1,-6,9890,27701,9978,16483,3296497,3296499,3296494,3296496,0,0,0,0
1790069123.7461147,-2,-4,2,2,9890,27709,9988,16484,3296557,3296559,3296554,3296556,0,0,0,0
1790069123.751501,-5,-1,0,4,9887,27710,9993,16482,3296617,3296619,3296614,3296616,0,0,0,0
1790069123.9541829,-2,2,-6,-3,9873,27717,10002,16471,3296707,3296709,3296704,3296706,0,0,0,0
1790069123.9605825,-2,-1,-4,-2,9872,27714,10001,16471,3296737,3296739,3296734,3296736,0,0,0,0
1790069124.1557138,-3,1,-1,-5,9871,27707,9994,16475,3296857,3296859,3296854,3296856,0,0,0,0
1790069124.3637364,-1,-2,1,-1,9871,27711,9996,16473,3296887,3296889,3296884,3296886,0,0,0,0
1790069124.3637364,2,5,1,8,9874,27720,10003,16474,3296977,3296979,3296974,3296976,0,0,0,0
1790069124.5222237,-1,-3,-2,-1,9880,27721,10003,16477,3297007,3297009,3297004,3297006,0,0,0,0
1790069124.5241637,3,-1,-5,-2,9886,27723,10005,16480,3297067,3297069,3297064,3297066,0,0,0,0
1790069124.7677448,-1,-3,2,0,9887,27722,10005,16482,3297097,3297099,3297094,3297096,0,0,0,0
1790069124.772928,-3,-4,-1,-1,9880,27719,10008,16480,3297217,3297219,3297214,3297216,0,0,0,0
1790069124.9775543,-4,-7,-3,-4,9874,27721,10011,16476,3297277,3297279,3297274,3297276,0,0,0,0
1790069124.9799042,-1,2,1,-2,9866,27727,10018,16469,3297337,3297339,3297334,3297336,0,0,0,0
1790069125.181548,0,3,2,-2,9861,27739,10031,16468,3297427,3297429,3297424,3297426,0,0,0,0
1790069125.1835794,1,-1,-1,1,9865,27741,10032,16471,3297457,3297459,3297454,3297456,0,0,0,0
1790069125.3844597,0,-6,-1,8,9874,27745,10034,16475,3297517,3297519,3297514,3297516,0,0,0,0
1790069125.524066,0,0,-1,1,9875,27751,10041,16477,3297607,3297609,3297604,3297606,0,0,0,0
1790069125.5910075,2,1,3,-4,9883,27749,10039,16483,3297667,3297669,3297664,3297666,0,0,0,0
1790069125.79399,-2,1,0,1,9883,27750,10040,16483,3297697,3297699,3297694,3297696,0,0,0,0
1790069125.7943177,0,-13,-2,-2,9872,27746,10042,16476,3297817,3297819,3297814,3297816,0,0,0,0
1790069125.9959052,-1,0,3,0,9864,27747,10044,16470,3297877,3297879,3297874,3297876,0,0,0,0
1790069126.0019403,-2,-3,2,1,9865,27745,10041,16472,3297937,3297939,3297934,3297936,0,0,0,0
1790069126.2027116,0,-2,3,-1,9869,27744,10038,16476,3297967,3297969,3297964,3297966,0,0,0,0
1790069126.2037427,0,0,0,6,9876,27748,10039,16481,3298027,3298029,3298024,3298026,0,0,0,0
1790069126.405345,-1,5,1,-1,9880,27754,10042,16484,3298087,3298089,3298084,3298086,0,0,0,0
1790069126.411513,-3,3,0,2,9881,27763,10053,16481,3298177,3298179,3298174,3298176,0,0,0,0
1790069126.5231562,-3,1,1,3,9883,27761,10059,16485,3298267,3298269,3298264,3298266,0,0,0,0
1790069126.612604,-3,-8,-1,-3,9884,27763,10059,16487,3298297,3298299,3298294,3298296,0,0,0,0
1790069126.6204402,-1,-4,-2,-5,9878,27762,10062,16486,3298327,3298329,3298324,3298326,0,0,0,0
1790069126.814689,0,0,-4,-5,9875,27762,10063,16484,3298357,3298359,3298354,3298356,0,0,0,0
1790069126.814689,-4,0,-1,2,9876,27762,10063,16486,3298417,3298419,3298414,3298416,0,0,0,0
1790069126.8210206,-1,-2,-2,1,9876,27764,10066,16486,3298447,3298449,3298444,3298446,0,0,0,0
1790069127.023199,3,-1,-2,3,9883,27759,10062,16495,3298567,3298569,3298564,3298566,0,0,0,0
1790069127.224751,5,4,3,-1,9883,27772,10069,16493,3298657,3298659,3298654,3298656,0,0,0,0
1790069127.224751,0,0,0,5,9881,27772,10071,16492,3298687,3298689,3298684,3298686,0,0,0,0
1790069127.418814,1,0,7,0,9888,27772,10070,16495,3298717,3298719,3298714,3298716,0,0,0,0
1790069127.418814,-4,0,3,-13,9896,27774,10072,16503,3298777,3298779,3298774,3298776,0,0,0,0
1790069127.418814,1,-1,0,0,9895,27780,10077,16502,3298807,3298809,3298804,3298806,0,0,0,0
1790069127.529975,0,0,1,4,9896,27789,10085,16502,3298867,3298869,3298864,3298866,0,0,0,0
1790069127.635617,-3,-2,4,2,9899,27787,10088,16506,3298897,3298899,3298894,3298896,0,0,0,0
1790069127.6406186,1,2,-6,-4,9906,27785,10086,16513,3298927,3298929,3298924,3298926,0,0,0,0
1790069127.8418877,-4,-3,0,-4,9912,27784,10087,16521,3298957,3298959,3298954,3298956,0,0,0,0
1790069127.8435493,-2,-4,5,2,9919,27784,10097,16536,3299047,3299049,3299044,3299046,0,0,0,0
1790069128.0442848,-4,-1,-3,-7,9910,27791,10115,16538,3299137,3299139,3299134,3299136,0,0,0,0
1790069128.0508316,-4,-4,-4,-4,9909,27796,10128,16545,3299197,3299199,3299194,3299196,0,0,0,0
1790069128.2531095,0,3,-2,-1,9912,27798,10144,16560,3299287,3299289,3299284,3299286,0,0,0,0
1790069128.2662046,-8,-4,-1,1,9914,27803,10152,16567,3299317,3299319,3299314,3299316,0,0,0,0
1790069128.3577569,-1,-3,-3,0,9911,27815,10176,16577,3299377,3299379,3299374,3299376,0,0,0,0
1790069128.4655335,0,-2,0,1,9908,27827,10199,16590,3299437,3299439,3299434,3299436,0,0,0,0
1790069128.543643,-2,-2,5,0,9907,27833,10213,16598,3299467,3299469,3299464,3299466,0,0,0,0
1790069128.6603868,-2,0,5,-5,9908,27840,10227,16605,3299497,3299499,3299494,3299496,0,0,0,0
1790069128.6614153,-1,2,1,-3,9911,27847,10237,16613,3299527,3299529,3299524,3299526,0,0,0,0
1790069128.8638422,-2,-6,-3,-1,9912,27848,10243,16621,3299557,3299559,3299554,3299556,0,0,0,0
1790069128.8661513,-2,-6,1,-3,9910,27857,10263,16630,3299617,3299619,3299614,3299616,0,0,0,0
1790069128.8681426,-9,-3,5,5,9912,27865,10280,16642,3299677,3299679,3299674,3299676,0,0,0,0
1790069129.0718312,5,1,0,-4,9909,27875,10297,16650,3299737,3299739,3299734,3299736,0,0,0,0
1790069129.0840743,-2,4,-4,-5,9910,27885,10313,16658,3299797,3299799,3299794,3299796,0,0,0,0
1790069129.2729886,-2,3,-4,2,9908,27899,10340,16672,3299917,3299919,3299914,3299916,0,0,0,0
1790069129.4810495,5,27,3,6,9910,27904,10350,16681,3299977,3299979,3299974,3299976,0,0,0,0
1790069129.4810495,-1,4,1,-1,9905,27910,10361,16683,3300037,3300039,3300034,3300036,0,0,0,0
1790069129.5373337,-1,2,-6,-5,9908,27911,10364,16688,3300067,3300069,3300064,3300066,0,0,0,0
1790069129.543253,0,-1,3,-2,9910,27910,10364,16693,3300097,3300099,3300094,3300096,0,0,0,0
1790069129.682554,-2,1,0,-2,9912,27911,10370,16697,3300157,3300159,3300154,3300156,0,0,0,0
1790069129.8896453,2,-4,2,-1,9915,27911,10374,16709,3300247,3300249,3300244,3300246,0,0,0,0
1790069129.890666,0,-5,1,-2,9917,27914,10379,16711,3300307,3300309,3300304,3300306,0,0,0,0
1790069129.9803452,-4,0,-1,2,9915,27915,10381,16712,3300337,3300339,3300334,3300336,0,0,0,0
1790069130.0012062,0,0,-1,0,9913,27916,10385,16711,3300367,3300369,3300364,3300366,0,0,0,0
1790069130.0428586,2,-4,-3,1,9913,27915,10386,16712,3300397,3300399,3300394,3300396,0,0,0,0
1790069130.2996948,-3,-5,8,-2,9914,27914,10386,16714,3300547,3300549,3300544,3300546,0,0,0,0
1790069130.5016725,0,-8,0,-4,9914,27913,10387,16715,3300577,3300579,3300574,3300576,0,0,0,0
1790069130.5016725,-1,-5,-3,0,9923,27908,10385,16726,3300667,3300669,3300664,3300666,0,0,0,0
1790069130.7090623,-1,-3,2,-3,9916,27911,10391,16722,3300757,3300759,3300754,3300756,0,0,0,0
1790069130.723028,-1,-5,-1,-5,9915,27911,10393,16722,3300787,3300789,3300784,3300786,0,0,0,0
1790069130.9112453,-2,-1,1,2,9919,27907,10389,16729,3300847,3300849,3300844,3300846,0,0,0,0
1790069130.924746,0,0,-4,-2,9918,27908,10392,16729,3300877,3300879,3300874,3300876,0,0,0,0
1790069130.924746,-4,-5,-3,2,9915,27908,10392,16726,3300907,3300909,3300904,3300906,0,0,0,0
1790069131.1179159,-5,10,0,-2,9916,27909,10394,16727,3300967,3300969,3300964,3300966,0,0,0,0
1790069131.11928,-2,-1,-3,-2,9915,27908,10394,16728,3301027,3301029,3301024,3301026,0,0,0,0
1790069131.32067,1,-2,-4,-4,9917,27908,10395,16731,3301147,3301149,3301144,3301146,0,0,0,0
1790069131.5278203,7,-2,-3,0,9919,27910,10395,16732,3301207,3301209,3301204,3301206,0,0,0,0
1790069131.5364192,-1,3,3,-2,9910,27919,10401,16724,3301267,3301269,3301264,3301266,0,0,0,0
1790069131.7304406,3,3,3,0,9910,27918,10403,16725,3301327,3301329,3301324,3301326,0,0,0,0
1790069131.743902,-3,-2,0,0,9915,27916,10401,16730,3301387,3301389,3301384,3301386,0,0,0,0
1790069131.937922,-1,1,1,1,9915,27917,10402,16730,3301447,3301449,3301444,3301446,0,0,0,0
1790069131.9392443,6,-2,1,-1,9917,27914,10400,16734,3301507,3301509,3301504,3301506,0,0,0,0
1790069132.1397095,-4,2,1,-3,9918,27916,10402,16734,3301567,3301569,3301564,3301566,0,0,0,0
1790069132.1397095,1,-5,2,0,9916,27918,10404,16733,3301627,3301629,3301624,3301626,0,0,0,0
1790069132.3489118,-1,-2,-2,-1,9918,27923,10407,16735,3301777,3301779,3301774,3301776,0,0,0,0
1790069132.557154,1,-3,1,0,9913,27926,10412,16732,3301807,3301809,3301804,3301806,0,0,0,0
1790069132.5623598,-1,2,1,5,9916,27925,10413,16735,3301897,3301899,3301894,3301896,0,0,0,0
1790069132.7578,1,-1,-1,-3,9923,27921,10409,16743,3301957,3301959,3301954,3301956,0,0,0,0
1790069132.7636592,0,0,-7,0,9926,27921,10408,16745,3302017,3302019,3302014,3302016,0,0,0,0
1790069132.9593234,1,-1,-1,0,9921,27926,10413,16740,3302077,3302079,3302074,3302076,0,0,0,0
1790069132.9593234,-3,-7,-5,7,9929,27920,10407,16747,3302137,3302139,3302134,3302136,0,0,0,0
1790069133.1662126,1,-14,-2,-2,9930,27920,10405,16750,3302167,3302169,3302164,3302166,0,0,0,0
1790069133.1751106,0,0,-4,0,9931,27921,10408,16750,3302257,3302259,3302254,3302256,0,0,0,0
1790069133.3686848,-3,1,0,2,9929,27919,10410,16750,3302377,3302379,3302374,3302376,0,0,0,0
1790069133.557117,0,-5,-6,0,9928,27920,10410,16750,3302437,3302439,3302434,3302436,0,0,0,0
1790069133.5629675,-5,0,3,-5,9921,27924,10415,16743,3302497,3302499,3302494,3302496,0,0,0,0
1790069133.7794554,2,-5,-8,0,9923,27920,10412,16746,3302527,3302529,3302524,3302526,0,0,0,0
1790069133.7794554,-2,9,-2,-6,9922,27916,10410,16746,3302617,3302619,3302614,3302616,0,0,0,0
1790069133.9863226,0,0,4,0,9918,27919,10414,16740,3302677,3302679,3302674,3302676,0,0,0,0
1790069134.190139,-3,-4,-4,-1,9918,27920,10415,16743,3302857,3302859,3302854,3302856,0,0,0,0
1790069134.3958414,-2,-2,-1,-1,9921,27914,10412,16750,3302977,3302979,3302974,3302976,0,0,0,0
1790069134.5621257,-1,-3,6,5,9921,27919,10414,16748,3303067,3303069,3303064,3303066,0,0,0,0
1790069134.59927,1,2,-6,-1,9924,27917,10412,16751,3303097,3303099,3303094,3303096,0,0,0,0
1790069134.8050709,0,5,7,-2,9929,27918,10413,16757,3303157,3303159,3303154,3303156,0,0,0,0
1790069135.0076332,3,4,0,-1,9939,27915,10415,16766,3303277,3303279,3303274,3303276,0,0,0,0
1790069135.0076332,0,3,1,0,9940,27921,10415,16767,3303367,3303369,3303364,3303366,0,0,0,0
1790069135.2096612,1,-2,3,2,9941,27921,10416,16769,3303427,3303429,3303424,3303426,0,0,0,0
1790069135.2234027,2,2,-1,-3,9945,27919,10415,16774,3303487,3303489,3303484,3303486,0,0,0,0
1790069135.4178405,-1,0,-2,-1,9943,27920,10419,16773,3303547,3303549,3303544,3303546,0,0,0,0
1790069135.4229276,-3,-7,1,-2,9940,27921,10422,16771,3303607,3303609,3303604,3303606,0,0,0,0
1790069135.5632312,-3,2,-1,-7,9941,27923,10424,16772,3303667,3303669,3303664,3303666,0,0,0,0
1790069135.6243818,-4,1,-1,-1,9939,27921,10424,16773,3303697,3303699,3303694,3303696,0,0,0,0
1790069135.8274229,-5,-2,4,5,9940,27919,10425,16775,3303787,3303789,3303784,3303786,0,0,0,0
1790069135.8274229,-2,0,1,0,9937,27921,10427,16774,3303847,3303849,3303844,3303846,0,0,0,0
1790069136.0343654,-6,0,0,0,9940,27920,10427,16777,3303907,3303909,3303904,3303906,0,0,0,0
1790069136.0415125,-2,1,-1,1,9938,27920,10429,16776,3303967,3303969,3303964,3303966,0,0,0,0
1790069136.2371316,-3,-3,-1,1,9940,27918,10427,16777,3303997,3303999,3303994,3303996,0,0,0,0
1790069136.2371316,-1,1,9,-1,9940,27913,10425,16779,3304027,3304029,3304024,3304026,0,0,0,0
1790069136.2430341,-2,-4,-6,1,9945,27910,10423,16783,3304087,3304089,3304084,3304086,0,0,0,0
1790069136.443741,-1,-4,-3,2,9942,27913,10426,16783,3304207,3304209,3304204,3304206,0,0,0,0
1790069136.5702844,-2,1,-3,-1,9940,27913,10426,16781,3304237,3304239,3304234,3304236,0,0,0,0
1790069136.5702844,3,-4,-2,-8,9939,27913,10428,16781,3304267,3304269,3304264,3304266,0,0,0,0
1790069136.5832138,0,-2,0,-9,9938,27915,10429,16780,3304297,3304299,3304294,3304296,0,0,0,0
1790069136.8534293,-2,-5,2,-2,9940,27913,10430,16784,3304387,3304389,3304384,3304386,0,0,0,0
1790069137.0564535,3,6,1,-1,9945,27913,10432,16792,3304507,3304509,3304504,3304506,0,0,0,0
1790069137.0564535,4,-1,2,-1,9948,27913,10430,16796,3304537,3304539,3304534,3304536,0,0,0,0
1790069137.0630805,4,2,0,-2,9948,27912,10430,16796,3304567,3304569,3304564,3304566,0,0,0,0
1790069137.2581475,-14,-2,-3,5,9948,27917,10435,16797,3304627,3304629,3304624,3304626,0,0,0,0
1790069137.4664233,1,1,1,0,9946,27922,10444,16797,3304777,3304779,3304774,3304776,0,0,0,0
1790069137.472859,-2,4,-4,1,9950,27924,10446,16802,3304837,3304839,3304834,3304836,0,0,0,0
1790069137.5832024,1,-1,-1,1,9952,27924,10446,16806,3304867,3304869,3304864,3304866,0,0,0,0
1790069137.584512,2,5,1,0,9952,27925,10449,16806,3304897,3304899,3304894,3304896,0,0,0,0
1790069137.6814241,-3,-4,-4,-3,9952,27926,10450,16806,3304927,3304929,3304924,3304926,0,0,0,0
1790069137.6814241,3,4,-2,2,9956,27924,10450,16809,3304957,3304959,3304954,3304956,0,0,0,0
1790069137.8765786,0,1,-3,4,9963,27923,10451,16817,3305017,3305019,3305014,3305016,0,0,0,0
1790069137.8852687,2,-2,-3,-2,9956,27931,10459,16814,3305077,3305079,3305074,3305076,0,0,0,0
1790069138.084185,0,0,-2,0,9967,27926,10458,16826,3305197,3305199,3305194,3305196,0,0,0,0
1790069138.2854562,5,1,1,-3,9969,27925,10460,16833,3305287,3305289,3305284,3305286,0,0,0,0
1790069138.4878902,2,-1,0,2,9972,27926,10464,16836,3305377,3305379,3305374,3305376,0,0,0,0
1790069138.4931526,1,-2,-1,2,9975,27923,10463,16840,3305437,3305439,3305434,3305436,0,0,0,0
1790069138.577141,-1,-3,-4,5,9976,27923,10464,16843,3305467,3305469,3305464,3305466,0,0,0,0
1790069138.5823028,-1,-6,1,8,9978,27921,10464,16844,3305497,3305499,3305494,3305496,0,0,0,0
1790069138.7019749,1,0,-3,-4,9979,27922,10466,16846,3305557,3305559,3305554,3305556,0,0,0,0
1790069138.8968928,0,2,-1,0,9982,27923,10465,16849,3305587,3305589,3305584,3305586,0,0,0,0
1790069138.902533,-1,-5,-4,0,9981,27923,10468,16851,3305677,3305679,3305674,3305676,0,0,0,0
1790069139.1045158,2,-1,2,-3,9981,27923,10469,16850,3305707,3305709,3305704,3305706,0,0,0,0
1790069139.3059256,-3,5,0,3,9977,27928,10476,16849,3305887,3305889,3305884,3305886,0,0,0,0
1790069139.3184254,-2,1,-3,3,9979,27927,10476,16851,3305917,3305919,3305914,3305916,0,0,0,0
1790069139.3194435,3,-4,0,3,9982,27924,10474,16855,3305947,3305949,3305944,3305946,0,0,0,0
1790069139.514412,0,2,2,3,9984,27924,10473,16858,3306007,3306009,3306004,3306006,0,0,0,0
1790069139.5211084,-2,4,-5,-4,9982,27925,10476,16856,3306067,3306069,3306064,3306066,0,0,0,0
1790069139.5827804,-3,3,-2,-4,9984,27924,10475,16857,3306097,3306099,3306094,3306096,0,0,0,0
1790069139.72207,1,1,-1,0,9986,27924,10476,16861,3306187,3306189,3306184,3306186,0,0,0,0
1790069139.9240565,0,4,-3,0,9985,27922,10476,16860,3306217,3306219,3306214,3306216,0,0,0,0
1790069139.9240565,0,-1,4,-3,9984,27923,10479,16859,3306247,3306249,3306244,3306246,0,0,0,0
1790069139.9240565,-2,-7,-3,-3,9985,27924,10479,16861,3306307,3306309,3306304,3306306,0,0,0,0
1790069140.126142,3,0,2,-1,9986,27924,10479,16862,3306337,3306339,3306334,3306336,0,0,0,0
1790069140.126142,0,-5,-2,7,9987,27923,10477,16863,3306367,3306369,3306364,3306366,0,0,0,0
1790069140.1400893,-1,-2,0,0,9991,27920,10476,16865,3306427,3306429,3306424,3306426,0,0,0,0
1790069140.3357275,-3,4,2,2,9987,27924,10479,16862,3306547,3306549,3306544,3306546,0,0,0,0
1790069140.5392535,0,-1,0,-1,9986,27924,10478,16863,3306577,3306579,3306574,3306576,0,0,0,0
1790069140.542415,-1,0,3,4,9987,27920,10477,16865,3306667,3306669,3306664,3306666,0,0,0,0
1790069140.591092,3,0,1,-1,9985,27920,10478,16862,3306697,3306699,3306694,3306696,0,0,0,0
1790069140.6034796,-2,-2,2,4,9984,27922,10481,16862,3306727,3306729,3306724,3306726,0,0,0,0
1790069140.7431593,1,0,1,-1,9984,27924,10482,16861,3306757,3306759,3306754,3306756,0,0,0,0
1790069140.7431593,-1,3,2,1,9988,27923,10481,16864,3306787,3306789,3306784,3306786,0,0,0,0
1790069140.9451,-5,0,1,0,9991,27919,10478,16869,3306817,3306819,3306814,3306816,0,0,0,0
1790069140.9513996,-3,3,-1,-4,9998,27919,10476,16874,3306877,3306879,3306874,3306876,0,0,0,0
1790069140.9639497,0,2,-3,1,9993,27920,10478,16870,3306937,3306939,3306934,3306936,0,0,0,0
1790069141.1530368,0,3,-2,-4,9992,27920,10479,16869,3306967,3306969,3306964,3306966,0,0,0,0
1790069141.159952,-3,-1,-3,-3,9994,27918,10477,16873,3307057,3307059,3307054,3307056,0,0,0,0
1790069141.3542383,-1,-2,5,2,9995,27918,10476,16872,3307117,3307119,3307114,3307116,0,0,0,0
1790069141.36253,0,6,8,-1,9991,27921,10482,16868,3307177,3307179,3307174,3307176,0,0,0,0
1790069141.562908,-2,4,5,-1,9992,27921,10480,16870,3307207,3307209,3307204,3307206,0,0,0,0
1790069141.562908,-1,-7,-4,-4,9999,27913,10475,16877,3307297,3307299,3307294,3307296,0,0,0,0
1790069141.7637048,-3,3,0,-4,9999,27914,10475,16876,3307327,3307329,3307324,3307326,0,0,0,0
1790069141.7715285,0,-4,1,2,9993,27916,10478,16871,3307387,3307389,3307384,3307386,0,0,0,0
1790069141.7831416,1,9,3,16,9991,27915,10477,16871,3307417,3307419,3307414,3307416,0,0,0,0
1790069141.9722607,-1,0,-3,3,9994,27914,10477,16875,3307447,3307449,3307444,3307446,0,0,0,0
1790069141.9722607,1,-2,1,5,9994,27916,10478,16874,3307507,3307509,3307504,3307506,0,0,0,0
1790069142.0619297,-3,-1,-2,-8,9993,27914,10478,16873,3307567,3307569,3307564,3307566,0,0,0,0
1790069142.0626383,0,1,-4,-3,9991,27914,10478,16873,3307597,3307599,3307594,3307596,0,0,0,0
1790069142.1730168,0,-4,-2,-3,9990,27916,10479,16872,3307627,3307629,3307624,3307626,0,0,0,0
1790069142.1730168,4,0,1,-8,9989,27915,10480,16871,3307657,3307659,3307654,3307656,0,0,0,0
1790069142.3806615,0,-6,-3,-4,9991,27913,10480,16872,3307687,3307689,3307684,3307686,0,0,0,0
1790069142.38216,2,0,-3,-6,9989,27915,10479,16872,3307777,3307779,3307774,3307776,0,0,0,0
1790069142.5837526,-3,1,8,-7,9988,27919,10482,16870,3307807,3307809,3307804,3307806,0,0,0,0
1790069142.5837526,-3,-2,-2,21,9993,27917,10482,16875,3307897,3307899,3307894,3307896,0,0,0,0
1790069142.7909687,-2,-2,0,-7,9992,27918,10483,16875,3307927,3307929,3307924,3307926,0,0,0,0
1790069142.792324,-7,0,-6,-1,9989,27918,10484,16872,3307987,3307989,3307984,3307986,0,0,0,0
1790069142.8058612,-2,-8,-3,-3,9990,27918,10482,16872,3308017,3308019,3308014,3308016,0,0,0,0
1790069142.9929662,-1,-3,-13,2,9990,27917,10484,16873,3308047,3308049,3308044,3308046,0,0,0,0
1790069142.9993668,2,3,0,-4,9994,27913,10481,16876,3308137,3308139,3308134,3308136,0,0,0,0
1790069143.2013233,1,6,-5,-5,9995,27912,10479,16877,3308167,3308169,3308164,3308166,0,0,0,0
1790069143.2013233,-2,-2,3,-4,9989,27916,10482,16874,3308257,3308259,3308254,3308256,0,0,0,0
1790069143.4037414,0,1,0,1,9990,27917,10484,16872,3308287,3308289,3308284,3308286,0,0,0,0
1790069143.4080093,4,1,1,0,9993,27914,10481,16875,3308377,3308379,3308374,3308376,0,0,0,0
1790069143.521182,0,0,1,-3,9987,27917,10485,16870,3308437,3308439,3308434,3308436,0,0,0,0
1790069143.5348523,-3,0,-6,1,9989,27916,10484,16871,3308497,3308499,3308494,3308496,0,0,0,0
1790069143.6034226,-1,4,2,0,9993,27914,10481,16875,3308527,3308529,3308524,3308526,0,0,0,0
1790069143.8126447,-2,4,-3,3,9990,27914,10481,16874,3308647,3308649,3308644,3308646,0,0,0,0
1790069144.0192468,-1,1,-1,-6,9989,27916,10482,16872,3308677,3308679,3308674,3308676,0,0,0,0
1790069144.0205822,-1,-8,1,0,9989,27917,10482,16871,3308707,3308709,3308704,3308706,0,0,0,0
1790069144.0205822,-2,1,-3,-2,9993,27911,10480,16876,3308767,3308769,3308764,3308766,0,0,0,0
1790069144.2221086,-5,1,0,5,9996,27909,10477,16879,3308797,3308799,3308794,3308796,0,0,0,0
1790069144.2221086,-4,5,4,-5,9990,27917,10482,16873,3308857,3308859,3308854,3308856,0,0,0,0
1790069144.429929,-1,2,3,2,9985,27919,10484,16869,3308917,3308919,3308914,3308916,0,0,0,0
1790069144.4303539,0,0,-3,0,9998,27915,10479,16881,3309007,3309009,3309004,3309006,0,0,0,0
1790069144.6038876,-2,-3,0,3,9998,27912,10480,16881,3309037,3309039,3309034,3309036,0,0,0,0
1790069144.6038876,-3,6,-2,-10,9995,27916,10484,16880,3309097,3309099,3309094,3309096,0,0,0,0
1790069144.6230335,6,2,1,4,9998,27918,10486,16882,3309127,3309129,3309124,3309126,0,0,0,0
1790069144.8393207,6,-1,1,1,9999,27918,10485,16884,3309157,3309159,3309154,3309156,0,0,0,0
1790069144.840033,0,-2,3,4,10002,27920,10486,16886,3309247,3309249,3309244,3309246,0,0,0,0
1790069145.041009,-2,3,0,6,10000,27920,10487,16885,3309277,3309279,3309274,3309276,0,0,0,0
1790069145.041009,4,2,-3,6,10004,27924,10489,16886,3309307,3309309,3309304,3309306,0,0,0,0
1790069145.2486582,-4,3,1,-1,10005,27922,10494,16892,3309427,3309429,3309424,3309426,0,0,0,0
1790069145.2496994,4,0,1,1,10017,27912,10488,16904,3309517,3309519,3309514,3309516,0,0,0,0
1790069145.4509978,1,4,-1,2,10017,27919,10489,16905,3309547,3309549,3309544,3309546,0,0,0,0
1790069145.4509978,3,-2,4,-6,10016,27919,10492,16905,3309637,3309639,3309634,3309636,0,0,0,0
1790069145.6032345,2,4,-1,4,10020,27918,10491,16908,3309697,3309699,3309694,3309696,0,0,0,0
1790069145.6229067,5,-1,0,4,10019,27919,10492,16909,3309727,3309729,3309724,3309726,0,0,0,0
1790069145.6518946,5,-1,0,4,10019,27919,10492,16909,3309727,3309729,3309724,3309726,0,0,0,0
1790069145.860865,-2,3,0,0,10019,27917,10493,16909,3309787,3309789,3309784,3309786,0,0,0,0
1790069145.860865,3,-1,2,1,10025,27917,10490,16916,3309877,3309879,3309874,3309876,0,0,0,0
1790069146.06844,-1,-2,-3,1,10023,27918,10492,16917,3309967,3309969,3309964,3309966,0,0,0,0
1790069146.068793,-1,-2,1,2,10027,27917,10491,16920,3309997,3309999,3309994,3309996,0,0,0,0
1790069146.2704303,-1,0,2,-2,10031,27916,10489,16923,3310027,3310029,3310024,3310026,0,0,0,0
1790069146.2704303,-3,-3,4,1,10030,27919,10493,16923,3310117,3310119,3310114,3310116,0,0,0,0
1790069146.4767115,3,4,2,-3,10031,27918,10492,16924,3310177,3310179,3310174,3310176,0,0,0,0
1790069146.4797134,-4,1,0,3,10029,27917,10491,16922,3310207,3310209,3310204,3310206,0,0,0,0
1790069146.4848773,-1,3,0,3,10030,27916,10492,16924,3310237,3310239,3310234,3310236,0,0,0,0
1790069146.6139898,0,-4,5,0,10033,27914,10491,16928,3310267,3310269,3310264,3310266,0,0,0,0
1790069146.6159923,2,-2,-1,-1,10039,27913,10488,16932,3310327,3310329,3310324,3310326,0,0,0,0
1790069146.6829855,4,-1,1,-1,10038,27913,10489,16932,3310357,3310359,3310354,3310356,0,0,0,0
1790069146.881796,1,2,4,2,10035,27917,10492,16929,3310417,3310419,3310414,3310416,0,0,0,0
1790069146.8898544,-3,3,-7,1,10033,27917,10494,16928,3310477,3310479,3310474,3310476,0,0,0,0
1790069146.8898544,-6,-1,7,0,10033,27914,10494,16928,3310507,3310509,3310504,3310506,0,0,0,0
1790069147.0819025,-4,1,-2,1,10036,27914,10493,16931,3310567,3310569,3310564,3310566,0,0,0,0
1790069147.0963914,1,-4,2,-1,10038,27911,10492,16933,3310597,3310599,3310594,3310596,0,0,0,0
1790069147.0963914,-2,-4,-2,2,10035,27914,10495,16932,3310627,3310629,3310624,3310626,0,0,0,0
1790069147.2857997,-1,3,1,-3,10032,27915,10496,16928,3310687,3310689,3310684,3310686,0,0,0,0
1790069147.3018641,3,-2,0,1,10034,27915,10495,16931,3310717,3310719,3310714,3310716,0,0,0,0
1790069147.499771,-6,7,0,0,10032,27911,10494,16931,3310747,3310749,3310744,3310746,0,0,0,0
1790069147.499771,5,-1,4,-5,10033,27913,10494,16930,3310777,3310779,3310774,3310776,0,0,0,0
1790069147.5047863,-6,-1,3,-1,10031,27913,10494,16930,3310837,3310839,3310834,3310836,0,0,0,0
1790069147.6724355,5,-3,-2,-5,10034,27913,10495,16931,3310867,3310869,3310864,3310866,0,0,0,0
1790069147.6724355,-3,-2,0,1,10029,27910,10496,16928,3310927,3310929,3310924,3310926,0,0,0,0
1790069147.683113,-9,1,0,-1,10030,27911,10495,16928,3310957,3310959,3310954,3310956,0,0,0,0
1790069148.1169536,1,-3,-2,-3,10030,27910,10494,16928,3310987,3310989,3310984,3310986,0,0,0,0
1790069148.1169536,-2,-4,-3,0,10034,27910,10493,16931,3311017,3311019,3311014,3311016,0,0,0,0
1790069148.1169536,-4,-7,-3,-5,10040,27905,10491,16939,3311197,3311199,3311194,3311196,0,0,0,0
1790069148.1231372,-3,-4,-1,-2,10040,27906,10490,16939,3311227,3311229,3311224,3311226,0,0,0,0
1790069148.3182304,0,1,0,2,10040,27904,10490,16940,3311287,3311289,3311284,3311286,0,0,0,0
1790069148.3182304,-9,0,6,6,10038,27904,10489,16939,3311317,3311319,3311314,3311316,0,0,0,0
1790069148.5137,-8,-2,4,-1,10034,27906,10493,16936,3311347,3311349,3311344,3311346,0,0,0,0
1790069148.5137,-1,3,-2,-3,10035,27906,10495,16937,3311437,3311439,3311434,3311436,0,0,0,0
1790069148.5295734,-1,-4,3,-2,10039,27901,10494,16940,3311467,3311469,3311464,3311466,0,0,0,0
1790069148.6767774,-3,-5,-2,-3,10040,27904,10492,16943,3311527,3311529,3311524,3311526,0,0,0,0
1790069148.6777792,-3,-5,-2,-3,10040,27904,10492,16943,3311527,3311529,3311524,3311526,0,0,0,0
1790069148.7303662,2,0,0,3,10037,27907,10498,16942,3311587,3311589,3311584,3311586,0,0,0,0
1790069148.741922,-1,-1,-3,4,10041,27905,10495,16945,3311617,3311619,3311614,3311616,0,0,0,0
1790069148.9305058,-2,-1,1,-2,10047,27899,10492,16951,3311677,3311679,3311674,3311676,0,0,0,0
1790069148.9423134,-4,-4,-2,-4,10049,27898,10492,16953,3311707,3311709,3311704,3311706,0,0,0,0
1790069149.139232,-2,1,1,3,10049,27900,10493,16952,3311737,3311739,3311734,3311736,0,0,0,0
1790069149.140787,-1,-1,0,-3,10044,27908,10500,16947,3311827,3311829,3311824,3311826,0,0,0,0
1790069149.3451688,-3,1,-3,-7,10043,27908,10501,16946,3311857,3311859,3311854,3311856,0,0,0,0
1790069149.3481832,2,2,-2,-8,10048,27903,10498,16953,3311917,3311919,3311914,3311916,0,0,0,0
1790069149.3565664,-3,2,0,4,10046,27902,10497,16952,3311947,3311949,3311944,3311946,0,0,0,0
1790069149.3595364,-2,-1,0,-4,10041,27905,10499,16948,3311977,3311979,3311974,3311976,0,0,0,0
1790069149.5463214,-2,-1,-1,-5,10041,27905,10502,16948,3312007,3312009,3312004,3312006,0,0,0,0
1790069149.5463214,1,-2,-2,-2,10043,27907,10501,16947,3312037,3312039,3312034,3312036,0,0,0,0
1790069149.5635574,-2,-4,3,1,10046,27905,10499,16950,3312067,3312069,3312064,3312066,0,0,0,0
1790069149.5635574,1,2,-1,-2,10046,27903,10498,16952,3312097,3312099,3312094,3312096,0,0,0,0
1790069149.6812704,4,-2,1,-4,10048,27902,10497,16954,3312127,3312129,3312124,3312126,0,0,0,0
1790069149.7625065,0,-2,0,2,10048,27901,10497,16954,3312187,3312189,3312184,3312186,0,0,0,0
1790069149.7625065,-1,3,-2,1,10049,27904,10499,16956,3312217,3312219,3312214,3312216,0,0,0,0
1790069149.9596415,1,1,-2,-6,10052,27902,10497,16958,3312277,3312279,3312274,3312276,0,0,0,0
1790069149.9625754,2,2,-1,-1,10054,27898,10495,16962,3312307,3312309,3312304,3312306,0,0,0,0
1790069150.1588686,4,0,2,-3,10057,27898,10494,16964,3312337,3312339,3312334,3312336,0,0,0,0
1790069150.1659582,-2,3,-2,-3,10055,27902,10498,16965,3312397,3312399,3312394,3312396,0,0,0,0
1790069150.1743813,-1,-1,-4,-5,10050,27907,10502,16961,3312427,3312429,3312424,3312426,0,0,0,0
1790069150.3670592,0,2,-3,-2,10056,27905,10500,16965,3312517,3312519,3312514,3312516,0,0,0,0
1790069150.379498,-4,1,-1,-1,10058,27903,10498,16968,3312547,3312549,3312544,3312546,0,0,0,0
1790069150.379498,3,-2,4,-6,10059,27903,10500,16969,3312577,3312579,3312574,3312576,0,0,0,0
1790069150.5747218,4,0,0,4,10059,27907,10503,16970,3312637,3312639,3312634,3312636,0,0,0,0
1790069150.5807939,2,1,-2,1,10063,27906,10502,16974,3312727,3312729,3312724,3312726,0,0,0,0
1790069150.6873665,2,5,1,0,10068,27903,10501,16982,3312787,3312789,3312784,3312786,0,0,0,0
1790069150.7820983,4,-3,-2,4,10071,27900,10501,16985,3312817,3312819,3312814,3312816,0,0,0,0
1790069150.9843671,4,-1,-4,0,10079,27894,10496,16994,3312907,3312909,3312904,3312906,0,0,0,0
1790069150.9910264,1,1,0,-9,10076,27896,10501,16992,3312937,3312939,3312934,3312936,0,0,0,0
1790069151.1875687,2,2,0,3,10069,27904,10507,16984,3312997,3312999,3312994,3312996,0,0,0,0
1790069151.1875687,-1,2,3,3,10070,27904,10508,16987,3313027,3313029,3313024,3313026,0,0,0,0
1790069151.2009566,4,-3,2,-1,10074,27900,10505,16991,3313057,3313059,3313054,3313056,0,0,0,0
1790069151.202967,3,7,4,6,10078,27899,10502,16994,3313087,3313089,3313084,3313086,0,0,0,0
1790069151.3939116,-5,2,-2,-1,10077,27896,10502,16995,3313117,3313119,3313114,3313116,0,0,0,0
1790069151.3939116,2,-2,-3,0,10078,27898,10502,16997,3313147,3313149,3313144,3313146,0,0,0,0
1790069151.4018567,-2,4,0,0,10080,27898,10503,16998,3313207,3313209,3313204,3313206,0,0,0,0
1790069151.5977259,-1,4,-3,-2,10080,27896,10504,16999,3313237,3313239,3313234,3313236,0,0,0,0
1790069151.5977259,5,-6,-2,-4,10078,27896,10504,16997,3313267,3313269,3313264,3313266,0,0,0,0
1790069151.6015837,0,2,-2,0,10079,27900,10506,16998,3313297,3313299,3313294,3313296,0,0,0,0
1790069151.6851237,4,4,-1,-6,10077,27897,10506,16998,3313327,3313329,3313324,3313326,0,0,0,0
1790069151.6884806,-3,-6,4,1,10078,27897,10506,16998,3313357,3313359,3313354,3313356,0,0,0,0
1790069151.801727,1,0,8,-3,10079,27898,10507,16999,3313387,3313389,3313384,3313386,0,0,0,0
1790069151.8037999,-3,5,-3,-1,10080,27902,10507,17000,3313417,3313419,3313414,3313416,0,0,0,0
1790069152.0066926,1,-3,-1,3,10079,27900,10507,16999,3313447,3313449,3313444,3313446,0,0,0,0
1790069152.0076902,-1,0,-2,0,10080,27902,10508,17001,3313507,3313509,3313504,3313506,0,0,0,0
1790069152.2122996,-1,4,-3,-5,10083,27896,10506,17006,3313567,3313569,3313564,3313566,0,0,0,0
1790069152.212737,-4,6,0,-3,10088,27896,10507,17009,3313657,3313659,3313654,3313656,0,0,0,0
1790069152.4168355,-3,-3,1,-5,10088,27900,10509,17010,3313777,3313779,3313774,3313776,0,0,0,0
1790069152.7001538,5,1,2,-1,10089,27903,10510,17009,3313837,3313839,3313834,3313836,0,0,0,0
1790069152.7001538,2,3,-1,-7,10090,27900,10508,17010,3313867,3313869,3313864,3313866,0,0,0,0
1790069152.7001538,5,-2,-15,4,10094,27898,10506,17014,3313897,3313899,3313894,3313896,0,0,0,0
1790069152.7001538,-3,-4,-3,1,10097,27899,10508,17020,3313957,3313959,3313954,3313956,0,0,0,0
1790069152.8263245,2,-1,1,1,10100,27898,10512,17026,3314047,3314049,3314044,3314046,0,0,0,0
1790069152.9513826,0,-2,-3,-1,10101,27897,10514,17027,3314077,3314079,3314074,3314076,0,0,0,0
1790069152.953364,-3,-1,1,-3,10102,27903,10515,17026,3314137,3314139,3314134,3314136,0,0,0,0
1790069153.0293543,0,-6,1,0,10104,27902,10514,17030,3314167,3314169,3314164,3314166,0,0,0,0
1790069153.0396042,-4,-1,-3,1,10107,27898,10513,17034,3314197,3314199,3314194,3314196,0,0,0,0
1790069153.2368314,8,-2,1,2,10112,27897,10514,17040,3314257,3314259,3314254,3314256,0,0,0,0
1790069153.2423368,4,1,1,-3,10107,27901,10520,17037,3314317,3314319,3314314,3314316,0,0,0,0
1790069153.4416,2,1,1,-2,10115,27896,10517,17048,3314407,3314409,3314404,3314406,0,0,0,0
1790069153.6428077,-1,1,-7,0,10116,27896,10516,17048,3314437,3314439,3314434,3314436,0,0,0,0
1790069153.6497407,0,2,0,2,10117,27896,10518,17049,3314467,3314469,3314464,3314466,0,0,0,0
1790069153.6497407,-1,-1,3,-1,10115,27899,10521,17046,3314527,3314529,3314524,3314526,0,0,0,0
1790069153.6634097,2,0,-2,8,10115,27903,10522,17047,3314557,3314559,3314554,3314556,0,0,0,0
1790069153.8444278,-2,0,-1,-1,10114,27901,10523,17047,3314587,3314589,3314584,3314586,0,0,0,0
1790069153.8512151,0,-9,0,-3,10118,27900,10523,17052,3314647,3314649,3314644,3314646,0,0,0,0
1790069153.8580012,-1,5,2,1,10118,27901,10524,17052,3314677,3314679,3314674,3314676,0,0,0,0
1790069154.0526562,1,0,2,2,10116,27899,10524,17052,3314737,3314739,3314734,3314736,0,0,0,0
1790069154.0595932,-1,-6,3,2,10118,27898,10524,17052,3314767,3314769,3314764,3314766,0,0,0,0
1790069154.2538528,3,1,-2,2,10119,27897,10522,17053,3314797,3314799,3314794,3314796,0,0,0,0
1790069154.2610364,5,1,1,1,10122,27895,10523,17060,3314857,3314859,3314854,3314856,0,0,0,0
1790069154.2610364,0,2,7,-2,10125,27892,10521,17061,3314887,3314889,3314884,3314886,0,0,0,0
1790069154.4650652,-2,-1,-2,1,10124,27894,10521,17062,3314917,3314919,3314914,3314916,0,0,0,0
1790069154.4650652,-1,-1,2,-1,10120,27899,10527,17059,3314977,3314979,3314974,3314976,0,0,0,0
1790069154.4650652,-1,0,0,7,10120,27898,10528,17060,3315037,3315039,3315034,3315036,0,0,0,0
1790069154.668574,-3,0,1,3,10124,27894,10525,17064,3315097,3315099,3315094,3315096,0,0,0,0
1790069154.668574,3,-1,-3,0,10123,27894,10526,17064,3315127,3315129,3315124,3315126,0,0,0,0
1790069154.668574,7,7,2,-3,10123,27895,10526,17064,3315157,3315159,3315154,3315156,0,0,0,0
1790069154.8597205,4,2,0,1,10125,27895,10526,17064,3315187,3315189,3315184,3315186,0,0,0,0
1790069154.8754723,4,5,1,2,10123,27899,10532,17064,3315277,3315279,3315274,3315276,0,0,0,0
1790069154.8754723,4,-3,-2,-2,10125,27896,10531,17067,3315307,3315309,3315304,3315306,0,0,0,0
1790069155.0800967,3,5,-5,-7,10129,27896,10531,17071,3315397,3315399,3315394,3315396,0,0,0,0
1790069155.2831664,3,2,1,-1,10129,27895,10532,17072,3315427,3315429,3315424,3315426,0,0,0,0
1790069155.285176,-2,-4,0,4,10137,27894,10533,17083,3315547,3315549,3315544,3315546,0,0,0,0
1790069155.4914804,-2,-1,0,3,10133,27896,10538,17081,3315607,3315609,3315604,3315606,0,0,0,0
1790069155.502976,3,3,-1,1,10138,27896,10538,17089,3315667,3315669,3315664,3315666,0,0,0,0
1790069155.6947956,5,0,4,-3,10142,27893,10539,17093,3315727,3315729,3315724,3315726,0,0,0,0
1790069155.7018993,1,4,-2,5,10147,27892,10537,17103,3315787,3315789,3315784,3315786,0,0,0,0
1790069155.8949838,0,0,6,1,10146,27894,10544,17102,3315847,3315849,3315844,3315846,0,0,0,0
1790069155.8949838,2,0,0,1,10148,27893,10545,17104,3315877,3315879,3315874,3315876,0,0,0,0
1790069155.8949838,2,-3,4,0,10151,27891,10541,17108,3315907,3315909,3315904,3315906,0,0,0,0
1790069156.09536,0,3,6,6,10156,27887,10541,17116,3315967,3315969,3315964,3315966,0,0,0,0
1790069156.3127468,-1,-3,-1,-2,10158,27889,10550,17123,3316087,3316089,3316084,3316086,0,0,0,0
1790069156.316765,2,0,-2,0,10158,27889,10551,17127,3316147,3316149,3316144,3316146,0,0,0,0
1790069156.49994,4,0,4,-3,10159,27889,10553,17125,3316207,3316209,3316204,3316206,0,0,0,0
1790069156.5155785,5,2,0,-1,10164,27887,10550,17133,3316267,3316269,3316264,3316266,0,0,0,0
1790069156.7069383,1,3,-3,0,10171,27884,10548,17140,3316327,3316329,3316324,3316326,0,0,0,0
1790069156.7069383,4,2,-1,-1,10170,27882,10553,17143,3316387,3316389,3316384,3316386,0,0,0,0
1790069156.9171424,-2,5,-3,-2,10174,27883,10557,17148,3316477,3316479,3316474,3316476,0,0,0,0
1790069157.1213946,3,5,2,-2,10173,27883,10558,17149,3316507,3316509,3316504,3316506,0,0,0,0
1790069157.1285233,-1,-1,-7,-3,10172,27885,10562,17151,3316627,3316629,3316624,3316626,0,0,0,0
1790069157.3299754,-3,3,2,-6,10178,27880,10561,17157,3316687,3316689,3316684,3316686,0,0,0,0
1790069157.3299754,6,1,-2,-3,10182,27881,10558,17160,3316717,3316719,3316714,3316716,0,0,0,0
1790069157.3369052,-3,-1,1,1,10184,27880,10560,17163,3316747,3316749,3316744,3316746,0,0,0,0
1790069157.5313694,-4,-2,-1,-2,10194,27873,10558,17176,3316837,3316839,3316834,3316836,0,0,0,0
1790069157.5383446,-2,-11,-4,-4,10194,27874,10558,17175,3316867,3316869,3316864,3316866,0,0,0,0
1790069157.7327683,-4,5,4,-3,10193,27876,10565,17178,3316897,3316899,3316894,3316896,0,0,0,0
1790069157.7327683,-2,4,-1,-3,10195,27877,10566,17181,3316987,3316989,3316984,3316986,0,0,0,0
1790069157.9327066,-4,-5,0,-3,10195,27879,10568,17181,3317017,3317019,3317014,3317016,0,0,0,0
1790069157.9327066,2,8,0,-3,10195,27878,10572,17183,3317077,3317079,3317074,3317076,0,0,0,0
1790069157.948438,1,1,-1,-1,10198,27879,10570,17184,3317107,3317109,3317104,3317106,0,0,0,0
1790069158.1384778,-2,-1,3,1,10199,27877,10570,17187,3317137,3317139,3317134,3317136,0,0,0,0
1790069158.1384778,-2,-7,-1,-4,10200,27880,10577,17189,3317197,3317199,3317194,3317196,0,0,0,0
1790069158.154332,-4,2,-2,-6,10200,27879,10576,17190,3317227,3317229,3317224,3317226,0,0,0,0
1790069158.343494,0,2,-6,-7,10204,27876,10575,17196,3317257,3317259,3317254,3317256,0,0,0,0
1790069158.3567808,3,-1,-1,-8,10207,27873,10575,17198,3317287,3317289,3317284,3317286,0,0,0,0
1790069158.3585489,2,-3,-3,2,10212,27879,10583,17206,3317377,3317379,3317374,3317376,0,0,0,0
1790069158.5599053,-2,-7,1,1,10216,27878,10587,17215,3317497,3317499,3317494,3317496,0,0,0,0
1790069158.7394543,0,1,-4,-5,10216,27879,10589,17214,3317527,3317529,3317524,3317526,0,0,0,0
1790069158.74448,1,0,-2,-2,10221,27879,10588,17221,3317617,3317619,3317614,3317616,0,0,0,0
1790069158.962414,-2,-2,3,-2,10221,27879,10589,17221,3317647,3317649,3317644,3317646,0,0,0,0
1790069158.962414,2,2,1,1,10221,27881,10591,17221,3317737,3317739,3317734,3317736,0,0,0,0
1790069159.1650999,2,4,-1,0,10226,27882,10592,17225,3317797,3317799,3317794,3317796,0,0,0,0
1790069159.181096,4,10,2,-3,10227,27882,10591,17227,3317857,3317859,3317854,3317856,0,0,0,0
1790069159.3717678,-4,1,-4,-7,10225,27885,10594,17225,3317887,3317889,3317884,3317886,0,0,0,0
1790069159.3717678,2,-2,-3,-4,10222,27889,10601,17225,3317947,3317949,3317944,3317946,0,0,0,0
1790069159.3717678,1,-4,-2,-2,10227,27886,10599,17228,3317977,3317979,3317974,3317976,0,0,0,0
1790069159.5258102,4,0,1,-3,10233,27883,10595,17235,3318007,3318009,3318004,3318006,0,0,0,0
1790069159.5258102,-1,1,3,-3,10237,27879,10592,17240,3318067,3318069,3318064,3318066,0,0,0,0
1790069159.541562,-2,5,2,-4,10238,27881,10594,17241,3318097,3318099,3318094,3318096,0,0,0,0
1790069159.7462933,-1,1,-3,1,10238,27882,10595,17241,3318127,3318129,3318124,3318126,0,0,0,0
1790069159.7462933,5,-2,-3,0,10237,27883,10596,17240,3318157,3318159,3318154,3318156,0,0,0,0
1790069159.7462933,-1,3,3,1,10236,27885,10598,17239,3318187,3318189,3318184,3318186,0,0,0,0
1790069159.7625034,2,1,2,-2,10235,27885,10599,17240,3318217,3318219,3318214,3318216,0,0,0,0
1790069159.9792802,-1,0,-2,-1,10235,27885,10598,17240,3318247,3318249,3318244,3318246,0,0,0,0
1790069159.994983,1,-3,5,4,10237,27882,10598,17241,3318337,3318339,3318334,3318336,0,0,0,0
1790069160.0018773,0,-3,0,-4,10238,27882,10599,17242,3318367,3318369,3318364,3318366,0,0,0,0
1790069160.1852853,3,1,-2,3,10239,27884,10600,17243,3318397,3318399,3318394,3318396,0,0,0,0
1790069160.2020812,-4,-2,2,-5,10235,27884,10601,17242,3318487,3318489,3318484,3318486,0,0,0,0
1790069160.4033263,0,-4,-2,3,10232,27884,10603,17241,3318517,3318519,3318514,3318516,0,0,0,0
1790069160.4043424,-1,1,0,1,10231,27886,10605,17240,3318547,3318549,3318544,3318546,0,0,0,0
1790069160.4053273,-6,1,0,1,10235,27882,10601,17243,3318607,3318609,3318604,3318606,0,0,0,0
1790069160.602889,0,1,-5,-4,10238,27878,10599,17246,3318637,3318639,3318634,3318636,0,0,0,0
1790069160.602889,-3,-3,3,4,10244,27878,10595,17249,3318727,3318729,3318724,3318726,0,0,0,0
1790069160.743761,-3,0,-1,0,10243,27880,10598,17247,3318757,3318759,3318754,3318756,0,0,0,0
1790069160.7596226,5,3,-1,0,10231,27890,10610,17239,3318817,3318819,3318814,3318816,0,0,0,0
1790069160.8239841,0,-3,-2,-1,10228,27888,10611,17239,3318847,3318849,3318844,3318846,0,0,0,0
1790069161.017727,1,2,3,-1,10232,27884,10608,17241,3318877,3318879,3318874,3318876,0,0,0,0
1790069161.2190826,-1,-5,-4,-1,10239,27876,10600,17250,3318997,3318999,3318994,3318996,0,0,0,0
1790069161.2249198,-2,10,0,1,10234,27883,10608,17244,3319087,3319089,3319084,3319086,0,0,0,0
1790069161.4266288,-1,1,-3,2,10234,27883,10607,17245,3319147,3319149,3319144,3319146,0,0,0,0
1790069161.4405262,-2,-2,-4,1,10234,27877,10606,17246,3319177,3319179,3319174,3319176,0,0,0,0
1790069161.4405262,-4,1,2,-4,10238,27875,10603,17249,3319207,3319209,3319204,3319206,0,0,0,0
1790069161.6286907,-2,-4,-2,5,10239,27876,10602,17251,3319237,3319239,3319234,3319236,0,0,0,0
1790069161.6286907,2,2,1,-4,10237,27877,10604,17249,3319267,3319269,3319264,3319266,0,0,0,0
1790069161.6426618,1,2,0,-4,10233,27878,10609,17245,3319327,3319329,3319324,3319326,0,0,0,0
1790069161.753093,-3,-1,-6,1,10234,27880,10609,17247,3319357,3319359,3319354,3319356,0,0,0,0
1790069161.753093,-2,0,-4,-1,10236,27878,10606,17248,3319387,3319389,3319384,3319386,0,0,0,0
1790069161.8364358,2,-2,2,2,10237,27878,10607,17248,3319417,3319419,3319414,3319416,0,0,0,0
1790069161.84327,2,-3,-2,1,10235,27878,10608,17247,3319447,3319449,3319444,3319446,0,0,0,0
1790069162.0379176,-2,0,-1,-4,10235,27878,10609,17247,3319477,3319479,3319474,3319476,0,0,0,0
1790069162.0379176,-4,2,-1,0,10236,27878,10608,17249,3319507,3319509,3319504,3319506,0,0,0,0
1790069162.0521138,-4,10,-4,2,10238,27876,10607,17251,3319537,3319539,3319534,3319536,0,0,0,0
1790069162.0521138,-5,4,2,-3,10239,27878,10609,17251,3319567,3319569,3319564,3319566,0,0,0,0
1790069162.2466097,-1,0,-3,-1,10235,27881,10613,17249,3319627,3319629,3319624,3319626,0,0,0,0
1790069162.2567542,3,-1,-4,3,10239,27877,10611,17252,3319687,3319689,3319684,3319686,0,0,0,0
1790069162.4508495,0,-2,-2,0,10247,27873,10607,17261,3319747,3319749,3319744,3319746,0,0,0,0
1790069162.4518504,-5,2,0,-2,10246,27873,10608,17261,3319777,3319779,3319774,3319776,0,0,0,0
1790069162.459454,0,-4,2,-3,10244,27874,10611,17260,3319807,3319809,3319804,3319806,0,0,0,0
1790069162.4599597,2,-10,-3,-2,10243,27876,10612,17259,3319837,3319839,3319834,3319836,0,0,0,0
1790069162.64171,1,-6,0,-1,10242,27879,10613,17257,3319867,3319869,3319864,3319866,0,0,0,0
1790069162.6577556,-3,0,-1,-3,10241,27881,10616,17255,3319927,3319929,3319924,3319926,0,0,0,0
1790069162.6577556,-1,-5,-1,-3,10240,27878,10616,17256,3319957,3319959,3319954,3319956,0,0,0,0
1790069162.7623086,0,-4,-2,-4,10243,27877,10615,17258,3319987,3319989,3319984,3319986,0,0,0,0
1790069162.7639,-2,-1,-1,-2,10248,27875,10611,17262,3320017,3320019,3320014,3320016,0,0,0,0
1790069162.857815,-5,1,3,-2,10249,27874,10609,17265,3320047,3320049,3320044,3320046,0,0,0,0
1790069162.857815,-2,1,0,-4,10250,27876,10611,17263,3320077,3320079,3320074,3320076,0,0,0,0
1790069163.0675008,-1,-6,-2,1,10248,27879,10616,17265,3320167,3320169,3320164,3320166,0,0,0,0
1790069163.2672715,-1,-2,2,-1,10248,27881,10616,17265,3320227,3320229,3320224,3320226,0,0,0,0
1790069163.2672715,-2,1,-3,-1,10248,27882,10618,17265,3320287,3320289,3320284,3320286,0,0,0,0
1790069163.4670722,-3,2,-1,3,10249,27882,10620,17266,3320437,3320439,3320434,3320436,0,0,0,0
1790069163.675634,-3,-5,0,2,10254,27879,10615,17270,3320467,3320469,3320464,3320466,0,0,0,0
1790069163.675634,-2,-1,2,-2,10255,27878,10615,17271,3320527,3320529,3320524,3320526,0,0,0,0
1790069163.675634,-1,1,-5,-2,10254,27882,10618,17269,3320557,3320559,3320554,3320556,0,0,0,0
1790069163.7552845,0,-5,3,3,10249,27884,10622,17267,3320587,3320589,3320584,3320586,0,0,0,0
1790069163.7552845,-4,0,-6,-3,10250,27885,10622,17267,3320617,3320619,3320614,3320616,0,0,0,0
1790069163.8822298,2,-3,1,8,10250,27882,10621,17269,3320677,3320679,3320674,3320676,0,0,0,0
1790069164.0880797,-1,-1,-5,1,10252,27882,10621,17268,3320707,3320709,3320704,3320706,0,0,0,0
1790069164.0880797,-4,-6,2,0,10252,27879,10618,17269,3320767,3320769,3320764,3320766,0,0,0,0
1790069164.1038218,2,-3,-17,-1,10254,27878,10616,17270,3320797,3320799,3320794,3320796,0,0,0,0
1790069164.292928,-5,-1,-3,-1,10255,27877,10617,17271,3320827,3320829,3320824,3320826,0,0,0,0
1790069164.294937,0,6,0,-4,10254,27880,10617,17270,3320887,3320889,3320884,3320886,0,0,0,0
1790069164.3009546,2,2,-6,1,10254,27879,10616,17270,3320917,3320919,3320914,3320916,0,0,0,0
1790069164.4995635,2,-6,-4,-1,10250,27884,10622,17266,3321007,3321009,3321004,3321006,0,0,0,0
1790069164.4995635,-5,1,-6,1,10249,27884,10622,17268,3321037,3321039,3321034,3321036,0,0,0,0
1790069164.7037108,-2,-1,-4,1,10247,27883,10622,17267,3321067,3321069,3321064,3321066,0,0,0,0
1790069164.704417,-6,-3,-3,0,10248,27883,10625,17266,3321097,3321099,3321094,3321096,0,0,0,0
1790069164.7075725,10,-4,-3,0,10250,27881,10621,17267,3321127,3321129,3321124,3321126,0,0,0,0
1790069164.7143059,-4,4,0,10,10257,27878,10618,17272,3321187,3321189,3321184,3321186,0,0,0,0
1790069164.7746024,-4,2,1,-1,10258,27879,10617,17273,3321217,3321219,3321214,3321216,0,0,0,0
1790069164.9129665,1,-4,-2,-2,10253,27876,10617,17271,3321307,3321309,3321304,3321306,0,0,0,0
1790069165.1134226,0,-8,2,2,10258,27874,10615,17273,3321337,3321339,3321334,3321336,0,0,0,0
1790069165.1134226,-4,-5,1,1,10260,27873,10612,17275,3321367,3321369,3321364,3321366,0,0,0,0
1790069165.1214063,-4,-3,1,5,10257,27878,10616,17274,3321427,3321429,3321424,3321426,0,0,0,0
1790069165.3152838,-3,-1,-5,2,10252,27879,10620,17270,3321457,3321459,3321454,3321456,0,0,0,0
1790069165.3152838,-2,-3,-4,-1,10252,27878,10620,17271,3321487,3321489,3321484,3321486,0,0,0,0
1790069165.3220315,10,-4,4,-3,10255,27876,10618,17271,3321517,3321519,3321514,3321516,0,0,0,0
1790069165.5230896,-2,-5,2,0,10257,27878,10618,17276,3321637,3321639,3321634,3321636,0,0,0,0
1790069165.5301852,0,-3,-2,-1,10250,27881,10622,17270,3321697,3321699,3321694,3321696,0,0,0,0
1790069165.7289882,-1,0,-5,1,10257,27877,10618,17273,3321757,3321759,3321754,3321756,0,0,0,0
1790069165.7405517,0,3,-7,0,10258,27878,10620,17275,3321817,3321819,3321814,3321816,0,0,0,0
1790069165.9327602,-9,1,3,-3,10260,27875,10617,17276,3321847,3321849,3321844,3321846,0,0,0,0
1790069165.934762,2,-6,-2,-1,10263,27874,10617,17280,3321907,3321909,3321904,3321906,0,0,0,0
1790069166.1304188,-1,-3,-3,-3,10260,27877,10620,17275,3321937,3321939,3321934,3321936,0,0,0,0
1790069166.1304188,-2,-5,-2,-5,10256,27880,10622,17274,3321967,3321969,3321964,3321966,0,0,0,0
1790069166.1304188,-6,-1,2,-2,10258,27880,10623,17275,3321997,3321999,3321994,3321996,0,0,0,0
1790069166.1304188,-5,3,1,-1,10256,27878,10619,17274,3322027,3322029,3322024,3322026,0,0,0,0
1790069166.3423028,0,0,3,-1,10256,27876,10621,17275,3322057,3322059,3322054,3322056,0,0,0,0
1790069166.3433142,0,1,-2,2,10254,27881,10626,17273,3322177,3322179,3322174,3322176,0,0,0,0
1790069166.54979,-1,-4,3,-2,10250,27883,10629,17271,3322297,3322299,3322294,3322296,0,0,0,0
1790069166.7578692,-2,1,-6,-2,10263,27878,10625,17284,3322417,3322419,3322414,3322416,0,0,0,0
1790069166.948979,3,0,0,-4,10262,27880,10626,17282,3322447,3322449,3322444,3322446,0,0,0,0
1790069166.948979,0,3,-2,-1,10257,27884,10630,17279,3322477,3322479,3322474,3322476,0,0,0,0
1790069166.948979,0,-6,-4,-1,10255,27885,10635,17278,3322537,3322539,3322534,3322536,0,0,0,0
1790069167.161266,0,-5,-1,-2,10261,27881,10632,17283,3322657,3322659,3322654,3322656,0,0,0,0
1790069167.3474107,-1,-5,-4,1,10261,27880,10630,17283,3322687,3322689,3322684,3322686,0,0,0,0
1790069167.3474107,-3,-6,-2,-4,10262,27884,10632,17283,3322717,3322719,3322714,3322716,0,0,0,0
1790069167.3474107,-1,-3,-6,1,10258,27886,10636,17280,3322747,3322749,3322744,3322746,0,0,0,0
1790069167.3633888,-3,0,-3,-3,10253,27884,10635,17277,3322777,3322779,3322774,3322776,0,0,0,0
1790069167.5723386,-4,3,-4,-1,10257,27881,10633,17282,3322807,3322809,3322804,3322806,0,0,0,0
1790069167.573526,-3,-6,-4,0,10262,27881,10631,17285,3322897,3322899,3322894,3322896,0,0,0,0
1790069167.7789516,-1,2,2,4,10261,27881,10634,17284,3323017,3323019,3323014,3323016,0,0,0,0
1790069167.981115,-4,0,-6,-1,10265,27881,10635,17287,3323077,3323079,3323074,3323076,0,0,0,0
1790069167.9831703,-5,-3,-2,-1,10264,27881,10634,17287,3323137,3323139,3323134,3323136,0,0,0,0
1790069168.1823556,-7,7,-5,0,10263,27882,10635,17286,3323167,3323169,3323164,3323166,0,0,0,0
1790069168.1823556,-1,-2,2,-5,10264,27880,10635,17289,3323197,3323199,3323194,3323196,0,0,0,0
1790069168.1965814,-2,-3,0,-6,10266,27879,10635,17291,3323227,3323229,3323224,3323226,0,0,0,0
1790069168.1965814,-1,-2,-6,-2,10268,27880,10636,17293,3323257,3323259,3323254,3323256,0,0,0,0
1790069168.3906648,-2,1,1,0,10265,27881,10636,17292,3323287,3323289,3323284,3323286,0,0,0,0
1790069168.391675,-3,-3,-1,-2,10264,27884,10639,17290,3323317,3323319,3323314,3323316,0,0,0,0
1790069168.4045646,0,-2,-10,-4,10263,27882,10638,17291,3323377,3323379,3323374,3323376,0,0,0,0
1790069168.40513,-4,-3,-2,-2,10266,27882,10639,17292,3323407,3323409,3323404,3323406,0,0,0,0
1790069168.5919204,1,-5,-3,0,10265,27883,10639,17292,3323437,3323439,3323434,3323436,0,0,0,0
1790069168.5919204,-5,-4,5,0,10264,27886,10642,17289,3323467,3323469,3323464,3323466,0,0,0,0
1790069168.5995321,-1,0,-1,-2,10262,27889,10645,17288,3323497,3323499,3323494,3323496,0,0,0,0
1790069168.5995321,4,-3,-3,-2,10260,27887,10644,17288,3323527,3323529,3323524,3323526,0,0,0,0
1790069168.793519,-2,-3,-3,2,10261,27888,10646,17290,3323557,3323559,3323554,3323556,0,0,0,0
1790069168.793519,-4,6,3,-3,10261,27887,10646,17289,3323587,3323589,3323584,3323586,0,0,0,0
1790069168.800781,0,-3,-5,-6,10262,27888,10649,17290,3323647,3323649,3323644,3323646,0,0,0,0
1790069168.997399,1,0,0,-1,10262,27888,10649,17290,3323677,3323679,3323674,3323676,0,0,0,0
1790069168.997399,-6,-5,-2,-1,10259,27891,10652,17289,3323767,3323769,3323764,3323766,0,0,0,0
1790069169.2091537,1,-4,-2,-4,10259,27891,10652,17289,3323797,3323799,3323794,3323796,0,0,0,0
1790069169.210065,-1,3,-6,-1,10260,27892,10653,17289,3323827,3323829,3323824,3323826,0,0,0,0
1790069169.2176905,-4,-1,-2,2,10261,27894,10656,17290,3323887,3323889,3323884,3323886,0,0,0,0
1790069169.4122357,-6,-1,7,0,10262,27891,10654,17293,3323917,3323919,3323914,3323916,0,0,0,0
1790069169.414251,-2,-3,-3,2,10264,27889,10651,17296,3323947,3323949,3323944,3323946,0,0,0,0
1790069169.4202776,-2,-5,1,0,10265,27889,10651,17296,3323977,3323979,3323974,3323976,0,0,0,0
1790069169.422287,-5,-2,-6,-9,10263,27890,10654,17295,3324007,3324009,3324004,3324006,0,0,0,0
1790069169.6203375,-1,4,5,-4,10260,27891,10656,17292,3324037,3324039,3324034,3324036,0,0,0,0
1790069169.620775,-6,-3,-1,-4,10264,27888,10652,17297,3324127,3324129,3324124,3324126,0,0,0,0
1790069169.8005035,1,3,4,2,10264,27889,10653,17296,3324157,3324159,3324154,3324156,0,0,0,0
1790069169.8005035,-3,-6,0,-3,10262,27890,10654,17293,3324187,3324189,3324184,3324186,0,0,0,0
1790069169.8073583,0,-3,-4,-2,10262,27890,10655,17294,3324217,3324219,3324214,3324216,0,0,0,0
1790069170.0227394,-2,2,0,0,10262,27890,10654,17292,3324247,3324249,3324244,3324246,0,0,0,0
1790069170.029667,2,0,3,3,10261,27892,10657,17293,3324337,3324339,3324334,3324336,0,0,0,0
1790069170.036563,-2,-3,-5,-2,10261,27892,10658,17294,3324367,3324369,3324364,3324366,0,0,0,0
1790069170.231015,1,0,-6,1,10261,27892,10656,17295,3324397,3324399,3324394,3324396,0,0,0,0
1790069170.231015,-6,2,0,-2,10262,27893,10659,17295,3324487,3324489,3324484,3324486,0,0,0,0
1790069170.4374878,-5,-5,2,-5,10258,27895,10661,17293,3324547,3324549,3324544,3324546,0,0,0,0
1790069170.4402385,2,-2,-5,-6,10256,27898,10663,17291,3324577,3324579,3324574,3324576,0,0,0,0
1790069170.4419398,6,-4,-7,0,10257,27897,10664,17292,3324607,3324609,3324604,3324606,0,0,0,0
1790069170.4419398,-5,7,-3,-5,10258,27895,10661,17293,3324637,3324639,3324634,3324636,0,0,0,0
1790069170.6440086,0,3,2,9,10258,27897,10663,17294,3324667,3324669,3324664,3324666,0,0,0,0
1790069170.644474,-8,1,1,-6,10255,27899,10666,17291,3324757,3324759,3324754,3324756,0,0,0,0
1790069170.8072445,3,-1,-2,0,10260,27898,10667,17297,3324817,3324819,3324814,3324816,0,0,0,0
1790069170.8144739,0,1,-1,1,10262,27896,10666,17299,3324847,3324849,3324844,3324846,0,0,0,0
1790069171.0509846,-1,1,2,-4,10264,27896,10665,17299,3324877,3324879,3324874,3324876,0,0,0,0
1790069171.0509846,-3,5,4,-3,10261,27896,10667,17299,3324967,3324969,3324964,3324966,0,0,0,0
1790069171.0616093,-3,1,-1,3,10262,27897,10667,17299,3324997,3324999,3324994,3324996,0,0,0,0
1790069171.2565367,2,-6,2,-2,10262,27898,10670,17301,3325057,3325059,3325054,3325056,0,0,0,0
1790069171.2586875,-6,0,7,5,10259,27901,10677,17300,3325117,3325119,3325114,3325116,0,0,0,0
1790069171.4649258,2,2,1,-1,10260,27904,10681,17300,3325147,3325149,3325144,3325146,0,0,0,0
1790069171.4694848,-1,2,-1,11,10265,27902,10681,17306,3325237,3325239,3325234,3325236,0,0,0,0
1790069171.6685488,-2,0,-4,-2,10261,27903,10682,17303,3325297,3325299,3325294,3325296,0,0,0,0
1790069171.66955,0,0,-1,0,10261,27907,10684,17302,3325327,3325329,3325324,3325326,0,0,0,0
1790069171.8070302,4,-3,-1,3,10263,27906,10687,17304,3325387,3325389,3325384,3325386,0,0,0,0
1790069171.8221436,-8,-2,-6,-4,10266,27905,10687,17309,3325447,3325449,3325444,3325446,0,0,0,0
1790069172.0807016,-2,1,-4,-1,10273,27903,10689,17316,3325567,3325569,3325564,3325566,0,0,0,0
1790069172.0827026,0,1,0,1,10271,27904,10691,17317,3325597,3325599,3325594,3325596,0,0,0,0
1790069172.2834785,1,-2,0,-4,10266,27913,10702,17313,3325717,3325719,3325714,3325716,0,0,0,0
1790069172.4890184,2,2,-3,3,10262,27915,10706,17312,3325807,3325809,3325804,3325806,0,0,0,0
1790069172.6912014,-5,-4,-1,-5,10262,27921,10718,17315,3325897,3325899,3325894,3325896,0,0,0,0
1790069172.692289,-2,-1,4,-4,10253,27937,10739,17312,3325987,3325989,3325984,3325986,0,0,0,0
1790069172.8224177,2,-4,0,2,10250,27945,10752,17313,3326047,3326049,3326044,3326046,0,0,0,0
1790069172.893844,-2,4,3,2,10248,27945,10756,17312,3326107,3326109,3326104,3326106,0,0,0,0
1790069173.0998309,-1,-3,-3,-7,10250,27953,10769,17315,3326227,3326229,3326224,3326226,0,0,0,0
1790069173.3068354,2,1,3,5,10250,27954,10772,17318,3326287,3326289,3326284,3326286,0,0,0,0
1790069173.307933,-4,-2,2,-1,10247,27962,10781,17317,3326347,3326349,3326344,3326346,0,0,0,0
1790069173.5082176,0,-2,0,-3,10245,27972,10799,17318,3326467,3326469,3326464,3326466,0,0,0,0
1790069173.7164488,1,-5,-3,-1,10242,27978,10813,17318,3326527,3326529,3326524,3326526,0,0,0,0
1790069173.8235354,-1,-7,-1,0,10243,27984,10824,17323,3326647,3326649,3326644,3326646,0,0,0,0
1790069173.9217446,0,3,6,-3,10243,27985,10826,17325,3326707,3326709,3326704,3326706,0,0,0,0
1790069174.1258245,-2,-1,-1,1,10240,27993,10842,17326,3326827,3326829,3326824,3326826,0,0,0,0
1790069174.330871,-3,0,-1,0,10233,28006,10857,17323,3326887,3326889,3326884,3326886,0,0,0,0
1790069174.334249,-1,-6,1,-3,10233,28008,10865,17324,3326947,3326949,3326944,3326946,0,0,0,0
1790069174.5350149,-4,3,2,-4,10234,28009,10868,17328,3327007,3327009,3327004,3327006,0,0,0,0
1790069174.5417225,1,6,-1,0,10233,28012,10872,17329,3327037,3327039,3327034,3327036,0,0,0,0
1790069174.735123,-3,4,-3,-3,10225,28021,10890,17325,3327127,3327129,3327124,3327126,0,0,0,0
1790069174.735123,0,2,4,0,10226,28022,10892,17327,3327157,3327159,3327154,3327156,0,0,0,0
1790069174.735123,0,-5,5,2,10227,28023,10894,17328,3327187,3327189,3327184,3327186,0,0,0,0
1790069174.8272123,3,-2,-1,3,10233,28024,10897,17337,3327277,3327279,3327274,3327276,0,0,0,0
1790069175.1485555,1,-1,1,-1,10234,28023,10899,17339,3327307,3327309,3327304,3327306,0,0,0,0
1790069175.1525326,4,-1,-1,3,10232,28024,10910,17344,3327457,3327459,3327454,3327456,0,0,0,0
1790069175.3549612,2,2,-1,1,10229,28027,10913,17343,3327487,3327489,3327484,3327486,0,0,0,0
1790069175.3553674,0,-4,2,1,10223,28032,10926,17339,3327577,3327579,3327574,3327576,0,0,0,0
1790069175.5565126,4,4,-3,1,10224,28031,10930,17344,3327697,3327699,3327694,3327696,0,0,0,0
1790069175.639868,3,7,-3,3,10225,28030,10932,17345,3327727,3327729,3327724,3327726,0,0,0,0
1790069175.7578313,3,2,-1,3,10224,28033,10936,17346,3327757,3327759,3327754,3327756,0,0,0,0
1790069175.837032,1,-1,-1,3,10213,28042,10952,17340,3327847,3327849,3327844,3327846,0,0,0,0
1790069175.9618425,-1,3,-1,1,10211,28044,10957,17340,3327877,3327879,3327874,3327876,0,0,0,0
1790069175.9618425,-3,0,-1,2,10210,28046,10962,17339,3327937,3327939,3327934,3327936,0,0,0,0
1790069176.1684399,-2,2,-5,0,10213,28047,10967,17342,3328027,3328029,3328024,3328026,0,0,0,0
1790069176.1815877,-1,4,4,-1,10212,28047,10967,17343,3328057,3328059,3328054,3328056,0,0,0,0
1790069176.3714106,3,-2,0,-2,10212,28049,10973,17346,3328087,3328089,3328084,3328086,0,0,0,0
1790069176.3714106,0,-1,0,2,10212,28049,10974,17346,3328117,3328119,3328114,3328116,0,0,0,0
1790069176.3714106,0,0,1,-6,10216,28049,10973,17348,3328177,3328179,3328174,3328176,0,0,0,0
1790069176.5703473,0,-6,0,2,10215,28049,10976,17348,3328207,3328209,3328204,3328206,0,0,0,0
1790069176.5703473,-1,-1,-6,-2,10216,28052,10980,17352,3328297,3328299,3328294,3328296,0,0,0,0
1790069176.7883108,1,1,-4,0,10212,28060,10991,17347,3328387,3328389,3328384,3328386,0,0,0,0
1790069176.8408186,-10,-1,-1,-8,10212,28063,11001,17352,3328447,3328449,3328444,3328446,0,0,0,0
1790069176.9886413,-4,-5,0,-3,10210,28067,11007,17353,3328477,3328479,3328474,3328476,0,0,0,0
1790069176.9946039,-5,-1,1,0,10211,28072,11011,17354,3328507,3328509,3328504,3328506,0,0,0,0
1790069177.0014448,4,0,-1,-3,10206,28074,11015,17352,3328537,3328539,3328534,3328536,0,0,0,0
1790069177.3971395,-3,-3,-2,-7,10204,28079,11022,17349,3328567,3328569,3328564,3328566,0,0,0,0
1790069177.4033628,-3,-5,-1,2,10201,28088,11037,17349,3328687,3328689,3328684,3328686,0,0,0,0
1790069177.4063368,-2,-1,1,1,10201,28088,11039,17350,3328717,3328719,3328714,3328716,0,0,0,0
1790069177.4084477,0,-1,-3,-3,10205,28088,11037,17355,3328777,3328779,3328774,3328776,0,0,0,0
1790069177.40951,-3,-4,-4,9,10205,28089,11039,17355,3328807,3328809,3328804,3328806,0,0,0,0
1790069177.6054418,-1,-1,-1,0,10205,28093,11042,17355,3328837,3328839,3328834,3328836,0,0,0,0
1790069177.611581,0,-6,2,-3,10201,28095,11047,17353,3328867,3328869,3328864,3328866,0,0,0,0
1790069177.6193407,4,2,-3,0,10199,28100,11054,17352,3328897,3328899,3328894,3328896,0,0,0,0
1790069177.6193407,-3,-5,2,1,10199,28104,11058,17352,3328927,3328929,3328924,3328926,0,0,0,0
1790069177.8065097,-1,-5,0,2,10199,28104,11059,17352,3328957,3328959,3328954,3328956,0,0,0,0
1790069177.8129823,2,-2,-2,-1,10199,28106,11060,17352,3328987,3328989,3328984,3328986,0,0,0,0
1790069177.8227322,-4,0,0,-3,10197,28105,11062,17352,3329017,3329019,3329014,3329016,0,0,0,0
1790069177.827358,1,-2,-2,1,10199,28108,11064,17352,3329047,3329049,3329044,3329046,0,0,0,0
1790069177.8409522,0,3,2,-1,10198,28111,11067,17353,3329077,3329079,3329074,3329076,0,0,0,0
1790069178.0147479,-3,-1,0,0,10196,28110,11067,17351,3329107,3329109,3329104,3329106,0,0,0,0
1790069178.0216553,2,2,0,2,10195,28111,11068,17351,3329137,3329139,3329134,3329136,0,0,0,0
1790069178.0216553,-3,2,-1,4,10192,28112,11070,17348,3329167,3329169,3329164,3329166,0,0,0,0
1790069178.216579,-2,-4,0,2,10195,28110,11067,17352,3329227,3329229,3329224,3329226,0,0,0,0
1790069178.424095,-3,-1,-5,4,10197,28116,11069,17352,3329287,3329289,3329284,3329286,0,0,0,0
1790069178.424095,0,-2,0,-2,10190,28121,11083,17352,3329407,3329409,3329404,3329406,0,0,0,0
1790069178.6184173,1,0,-7,0,10191,28123,11084,17352,3329437,3329439,3329434,3329436,0,0,0,0
1790069178.6184173,2,4,-4,-4,10190,28125,11088,17351,3329467,3329469,3329464,3329466,0,0,0,0
1790069178.6355643,1,0,1,2,10186,28127,11092,17350,3329527,3329529,3329524,3329526,0,0,0,0
1790069178.8327966,-1,-3,4,2,10185,28127,11091,17350,3329557,3329559,3329554,3329556,0,0,0,0
1790069179.033786,3,0,5,4,10180,28132,11102,17347,3329767,3329769,3329764,3329766,0,0,0,0
1790069179.2407885,10,2,1,7,10180,28130,11103,17349,3329887,3329889,3329884,3329886,0,0,0,0
1790069179.2565625,1,2,1,-4,10179,28131,11103,17348,3329917,3329919,3329914,3329916,0,0,0,0
1790069179.4500804,0,4,0,3,10178,28131,11105,17348,3329947,3329949,3329944,3329946,0,0,0,0
1790069179.4500804,4,3,3,0,10175,28137,11111,17343,3330007,3330009,3330004,3330006,0,0,0,0
1790069179.4500804,2,3,5,-1,10171,28139,11114,17342,3330037,3330039,3330034,3330036,0,0,0,0
1790069179.6425655,3,3,4,-1,10173,28137,11115,17344,3330067,3330069,3330064,3330066,0,0,0,0
1790069179.6585732,0,3,4,-2,10173,28137,11117,17346,3330127,3330129,3330124,3330126,0,0,0,0
1790069179.8673065,-4,-1,-6,0,10170,28139,11121,17343,3330157,3330159,3330154,3330156,0,0,0,0
1790069179.8673065,0,-1,1,-1,10168,28138,11122,17344,3330187,3330189,3330184,3330186,0,0,0,0
1790069179.8673065,2,-2,-3,-1,10167,28141,11128,17344,3330247,3330249,3330244,3330246,0,0,0,0
1790069179.8673065,-3,-3,-4,2,10165,28141,11130,17343,3330277,3330279,3330274,3330276,0,0,0,0
1790069180.0604546,-2,0,0,-6,10169,28139,11129,17346,3330337,3330339,3330334,3330336,0,0,0,0
1790069180.0604546,-2,2,-6,-2,10167,28141,11130,17347,3330397,3330399,3330394,3330396,0,0,0,0
1790069180.253377,-3,-1,-7,1,10163,28144,11135,17343,3330427,3330429,3330424,3330426,0,0,0,0
1790069180.2693002,-1,1,3,3,10161,28147,11138,17341,3330457,3330459,3330454,3330456,0,0,0,0
1790069180.2693002,3,1,-1,-1,10158,28150,11144,17340,3330517,3330519,3330514,3330516,0,0,0,0
1790069180.461615,-4,0,1,-2,10159,28151,11145,17340,3330547,3330549,3330544,3330546,0,0,0,0
1790069180.4777358,1,-1,-2,-2,10160,28154,11152,17344,3330637,3330639,3330634,3330636,0,0,0,0
1790069180.6719844,0,-2,-3,-4,10158,28154,11153,17342,3330667,3330669,3330664,3330666,0,0,0,0
1790069180.6719844,-3,-3,-2,-5,10159,28154,11156,17344,3330757,3330759,3330754,3330756,0,0,0,0
1790069180.864411,-4,-1,0,-4,10161,28153,11152,17346,3330817,3330819,3330814,3330816,0,0,0,0
1790069180.8806498,1,6,3,0,10161,28155,11156,17345,3330877,3330879,3330874,3330876,0,0,0,0
1790069180.8806498,-1,-3,1,-4,10163,28154,11155,17347,3330907,3330909,3330904,3330906,0,0,0,0
1790069181.0878446,-2,-3,-1,0,10160,28161,11165,17347,3331027,3331029,3331024,3331026,0,0,0,0
1790069181.2963274,-3,-5,1,-4,10159,28166,11173,17348,3331147,3331149,3331144,3331146,0,0,0,0
1790069181.4908144,0,-5,-1,0,10162,28167,11176,17353,3331267,3331269,3331264,3331266,0,0,0,0
1790069181.699065,-5,-3,-2,-4,10162,28168,11178,17355,3331327,3331329,3331324,3331326,0,0,0,0
1790069181.699065,-6,-4,-4,-3,10163,28172,11183,17355,3331387,3331389,3331384,3331386,0,0,0,0
1790069181.8737047,-1,1,-1,3,10161,28175,11187,17356,3331447,3331449,3331444,3331446,0,0,0,0
1790069182.3172324,-2,-2,0,-6,10161,28177,11191,17356,3331507,3331509,3331504,3331506,0,0,0,0
1790069182.3172324,0,-5,-1,1,10149,28193,11213,17351,3331717,3331719,3331714,3331716,0,0,0,0
1790069182.3172324,-3,-2,-1,-10,10149,28195,11217,17352,3331747,3331749,3331744,3331746,0,0,0,0
1790069182.510506,-7,-2,-4,-3,10145,28200,11224,17350,3331807,3331809,3331804,3331806,0,0,0,0
1790069182.510506,-3,0,3,2,10145,28202,11227,17350,3331867,3331869,3331864,3331866,0,0,0,0
1790069182.7198558,-2,-4,7,0,10148,28200,11225,17354,3331927,3331929,3331924,3331926,0,0,0,0
1790069182.735555,-2,-1,-3,1,10149,28200,11226,17354,3331987,3331989,3331984,3331986,0,0,0,0
1790069182.8801234,-1,-1,-5,-4,10148,28200,11226,17355,3332017,3332019,3332014,3332016,0,0,0,0
1790069182.8801234,-1,1,0,0,10147,28200,11227,17354,3332047,3332049,3332044,3332046,0,0,0,0
1790069182.8958197,-2,0,3,-1,10146,28205,11231,17353,3332077,3332079,3332074,3332076,0,0,0,0
1790069182.9502153,-2,1,-3,3,10143,28207,11233,17351,3332107,3332109,3332104,3332106,0,0,0,0
1790069182.9747372,-2,0,0,2,10143,28207,11235,17350,3332137,3332139,3332134,3332136,0,0,0,0
1790069183.133382,5,1,-1,1,10139,28215,11243,17347,3332197,3332199,3332194,3332196,0,0,0,0
1790069183.133382,0,-5,-1,-2,10138,28219,11248,17347,3332227,3332229,3332224,3332226,0,0,0,0
1790069183.3407605,2,-2,-1,0,10138,28218,11248,17350,3332257,3332259,3332254,3332256,0,0,0,0
1790069183.3407605,11,-2,1,-2,10143,28213,11245,17355,3332347,3332349,3332344,3332346,0,0,0,0
1790069183.5327392,-1,-1,1,-4,10140,28217,11252,17353,3332407,3332409,3332404,3332406,0,0,0,0
1790069183.5484452,-3,-2,1,2,10139,28216,11253,17354,3332437,3332439,3332434,3332436,0,0,0,0
1790069183.5484452,0,2,-1,1,10140,28216,11251,17354,3332497,3332499,3332494,3332496,0,0,0,0
1790069183.7500465,2,-3,1,-2,10144,28214,11247,17355,3332527,3332529,3332524,3332526,0,0,0,0
1790069183.7523355,0,-1,1,-4,10146,28208,11246,17358,3332557,3332559,3332554,3332556,0,0,0,0
1790069183.7543635,0,1,2,-4,10148,28210,11246,17363,3332617,3332619,3332614,3332616,0,0,0,0
1790069183.9047961,-2,-4,-5,0,10148,28214,11250,17362,3332647,3332649,3332644,3332646,0,0,0,0
1790069183.921133,2,1,-2,-1,10142,28222,11260,17357,3332707,3332709,3332704,3332706,0,0,0,0
1790069183.9514177,-8,2,-2,-5,10142,28220,11258,17357,3332737,3332739,3332734,3332736,0,0,0,0
1790069184.1613796,-2,1,11,-5,10144,28220,11258,17358,3332767,3332769,3332764,3332766,0,0,0,0
1790069184.162253,-1,-1,-4,0,10142,28216,11257,17357,3332827,3332829,3332824,3332826,0,0,0,0
1790069184.166465,-1,-5,-1,-1,10141,28218,11258,17358,3332857,3332859,3332854,3332856,0,0,0,0
1790069184.3624394,-5,-2,-3,-1,10140,28221,11260,17357,3332887,3332889,3332884,3332886,0,0,0,0
1790069184.3624394,1,1,1,-1,10141,28220,11260,17357,3332977,3332979,3332974,3332976,0,0,0,0
1790069184.5709445,-1,-2,0,-17,10141,28219,11260,17357,3333007,3333009,3333004,3333006,0,0,0,0
1790069184.5729494,-2,0,1,-2,10137,28227,11273,17358,3333097,3333099,3333094,3333096,0,0,0,0
1790069184.767602,-2,-4,3,-4,10133,28232,11279,17357,3333217,3333219,3333214,3333216,0,0,0,0
1790069184.9060133,-5,-4,-4,0,10129,28233,11282,17354,3333277,3333279,3333274,3333276,0,0,0,0
1790069184.9702806,-5,-2,-7,-9,10130,28233,11281,17354,3333307,3333309,3333304,3333306,0,0,0,0
1790069184.9801464,3,1,2,2,10131,28236,11280,17355,3333337,3333339,3333334,3333336,0,0,0,0
1790069185.1712549,-5,-2,0,1,10127,28236,11282,17352,3333367,3333369,3333364,3333366,0,0,0,0
1790069185.3808308,-7,3,0,2,10133,28234,11283,17359,3333607,3333609,3333604,3333606,0,0,0,0
1790069185.593797,-6,0,-5,-4,10131,28235,11285,17359,3333637,3333639,3333634,3333636,0,0,0,0
1790069185.5947993,-2,0,-1,-3,10126,28241,11291,17355,3333727,3333729,3333724,3333726,0,0,0,0
1790069185.7991056,-2,-2,0,1,10126,28240,11292,17355,3333757,3333759,3333754,3333756,0,0,0,0
1790069185.7991056,-1,1,3,0,10127,28243,11294,17357,3333817,3333819,3333814,3333816,0,0,0,0
1790069185.7991056,-4,-5,6,-1,10126,28244,11295,17356,3333847,3333849,3333844,3333846,0,0,0,0
1790069185.9180052,-2,1,0,2,10124,28246,11297,17355,3333877,3333879,3333874,3333876,0,0,0,0
1790069185.9180052,-2,-3,-3,-2,10123,28245,11299,17354,3333907,3333909,3333904,3333906,0,0,0,0
1790069185.9996648,-7,3,2,3,10123,28245,11300,17356,3333937,3333939,3333934,3333936,0,0,0,0
1790069186.2081032,-1,0,-7,1,10126,28243,11298,17359,3333967,3333969,3333964,3333966,0,0,0,0
1790069186.2101636,-6,0,-6,-1,10127,28244,11299,17359,3334027,3334029,3334024,3334026,0,0,0,0
1790069186.2165008,3,2,1,6,10127,28244,11299,17358,3334057,3334059,3334054,3334056,0,0,0,0
1790069186.2165008,4,-5,1,1,10127,28246,11301,17358,3334087,3334089,3334084,3334086,0,0,0,0
1790069186.4097176,-3,-4,-4,-6,10126,28247,11302,17357,3334177,3334179,3334174,3334176,0,0,0,0
1790069186.4169815,1,1,-4,6,10126,28246,11302,17358,3334207,3334209,3334204,3334206,0,0,0,0
1790069186.6173103,-2,-3,-2,-1,10126,28247,11303,17360,3334237,3334239,3334234,3334236,0,0,0,0
1790069186.617683,0,-6,1,-5,10126,28247,11307,17362,3334327,3334329,3334324,3334326,0,0,0,0
1790069186.8225129,-3,1,-3,2,10126,28250,11308,17361,3334357,3334359,3334354,3334356,0,0,0,0
1790069186.8225129,-3,1,-3,2,10124,28249,11312,17361,3334447,3334449,3334444,3334446,0,0,0,0
1790069186.92401,2,2,1,-4,10127,28252,11313,17363,3334477,3334479,3334474,3334476,0,0,0,0
1790069187.0282147,-1,3,-4,-1,10123,28256,11316,17362,3334537,3334539,3334534,3334536,0,0,0,0
1790069187.2308316,0,-1,-3,-5,10122,28256,11315,17359,3334627,3334629,3334624,3334626,0,0,0,0
1790069187.2328267,3,3,1,-9,10123,28256,11315,17360,3334657,3334659,3334654,3334656,0,0,0,0
1790069187.437121,-1,-1,-10,2,10124,28259,11317,17362,3334807,3334809,3334804,3334806,0,0,0,0
1790069187.639659,2,0,1,-1,10122,28266,11322,17360,3334927,3334929,3334924,3334926,0,0,0,0
1790069187.8476238,-2,-1,0,2,10118,28282,11332,17356,3335017,3335019,3335014,3335016,0,0,0,0
1790069187.9324558,3,0,2,1,10115,28289,11342,17355,3335107,3335109,3335104,3335106,0,0,0,0
1790069188.050714,1,0,-3,-1,10118,28289,11343,17359,3335167,3335169,3335164,3335166,0,0,0,0
1790069188.255993,3,6,-2,-1,10117,28290,11345,17359,3335197,3335199,3335194,3335196,0,0,0,0
1790069188.255993,-1,-3,-7,5,10114,28298,11353,17358,3335287,3335289,3335284,3335286,0,0,0,0
1790069188.4512503,4,0,-3,0,10117,28297,11352,17360,3335317,3335319,3335314,3335316,0,0,0,0
1790069188.4622562,4,0,0,2,10122,28290,11346,17364,3335347,3335349,3335344,3335346,0,0,0,0
1790069188.463252,-2,-2,-3,3,10128,28288,11344,17370,3335407,3335409,3335404,3335406,0,0,0,0
1790069188.8702054,2,-1,2,-1,10128,28294,11349,17371,3335437,3335439,3335434,3335436,0,0,0,0
1790069188.8702054,-1,3,0,-2,10123,28301,11359,17368,3335497,3335499,3335494,3335496,0,0,0,0
1790069188.8702054,-2,-2,-3,-1,10125,28300,11364,17375,3335617,3335619,3335614,3335616,0,0,0,0
1790069188.8702054,1,0,0,1,10121,28305,11370,17372,3335707,3335709,3335704,3335706,0,0,0,0
1790069189.0703003,2,-6,-3,0,10121,28306,11371,17372,3335737,3335739,3335734,3335736,0,0,0,0
1790069189.0753481,2,-3,3,-4,10122,28303,11370,17373,3335797,3335799,3335794,3335796,0,0,0,0
1790069189.2793567,-2,-1,0,-3,10123,28303,11370,17374,3335827,3335829,3335824,3335826,0,0,0,0
1790069189.2803504,0,-3,1,0,10123,28305,11372,17375,3335887,3335889,3335884,3335886,0,0,0,0
1790069189.4839067,-1,-2,-1,-3,10122,28305,11374,17375,3335977,3335979,3335974,3335976,0,0,0,0
1790069189.4952865,-2,-5,-3,-1,10122,28303,11376,17377,3336067,3336069,3336064,3336066,0,0,0,0
1790069189.687369,-2,-5,3,0,10117,28307,11380,17373,3336127,3336129,3336124,3336126,0,0,0,0
1790069189.701185,-3,-5,-1,-1,10118,28306,11378,17374,3336157,3336159,3336154,3336156,0,0,0,0
1790069189.8888757,-2,-1,3,-2,10119,28302,11378,17376,3336247,3336249,3336244,3336246,0,0,0,0
1790069189.8955898,-4,-3,1,1,10118,28305,11379,17375,3336277,3336279,3336274,3336276,0,0,0,0
1790069189.9025466,-3,-4,0,0,10118,28304,11382,17377,3336307,3336309,3336304,3336306,0,0,0,0
1790069189.9808745,-4,-2,3,0,10118,28306,11382,17377,3336337,3336339,3336334,3336336,0,0,0,0
1790069190.097588,0,0,-6,-4,10118,28306,11383,17378,3336367,3336369,3336364,3336366,0,0,0,0
1790069190.097588,-3,-4,-5,-5,10121,28308,11384,17379,3336397,3336399,3336394,3336396,0,0,0,0
1790069190.1031916,-1,-4,-1,3,10120,28307,11384,17380,3336427,3336429,3336424,3336426,0,0,0,0
1790069190.3048089,3,-3,1,-5,10114,28307,11387,17375,3336547,3336549,3336544,3336546,0,0,0,0
1790069190.5071554,1,0,-4,-4,10115,28302,11384,17375,3336607,3336609,3336604,3336606,0,0,0,0
1790069190.5199127,-6,-3,-2,-3,10115,28303,11384,17376,3336667,3336669,3336664,3336666,0,0,0,0
1790069190.7140708,-5,-3,-4,2,10106,28309,11390,17371,3336727,3336729,3336724,3336726,0,0,0,0
1790069190.7223055,-3,-1,-9,1,10111,28305,11388,17372,3336787,3336789,3336784,3336786,0,0,0,0
1790069190.9170177,-3,-3,-1,-1,10111,28305,11388,17375,3336847,3336849,3336844,3336846,0,0,0,0
1790069190.9223447,0,-2,1,-2,10104,28313,11394,17368,3336907,3336909,3336904,3336906,0,0,0,0
1790069190.9783309,-4,3,-3,0,10105,28311,11393,17369,3336937,3336939,3336934,3336936,0,0,0,0
1790069191.1172204,0,-1,-3,-6,10108,28309,11392,17372,3336967,3336969,3336964,3336966,0,0,0,0
1790069191.3255153,3,-2,1,-1,10111,28310,11390,17374,3337087,3337089,3337084,3337086,0,0,0,0
1790069191.3255153,1,0,-5,2,10106,28313,11393,17371,3337147,3337149,3337144,3337146,0,0,0,0
1790069191.527569,2,-1,-2,-1,10106,28313,11395,17371,3337207,3337209,3337204,3337206,0,0,0,0
1790069191.5337536,-4,1,0,0,10119,28305,11388,17382,3337267,3337269,3337264,3337266,0,0,0,0
1790069191.5410802,-1,4,0,0,10121,28306,11389,17384,3337297,3337299,3337294,3337296,0,0,0,0
1790069191.7465217,3,4,0,-7,10115,28316,11397,17378,3337357,3337359,3337354,3337356,0,0,0,0
1790069191.7572935,6,0,1,-1,10115,28317,11398,17378,3337417,3337419,3337414,3337416,0,0,0,0
1790069191.9398267,4,-1,1,0,10116,28316,11397,17380,3337447,3337449,3337444,3337446,0,0,0,0
1790069191.9776266,-1,6,2,-1,10114,28318,11401,17381,3337537,3337539,3337534,3337536,0,0,0,0
1790069192.1454408,3,6,-1,1,10113,28321,11402,17380,3337567,3337569,3337564,3337566,0,0,0,0
1790069192.1464417,3,-2,-1,5,10116,28325,11403,17381,3337597,3337599,3337594,3337596,0,0,0,0
1790069192.1585596,4,5,-5,-6,10118,28323,11403,17383,3337657,3337659,3337654,3337656,0,0,0,0
1790069192.3520854,5,3,4,-1,10119,28324,11403,17385,3337687,3337689,3337684,3337686,0,0,0,0
1790069192.3526208,1,-4,-3,7,10121,28326,11404,17386,3337717,3337719,3337714,3337716,0,0,0,0
1790069192.359995,-3,0,7,0,10123,28321,11401,17389,3337777,3337779,3337774,3337776,0,0,0,0
1790069192.55469,-1,0,4,-1,10128,28322,11402,17392,3337837,3337839,3337834,3337836,0,0,0,0
1790069192.5621607,3,0,3,-2,10122,28332,11409,17387,3337897,3337899,3337894,3337896,0,0,0,0
1790069192.7606666,1,-2,-6,1,10124,28331,11408,17388,3337957,3337959,3337954,3337956,0,0,0,0
1790069192.7616694,-1,-1,4,1,10129,28328,11407,17395,3338017,3338019,3338014,3338016,0,0,0,0
1790069192.9652462,2,0,1,1,10130,28328,11410,17397,3338077,3338079,3338074,3338076,0,0,0,0
1790069192.975306,0,-1,-1,-2,10128,28327,11409,17395,3338137,3338139,3338134,3338136,0,0,0,0
1790069193.1656485,1,-2,2,-9,10127,28330,11412,17395,3338167,3338169,3338164,3338166,0,0,0,0
1790069193.1656485,-1,4,1,-2,10130,28333,11414,17396,3338227,3338229,3338224,3338226,0,0,0,0
1790069193.1809583,-2,3,-2,1,10128,28334,11415,17396,3338257,3338259,3338254,3338256,0,0,0,0
1790069193.373436,0,-2,-1,0,10126,28331,11415,17396,3338287,3338289,3338284,3338286,0,0,0,0
1790069193.373436,-1,2,0,-5,10130,28331,11416,17398,3338377,3338379,3338374,3338376,0,0,0,0
1790069193.58026,-3,-6,-2,-1,10126,28329,11415,17397,3338407,3338409,3338404,3338406,0,0,0,0
1790069193.5816276,-2,0,0,-1,10127,28326,11416,17398,3338497,3338499,3338494,3338496,0,0,0,0
1790069193.781134,0,1,3,0,10124,28326,11419,17398,3338557,3338559,3338554,3338556,0,0,0,0
1790069193.7970662,0,0,-2,-2,10124,28327,11422,17398,3338647,3338649,3338644,3338646,0,0,0,0
1790069193.988981,-8,1,-6,-5,10123,28321,11419,17398,3338707,3338709,3338704,3338706,0,0,0,0
1790069193.9928925,8,-6,-2,-4,10122,28323,11420,17398,3338737,3338739,3338734,3338736,0,0,0,0
1790069193.9928925,-3,-7,0,-1,10120,28326,11421,17394,3338767,3338769,3338764,3338766,0,0,0,0
1790069194.1981082,-3,1,-2,-6,10117,28334,11431,17394,3338827,3338829,3338824,3338826,0,0,0,0
1790069194.1981082,-3,-1,-6,0,10115,28335,11435,17393,3338887,3338889,3338884,3338886,0,0,0,0
1790069194.3938193,-1,-5,-1,0,10118,28334,11434,17395,3338947,3338949,3338944,3338946,0,0,0,0
1790069194.3938193,-2,3,2,-5,10117,28335,11435,17395,3338977,3338979,3338974,3338976,0,0,0,0
1790069194.3938193,0,1,-2,-5,10115,28338,11437,17394,3339007,3339009,3339004,3339006,0,0,0,0
1790069194.5972593,-3,4,5,2,10113,28339,11437,17394,3339067,3339069,3339064,3339066,0,0,0,0
1790069194.6172285,-1,-1,-5,-2,10114,28342,11439,17394,3339127,3339129,3339124,3339126,0,0,0,0
1790069194.806756,-1,2,-2,2,10114,28340,11441,17394,3339217,3339219,3339214,3339216,0,0,0,0
1790069194.8225005,1,3,-3,1,10116,28341,11439,17396,3339247,3339249,3339244,3339246,0,0,0,0
1790069195.0087564,1,7,8,-4,10116,28343,11440,17396,3339277,3339279,3339274,3339276,0,0,0,0
1790069195.0092068,-2,4,-1,-1,10114,28344,11442,17396,3339307,3339309,3339304,3339306,0,0,0,0
1790069195.0102434,2,3,2,-3,10114,28345,11443,17396,3339337,3339339,3339334,3339336,0,0,0,0
1790069195.0243254,4,3,-1,-2,10115,28344,11442,17397,3339367,3339369,3339364,3339366,0,0,0,0
1790069195.2170877,0,-1,0,2,10123,28341,11437,17402,3339427,3339429,3339424,3339426,0,0,0,0
1790069195.2190988,-6,0,4,5,10123,28344,11440,17402,3339457,3339459,3339454,3339456,0,0,0,0
1790069195.2190988,0,7,2,-1,10120,28348,11443,17400,3339487,3339489,3339484,3339486,0,0,0,0
1790069195.4256897,4,-1,0,-3,10123,28349,11444,17403,3339547,3339549,3339544,3339546,0,0,0,0
1790069195.4256897,-2,-1,0,2,10127,28348,11442,17405,3339577,3339579,3339574,3339576,0,0,0,0
1790069195.4256897,5,-1,0,-1,10129,28348,11441,17407,3339607,3339609,3339604,3339606,0,0,0,0
1790069195.618679,0,2,-3,1,10129,28348,11441,17408,3339637,3339639,3339634,3339636,0,0,0,0
1790069195.618679,-3,2,2,3,10125,28360,11450,17405,3339697,3339699,3339694,3339696,0,0,0,0
1790069195.6344018,1,2,-8,-2,10122,28362,11453,17402,3339727,3339729,3339724,3339726,0,0,0,0
1790069195.827502,2,2,-1,1,10119,28365,11455,17402,3339757,3339759,3339754,3339756,0,0,0,0
1790069195.827502,1,-2,-4,0,10122,28366,11458,17404,3339817,3339819,3339814,3339816,0,0,0,0
1790069195.827502,5,2,2,4,10125,28366,11458,17407,3339847,3339849,3339844,3339846,0,0,0,0
1790069196.002905,1,1,4,2,10130,28366,11457,17410,3339937,3339939,3339934,3339936,0,0,0,0
1790069196.0190146,-2,5,4,-1,10128,28369,11462,17409,3339967,3339969,3339964,3339966,0,0,0,0
1790069196.2292514,-3,-7,-1,0,10127,28370,11463,17410,3339997,3339999,3339994,3339996,0,0,0,0
1790069196.2292514,1,-2,3,1,10129,28370,11469,17414,3340117,3340119,3340114,3340116,0,0,0,0
1790069196.438171,1,-3,2,-2,10132,28370,11471,17418,3340177,3340179,3340174,3340176,0,0,0,0
1790069196.438171,0,-1,0,3,10132,28366,11470,17420,3340237,3340239,3340234,3340236,0,0,0,0
1790069196.6469965,-10,-3,4,2,10124,28373,11479,17413,3340297,3340299,3340294,3340296,0,0,0,0
1790069196.6628573,-4,-3,-9,1,10121,28370,11481,17413,3340357,3340359,3340354,3340356,0,0,0,0
1790069196.85919,-8,-6,-1,0,10122,28370,11481,17412,3340387,3340389,3340384,3340386,0,0,0,0
1790069196.85919,-3,-5,-7,-1,10125,28369,11479,17414,3340417,3340419,3340414,3340416,0,0,0,0
1790069196.85919,0,-2,-4,-2,10127,28366,11477,17417,3340447,3340449,3340444,3340446,0,0,0,0
1790069196.85919,1,4,-1,-1,10127,28361,11474,17419,3340477,3340479,3340474,3340476,0,0,0,0
1790069197.0154843,1,-5,-4,-3,10121,28363,11477,17413,3340537,3340539,3340534,3340536,0,0,0,0
1790069197.0312161,0,0,2,-3,10120,28364,11478,17413,3340567,3340569,3340564,3340566,0,0,0,0
1790069197.255348,4,-1,1,-3,10119,28363,11481,17413,3340657,3340659,3340654,3340656,0,0,0,0
1790069197.2709908,-1,2,-6,0,10121,28365,11481,17419,3340717,3340719,3340714,3340716,0,0,0,0
1790069197.4623642,-3,-2,-5,0,10118,28369,11482,17413,3340777,3340779,3340774,3340776,0,0,0,0
1790069197.4782848,3,5,-1,-5,10116,28372,11486,17411,3340807,3340809,3340804,3340806,0,0,0,0
1790069197.4782848,-1,0,-3,-4,10115,28373,11485,17411,3340837,3340839,3340834,3340836,0,0,0,0
1790069197.6696503,2,-2,-1,-4,10115,28374,11487,17412,3340867,3340869,3340864,3340866,0,0,0,0
1790069197.6696503,2,-6,-1,-3,10117,28376,11490,17415,3340957,3340959,3340954,3340956,0,0,0,0
1790069197.8774676,-1,6,-2,-5,10117,28379,11491,17415,3340987,3340989,3340984,3340986,0,0,0,0
1790069197.8774676,-1,7,-4,-1,10120,28381,11491,17419,3341077,3341079,3341074,3341076,0,0,0,0
1790069198.0201871,-3,2,-5,3,10122,28388,11495,17420,3341137,3341139,3341134,3341136,0,0,0,0
1790069198.0363095,2,1,0,0,10124,28388,11496,17421,3341167,3341169,3341164,3341166,0,0,0,0
1790069198.275327,1,8,1,2,10126,28390,11497,17423,3341197,3341199,3341194,3341196,0,0,0,0
1790069198.2912953,-1,-1,0,1,10128,28390,11498,17424,3341227,3341229,3341224,3341226,0,0,0,0
1790069198.2912953,2,1,-2,2,10129,28395,11503,17429,3341287,3341289,3341284,3341286,0,0,0,0
1790069198.2912953,4,5,1,4,10128,28397,11508,17431,3341317,3341319,3341314,3341316,0,0,0,0
1790069198.481745,1,2,0,-1,10129,28401,11513,17430,3341347,3341349,3341344,3341346,0,0,0,0
1790069198.497777,4,1,-1,3,10121,28413,11523,17428,3341407,3341409,3341404,3341406,0,0,0,0
1790069198.6912203,-2,2,1,-1,10122,28417,11529,17427,3341467,3341469,3341464,3341466,0,0,0,0
1790069198.6912203,-1,-2,-4,-3,10129,28414,11531,17437,3341557,3341559,3341554,3341556,0,0,0,0
1790069198.901036,3,-4,-2,0,10129,28414,11529,17439,3341587,3341589,3341584,3341586,0,0,0,0
1790069198.9124749,0,-1,-6,3,10128,28422,11539,17438,3341707,3341709,3341704,3341706,0,0,0,0
1790069199.0304906,-1,2,7,2,10127,28424,11540,17439,3341737,3341739,3341734,3341736,0,0,0,0
1790069199.0304906,1,-1,-3,-4,10131,28421,11543,17446,3341797,3341799,3341794,3341796,0,0,0,0
1790069199.1140468,-3,0,-3,1,10131,28424,11544,17447,3341827,3341829,3341824,3341826,0,0,0,0
1790069199.142729,1,4,0,2,10129,28427,11549,17446,3341857,3341859,3341854,3341856,0,0,0,0
1790069199.3154845,0,-4,-1,-1,10124,28434,11557,17443,3341917,3341919,3341914,3341916,0,0,0,0
1790069199.3210814,4,0,3,0,10124,28438,11560,17443,3341947,3341949,3341944,3341946,0,0,0,0
1790069199.5160582,1,-2,6,-2,10124,28439,11563,17446,3342007,3342009,3342004,3342006,0,0,0,0
1790069199.5194364,2,-3,15,-2,10124,28443,11567,17446,3342037,3342039,3342034,3342036,0,0,0,0
1790069199.7187743,-3,5,2,4,10121,28448,11576,17447,3342097,3342099,3342094,3342096,0,0,0,0
1790069199.7187743,0,-3,6,-1,10117,28451,11581,17446,3342187,3342189,3342184,3342186,0,0,0,0
1790069199.9256868,-4,-9,0,-5,10119,28450,11580,17447,3342217,3342219,3342214,3342216,0,0,0,0
1790069199.9417481,2,-6,-1,-1,10120,28452,11586,17451,3342307,3342309,3342304,3342306,0,0,0,0
1790069200.0382476,0,3,-1,0,10122,28451,11586,17453,3342337,3342339,3342334,3342336,0,0,0,0
1790069200.0542595,-6,2,4,-4,10122,28448,11588,17453,3342397,3342399,3342394,3342396,0,0,0,0
1790069200.1340475,-2,0,2,1,10121,28450,11592,17454,3342427,3342429,3342424,3342426,0,0,0,0
1790069200.3387165,1,-3,0,0,10121,28449,11592,17454,3342457,3342459,3342454,3342456,0,0,0,0
1790069200.3400261,-2,2,-4,-2,10120,28448,11592,17454,3342517,3342519,3342514,3342516,0,0,0,0
1790069200.3408563,-5,-1,-4,1,10118,28447,11592,17454,3342547,3342549,3342544,3342546,0,0,0,0
1790069200.5436363,-2,0,-3,-3,10116,28452,11599,17454,3342607,3342609,3342604,3342606,0,0,0,0
1790069200.546128,-2,2,-2,-1,10113,28454,11603,17453,3342667,3342669,3342664,3342666,0,0,0,0
1790069200.7460194,2,-1,-3,-17,10114,28451,11602,17453,3342727,3342729,3342724,3342726,0,0,0,0
1790069200.7460194,-4,-7,1,2,10115,28449,11602,17454,3342787,3342789,3342784,3342786,0,0,0,0
1790069200.9426715,-3,-1,0,1,10117,28448,11602,17457,3342847,3342849,3342844,3342846,0,0,0,0
1790069200.9548774,-4,-1,0,-4,10116,28450,11603,17457,3342877,3342879,3342874,3342876,0,0,0,0
1790069200.9611335,-2,-4,-4,-2,10112,28454,11608,17455,3342907,3342909,3342904,3342906,0,0,0,0
1790069201.0574334,-5,0,-3,0,10107,28457,11610,17452,3342937,3342939,3342934,3342936,0,0,0,0
1790069201.0594404,-2,-6,-5,0,10104,28461,11615,17450,3342967,3342969,3342964,3342966,0,0,0,0
1790069201.1591618,3,0,-1,2,10104,28462,11619,17451,3342997,3342999,3342994,3342996,0,0,0,0
1790069201.1609533,-1,-3,-5,3,10108,28462,11621,17456,3343027,3343029,3343024,3343026,0,0,0,0
1790069201.35982,-2,-4,1,2,10108,28465,11625,17460,3343087,3343089,3343084,3343086,0,0,0,0
1790069201.35982,-5,0,-4,-8,10105,28470,11631,17458,3343117,3343119,3343114,3343116,0,0,0,0
1790069201.375527,-1,1,-7,-1,10104,28472,11632,17457,3343177,3343179,3343174,3343176,0,0,0,0
1790069201.5688348,0,0,-6,-3,10103,28472,11630,17456,3343237,3343239,3343234,3343236,0,0,0,0
1790069201.5688348,3,1,-2,-4,10104,28470,11632,17458,3343297,3343299,3343294,3343296,0,0,0,0
1790069201.7597334,0,3,-3,-1,10104,28471,11631,17457,3343327,3343329,3343324,3343326,0,0,0,0
1790069201.775548,4,-1,-3,-2,10109,28465,11627,17462,3343417,3343419,3343414,3343416,0,0,0,0
1790069201.9777796,4,3,-4,5,10100,28479,11640,17456,3343477,3343479,3343474,3343476,0,0,0,0
1790069201.9777796,-4,-1,0,-1,10098,28485,11646,17457,3343537,3343539,3343534,3343536,0,0,0,0
1790069202.1830692,-3,1,0,-3,10103,28487,11646,17460,3343597,3343599,3343594,3343596,0,0,0,0
1790069202.1865633,-3,5,-3,-4,10104,28486,11644,17461,3343627,3343629,3343624,3343626,0,0,0,0
1790069202.2011745,-1,3,2,-3,10104,28488,11645,17461,3343657,3343659,3343654,3343656,0,0,0,0
1790069202.3867302,-1,6,-5,-2,10102,28491,11648,17462,3343717,3343719,3343714,3343716,0,0,0,0
1790069202.3867302,0,0,-3,2,10108,28491,11648,17467,3343807,3343809,3343804,3343806,0,0,0,0
1790069202.5942395,-3,2,2,-2,10109,28490,11646,17468,3343837,3343839,3343834,3343836,0,0,0,0
1790069202.5952475,3,4,-5,-2,10110,28494,11654,17471,3343897,3343899,3343894,3343896,0,0,0,0
1790069202.6014726,-2,5,-2,-2,10110,28494,11657,17473,3343927,3343929,3343924,3343926,0,0,0,0
1790069202.800182,-1,2,4,0,10110,28498,11656,17473,3343957,3343959,3343954,3343956,0,0,0,0
1790069202.801183,6,6,10,1,10114,28499,11663,17476,3344047,3344049,3344044,3344046,0,0,0,0
1790069203.001579,-5,2,3,-5,10116,28498,11663,17478,3344077,3344079,3344074,3344076,0,0,0,0
1790069203.004393,-2,2,0,1,10110,28507,11669,17476,3344167,3344169,3344164,3344166,0,0,0,0
1790069203.4085913,1,-1,-6,1,10108,28512,11672,17475,3344197,3344199,3344194,3344196,0,0,0,0
1790069203.4140103,3,1,3,5,10112,28509,11671,17478,3344257,3344259,3344254,3344256,0,0,0,0
1790069203.4140103,-1,1,-2,-5,10116,28505,11669,17482,3344317,3344319,3344314,3344316,0,0,0,0
1790069203.4208767,0,0,1,-3,10113,28512,11674,17481,3344377,3344379,3344374,3344376,0,0,0,0
1790069203.615756,0,-2,-1,-1,10109,28514,11677,17479,3344437,3344439,3344434,3344436,0,0,0,0
1790069203.615756,1,13,5,2,10118,28514,11677,17486,3344527,3344529,3344524,3344526,0,0,0,0
1790069203.8168406,0,2,-4,3,10115,28518,11681,17485,3344557,3344559,3344554,3344556,0,0,0,0
1790069203.8168406,-5,0,0,4,10106,28526,11692,17479,3344647,3344649,3344644,3344646,0,0,0,0
1790069204.0170856,-1,3,0,2,10109,28528,11695,17484,3344707,3344709,3344704,3344706,0,0,0,0
1790069204.0297909,3,0,-2,-1,10108,28528,11698,17486,3344767,3344769,3344764,3344766,0,0,0,0
1790069204.0649712,1,4,-2,3,10109,28528,11698,17487,3344797,3344799,3344794,3344796,0,0,0,0
1790069204.2300441,-2,2,3,-2,10108,28529,11700,17487,3344827,3344829,3344824,3344826,0,0,0,0
1790069204.2322235,5,3,1,-3,10109,28528,11699,17488,3344857,3344859,3344854,3344856,0,0,0,0
1790069204.2322235,4,-1,-1,1,10112,28527,11697,17489,3344887,3344889,3344884,3344886,0,0,0,0
1790069204.4307053,0,2,0,1,10114,28529,11701,17491,3344977,3344979,3344974,3344976,0,0,0,0
1790069204.4307053,1,0,5,1,10113,28531,11702,17492,3345007,3345009,3345004,3345006,0,0,0,0
1790069204.6390958,-3,2,4,1,10114,28531,11703,17491,3345037,3345039,3345034,3345036,0,0,0,0
1790069204.6425385,-2,-1,0,-1,10115,28534,11705,17492,3345127,3345129,3345124,3345126,0,0,0,0
1790069204.8415217,-6,0,1,1,10111,28536,11708,17489,3345157,3345159,3345154,3345156,0,0,0,0
1790069204.8449607,2,0,0,3,10105,28545,11719,17487,3345217,3345219,3345214,3345216,0,0,0,0
1790069205.0257778,0,-3,3,-1,10112,28543,11719,17493,3345307,3345309,3345304,3345306,0,0,0,0
1790069205.03246,-1,-3,2,3,10113,28539,11717,17498,3345367,3345369,3345364,3345366,0,0,0,0
1790069205.081076,4,-1,0,0,10110,28540,11719,17497,3345397,3345399,3345394,3345396,0,0,0,0
1790069205.2541203,-5,-1,2,-2,10110,28545,11723,17495,3345457,3345459,3345454,3345456,0,0,0,0
1790069205.2541203,5,-1,4,2,10111,28546,11726,17496,3345487,3345489,3345484,3345486,0,0,0,0
1790069205.4570715,1,3,2,-1,10112,28543,11723,17497,3345517,3345519,3345514,3345516,0,0,0,0
1790069205.4570715,-4,-2,-1,-1,10114,28542,11723,17500,3345607,3345609,3345604,3345606,0,0,0,0
1790069205.4570715,3,0,2,1,10114,28543,11724,17500,3345637,3345639,3345634,3345636,0,0,0,0
1790069205.6650748,4,-3,2,-2,10113,28540,11723,17499,3345667,3345669,3345664,3345666,0,0,0,0
1790069205.6650748,2,-10,0,2,10113,28540,11724,17499,3345697,3345699,3345694,3345696,0,0,0,0
1790069205.6809006,-3,-7,-1,-2,10111,28540,11725,17499,3345757,3345759,3345754,3345756,0,0,0,0
1790069205.8791122,1,0,-2,1,10116,28535,11722,17503,3345817,3345819,3345814,3345816,0,0,0,0
1790069205.8791122,-1,0,-6,-4,10118,28537,11723,17505,3345877,3345879,3345874,3345876,0,0,0,0
1790069206.0349855,-2,-1,-3,0,10113,28541,11726,17502,3345907,3345909,3345904,3345906,0,0,0,0
1790069206.0458465,-3,-4,-3,-3,10107,28542,11732,17497,3345967,3345969,3345964,3345966,0,0,0,0
1790069206.0458465,-1,2,-2,-2,10105,28540,11733,17497,3345997,3345999,3345994,3345996,0,0,0,0
1790069206.0992804,-6,-4,-6,-3,10109,28538,11729,17500,3346027,3346029,3346024,3346026,0,0,0,0
1790069206.2765174,-2,-7,-1,1,10110,28531,11726,17501,3346057,3346059,3346054,3346056,0,0,0,0
1790069206.2765174,-4,-1,-1,-4,10108,28533,11726,17500,3346087,3346089,3346084,3346086,0,0,0,0
1790069206.2765174,-3,-3,-1,-3,10104,28537,11729,17498,3346117,3346119,3346114,3346116,0,0,0,0
1790069206.4698417,-1,-6,-1,-4,10100,28541,11734,17495,3346147,3346149,3346144,3346146,0,0,0,0
1790069206.4698417,-2,-1,-4,-4,10100,28535,11730,17493,3346207,3346209,3346204,3346206,0,0,0,0
1790069206.4859827,-8,-4,-1,0,10102,28533,11729,17495,3346267,3346269,3346264,3346266,0,0,0,0
1790069206.677409,-2,-3,-3,-5,10102,28534,11727,17495,3346327,3346329,3346324,3346326,0,0,0,0
1790069206.6933722,-5,-2,-1,-5,10101,28533,11728,17493,3346387,3346389,3346384,3346386,0,0,0,0
1790069206.8874521,-2,1,-3,0,10100,28533,11728,17492,3346417,3346419,3346414,3346416,0,0,0,0
1790069206.8874521,-4,4,2,-2,10100,28534,11730,17493,3346447,3346449,3346444,3346446,0,0,0,0
1790069206.8874521,1,1,-3,-1,10101,28531,11727,17493,3346477,3346479,3346474,3346476,0,0,0,0
1790069207.0485265,-1,0,-5,2,10103,28530,11724,17496,3346507,3346509,3346504,3346506,0,0,0,0
1790069207.0485265,-4,-7,2,2,10101,28531,11725,17494,3346567,3346569,3346564,3346566,0,0,0,0
1790069207.0968196,-1,5,-1,-6,10101,28532,11726,17493,3346597,3346599,3346594,3346596,0,0,0,0
1790069207.2886024,4,-2,-2,0,10101,28534,11727,17495,3346627,3346629,3346624,3346626,0,0,0,0
1790069207.3044102,3,-3,5,3,10100,28538,11727,17492,3346747,3346749,3346744,3346746,0,0,0,0
1790069207.4978833,-5,3,4,-2,10100,28542,11730,17493,3346807,3346809,3346804,3346806,0,0,0,0
1790069207.5140777,-1,1,-1,2,10097,28553,11736,17490,3346867,3346869,3346864,3346866,0,0,0,0
1790069207.7075386,-4,0,-6,4,10095,28553,11739,17490,3346897,3346899,3346894,3346896,0,0,0,0
1790069207.7075386,-1,1,0,1,10097,28553,11739,17491,3346957,3346959,3346954,3346956,0,0,0,0
1790069207.7075386,3,2,3,1,10103,28553,11737,17496,3346987,3346989,3346984,3346986,0,0,0,0
1790069207.8200533,1,2,2,2,10103,28553,11735,17497,3347017,3347019,3347014,3347016,0,0,0,0
1790069207.9163938,-1,4,3,1,10107,28555,11738,17498,3347107,3347109,3347104,3347106,0,0,0,0
1790069208.060307,11,-3,5,-2,10106,28561,11742,17499,3347167,3347169,3347164,3347166,0,0,0,0
1790069208.1080692,4,4,-2,-1,10102,28569,11752,17498,3347227,3347229,3347224,3347226,0,0,0,0
1790069208.3218412,1,2,1,0,10101,28573,11755,17497,3347257,3347259,3347254,3347256,0,0,0,0
1790069208.327841,2,-13,5,-1,10098,28576,11764,17496,3347347,3347349,3347344,3347346,0,0,0,0
1790069208.5266862,1,0,1,1,10098,28579,11771,17500,3347467,3347469,3347464,3347466,0,0,0,0
1790069208.735876,-5,-1,-1,-2,10097,28574,11773,17502,3347557,3347559,3347554,3347556,0,0,0,0
1790069208.7398918,-3,-2,-4,0,10096,28575,11774,17501,3347587,3347589,3347584,3347586,0,0,0,0
1790069208.9348836,-3,-4,2,1,10095,28575,11775,17501,3347617,3347619,3347614,3347616,0,0,0,0
1790069208.9425673,1,-5,-1,2,10093,28575,11778,17501,3347677,3347679,3347674,3347676,0,0,0,0
1790069209.1114345,-4,-5,0,3,10090,28575,11779,17499,3347707,3347709,3347704,3347706,0,0,0,0
1790069209.1114345,1,-3,0,-1,10087,28579,11786,17498,3347797,3347799,3347794,3347796,0,0,0,0
1790069209.3440952,0,-4,3,2,10086,28577,11784,17497,3347827,3347829,3347824,3347826,0,0,0,0
1790069209.3440952,0,-1,3,0,10082,28586,11789,17494,3347977,3347979,3347974,3347976,0,0,0,0
1790069209.5453668,0,-1,2,1,10083,28585,11789,17496,3348007,3348009,3348004,3348006,0,0,0,0
1790069209.5613313,3,5,4,0,10087,28595,11792,17499,3348097,3348099,3348094,3348096,0,0,0,0
1790069209.755237,-2,4,-2,1,10083,28610,11810,17499,3348217,3348219,3348214,3348216,0,0,0,0
1790069209.9637494,2,-1,1,-2,10084,28612,11810,17499,3348247,3348249,3348244,3348246,0,0,0,0
1790069209.9637494,-2,0,-1,4,10086,28612,11812,17502,3348307,3348309,3348304,3348306,0,0,0,0
1790069209.9637494,-2,-2,1,4,10088,28612,11814,17505,3348337,3348339,3348334,3348336,0,0,0,0
1790069210.1289108,4,2,-1,1,10089,28617,11816,17507,3348367,3348369,3348364,3348366,0,0,0,0
1790069210.1289108,3,1,2,0,10085,28620,11820,17504,3348397,3348399,3348394,3348396,0,0,0,0
1790069210.1289108,1,-20,0,-4,10081,28626,11825,17501,3348427,3348429,3348424,3348426,0,0,0,0
1790069210.1405566,3,-1,3,2,10080,28629,11831,17500,3348457,3348459,3348454,3348456,0,0,0,0
1790069210.3626795,5,-2,0,0,10080,28629,11833,17501,3348487,3348489,3348484,3348486,0,0,0,0
1790069210.3626795,-1,0,-1,-2,10081,28632,11839,17504,3348577,3348579,3348574,3348576,0,0,0,0
1790069210.5760217,-1,-1,4,-6,10078,28636,11844,17503,3348607,3348609,3348604,3348606,0,0,0,0
1790069210.5760217,3,-6,2,2,10076,28635,11847,17502,3348637,3348639,3348634,3348636,0,0,0,0
1790069210.5760217,-2,-5,-1,-1,10075,28633,11848,17502,3348667,3348669,3348664,3348666,0,0,0,0
1790069210.5760217,2,-3,-4,3,10076,28632,11847,17503,3348697,3348699,3348694,3348696,0,0,0,0
1790069210.780206,-2,-5,1,3,10073,28632,11854,17503,3348787,3348789,3348784,3348786,0,0,0,0
1790069210.780206,-1,0,-10,-5,10070,28636,11859,17501,3348817,3348819,3348814,3348816,0,0,0,0
1790069210.9734116,-1,-3,-5,-1,10060,28650,11876,17496,3348877,3348879,3348874,3348876,0,0,0,0
1790069210.989127,-1,4,1,1,10052,28658,11886,17492,3348907,3348909,3348904,3348906,0,0,0,0
1790069210.989127,-3,-3,-7,-3,10046,28667,11899,17489,3348967,3348969,3348964,3348966,0,0,0,0
1790069211.1344233,-1,-1,-7,-4,10047,28671,11908,17495,3349027,3349029,3349024,3349026,0,0,0,0
1790069211.1823022,2,5,-2,-1,10048,28672,11909,17497,3349057,3349059,3349054,3349056,0,0,0,0
1790069211.1982982,1,1,5,0,10046,28676,11914,17497,3349087,3349089,3349084,3349086,0,0,0,0
1790069211.3909645,0,0,-3,0,10043,28681,11923,17496,3349147,3349149,3349144,3349146,0,0,0,0
1790069211.3909645,4,-4,-1,0,10038,28688,11932,17496,3349207,3349209,3349204,3349206,0,0,0,0
1790069211.599353,2,-3,-1,-4,10036,28693,11939,17496,3349237,3349239,3349234,3349236,0,0,0,0
1790069211.599353,-1,-1,-9,-2,10033,28698,11945,17494,3349267,3349269,3349264,3349266,0,0,0,0
1790069211.599353,2,3,-8,-3,10029,28707,11955,17493,3349297,3349299,3349294,3349296,0,0,0,0
1790069211.599353,-2,-1,-2,1,10024,28715,11965,17492,3349327,3349329,3349324,3349326,0,0,0,0
1790069211.806092,-2,2,-3,1,10020,28724,11976,17490,3349357,3349359,3349354,3349356,0,0,0,0
1790069211.806092,-1,3,-2,-1,10017,28733,11989,17491,3349387,3349389,3349384,3349386,0,0,0,0
1790069211.806092,3,-1,0,1,10012,28747,12007,17491,3349447,3349449,3349444,3349446,0,0,0,0
1790069212.0129995,4,0,1,-3,10009,28753,12015,17490,3349477,3349479,3349474,3349476,0,0,0,0
1790069212.0129995,1,-2,-3,3,10002,28766,12031,17487,3349537,3349539,3349534,3349536,0,0,0,0
1790069212.0129995,4,3,1,4,10000,28774,12037,17488,3349567,3349569,3349564,3349566,0,0,0,0
1790069212.1425006,0,2,-2,-1,10003,28782,12049,17491,3349627,3349629,3349624,3349626,0,0,0,0
1790069212.2042139,1,1,-4,2,10004,28784,12053,17493,3349657,3349659,3349654,3349656,0,0,0,0
1790069212.2201462,-2,-1,2,-3,10004,28786,12056,17495,3349687,3349689,3349684,3349686,0,0,0,0
1790069212.4133565,-3,-2,0,6,10004,28788,12059,17495,3349717,3349719,3349714,3349716,0,0,0,0
1790069212.4133565,-1,0,1,0,10007,28789,12061,17498,3349747,3349749,3349744,3349746,0,0,0,0
1790069212.4133565,-3,-2,0,1,10008,28787,12062,17502,3349777,3349779,3349774,3349776,0,0,0,0
1790069212.4133565,-2,1,2,-1,10007,28788,12065,17503,3349807,3349809,3349804,3349806,0,0,0,0
1790069212.6220298,2,0,1,-2,9998,28790,12075,17498,3349927,3349929,3349924,3349926,0,0,0,0
1790069212.8161733,-3,-4,-4,-2,9996,28788,12076,17496,3349957,3349959,3349954,3349956,0,0,0,0
1790069212.8319774,-1,-1,-4,-3,9992,28789,12077,17494,3349987,3349989,3349984,3349986,0,0,0,0
1790069212.8319774,-3,-2,-2,-2,9991,28793,12086,17497,3350047,3350049,3350044,3350046,0,0,0,0
1790069213.0245876,0,-2,-1,1,9987,28795,12087,17495,3350077,3350079,3350074,3350076,0,0,0,0
1790069213.0245876,-3,4,-4,-5,9987,28797,12092,17496,3350107,3350109,3350104,3350106,0,0,0,0
1790069213.04057,2,-2,-4,2,9987,28798,12093,17496,3350137,3350139,3350134,3350136,0,0,0,0
1790069213.04057,-6,-4,-2,-1,9987,28797,12093,17496,3350167,3350169,3350164,3350166,0,0,0,0
1790069213.1611445,-5,3,-4,-1,9985,28801,12095,17493,3350227,3350229,3350224,3350226,0,0,0,0
1790069213.2341802,3,3,-1,-1,9983,28801,12096,17494,3350257,3350259,3350254,3350256,0,0,0,0
1790069213.2341802,3,-2,3,3,9984,28799,12094,17495,3350287,3350289,3350284,3350286,0,0,0,0
1790069213.4416559,-2,-3,0,-1,9986,28798,12093,17495,3350317,3350319,3350314,3350316,0,0,0,0
1790069213.4416559,-1,0,0,1,9986,28801,12093,17495,3350377,3350379,3350374,3350376,0,0,0,0
1790069213.4416559,3,-3,-1,-3,9982,28804,12097,17491,3350407,3350409,3350404,3350406,0,0,0,0
1790069213.4416559,-1,-2,1,0,9978,28807,12102,17490,3350437,3350439,3350434,3350436,0,0,0,0
1790069213.6520846,1,4,-6,3,9985,28810,12103,17498,3350557,3350559,3350554,3350556,0,0,0,0
1790069213.8508606,0,-1,-2,-1,9984,28814,12108,17496,3350587,3350589,3350584,3350586,0,0,0,0
1790069213.8508606,5,0,-3,-3,9984,28819,12113,17496,3350677,3350679,3350674,3350676,0,0,0,0
1790069214.0445673,4,0,-2,0,9986,28818,12113,17498,3350707,3350709,3350704,3350706,0,0,0,0
1790069214.0606039,0,4,1,3,9987,28822,12116,17500,3350797,3350799,3350794,3350796,0,0,0,0
1790069214.16501,0,3,1,3,9988,28824,12118,17500,3350827,3350829,3350824,3350826,0,0,0,0
1790069214.16501,2,0,1,-4,9988,28826,12119,17500,3350857,3350859,3350854,3350856,0,0,0,0
1790069214.2537673,0,-3,3,0,9988,28828,12121,17501,3350887,3350889,3350884,3350886,0,0,0,0
1790069214.2654839,-1,6,-2,4,9989,28828,12123,17501,3350917,3350919,3350914,3350916,0,0,0,0
1790069214.4655015,4,0,3,0,9993,28824,12121,17508,3351037,3351039,3351034,3351036,0,0,0,0
1790069214.6724987,1,-1,-2,6,9992,28825,12125,17507,3351067,3351069,3351064,3351066,0,0,0,0
1790069214.6724987,0,1,1,2,9991,28828,12128,17505,3351157,3351159,3351154,3351156,0,0,0,0
1790069214.8782966,0,7,2,2,9993,28828,12127,17506,3351187,3351189,3351184,3351186,0,0,0,0
1790069214.8782966,-1,4,2,1,9996,28825,12122,17510,3351277,3351279,3351274,3351276,0,0,0,0
1790069215.0714538,6,-3,-1,-7,9993,28825,12122,17509,3351307,3351309,3351304,3351306,0,0,0,0
1790069215.0714538,-1,6,2,-3,9992,28828,12127,17508,3351397,3351399,3351394,3351396,0,0,0,0
1790069215.1680927,-1,-2,1,3,9991,28831,12129,17508,3351427,3351429,3351424,3351426,0,0,0,0
1790069215.1680927,-2,2,-5,0,9991,28830,12130,17509,3351457,3351459,3351454,3351456,0,0,0,0
1790069215.2793481,4,2,2,5,9995,28829,12131,17512,3351517,3351519,3351514,3351516,0,0,0,0
1790069215.4861639,-2,-3,3,2,9996,28831,12134,17513,3351607,3351609,3351604,3351606,0,0,0,0
1790069215.6926386,4,0,2,5,9996,28832,12137,17514,3351667,3351669,3351664,3351666,0,0,0,0
1790069215.6926386,-4,-3,1,-7,9995,28833,12140,17513,3351757,3351759,3351754,3351756,0,0,0,0
1790069215.8997123,-2,-1,0,0,9995,28829,12139,17514,3351817,3351819,3351814,3351816,0,0,0,0
1790069215.8997123,-1,-3,-1,-22,9989,28831,12145,17509,3351907,3351909,3351904,3351906,0,0,0,0
1790069216.09302,-4,-12,-13,3,9983,28833,12150,17506,3351937,3351939,3351934,3351936,0,0,0,0
1790069216.1090124,-5,-1,-4,2,9988,28824,12141,17510,3352027,3352029,3352024,3352026,0,0,0,0
1790069216.1888466,0,-3,3,0,9987,28823,12138,17508,3352057,3352059,3352054,3352056,0,0,0,0
1790069216.1888466,-2,3,-4,1,9987,28823,12139,17508,3352087,3352089,3352084,3352086,0,0,0,0
1790069216.3169749,-5,-4,-5,3,9983,28824,12141,17506,3352147,3352149,3352144,3352146,0,0,0,0
1790069216.5103405,-3,-3,2,-5,9983,28824,12140,17505,3352207,3352209,3352204,3352206,0,0,0,0
1790069216.5103405,-5,-6,-3,1,9984,28825,12140,17507,3352267,3352269,3352264,3352266,0,0,0,0
1790069216.7191815,-2,0,4,-2,9983,28828,12143,17506,3352297,3352299,3352294,3352296,0,0,0,0
1790069216.7191815,0,0,-2,0,9984,28830,12145,17507,3352387,3352389,3352384,3352386,0,0,0,0
1790069216.928868,-4,-2,1,0,9983,28834,12147,17506,3352447,3352449,3352444,3352446,0,0,0,0
1790069216.9308786,2,-1,3,-4,9986,28834,12146,17509,3352507,3352509,3352504,3352506,0,0,0,0
1790069217.1173098,4,9,-2,-5,9991,28834,12143,17511,3352537,3352539,3352534,3352536,0,0,0,0
1790069217.1332667,-1,-1,-9,-3,9989,28833,12144,17511,3352567,3352569,3352564,3352566,0,0,0,0
1790069217.1332667,-1,0,-2,-1,9994,28834,12142,17514,3352627,3352629,3352624,3352626,0,0,0,0
1790069217.19696,-2,4,-6,4,9995,28836,12143,17515,3352657,3352659,3352654,3352656,0,0,0,0
1790069217.3253806,3,2,-3,0,9995,28837,12144,17516,3352687,3352689,3352684,3352686,0,0,0,0
1790069217.3253806,5,0,-1,0,9998,28838,12147,17517,3352747,3352749,3352744,3352746,0,0,0,0
1790069217.5353131,-3,-5,-1,-1,9999,28840,12148,17518,3352777,3352779,3352774,3352776,0,0,0,0
1790069217.5353131,-1,1,0,0,9999,28845,12155,17520,3352867,3352869,3352864,3352866,0,0,0,0
1790069217.7449093,1,0,1,-2,9996,28847,12159,17517,3352897,3352899,3352894,3352896,0,0,0,0
1790069217.7449093,-2,-2,-2,0,9993,28850,12164,17516,3352927,3352929,3352924,3352926,0,0,0,0
1790069217.7449093,4,-3,-3,0,9993,28849,12167,17518,3352987,3352989,3352984,3352986,0,0,0,0
1790069217.9378629,-1,5,-1,8,9993,28850,12175,17519,3353077,3353079,3353074,3353076,0,0,0,0
1790069217.9539373,-2,-2,4,-1,9992,28849,12175,17520,3353107,3353109,3353104,3353106,0,0,0,0
1790069218.1481366,-4,-1,1,-1,9991,28850,12184,17523,3353197,3353199,3353194,3353196,0,0,0,0
1790069218.1481366,-1,1,-7,-1,9987,28853,12190,17520,3353257,3353259,3353254,3353256,0,0,0,0
1790069218.2125442,0,-3,-4,-4,9988,28851,12189,17522,3353287,3353289,3353284,3353286,0,0,0,0
1790069218.3562496,-1,-1,1,-2,9986,28854,12196,17522,3353377,3353379,3353374,3353376,0,0,0,0
1790069218.3883224,-1,-1,-1,1,9985,28857,12202,17524,3353407,3353409,3353404,3353406,0,0,0,0
1790069218.451759,-5,-3,-6,-2,9985,28858,12205,17525,3353437,3353439,3353434,3353436,0,0,0,0
1790069218.548456,-4,-3,1,-4,9986,28857,12205,17526,3353497,3353499,3353494,3353496,0,0,0,0
1790069218.7585526,-5,0,0,-5,9986,28855,12203,17526,3353527,3353529,3353524,3353526,0,0,0,0
1790069218.7585526,0,0,-2,-4,9986,28855,12202,17526,3353557,3353559,3353554,3353556,0,0,0,0
1790069218.9681175,0,0,-3,-5,9981,28866,12207,17522,3353737,3353739,3353734,3353736,0,0,0,0
1790069219.1781955,0,2,2,0,9985,28864,12205,17525,3353827,3353829,3353824,3353826,0,0,0,0
1790069219.1781955,0,2,3,-1,9982,28867,12209,17523,3353857,3353859,3353854,3353856,0,0,0,0
1790069219.2105372,1,5,1,4,9983,28870,12212,17522,3353887,3353889,3353884,3353886,0,0,0,0
1790069219.3845706,5,6,1,2,9988,28871,12211,17526,3353947,3353949,3353944,3353946,0,0,0,0
1790069219.5886078,5,1,-4,1,9989,28871,12211,17528,3354007,3354009,3354004,3354006,0,0,0,0
1790069219.5931113,2,2,0,1,9987,28877,12217,17527,3354097,3354099,3354094,3354096,0,0,0,0
1790069219.7950256,-3,0,-1,2,9987,28878,12221,17527,3354127,3354129,3354124,3354126,0,0,0,0
1790069219.7990372,3,-2,5,-1,9994,28877,12218,17532,3354217,3354219,3354214,3354216,0,0,0,0
1790069219.9957964,-4,3,-2,3,9997,28877,12219,17536,3354277,3354279,3354274,3354276,0,0,0,0
1790069219.9957964,-4,-1,-2,2,9994,28882,12232,17539,3354367,3354369,3354364,3354366,0,0,0,0
1790069220.1921158,-2,0,1,1,9993,28885,12237,17540,3354397,3354399,3354394,3354396,0,0,0,0
1790069220.2079706,-5,0,3,-2,9991,28887,12247,17540,3354487,3354489,3354484,3354486,0,0,0,0
1790069220.2400029,-3,-1,-1,3,9986,28888,12251,17538,3354517,3354519,3354514,3354516,0,0,0,0
1790069220.402417,-1,-1,-1,-3,9981,28888,12256,17535,3354577,3354579,3354574,3354576,0,0,0,0
1790069220.418543,1,-4,-1,3,9983,28887,12255,17538,3354607,3354609,3354604,3354606,0,0,0,0
1790069220.6110675,-3,-4,-5,2,9983,28886,12254,17537,3354637,3354639,3354634,3354636,0,0,0,0
1790069220.6110675,0,-2,0,0,9975,28889,12260,17531,3354697,3354699,3354694,3354696,0,0,0,0
1790069220.6110675,-5,0,2,1,9976,28889,12261,17531,3354727,3354729,3354724,3354726,0,0,0,0
1790069220.8183708,-2,1,8,-2,9975,28887,12257,17530,3354847,3354849,3354844,3354846,0,0,0,0
1790069221.0219436,1,-7,-2,-2,9976,28886,12254,17531,3354907,3354909,3354904,3354906,0,0,0,0
1790069221.222105,-1,1,-3,-5,9977,28886,12253,17532,3354937,3354939,3354934,3354936,0,0,0,0
1790069221.222105,0,2,-2,-2,9975,28892,12266,17536,3355087,3355089,3355084,3355086,0,0,0,0
1790069221.4308288,-1,1,-3,0,9980,28895,12272,17541,3355147,3355149,3355144,3355146,0,0,0,0
1790069221.4308288,0,5,0,-1,9980,28896,12273,17542,3355177,3355179,3355174,3355176,0,0,0,0
1790069221.4308288,1,1,-3,4,9979,28899,12277,17542,3355207,3355209,3355204,3355206,0,0,0,0
1790069221.6234722,0,-2,-8,1,9977,28902,12281,17540,3355237,3355239,3355234,3355236,0,0,0,0
1790069221.6234722,2,1,-7,-1,9981,28900,12279,17545,3355297,3355299,3355294,3355296,0,0,0,0
1790069221.6394694,1,0,-1,-1,9985,28899,12276,17548,3355327,3355329,3355324,3355326,0,0,0,0
1790069221.829615,-2,-1,-6,-3,9986,28900,12276,17548,3355357,3355359,3355354,3355356,0,0,0,0
1790069221.829615,0,1,-2,3,9982,28906,12281,17544,3355417,3355419,3355414,3355416,0,0,0,0
1790069221.829615,4,4,-1,-4,9984,28907,12283,17546,3355447,3355449,3355444,3355446,0,0,0,0
1790069222.0370772,2,0,1,0,9983,28906,12283,17546,3355477,3355479,3355474,3355476,0,0,0,0
1790069222.0370772,3,-1,-1,1,9985,28909,12288,17550,3355597,3355599,3355594,3355596,0,0,0,0
1790069222.245331,0,5,-2,2,9980,28914,12295,17547,3355627,3355629,3355624,3355626,0,0,0,0
1790069222.245331,0,2,-1,2,9978,28919,12301,17545,3355657,3355659,3355654,3355656,0,0,0,0
1790069222.2611778,-1,17,1,1,9981,28916,12300,17548,3355717,3355719,3355714,3355716,0,0,0,0
1790069222.4550383,-3,0,3,4,9987,28914,12300,17557,3355777,3355779,3355774,3355776,0,0,0,0
1790069222.4550383,1,-1,-1,1,9989,28913,12302,17560,3355807,3355809,3355804,3355806,0,0,0,0
1790069222.4550383,7,3,1,2,9990,28915,12303,17559,3355837,3355839,3355834,3355836,0,0,0,0
1790069222.6488242,1,7,3,5,9982,28921,12313,17555,3355927,3355929,3355924,3355926,0,0,0,0
1790069222.6488242,-2,3,-5,1,9981,28923,12316,17554,3355957,3355959,3355954,3355956,0,0,0,0
1790069222.8573701,-4,5,0,1,9989,28917,12310,17562,3356017,3356019,3356014,3356016,0,0,0,0
1790069222.8573701,1,3,2,1,9983,28924,12320,17558,3356077,3356079,3356074,3356076,0,0,0,0
1790069223.066621,1,1,-6,4,9977,28931,12329,17553,3356137,3356139,3356134,3356136,0,0,0,0
1790069223.066621,-1,-1,-3,0,9977,28931,12329,17555,3356167,3356169,3356164,3356166,0,0,0,0
1790069223.082846,0,-3,15,-3,9980,28927,12327,17557,3356197,3356199,3356194,3356196,0,0,0,0
1790069223.2598324,1,1,-1,1,9982,28926,12328,17559,3356227,3356229,3356224,3356226,0,0,0,0
1790069223.2598324,-1,4,-3,-3,9985,28927,12328,17561,3356257,3356259,3356254,3356256,0,0,0,0
1790069223.2598324,-1,1,-1,2,9985,28927,12328,17562,3356287,3356289,3356284,3356286,0,0,0,0
1790069223.2755747,10,-6,-1,3,9985,28926,12328,17562,3356317,3356319,3356314,3356316,0,0,0,0
1790069223.4690971,-1,2,-2,3,9985,28927,12329,17563,3356347,3356349,3356344,3356346,0,0,0,0
1790069223.4690971,-5,-5,2,0,9987,28925,12329,17566,3356437,3356439,3356434,3356436,0,0,0,0
1790069223.6772099,-8,2,2,-1,9986,28927,12331,17564,3356467,3356469,3356464,3356466,0,0,0,0
1790069223.6772099,1,-2,6,-1,9977,28929,12339,17560,3356527,3356529,3356524,3356526,0,0,0,0
1790069223.8217208,-4,-3,-1,-6,9981,28924,12336,17564,3356617,3356619,3356614,3356616,0,0,0,0
1790069223.8375084,0,-4,0,-1,9979,28923,12337,17561,3356647,3356649,3356644,3356646,0,0,0,0
1790069223.9053752,-5,-3,-1,-4,9978,28925,12340,17561,3356677,3356679,3356674,3356676,0,0,0,0
1790069224.0945435,-3,-2,-4,4,9977,28923,12339,17560,3356707,3356709,3356704,3356706,0,0,0,0
1790069224.0945435,0,-3,0,-2,9977,28922,12338,17562,3356737,3356739,3356734,3356736,0,0,0,0
1790069224.0945435,0,-1,-3,0,9981,28921,12338,17567,3356797,3356799,3356794,3356796,0,0,0,0
1790069224.2710006,0,-5,0,-3,9978,28923,12344,17568,3356857,3356859,3356854,3356856,0,0,0,0
1790069224.2710006,1,-3,0,-4,9975,28927,12349,17566,3356887,3356889,3356884,3356886,0,0,0,0
1790069224.2710006,-9,-2,-1,2,9973,28926,12352,17565,3356917,3356919,3356914,3356916,0,0,0,0
1790069224.4968333,-1,2,-2,3,9973,28925,12349,17565,3357067,3357069,3357064,3357066,0,0,0,0
1790069224.7097442,0,-4,3,0,9974,28926,12348,17565,3357127,3357129,3357124,3357126,0,0,0,0
1790069224.7097442,3,1,-6,3,9974,28927,12348,17565,3357187,3357189,3357184,3357186,0,0,0,0
1790069224.9132805,-1,-5,0,4,9976,28928,12347,17567,3357217,3357219,3357214,3357216,0,0,0,0
1790069224.9132805,2,4,3,-1,9976,28926,12346,17567,3357247,3357249,3357244,3357246,0,0,0,0
1790069224.9132805,1,0,-1,0,9975,28930,12349,17567,3357307,3357309,3357304,3357306,0,0,0,0
1790069225.2801497,-4,0,-3,-5,9976,28934,12351,17566,3357337,3357339,3357334,3357336,0,0,0,0
1790069225.2959902,1,2,-1,0,9980,28931,12351,17571,3357427,3357429,3357424,3357426,0,0,0,0
1790069225.2959902,1,4,-4,-1,9980,28940,12359,17572,3357517,3357519,3357514,3357516,0,0,0,0
1790069225.2959902,2,2,0,-3,9979,28943,12365,17571,3357547,3357549,3357544,3357546,0,0,0,0
1790069225.5209212,0,4,1,-4,9978,28946,12370,17573,3357577,3357579,3357574,3357576,0,0,0,0
1790069225.5209212,1,2,4,2,9979,28949,12380,17579,3357667,3357669,3357664,3357666,0,0,0,0
1790069225.729841,-2,1,1,5,9975,28951,12383,17577,3357697,3357699,3357694,3357696,0,0,0,0
1790069225.729841,0,0,-1,1,9975,28957,12390,17577,3357757,3357759,3357754,3357756,0,0,0,0
1790069225.729841,-1,-3,2,0,9973,28956,12393,17578,3357787,3357789,3357784,3357786,0,0,0,0
1790069225.9358017,3,-1,0,0,9975,28957,12394,17578,3357817,3357819,3357814,3357816,0,0,0,0
1790069225.9375415,2,1,3,5,9979,28957,12396,17583,3357907,3357909,3357904,3357906,0,0,0,0
1790069226.1291797,1,1,4,1,9980,28957,12395,17586,3357967,3357969,3357964,3357966,0,0,0,0
1790069226.1291797,2,-1,2,2,9982,28957,12396,17589,3357997,3357999,3357994,3357996,0,0,0,0
1790069226.1451287,0,-3,-1,-1,9983,28959,12402,17592,3358027,3358029,3358024,3358026,0,0,0,0
1790069226.1451287,5,4,-2,3,9981,28962,12404,17591,3358057,3358059,3358054,3358056,0,0,0,0
1790069226.2901423,1,2,-4,-1,9980,28966,12411,17591,3358087,3358089,3358084,3358086,0,0,0,0
1790069226.2901423,7,0,-3,1,9979,28966,12413,17592,3358117,3358119,3358114,3358116,0,0,0,0
1790069226.338596,1,-3,0,3,9981,28967,12414,17593,3358147,3358149,3358144,3358146,0,0,0,0
1790069226.4338536,1,0,0,-2,9979,28966,12415,17594,3358177,3358179,3358174,3358176,0,0,0,0
1790069226.4499784,-2,-2,-1,-2,9981,28966,12417,17596,3358207,3358209,3358204,3358206,0,0,0,0
1790069226.4499784,-2,-5,-2,3,9980,28966,12419,17597,3358237,3358239,3358234,3358236,0,0,0,0
1790069226.5163624,2,-2,-3,-3,9981,28965,12419,17597,3358267,3358269,3358264,3358266,0,0,0,0
1790069226.5623817,0,-5,-1,-2,9980,28963,12417,17598,3358297,3358299,3358294,3358296,0,0,0,0
1790069226.7555044,-1,-2,-3,3,9979,28963,12421,17597,3358357,3358359,3358354,3358356,0,0,0,0
1790069226.7555044,-3,-5,1,1,9980,28965,12422,17598,3358387,3358389,3358384,3358386,0,0,0,0
1790069226.9489632,-2,-3,5,1,9981,28965,12422,17598,3358417,3358419,3358414,3358416,0,0,0,0
1790069226.9489632,-9,-2,-4,-3,9980,28961,12420,17599,3358447,3358449,3358444,3358446,0,0,0,0
1790069226.9489632,0,-2,-3,3,9982,28959,12418,17603,3358507,3358509,3358504,3358506,0,0,0,0
1790069227.1573274,-1,3,-2,3,9979,28960,12420,17600,3358567,3358569,3358564,3358566,0,0,0,0
1790069227.1573274,0,0,1,-5,9979,28958,12420,17600,3358597,3358599,3358594,3358596,0,0,0,0
1790069227.1573274,1,-1,-1,-2,9978,28957,12419,17598,3358657,3358659,3358654,3358656,0,0,0,0
1790069227.3008842,-4,0,0,-1,9974,28957,12422,17596,3358717,3358719,3358714,3358716,0,0,0,0
1790069227.3648453,-2,0,-1,2,9974,28957,12423,17596,3358747,3358749,3358744,3358746,0,0,0,0
1790069227.381077,-1,-2,-1,8,9974,28958,12423,17596,3358777,3358779,3358774,3358776,0,0,0,0
1790069227.5720224,7,0,0,-2,9977,28956,12419,17598,3358837,3358839,3358834,3358836,0,0,0,0
1790069227.5720224,0,1,-2,1,9976,28955,12419,17596,3358867,3358869,3358864,3358866,0,0,0,0
1790069227.5720224,-5,-3,0,0,9973,28957,12421,17595,3358897,3358899,3358894,3358896,0,0,0,0
1790069227.781506,0,-1,-2,-1,9975,28956,12421,17598,3359017,3359019,3359014,3359016,0,0,0,0
1790069227.781506,-1,3,1,0,9975,28959,12421,17597,3359047,3359049,3359044,3359046,0,0,0,0
1790069227.974817,-3,-5,1,1,9974,28957,12422,17596,3359077,3359079,3359074,3359076,0,0,0,0
1790069227.974817,-2,0,0,0,9980,28958,12417,17601,3359137,3359139,3359134,3359136,0,0,0,0
1790069228.1828961,-4,1,0,0,9980,28958,12421,17604,3359197,3359199,3359194,3359196,0,0,0,0
1790069228.1828961,-1,-12,-4,-4,9979,28959,12422,17603,3359227,3359229,3359224,3359226,0,0,0,0
1790069228.1990206,-2,0,0,5,9978,28965,12427,17604,3359287,3359289,3359284,3359286,0,0,0,0
1790069228.3234298,0,2,2,-1,9980,28963,12426,17606,3359347,3359349,3359344,3359346,0,0,0,0
1790069228.3924835,1,3,-1,-1,9981,28963,12426,17607,3359407,3359409,3359404,3359406,0,0,0,0
1790069228.5865242,-4,1,3,3,9985,28963,12425,17608,3359437,3359439,3359434,3359436,0,0,0,0
1790069228.5865242,2,-3,4,3,9988,28965,12426,17612,3359497,3359499,3359494,3359496,0,0,0,0
1790069228.8060462,4,1,-6,3,9987,28968,12429,17611,3359527,3359529,3359524,3359526,0,0,0,0
1790069228.808866,2,-1,-3,2,9986,28970,12433,17610,3359587,3359589,3359584,3359586,0,0,0,0
1790069228.816948,2,0,-5,5,9989,28968,12431,17613,3359617,3359619,3359614,3359616,0,0,0,0
1790069228.8189442,2,2,4,-7,9991,28968,12432,17617,3359647,3359649,3359644,3359646,0,0,0,0
1790069229.011317,3,3,3,1,9992,28969,12435,17620,3359677,3359679,3359674,3359676,0,0,0,0
1790069229.0147388,-1,-1,-3,3,9992,28972,12439,17622,3359737,3359739,3359734,3359736,0,0,0,0
1790069229.0224187,1,5,-3,1,9994,28970,12438,17624,3359767,3359769,3359764,3359766,0,0,0,0
1790069229.2101815,1,-1,-3,-5,9993,28972,12441,17623,3359797,3359799,3359794,3359796,0,0,0,0
1790069229.2156212,-2,2,1,3,9990,28977,12446,17620,3359827,3359829,3359824,3359826,0,0,0,0
1790069229.2246468,0,3,21,2,9988,28979,12450,17620,3359857,3359859,3359854,3359856,0,0,0,0
1790069229.313536,-3,-1,1,1,9987,28977,12451,17621,3359887,3359889,3359884,3359886,0,0,0,0
1790069229.4186864,-3,-10,0,0,9993,28973,12447,17626,3359947,3359949,3359944,3359946,0,0,0,0
1790069229.4186864,4,-3,0,0,9995,28975,12448,17631,3360007,3360009,3360004,3360006,0,0,0,0
1790069229.6186638,-8,-5,-6,3,9992,28975,12453,17629,3360037,3360039,3360034,3360036,0,0,0,0
1790069229.6252842,-4,-5,-2,-4,9990,28977,12456,17629,3360067,3360069,3360064,3360066,0,0,0,0
1790069229.6252842,35,-1,-12,-5,9992,28978,12460,17630,3360127,3360129,3360124,3360126,0,0,0,0
1790069229.821793,1,-5,2,-1,9990,28973,12459,17631,3360247,3360249,3360244,3360246,0,0,0,0
1790069229.8435235,4,4,-2,0,9989,28971,12458,17630,3360277,3360279,3360274,3360276,0,0,0,0
1790069230.0328078,-1,-1,-1,-1,9988,28968,12455,17629,3360367,3360369,3360364,3360366,0,0,0,0
1790069230.0328078,1,-1,-3,0,9986,28968,12456,17628,3360397,3360399,3360394,3360396,0,0,0,0
1790069230.2293153,1,4,-2,1,9984,28967,12455,17627,3360457,3360459,3360454,3360456,0,0,0,0
1790069230.2293153,-2,-1,0,-1,9983,28968,12457,17627,3360517,3360519,3360514,3360516,0,0,0,0
1790069230.3297234,-1,4,4,-1,9983,28969,12459,17629,3360547,3360549,3360544,3360546,0,0,0,0
1790069230.3297234,-4,4,-3,-1,9984,28970,12460,17629,3360577,3360579,3360574,3360576,0,0,0,0
1790069230.6431649,-3,4,-1,-1,9986,28971,12462,17632,3360697,3360699,3360694,3360696,0,0,0,0
1790069230.659532,-3,1,-5,-4,9990,28971,12460,17636,3360757,3360759,3360754,3360756,0,0,0,0
1790069230.852028,1,-3,5,1,9989,28973,12463,17636,3360787,3360789,3360784,3360786,0,0,0,0
1790069230.852028,-4,1,2,1,9987,28979,12467,17633,3360877,3360879,3360874,3360876,0,0,0,0
1790069231.0443969,-1,4,-3,-2,9987,28979,12467,17634,3360907,3360909,3360904,3360906,0,0,0,0
1790069231.0443969,-2,0,0,-1,9992,28977,12465,17637,3360997,3360999,3360994,3360996,0,0,0,0
1790069231.2491403,-2,-1,-2,-3,9991,28983,12470,17637,3361057,3361059,3361054,3361056,0,0,0,0
1790069231.333862,0,2,1,2,9992,28985,12475,17637,3361117,3361119,3361114,3361116,0,0,0,0
1790069231.333862,2,0,0,3,9996,28985,12473,17641,3361147,3361149,3361144,3361146,0,0,0,0
1790069231.4563713,0,-2,2,6,10001,28984,12470,17646,3361237,3361239,3361234,3361236,0,0,0,0
1790069231.6646779,-3,-2,3,7,9999,28990,12475,17644,3361267,3361269,3361264,3361266,0,0,0,0
1790069231.6646779,0,-5,4,-2,9998,28989,12478,17647,3361327,3361329,3361324,3361326,0,0,0,0
1790069231.6806455,1,3,-4,2,10001,28987,12477,17650,3361357,3361359,3361354,3361356,0,0,0,0
1790069231.873894,0,-1,1,1,10004,28986,12480,17654,3361447,3361449,3361444,3361446,0,0,0,0
1790069231.873894,-2,-6,-4,-1,10002,28987,12481,17654,3361477,3361479,3361474,3361476,0,0,0,0
1790069232.0826352,-1,-1,0,-1,10000,28989,12485,17652,3361507,3361509,3361504,3361506,0,0,0,0
1790069232.0826352,2,-2,-2,-1,9996,28989,12488,17650,3361567,3361569,3361564,3361566,0,0,0,0
1790069232.0826352,-2,2,0,-2,9997,28985,12485,17652,3361597,3361599,3361594,3361596,0,0,0,0
1790069232.2764075,-4,-6,1,-1,10001,28981,12482,17656,3361627,3361629,3361624,3361626,0,0,0,0
1790069232.2764075,-7,-3,-5,-3,9997,28983,12486,17654,3361717,3361719,3361714,3361716,0,0,0,0
1790069232.3563373,2,-5,4,1,9996,28981,12485,17653,3361747,3361749,3361744,3361746,0,0,0,0
1790069232.4850368,-5,0,-3,-1,9997,28981,12484,17654,3361777,3361779,3361774,3361776,0,0,0,0
1790069232.4850368,0,-4,-4,-2,9993,28981,12487,17651,3361837,3361839,3361834,3361836,0,0,0,0
1790069232.8868608,-2,2,-1,-4,9991,28982,12487,17649,3361867,3361869,3361864,3361866,0,0,0,0
1790069232.9026058,-3,4,-4,3,9996,28978,12481,17652,3361957,3361959,3361954,3361956,0,0,0,0
1790069232.9026058,-2,1,-1,1,9995,28978,12480,17652,3362017,3362019,3362014,3362016,0,0,0,0
1790069232.9026058,4,-1,0,-2,9992,28979,12482,17650,3362077,3362079,3362074,3362076,0,0,0,0
1790069233.0945966,0,3,4,-2,9997,28988,12488,17653,3362197,3362199,3362194,3362196,0,0,0,0
1790069233.3030076,1,6,-2,-2,9997,28989,12489,17653,3362227,3362229,3362224,3362226,0,0,0,0
1790069233.3030076,-2,-1,4,0,9998,28996,12498,17657,3362347,3362349,3362344,3362346,0,0,0,0
1790069233.3507597,-1,0,-2,0,10000,28996,12498,17658,3362377,3362379,3362374,3362376,0,0,0,0
1790069233.5120733,-2,-1,1,4,10003,28997,12498,17660,3362407,3362409,3362404,3362406,0,0,0,0
1790069233.5120733,3,5,-7,-1,10004,28997,12498,17662,3362467,3362469,3362464,3362466,0,0,0,0
1790069233.719022,2,3,3,1,10004,28994,12495,17664,3362497,3362499,3362494,3362496,0,0,0,0
1790069233.719022,-1,-3,-4,-2,10005,28996,12500,17666,3362587,3362589,3362584,3362586,0,0,0,0
1790069233.9256434,2,-3,-3,0,10002,28992,12503,17666,3362707,3362709,3362704,3362706,0,0,0,0
1790069234.115419,-4,0,-5,-4,10004,28990,12499,17667,3362737,3362739,3362734,3362736,0,0,0,0
1790069234.1311653,-2,2,1,-3,9998,28988,12502,17661,3362827,3362829,3362824,3362826,0,0,0,0
1790069234.3356364,1,2,-7,-5,9997,28985,12497,17663,3362887,3362889,3362884,3362886,0,0,0,0
1790069234.3356364,1,-4,-3,0,9994,28986,12498,17659,3362947,3362949,3362944,3362946,0,0,0,0
1790069234.3675542,-2,4,-5,-2,9992,28988,12499,17656,3362977,3362979,3362974,3362976,0,0,0,0
1790069234.5371008,-1,2,-5,-3,9995,28985,12496,17658,3363037,3363039,3363034,3363036,0,0,0,0
1790069234.5371008,-1,3,-5,-2,9997,28984,12496,17662,3363067,3363069,3363064,3363066,0,0,0,0
1790069234.7382042,-2,3,-2,0,9997,28986,12495,17662,3363097,3363099,3363094,3363096,0,0,0,0
1790069234.7382042,-1,2,2,-2,9997,28989,12500,17662,3363127,3363129,3363124,3363126,0,0,0,0
1790069234.7382042,-1,6,-1,-1,9994,28996,12506,17660,3363187,3363189,3363184,3363186,0,0,0,0
1790069234.9473808,4,1,-4,0,9994,28998,12507,17659,3363217,3363219,3363214,3363216,0,0,0,0
1790069234.9483912,1,-1,0,1,10002,28997,12507,17668,3363307,3363309,3363304,3363306,0,0,0,0
1790069235.14893,1,3,-1,-3,10007,28998,12506,17672,3363367,3363369,3363364,3363366,0,0,0,0
1790069235.14893,-2,3,-1,-4,10007,29000,12507,17674,3363397,3363399,3363394,3363396,0,0,0,0
1790069235.156055,-1,6,0,3,10007,29003,12514,17676,3363457,3363459,3363454,3363456,0,0,0,0
1790069235.3500202,-4,2,1,1,10013,29004,12515,17680,3363517,3363519,3363514,3363516,0,0,0,0
1790069235.5590959,1,-3,2,0,10005,28999,12520,17679,3363697,3363699,3363694,3363696,0,0,0,0
1790069235.7647223,-3,-3,-2,-1,10005,28997,12519,17679,3363727,3363729,3363724,3363726,0,0,0,0
1790069235.7647223,-6,-4,2,1,10007,28991,12517,17681,3363817,3363819,3363814,3363816,0,0,0,0
1790069235.9583907,-4,2,-1,1,10006,28990,12515,17681,3363847,3363849,3363844,3363846,0,0,0,0
1790069235.9744167,2,5,0,-4,10005,28994,12521,17684,3363937,3363939,3363934,3363936,0,0,0,0
1790069236.1639519,-3,-7,0,0,10005,28992,12519,17683,3364027,3364029,3364024,3364026,0,0,0,0
1790069236.1799603,4,0,1,0,10009,28993,12519,17685,3364057,3364059,3364054,3364056,0,0,0,0
1790069236.389948,0,-2,-5,-2,10010,28994,12517,17686,3364087,3364089,3364084,3364086,0,0,0,0
1790069236.3919451,-2,-1,2,-2,10010,28996,12518,17686,3364147,3364149,3364144,3364146,0,0,0,0
1790069236.587743,-1,1,6,4,10010,29001,12522,17688,3364207,3364209,3364204,3364206,0,0,0,0
1790069236.5897431,0,-3,-1,2,10015,29002,12522,17692,3364237,3364239,3364234,3364236,0,0,0,0
1790069236.6018107,0,0,5,5,10019,29001,12523,17694,3364267,3364269,3364264,3364266,0,0,0,0
1790069236.6039412,2,-2,1,2,10020,29001,12523,17697,3364297,3364299,3364294,3364296,0,0,0,0
1790069236.7928722,-1,1,0,2,10021,29003,12523,17699,3364327,3364329,3364324,3364326,0,0,0,0
1790069236.7928722,-2,-4,-3,4,10025,29003,12523,17704,3364357,3364359,3364354,3364356,0,0,0,0
1790069236.7981837,2,-7,-1,-2,10028,29002,12522,17707,3364387,3364389,3364384,3364386,0,0,0,0
1790069236.7981837,-2,0,-2,0,10028,29000,12521,17709,3364417,3364419,3364414,3364416,0,0,0,0
1790069236.993111,-3,1,-1,-2,10025,29001,12527,17706,3364477,3364479,3364474,3364476,0,0,0,0
1790069236.9997478,-2,-4,1,-2,10024,28997,12527,17708,3364567,3364569,3364564,3364566,0,0,0,0
1790069237.2010205,1,-2,-2,-2,10018,28997,12530,17701,3364657,3364659,3364654,3364656,0,0,0,0
1790069237.3824394,-4,-5,4,3,10017,28997,12532,17703,3364717,3364719,3364714,3364716,0,0,0,0
1790069237.3824394,-5,6,1,-1,10018,28992,12526,17702,3364807,3364809,3364804,3364806,0,0,0,0
1790069237.5966065,-1,0,-4,-3,10016,28993,12528,17700,3364837,3364839,3364834,3364836,0,0,0,0
1790069237.6123693,0,-9,0,-2,10015,28997,12529,17698,3364927,3364929,3364924,3364926,0,0,0,0
1790069237.803922,-2,3,-1,-1,10015,28998,12528,17697,3364957,3364959,3364954,3364956,0,0,0,0
1790069237.803922,2,1,3,1,10017,28997,12529,17701,3364987,3364989,3364984,3364986,0,0,0,0
1790069237.803922,2,1,-2,3,10022,29000,12530,17707,3365047,3365049,3365044,3365046,0,0,0,0
1790069238.0232108,2,1,3,4,10022,29002,12532,17708,3365077,3365079,3365074,3365076,0,0,0,0
1790069238.02703,3,2,1,0,10022,29004,12535,17708,3365107,3365109,3365104,3365106,0,0,0,0
1790069238.0285873,-1,-1,2,-2,10021,29005,12538,17709,3365137,3365139,3365134,3365136,0,0,0,0
1790069238.0285873,5,0,0,3,10025,29008,12538,17710,3365167,3365169,3365164,3365166,0,0,0,0
1790069238.2303207,-2,-6,1,1,10034,29010,12544,17723,3365287,3365289,3365284,3365286,0,0,0,0
1790069238.3820798,-2,-3,5,1,10033,29012,12548,17725,3365347,3365349,3365344,3365346,0,0,0,0
1790069238.4312649,3,-2,2,1,10033,29012,12549,17726,3365377,3365379,3365374,3365376,0,0,0,0
1790069238.4379234,-6,-2,-1,2,10034,29011,12549,17728,3365407,3365409,3365404,3365406,0,0,0,0
1790069238.6326244,-1,-6,-2,-2,10035,29009,12549,17729,3365437,3365439,3365434,3365436,0,0,0,0
1790069238.6326244,-2,-1,4,-3,10033,29007,12550,17731,3365467,3365469,3365464,3365466,0,0,0,0
1790069238.6326244,4,-4,-5,1,10031,29009,12551,17729,3365497,3365499,3365494,3365496,0,0,0,0
1790069238.6413941,-1,3,-1,-2,10029,29007,12552,17727,3365527,3365529,3365524,3365526,0,0,0,0
1790069238.8403423,-2,-8,-1,0,10030,29001,12550,17730,3365587,3365589,3365584,3365586,0,0,0,0
1790069238.842499,-3,0,-3,-3,10031,28997,12546,17731,3365647,3365649,3365644,3365646,0,0,0,0
1790069239.0331585,2,-1,1,-2,10030,28997,12545,17729,3365677,3365679,3365674,3365676,0,0,0,0
1790069239.0331585,-1,-1,-4,-4,10029,28999,12546,17728,3365767,3365769,3365764,3365766,0,0,0,0
1790069239.2425506,-1,3,2,0,10029,29001,12547,17728,3365797,3365799,3365794,3365796,0,0,0,0
1790069239.2425506,2,1,-1,3,10034,29003,12550,17735,3365887,3365889,3365884,3365886,0,0,0,0
1790069239.2587156,2,5,2,3,10035,29004,12549,17736,3365917,3365919,3365914,3365916,0,0,0,0
1790069239.381567,1,-1,0,-2,10038,29009,12554,17740,3365977,3365979,3365974,3365976,0,0,0,0
1790069239.4589138,2,0,2,-3,10037,29012,12556,17739,3366007,3366009,3366004,3366006,0,0,0,0
1790069239.6559246,2,-2,5,1,10041,29011,12556,17742,3366037,3366039,3366034,3366036,0,0,0,0
1790069239.6559246,2,0,0,5,10047,29011,12557,17749,3366097,3366099,3366094,3366096,0,0,0,0
1790069239.6559246,1,1,0,1,10043,29014,12561,17749,3366127,3366129,3366124,3366126,0,0,0,0
1790069239.8369079,-1,-1,3,0,10042,29016,12563,17749,3366157,3366159,3366154,3366156,0,0,0,0
1790069239.8369079,-5,4,-4,2,10046,29017,12565,17752,3366187,3366189,3366184,3366186,0,0,0,0
1790069239.8369079,-2,-1,0,1,10046,29017,12566,17754,3366217,3366219,3366214,3366216,0,0,0,0
1790069239.8526707,3,-3,-1,5,10047,29016,12566,17756,3366247,3366249,3366244,3366246,0,0,0,0
1790069240.0691354,-2,-6,5,0,10048,29013,12566,17759,3366277,3366279,3366274,3366276,0,0,0,0
1790069240.0691354,-2,0,1,2,10051,29014,12569,17763,3366337,3366339,3366334,3366336,0,0,0,0
1790069240.0723627,-6,-6,-17,0,10051,29013,12573,17767,3366397,3366399,3366394,3366396,0,0,0,0
1790069240.2715328,0,-2,18,1,10058,29007,12570,17775,3366457,3366459,3366454,3366456,0,0,0,0
1790069240.2715328,0,-1,4,-1,10056,29006,12571,17775,3366517,3366519,3366514,3366516,0,0,0,0
1790069240.3966107,-2,-4,1,-1,10049,29006,12575,17769,3366607,3366609,3366604,3366606,0,0,0,0
1790069240.4806745,-3,3,-2,-1,10049,29005,12574,17769,3366667,3366669,3366664,3366666,0,0,0,0
1790069240.6831384,1,0,-3,-1,10051,29001,12572,17773,3366727,3366729,3366724,3366726,0,0,0,0
1790069240.6831384,-5,4,-4,-2,10052,29001,12569,17773,3366757,3366759,3366754,3366756,0,0,0,0
1790069240.6831384,2,-2,-10,1,10050,29002,12572,17771,3366787,3366789,3366784,3366786,0,0,0,0
1790069240.8867857,-3,-1,-8,-1,10047,29004,12573,17768,3366817,3366819,3366814,3366816,0,0,0,0
1790069240.9026334,-1,2,7,1,10053,29004,12571,17774,3366907,3366909,3366904,3366906,0,0,0,0
1790069241.0920706,-3,0,2,-6,10056,29003,12571,17775,3366937,3366939,3366934,3366936,0,0,0,0
1790069241.0930438,-2,2,0,1,10055,29006,12572,17777,3366967,3366969,3366964,3366966,0,0,0,0
1790069241.0965874,0,5,2,4,10055,29008,12575,17777,3366997,3366999,3366994,3366996,0,0,0,0
1790069241.2931817,1,0,-3,-1,10054,29013,12580,17778,3367057,3367059,3367054,3367056,0,0,0,0
1790069241.2931817,2,5,-2,-2,10061,29017,12582,17786,3367147,3367149,3367144,3367146,0,0,0,0
1790069241.403543,-4,-2,-2,1,10062,29015,12581,17790,3367177,3367179,3367174,3367176,0,0,0,0
1790069241.4048312,6,-3,1,5,10066,29015,12582,17794,3367207,3367209,3367204,3367206,0,0,0,0
1790069241.7058825,-1,0,-5,5,10070,29018,12584,17797,3367267,3367269,3367264,3367266,0,0,0,0
1790069241.7058825,3,-3,-2,-1,10074,29011,12586,17810,3367387,3367389,3367384,3367386,0,0,0,0
1790069241.911171,-3,-3,-2,-2,10067,29009,12589,17803,3367477,3367479,3367474,3367476,0,0,0,0
1790069241.9131787,-1,-2,-4,-2,10066,29005,12589,17803,3367507,3367509,3367504,3367506,0,0,0,0
1790069242.117165,-4,-5,-5,-7,10071,29002,12586,17811,3367567,3367569,3367564,3367566,0,0,0,0
1790069242.1183102,-4,1,2,-2,10067,29008,12597,17810,3367627,3367629,3367624,3367626,0,0,0,0
1790069242.3184865,-1,-1,6,-1,10066,29009,12598,17810,3367657,3367659,3367654,3367656,0,0,0,0
1790069242.3260615,-3,-2,-6,-3,10074,29003,12592,17820,3367717,3367719,3367714,3367716,0,0,0,0
1790069242.4021406,-2,1,2,-1,10075,29004,12593,17822,3367747,3367749,3367744,3367746,0,0,0,0
1790069242.4021406,0,1,1,3,10072,29007,12594,17818,3367777,3367779,3367774,3367776,0,0,0,0
1790069242.5266151,0,-5,1,-1,10069,29013,12601,17815,3367807,3367809,3367804,3367806,0,0,0,0
1790069242.528139,-3,0,-4,-3,10073,29010,12599,17821,3367867,3367869,3367864,3367866,0,0,0,0
1790069242.7288628,5,2,-3,1,10083,29018,12605,17832,3367987,3367989,3367984,3367986,0,0,0,0
1790069242.9260902,0,-5,1,3,10098,29016,12602,17851,3368137,3368139,3368134,3368136,0,0,0,0
1790069243.1296668,0,-4,2,-2,10096,29017,12603,17852,3368167,3368169,3368164,3368166,0,0,0,0
1790069243.1296668,-4,-4,-2,-1,10086,29017,12612,17843,3368257,3368259,3368254,3368256,0,0,0,0
1790069243.3339698,2,-3,1,-3,10089,29006,12606,17849,3368377,3368379,3368374,3368376,0,0,0,0
1790069243.4226773,-1,-5,-3,-2,10087,29008,12608,17845,3368407,3368409,3368404,3368406,0,0,0,0
1790069243.540259,1,-8,-1,-2,10083,29007,12608,17845,3368437,3368439,3368434,3368436,0,0,0,0
1790069243.540259,-4,-8,-3,-3,10085,29006,12606,17848,3368497,3368499,3368494,3368496,0,0,0,0
1790069243.7492504,-4,4,2,-3,10084,29007,12608,17847,3368527,3368529,3368524,3368526,0,0,0,0
1790069243.7492504,2,3,0,-6,10084,29007,12611,17849,3368557,3368559,3368554,3368556,0,0,0,0
1790069243.7492504,1,-2,-3,0,10088,29008,12610,17851,3368587,3368589,3368584,3368586,0,0,0,0
1790069243.956539,-3,2,-4,-2,10093,29007,12609,17858,3368647,3368649,3368644,3368646,0,0,0,0
1790069243.956539,0,0,4,2,10096,29013,12612,17861,3368737,3368739,3368734,3368736,0,0,0,0
1790069244.155939,0,2,-2,-2,10094,29018,12614,17860,3368767,3368769,3368764,3368766,0,0,0,0
1790069244.3542025,2,0,-5,2,10100,29017,12617,17867,3368857,3368859,3368854,3368856,0,0,0,0
1790069244.3542025,2,0,-3,0,10100,29021,12620,17870,3368917,3368919,3368914,3368916,0,0,0,0
1790069244.3598495,-1,-2,3,2,10096,29025,12626,17868,3368977,3368979,3368974,3368976,0,0,0,0
1790069244.4233878,-1,-1,-3,1,10099,29024,12625,17871,3369007,3369009,3369004,3369006,0,0,0,0
1790069244.574793,0,1,-4,-2,10099,29025,12627,17871,3369067,3369069,3369064,3369066,0,0,0,0
1790069244.582557,0,-2,-5,-1,10096,29025,12630,17869,3369097,3369099,3369094,3369096,0,0,0,0
1790069244.7773035,-4,0,-6,-3,10099,29023,12629,17872,3369127,3369129,3369124,3369126,0,0,0,0
1790069244.7773035,-2,-3,1,-1,10102,29018,12626,17877,3369157,3369159,3369154,3369156,0,0,0,0
1790069244.7773035,0,-5,1,4,10104,29015,12624,17881,3369187,3369189,3369184,3369186,0,0,0,0
1790069244.7773035,1,1,-3,-2,10103,29012,12622,17881,3369217,3369219,3369214,3369216,0,0,0,0
1790069244.984378,0,-5,3,-2,10101,29012,12623,17879,3369247,3369249,3369244,3369246,0,0,0,0
1790069245.18817,-1,1,-4,-2,10095,29010,12625,17875,3369367,3369369,3369364,3369366,0,0,0,0
1790069245.18817,2,-3,2,0,10096,29012,12627,17874,3369397,3369399,3369394,3369396,0,0,0,0
1790069245.1922257,-4,-1,-5,-1,10090,29016,12633,17870,3369487,3369489,3369484,3369486,0,0,0,0
1790069245.393073,-1,0,2,-1,10092,29014,12630,17870,3369517,3369519,3369514,3369516,0,0,0,0
1790069245.393073,2,2,-6,0,10094,29013,12629,17874,3369547,3369549,3369544,3369546,0,0,0,0
1790069245.3963118,-4,3,1,0,10093,29017,12631,17874,3369577,3369579,3369574,3369576,0,0,0,0
1790069245.4124897,0,2,1,0,10092,29019,12633,17872,3369607,3369609,3369604,3369606,0,0,0,0
1790069245.5964825,2,2,3,-2,10093,29020,12633,17872,3369637,3369639,3369634,3369636,0,0,0,0
1790069245.5964825,-5,4,4,2,10096,29019,12632,17877,3369667,3369669,3369664,3369666,0,0,0,0
1790069245.6025074,1,-1,-1,1,10100,29019,12632,17880,3369697,3369699,3369694,3369696,0,0,0,0
1790069245.6233752,5,-4,-9,-2,10102,29021,12631,17883,3369727,3369729,3369724,3369726,0,0,0,0
1790069245.7953572,1,1,4,-1,10106,29025,12634,17889,3369817,3369819,3369814,3369816,0,0,0,0
1790069246.00178,2,-4,-5,1,10106,29027,12637,17890,3369877,3369879,3369874,3369876,0,0,0,0
1790069246.0175486,-4,0,-3,-2,10107,29029,12640,17890,3369907,3369909,3369904,3369906,0,0,0,0
1790069246.0175486,-2,-1,-1,1,10105,29028,12641,17891,3369937,3369939,3369934,3369936,0,0,0,0
1790069246.2102501,-2,-8,1,-3,10107,29028,12642,17892,3369967,3369969,3369964,3369966,0,0,0,0
1790069246.2102501,0,-1,1,0,10110,29024,12640,17896,3370027,3370029,3370024,3370026,0,0,0,0
1790069246.2102501,-9,-2,4,0,10111,29022,12640,17899,3370057,3370059,3370054,3370056,0,0,0,0
1790069246.4038687,-8,-4,-9,0,10108,29020,12641,17897,3370117,3370119,3370114,3370116,0,0,0,0
1790069246.4038687,1,2,-4,-2,10105,29018,12642,17895,3370147,3370149,3370144,3370146,0,0,0,0
1790069246.4195073,-2,3,-4,-1,10104,29017,12641,17895,3370177,3370179,3370174,3370176,0,0,0,0
1790069246.6126165,-3,-2,-4,-3,10105,29015,12640,17897,3370207,3370209,3370204,3370206,0,0,0,0
1790069246.6126165,-2,2,-7,-1,10103,29015,12640,17897,3370237,3370239,3370234,3370236,0,0,0,0
1790069246.6126165,-1,4,2,-4,10105,29017,12642,17899,3370327,3370329,3370324,3370326,0,0,0,0
1790069246.8228784,-1,4,2,-4,10105,29017,12642,17899,3370327,3370329,3370324,3370326,0,0,0,0
1790069246.8228784,0,-6,1,0,10107,29020,12643,17900,3370387,3370389,3370384,3370386,0,0,0,0
1790069246.8228784,3,2,-2,2,10109,29022,12644,17901,3370417,3370419,3370414,3370416,0,0,0,0
1790069246.8389637,-2,3,-1,0,10111,29024,12644,17902,3370447,3370449,3370444,3370446,0,0,0,0
1790069246.8389637,3,2,-2,0,10111,29026,12646,17904,3370477,3370479,3370474,3370476,0,0,0,0
1790069247.0166018,-2,2,2,3,10114,29028,12648,17907,3370507,3370509,3370504,3370506,0,0,0,0
1790069247.0324166,0,-1,3,0,10114,29027,12648,17909,3370537,3370539,3370534,3370536,0,0,0,0
1790069247.0324166,1,0,-4,0,10115,29027,12647,17910,3370567,3370569,3370564,3370566,0,0,0,0
1790069247.2355938,0,3,-6,3,10117,29029,12648,17912,3370597,3370599,3370594,3370596,0,0,0,0
1790069247.2366538,-1,-3,1,2,10117,29029,12651,17912,3370657,3370659,3370654,3370656,0,0,0,0
1790069247.2426548,-2,-4,-3,-5,10117,29027,12652,17912,3370687,3370689,3370684,3370686,0,0,0,0
1790069247.431551,0,-4,-4,1,10117,29020,12648,17914,3370747,3370749,3370744,3370746,0,0,0,0
1790069247.435332,1,-1,2,-4,10119,29017,12649,17921,3370807,3370809,3370804,3370806,0,0,0,0
1790069247.4632814,-3,-4,-2,-1,10116,29019,12650,17918,3370837,3370839,3370834,3370836,0,0,0,0
1790069247.6446676,-2,0,-3,-4,10115,29017,12652,17917,3370897,3370899,3370894,3370896,0,0,0,0
1790069247.6580296,1,1,0,-2,10115,29017,12652,17919,3370927,3370929,3370924,3370926,0,0,0,0
1790069247.6580296,2,0,0,-2,10115,29019,12653,17918,3370957,3370959,3370954,3370956,0,0,0,0
1790069247.852915,0,2,4,-2,10115,29018,12653,17917,3370987,3370989,3370984,3370986,0,0,0,0
1790069247.852915,-1,1,-2,-2,10115,29019,12652,17918,3371017,3371019,3371014,3371016,0,0,0,0
1790069247.8658636,-1,1,-1,-4,10117,29021,12653,17919,3371047,3371049,3371044,3371046,0,0,0,0
1790069247.8658636,5,6,1,0,10118,29024,12655,17920,3371077,3371079,3371074,3371076,0,0,0,0
1790069248.056735,-3,3,-3,0,10120,29029,12658,17924,3371137,3371139,3371134,3371136,0,0,0,0
1790069248.0606904,1,-3,-2,1,10122,29030,12659,17924,3371167,3371169,3371164,3371166,0,0,0,0
1790069248.0606904,-7,1,0,1,10123,29030,12658,17928,3371197,3371199,3371194,3371196,0,0,0,0
1790069248.2601643,-2,0,0,-5,10124,29030,12657,17931,3371227,3371229,3371224,3371226,0,0,0,0
1790069248.2626426,3,4,-2,-1,10126,29030,12657,17931,3371287,3371289,3371284,3371286,0,0,0,0
1790069248.4378927,2,4,-2,-1,10126,29029,12658,17932,3371317,3371319,3371314,3371316,0,0,0,0
1790069248.4378927,-1,-4,3,5,10127,29029,12658,17933,3371347,3371349,3371344,3371346,0,0,0,0
1790069248.4421442,2,2,3,-2,10130,29028,12657,17935,3371377,3371379,3371374,3371376,0,0,0,0
1790069248.6719725,-5,-4,-2,0,10122,29018,12655,17928,3371527,3371529,3371524,3371526,0,0,0,0
1790069248.6822848,-4,-3,-6,0,10119,29018,12656,17927,3371557,3371559,3371554,3371556,0,0,0,0
1790069248.8733976,2,5,-1,-2,10120,29017,12656,17927,3371587,3371589,3371584,3371586,0,0,0,0
1790069248.8733976,2,0,-1,0,10121,29015,12653,17930,3371617,3371619,3371614,3371616,0,0,0,0
1790069248.880373,-3,5,-3,2,10121,29017,12653,17930,3371677,3371679,3371674,3371676,0,0,0,0
1790069249.082277,-1,-2,-1,-3,10121,29022,12656,17930,3371737,3371739,3371734,3371736,0,0,0,0
1790069249.0886514,-1,5,0,0,10129,29024,12656,17937,3371797,3371799,3371794,3371796,0,0,0,0
1790069249.2834818,3,2,-4,2,10132,29025,12656,17940,3371827,3371829,3371824,3371826,0,0,0,0
1790069249.2903037,2,-4,1,-2,10135,29028,12657,17945,3371917,3371919,3371914,3371916,0,0,0,0
1790069249.4433968,-4,-3,0,-1,10136,29028,12657,17948,3371947,3371949,3371944,3371946,0,0,0,0
1790069249.4433968,3,-7,-2,-1,10135,29025,12657,17948,3371977,3371979,3371974,3371976,0,0,0,0
1790069249.464624,-2,-3,1,0,10132,29026,12660,17945,3372037,3372039,3372034,3372036,0,0,0,0
1790069249.6903572,-2,-3,1,0,10132,29026,12660,17945,3372037,3372039,3372034,3372036,0,0,0,0
1790069249.6903572,-1,-1,-4,-2,10132,29023,12661,17945,3372097,3372099,3372094,3372096,0,0,0,0
1790069249.6903572,-1,0,-4,-3,10131,29016,12658,17945,3372157,3372159,3372154,3372156,0,0,0,0
1790069249.6903572,-5,-6,2,-2,10130,29014,12657,17945,3372187,3372189,3372184,3372186,0,0,0,0
1790069249.8862894,-1,2,-5,1,10128,29012,12656,17944,3372217,3372219,3372214,3372216,0,0,0,0
1790069249.8999212,1,0,-1,-1,10127,29014,12656,17943,3372247,3372249,3372244,3372246,0,0,0,0
1790069250.1026914,1,7,3,1,10128,29019,12658,17944,3372337,3372339,3372334,3372336,0,0,0,0
1790069250.103256,1,3,-5,1,10139,29021,12657,17954,3372427,3372429,3372424,3372426,0,0,0,0
1790069250.306076,1,2,-2,0,10139,29021,12657,17957,3372457,3372459,3372454,3372456,0,0,0,0
1790069250.3080883,1,-3,-5,0,10140,29026,12659,17958,3372517,3372519,3372514,3372516,0,0,0,0
1790069250.4435549,-1,-1,0,2,10142,29027,12661,17956,3372607,3372609,3372604,3372606,0,0,0,0
1790069250.4627655,0,-6,-1,-3,10142,29024,12660,17957,3372637,3372639,3372634,3372636,0,0,0,0
1790069250.5226157,-28,-1,-3,-2,10141,29022,12659,17958,3372667,3372669,3372664,3372666,0,0,0,0
1790069250.7142966,-3,-3,-2,2,10129,29019,12663,17946,3372787,3372789,3372784,3372786,0,0,0,0
1790069250.9158711,1,3,-4,3,10131,29018,12661,17949,3372907,3372909,3372904,3372906,0,0,0,0
1790069251.1252813,5,-1,0,2,10135,29030,12667,17953,3373027,3373029,3373024,3373026,0,0,0,0
1790069251.3266788,-3,-6,-5,2,10135,29031,12669,17953,3373057,3373059,3373054,3373056,0,0,0,0
1790069251.4510574,6,-2,-1,-2,10142,29027,12667,17962,3373177,3373179,3373174,3373176,0,0,0,0
1790069251.4510574,3,-3,0,-3,10138,29027,12668,17958,3373207,3373209,3373204,3373206,0,0,0,0
1790069251.5341706,2,1,-4,0,10135,29023,12667,17955,3373237,3373239,3373234,3373236,0,0,0,0
1790069251.5382245,-3,-2,-2,-2,10136,29017,12664,17957,3373267,3373269,3373264,3373266,0,0,0,0
1790069251.742738,-1,3,-3,0,10138,29013,12660,17959,3373297,3373299,3373294,3373296,0,0,0,0
1790069251.742738,3,-3,-5,-2,10138,29012,12659,17960,3373327,3373329,3373324,3373326,0,0,0,0
1790069251.946314,-5,6,-7,-1,10137,29013,12661,17961,3373357,3373359,3373354,3373356,0,0,0,0
1790069251.948034,0,2,2,-2,10140,29025,12668,17963,3373507,3373509,3373504,3373506,0,0,0,0
1790069252.144767,-2,4,5,4,10143,29027,12668,17969,3373567,3373569,3373564,3373566,0,0,0,0
1790069252.160872,-1,2,1,2,10146,29030,12669,17971,3373627,3373629,3373624,3373626,0,0,0,0
1790069252.1628814,2,-1,-4,-3,10147,29032,12670,17972,3373657,3373659,3373654,3373656,0,0,0,0
1790069252.3574731,1,-3,1,-4,10143,29024,12671,17971,3373777,3373779,3373774,3373776,0,0,0,0
1790069252.45402,-1,-2,-2,0,10142,29020,12671,17971,3373837,3373839,3373834,3373836,0,0,0,0
1790069252.5596046,0,9,0,-2,10140,29018,12669,17970,3373867,3373869,3373864,3373866,0,0,0,0
1790069252.561343,-5,-2,5,-1,10140,29019,12670,17970,3373897,3373899,3373894,3373896,0,0,0,0
1790069252.7541237,-2,0,1,-2,10138,29020,12672,17968,3373927,3373929,3373924,3373926,0,0,0,0
1790069252.7541237,3,-2,-2,1,10137,29025,12675,17967,3373987,3373989,3373984,3373986,0,0,0,0
1790069252.7541237,2,2,-2,3,10140,29025,12675,17971,3374017,3374019,3374014,3374016,0,0,0,0
1790069252.9618955,-1,-12,1,2,10144,29023,12673,17976,3374047,3374049,3374044,3374046,0,0,0,0
1790069252.9618955,1,-3,2,2,10155,29029,12676,17989,3374137,3374139,3374134,3374136,0,0,0,0
1790069253.172151,-3,2,-2,2,10153,29031,12679,17989,3374167,3374169,3374164,3374166,0,0,0,0
1790069253.172151,0,1,2,1,10158,29032,12679,17994,3374257,3374259,3374254,3374256,0,0,0,0
1790069253.3670144,1,-7,-1,0,10153,29031,12681,17990,3374287,3374289,3374284,3374286,0,0,0,0
1790069253.3670144,-3,-2,2,-3,10153,29032,12684,17989,3374347,3374349,3374344,3374346,0,0,0,0
1790069253.3828366,-4,-5,-2,-2,10150,29027,12682,17986,3374377,3374379,3374374,3374376,0,0,0,0
1790069253.463777,-2,-3,-4,-7,10148,29024,12679,17986,3374407,3374409,3374404,3374406,0,0,0,0
1790069253.463777,-5,1,0,1,10149,29020,12679,17988,3374437,3374439,3374434,3374436,0,0,0,0
1790069253.5843554,-6,-2,2,0,10150,29019,12678,17988,3374467,3374469,3374464,3374466,0,0,0,0
1790069253.5843554,-3,-6,-2,-4,10150,29020,12677,17989,3374497,3374499,3374494,3374496,0,0,0,0
1790069253.7767687,-2,0,-23,-4,10147,29022,12678,17986,3374527,3374529,3374524,3374526,0,0,0,0
1790069253.7767687,3,-1,-2,-4,10145,29029,12684,17984,3374587,3374589,3374584,3374586,0,0,0,0
1790069253.9857438,1,4,-1,1,10148,29033,12686,17989,3374647,3374649,3374644,3374646,0,0,0,0
1790069253.995798,4,0,5,0,10156,29034,12688,17997,3374737,3374739,3374734,3374736,0,0,0,0
1790069254.1929338,3,-4,-5,-1,10158,29034,12689,18000,3374827,3374829,3374824,3374826,0,0,0,0
1790069254.1929338,2,-4,2,0,10157,29033,12690,17998,3374857,3374859,3374854,3374856,0,0,0,0
1790069254.391467,-3,-2,-6,-2,10154,29031,12689,17996,3374887,3374889,3374884,3374886,0,0,0,0
1790069254.391467,-2,-4,-7,-2,10154,29024,12685,17997,3374947,3374949,3374944,3374946,0,0,0,0
1790069254.4071186,-1,-2,-4,-3,10154,29023,12685,17997,3374977,3374979,3374974,3374976,0,0,0,0
1790069254.4713073,-3,-3,-5,-2,10150,29023,12686,17995,3375007,3375009,3375004,3375006,0,0,0,0
1790069254.4713073,2,2,-3,-2,10150,29024,12686,17994,3375037,3375039,3375034,3375036,0,0,0,0
1790069254.6080387,-1,2,11,1,10150,29027,12688,17997,3375097,3375099,3375094,3375096,0,0,0,0
1790069254.8118854,1,6,0,5,10155,29028,12689,18002,3375127,3375129,3375124,3375126,0,0,0,0
1790069254.813891,1,3,-2,1,10159,29032,12691,18008,3375187,3375189,3375184,3375186,0,0,0,0
1790069254.813891,4,-3,1,-1,10164,29035,12690,18013,3375247,3375249,3375244,3375246,0,0,0,0
1790069255.0191622,0,-2,2,-3,10160,29037,12695,18009,3375307,3375309,3375304,3375306,0,0,0,0
1790069255.0218613,-2,-5,1,-4,10161,29035,12697,18009,3375337,3375339,3375334,3375336,0,0,0,0
1790069255.2089307,1,-4,3,2,10163,29030,12695,18012,3375367,3375369,3375364,3375366,0,0,0,0
1790069255.224734,-2,-3,-3,0,10163,29027,12694,18015,3375427,3375429,3375424,3375426,0,0,0,0
1790069255.4226556,1,4,-1,-4,10157,29027,12696,18011,3375577,3375579,3375574,3375576,0,0,0,0
1790069255.4226556,3,-1,-5,4,10161,29033,12697,18016,3375637,3375639,3375634,3375636,0,0,0,0
1790069255.5032594,-3,4,3,1,10162,29038,12699,18017,3375667,3375669,3375664,3375666,0,0,0,0
1790069255.630841,1,-5,-3,-2,10163,29040,12704,18018,3375697,3375699,3375694,3375696,0,0,0,0
1790069255.630841,-3,6,1,-3,10162,29043,12706,18016,3375727,3375729,3375724,3375726,0,0,0,0
1790069255.6351488,0,-1,2,-1,10163,29043,12706,18018,3375757,3375759,3375754,3375756,0,0,0,0
1790069255.8355844,1,-1,-1,-1,10170,29040,12703,18027,3375817,3375819,3375814,3375816,0,0,0,0
1790069255.841321,2,-4,-1,-2,10167,29032,12701,18026,3375877,3375879,3375874,3375876,0,0,0,0
1790069255.8897107,0,0,1,1,10166,29032,12702,18023,3375907,3375909,3375904,3375906,0,0,0,0
1790069256.0364213,0,-2,-3,-3,10161,29030,12704,18020,3375997,3375999,3375994,3375996,0,0,0,0
1790069256.2522254,0,1,-2,-2,10157,29032,12706,18018,3376057,3376059,3376054,3376056,0,0,0,0
1790069256.2589765,3,-3,4,10,10162,29039,12708,18021,3376117,3376119,3376114,3376116,0,0,0,0
1790069256.4382775,-2,5,0,-1,10169,29038,12707,18032,3376177,3376179,3376174,3376176,0,0,0,0
1790069256.4544055,3,-11,3,-3,10174,29040,12707,18039,3376237,3376239,3376234,3376236,0,0,0,0
1790069256.5186098,-2,-2,3,0,10177,29040,12706,18042,3376267,3376269,3376264,3376266,0,0,0,0
1790069256.6482012,-1,1,2,2,10176,29042,12712,18041,3376327,3376329,3376324,3376326,0,0,0,0
1790069256.6639738,-6,0,7,-19,10175,29039,12712,18041,3376357,3376359,3376354,3376356,0,0,0,0
1790069256.8520076,-4,-4,-1,-1,10174,29029,12709,18047,3376447,3376449,3376444,3376446,0,0,0,0
1790069256.8520076,0,-7,-1,-4,10173,29030,12712,18047,3376477,3376479,3376474,3376476,0,0,0,0
1790069256.9162521,1,-4,4,-2,10174,29032,12715,18048,3376507,3376509,3376504,3376506,0,0,0,0
1790069257.0615046,-1,-2,0,-2,10174,29032,12717,18052,3376567,3376569,3376564,3376566,0,0,0,0
1790069257.077591,-3,1,0,1,10176,29031,12717,18055,3376597,3376599,3376594,3376596,0,0,0,0
1790069257.2679894,1,11,-1,-2,10177,29040,12724,18058,3376687,3376689,3376684,3376686,0,0,0,0
1790069257.284169,0,1,2,-2,10181,29042,12725,18063,3376717,3376719,3376714,3376716,0,0,0,0
1790069257.47651,5,2,0,5,10183,29044,12727,18067,3376747,3376749,3376744,3376746,0,0,0,0
1790069257.47651,-1,-1,1,0,10188,29048,12733,18076,3376867,3376869,3376864,3376866,0,0,0,0
1790069257.680107,-1,-11,-2,0,10188,29045,12736,18075,3376957,3376959,3376954,3376956,0,0,0,0
1790069257.6824863,-2,-7,-1,-3,10186,29043,12736,18075,3376987,3376989,3376984,3376986,0,0,0,0
1790069257.8737767,-5,-3,1,-2,10189,29038,12733,18080,3377047,3377049,3377044,3377046,0,0,0,0
1790069258.0827127,-3,-2,-3,0,10186,29036,12734,18078,3377107,3377109,3377104,3377106,0,0,0,0
1790069258.0827127,3,2,0,-1,10185,29044,12739,18080,3377227,3377229,3377224,3377226,0,0,0,0
1790069258.288159,-1,-5,0,0,10193,29046,12739,18087,3377287,3377289,3377284,3377286,0,0,0,0
1790069258.288159,3,-2,0,3,10196,29048,12739,18091,3377347,3377349,3377344,3377346,0,0,0,0
1790069258.4919713,-3,-3,1,-2,10197,29050,12740,18091,3377407,3377409,3377404,3377406,0,0,0,0
1790069258.4919713,-3,-4,0,-6,10193,29047,12741,18090,3377467,3377469,3377464,3377466,0,0,0,0
1790069258.7010503,-1,-1,-1,-4,10189,29042,12742,18085,3377557,3377559,3377554,3377556,0,0,0,0
1790069258.896478,-2,5,-3,1,10192,29038,12739,18090,3377647,3377649,3377644,3377646,0,0,0,0
1790069258.9125087,0,5,3,1,10190,29046,12743,18087,3377707,3377709,3377704,3377706,0,0,0,0
1790069259.1055813,-3,-1,1,1,10192,29054,12749,18090,3377767,3377769,3377764,3377766,0,0,0,0
1790069259.121334,1,-3,-2,-4,10195,29057,12749,18091,3377827,3377829,3377824,3377826,0,0,0,0
1790069259.318217,-1,-2,-3,1,10191,29052,12750,18088,3377887,3377889,3377884,3377886,0,0,0,0
1790069259.318217,-2,-4,-5,1,10190,29042,12745,18089,3377947,3377949,3377944,3377946,0,0,0,0
1790069259.5238304,-5,1,3,-3,10184,29045,12748,18085,3378067,3378069,3378064,3378066,0,0,0,0
1790069259.7182348,3,-2,2,-2,10185,29048,12750,18086,3378097,3378099,3378094,3378096,0,0,0,0
1790069259.7182348,-4,0,3,-4,10186,29052,12753,18088,3378127,3378129,3378124,3378126,0,0,0,0
1790069259.739334,1,-3,3,-5,10190,29056,12755,18092,3378187,3378189,3378184,3378186,0,0,0,0
1790069259.9206152,1,0,-1,-3,10191,29057,12758,18095,3378217,3378219,3378214,3378216,0,0,0,0
1790069259.9357355,-1,0,-1,2,10197,29063,12760,18100,3378307,3378309,3378304,3378306,0,0,0,0
1790069260.1263776,-4,2,-5,0,10194,29061,12762,18099,3378337,3378339,3378334,3378336,0,0,0,0
1790069260.142551,-1,1,-1,1,10187,29058,12765,18089,3378427,3378429,3378424,3378426,0,0,0,0
1790069260.3315008,1,-1,2,1,10182,29058,12767,18087,3378457,3378459,3378454,3378456,0,0,0,0
1790069260.3315008,-2,0,-2,-2,10181,29058,12768,18087,3378487,3378489,3378484,3378486,0,0,0,0
1790069260.3473074,0,1,1,-3,10182,29060,12773,18093,3378577,3378579,3378574,3378576,0,0,0,0
1790069260.5521674,0,1,2,1,10181,29065,12778,18094,3378637,3378639,3378634,3378636,0,0,0,0
1790069260.5521674,4,5,1,0,10185,29073,12781,18097,3378697,3378699,3378694,3378696,0,0,0,0
1790069260.7533314,0,-1,3,2,10184,29083,12790,18097,3378787,3378789,3378784,3378786,0,0,0,0
1790069260.7665718,-1,4,-4,1,10184,29087,12793,18095,3378817,3378819,3378814,3378816,0,0,0,0
1790069260.9506168,-2,-2,0,0,10183,29086,12795,18095,3378847,3378849,3378844,3378846,0,0,0,0
1790069260.9506168,1,-3,-3,0,10184,29082,12795,18098,3378907,3378909,3378904,3378906,0,0,0,0
1790069260.9506168,-3,-2,-1,-3,10184,29077,12794,18097,3378937,3378939,3378934,3378936,0,0,0,0
1790069261.1602755,0,2,2,-4,10172,29080,12801,18090,3379057,3379059,3379054,3379056,0,0,0,0
1790069261.366464,-1,-5,9,0,10179,29083,12806,18101,3379147,3379149,3379144,3379146,0,0,0,0
1790069261.3722293,0,1,-4,0,10181,29087,12808,18103,3379177,3379179,3379174,3379176,0,0,0,0
1790069261.543548,4,-6,-8,2,10187,29091,12811,18114,3379237,3379239,3379234,3379236,0,0,0,0
1790069261.5593987,1,2,0,1,10186,29098,12818,18113,3379297,3379299,3379294,3379296,0,0,0,0
1790069261.7689466,2,-4,-4,2,10191,29099,12823,18119,3379357,3379359,3379354,3379356,0,0,0,0
1790069261.7689466,2,3,-6,1,10192,29101,12825,18124,3379387,3379389,3379384,3379386,0,0,0,0
1790069261.7689466,-2,1,6,-1,10194,29101,12828,18129,3379417,3379419,3379414,3379416,0,0,0,0
1790069261.979203,3,-8,0,4,10193,29102,12832,18131,3379447,3379449,3379444,3379446,0,0,0,0
1790069261.979203,-6,1,-1,0,10183,29112,12851,18128,3379537,3379539,3379534,3379536,0,0,0,0
1790069262.1837957,-1,0,-1,-1,10176,29114,12857,18126,3379567,3379569,3379564,3379566,0,0,0,0
1790069262.1837957,-3,2,-1,-7,10175,29122,12874,18128,3379627,3379629,3379624,3379626,0,0,0,0
1790069262.1999283,-1,-2,1,0,10173,29125,12881,18134,3379657,3379659,3379654,3379656,0,0,0,0
1790069262.3822358,1,4,-1,0,10172,29126,12887,18137,3379687,3379689,3379684,3379686,0,0,0,0
1790069262.3822358,-4,-3,3,0,10174,29130,12899,18146,3379747,3379749,3379744,3379746,0,0,0,0
1790069262.3979251,-3,7,-2,-2,10174,29131,12904,18150,3379777,3379779,3379774,3379776,0,0,0,0
1790069262.5554519,-1,-2,-12,4,10175,29131,12910,18158,3379837,3379839,3379834,3379836,0,0,0,0
1790069262.5596237,-5,3,-7,1,10178,29133,12917,18169,3379897,3379899,3379894,3379896,0,0,0,0
1790069262.5915842,1,-1,2,0,10177,29136,12923,18172,3379927,3379929,3379924,3379926,0,0,0,0
1790069262.7930057,2,-2,0,0,10179,29142,12936,18181,3380017,3380019,3380014,3380016,0,0,0,0
1790069262.7930057,-10,1,0,2,10179,29143,12938,18184,3380047,3380049,3380044,3380046,0,0,0,0
1790069263.0043352,-3,2,1,4,10184,29145,12943,18191,3380107,3380109,3380104,3380106,0,0,0,0
1790069263.0043352,0,2,5,2,10187,29148,12944,18195,3380137,3380139,3380134,3380136,0,0,0,0
1790069263.2050157,-4,2,-5,3,10194,29153,12950,18202,3380227,3380229,3380224,3380226,0,0,0,0
1790069263.2211814,0,2,1,2,10196,29153,12950,18206,3380257,3380259,3380254,3380256,0,0,0,0
1790069263.2211814,-1,-3,-4,1,10199,29152,12949,18208,3380287,3380289,3380284,3380286,0,0,0,0
1790069263.4055157,1,-2,3,1,10200,29148,12950,18214,3380377,3380379,3380374,3380376,0,0,0,0
1790069263.4217253,-2,-2,-3,0,10196,29149,12954,18210,3380407,3380409,3380404,3380406,0,0,0,0
1790069263.551248,5,-3,-4,-1,10191,29149,12956,18207,3380437,3380439,3380434,3380436,0,0,0,0
1790069263.551248,-5,-5,-4,-2,10188,29145,12954,18207,3380497,3380499,3380494,3380496,0,0,0,0
1790069263.8094406,5,0,-4,2,10194,29153,12957,18212,3380617,3380619,3380614,3380616,0,0,0,0
1790069263.8094406,-2,1,4,2,10196,29157,12961,18214,3380647,3380649,3380644,3380646,0,0,0,0
1790069264.0195913,1,-8,-2,-1,10197,29155,12961,18214,3380707,3380709,3380704,3380706,0,0,0,0
1790069264.0357504,0,1,-1,-2,10195,29155,12962,18213,3380737,3380739,3380734,3380736,0,0,0,0
1790069264.0357504,1,-1,0,-3,10192,29152,12963,18211,3380767,3380769,3380764,3380766,0,0,0,0
1790069264.226997,2,-3,0,-5,10190,29153,12966,18210,3380797,3380799,3380794,3380796,0,0,0,0
1790069264.226997,0,-5,-1,-1,10186,29152,12967,18209,3380857,3380859,3380854,3380856,0,0,0,0
1790069264.2436557,-3,4,3,2,10186,29153,12966,18210,3380887,3380889,3380884,3380886,0,0,0,0
1790069264.43687,1,5,-2,3,10190,29154,12965,18214,3380917,3380919,3380914,3380916,0,0,0,0
1790069264.4388728,0,1,-3,-1,10192,29154,12965,18217,3380947,3380949,3380944,3380946,0,0,0,0
1790069264.4388728,-7,0,4,0,10195,29157,12967,18218,3380977,3380979,3380974,3380976,0,0,0,0
1790069264.4426224,-1,-2,0,2,10197,29158,12967,18220,3381007,3381009,3381004,3381006,0,0,0,0
1790069264.5525534,-3,-6,-3,2,10195,29160,12970,18216,3381067,3381069,3381064,3381066,0,0,0,0
1790069264.8495803,0,4,2,0,10192,29151,12966,18220,3381247,3381249,3381244,3381246,0,0,0,0
1790069264.8563027,-1,3,3,6,10193,29155,12967,18220,3381277,3381279,3381274,3381276,0,0,0,0
1790069265.0490448,2,0,-2,0,10195,29159,12970,18220,3381307,3381309,3381304,3381306,0,0,0,0
1790069265.0490448,0,2,-3,6,10200,29160,12971,18223,3381367,3381369,3381364,3381366,0,0,0,0
1790069265.0490448,4,0,2,-4,10202,29160,12969,18225,3381397,3381399,3381394,3381396,0,0,0,0
1790069265.2586012,1,-5,3,1,10200,29160,12970,18223,3381427,3381429,3381424,3381426,0,0,0,0
1790069265.2595997,-4,0,-1,-1,10192,29160,12976,18218,3381487,3381489,3381484,3381486,0,0,0,0
1790069265.2605991,-3,-4,2,-4,10192,29159,12975,18217,3381517,3381519,3381514,3381516,0,0,0,0
1790069265.4543407,0,4,-2,5,10193,29153,12972,18218,3381547,3381549,3381544,3381546,0,0,0,0
1790069265.4543407,8,1,-3,-2,10194,29150,12968,18223,3381607,3381609,3381604,3381606,0,0,0,0
1790069265.5665064,-2,4,2,0,10216,29172,12983,18240,3381637,3381639,3381634,3381636,0,0,0,0
1790069265.5825157,4,-5,1,0,10223,29170,12998,18258,3381697,3381699,3381694,3381696,0,0,0,0
1790069265.6620042,-1,2,0,-1,10223,29169,12998,18261,3381757,3381759,3381754,3381756,0,0,0,0
1790069265.866294,6,-2,2,0,10227,29168,12996,18263,3381787,3381789,3381784,3381786,0,0,0,0
1790069265.866294,-1,0,0,0,10229,29172,12996,18264,3381817,3381819,3381814,3381816,0,0,0,0
1790069265.882263,5,-6,-3,-2,10230,29174,12999,18265,3381877,3381879,3381874,3381876,0,0,0,0
1790069266.0753753,-2,-4,5,-3,10238,29173,12995,18271,3381967,3381969,3381964,3381966,0,0,0,0
1790069266.0753753,-2,2,0,1,10234,29170,12996,18266,3381997,3381999,3381994,3381996,0,0,0,0
1790069266.2828503,-4,-3,-2,1,10232,29168,12995,18267,3382027,3382029,3382024,3382026,0,0,0,0
1790069266.2838497,-5,0,-2,-3,10231,29161,12990,18269,3382117,3382119,3382114,3382116,0,0,0,0
1790069266.5773828,1,0,1,2,10255,29170,13009,18297,3382267,3382269,3382264,3382266,0,0,0,0
1790069266.5773828,3,-1,-3,1,10259,29166,13003,18302,3382297,3382299,3382294,3382296,0,0,0,0
1790069266.690064,1,2,3,-1,10265,29167,13000,18308,3382357,3382359,3382354,3382356,0,0,0,0
1790069266.7216873,-2,2,-3,2,10266,29169,13002,18308,3382387,3382389,3382384,3382386,0,0,0,0
1790069267.0981114,-6,-2,-1,0,10267,29172,13004,18309,3382417,3382419,3382414,3382416,0,0,0,0
1790069267.1026835,2,1,-2,-6,10268,29173,13004,18309,3382447,3382449,3382444,3382446,0,0,0,0
1790069267.1026835,1,-3,-1,-1,10272,29168,13005,18311,3382597,3382599,3382594,3382596,0,0,0,0
1790069267.298974,-1,0,1,-3,10262,29172,13009,18301,3382627,3382629,3382624,3382626,0,0,0,0
1790069267.298974,1,-5,0,0,10256,29172,13010,18300,3382687,3382689,3382684,3382686,0,0,0,0
1790069267.3149967,-2,2,1,-2,10264,29168,13003,18307,3382717,3382719,3382714,3382716,0,0,0,0
1790069267.5027637,1,1,4,-5,10274,29166,12997,18316,3382777,3382779,3382774,3382776,0,0,0,0
1790069267.5027637,-2,-2,2,1,10274,29171,13001,18315,3382807,3382809,3382804,3382806,0,0,0,0
1790069267.5186052,0,0,-2,2,10271,29173,13003,18312,3382837,3382839,3382834,3382836,0,0,0,0
1790069267.590924,-5,4,7,3,10272,29173,13004,18311,3382867,3382869,3382864,3382866,0,0,0,0
1790069267.5981846,2,2,0,-2,10272,29171,13002,18311,3382897,3382899,3382894,3382896,0,0,0,0
1790069267.7087908,1,6,3,2,10269,29163,12998,18311,3382987,3382989,3382984,3382986,0,0,0,0
1790069267.9189608,-2,3,-2,-3,10266,29163,12999,18310,3383017,3383019,3383014,3383016,0,0,0,0
1790069267.9189608,-4,0,-1,2,10264,29165,13001,18308,3383047,3383049,3383044,3383046,0,0,0,0
1790069267.9189608,-2,0,1,-1,10266,29166,13001,18310,3383077,3383079,3383074,3383076,0,0,0,0
1790069267.9189608,4,1,1,-1,10273,29166,12998,18315,3383107,3383109,3383104,3383106,0,0,0,0
1790069268.1133025,2,2,7,2,10281,29160,12992,18324,3383167,3383169,3383164,3383166,0,0,0,0
1790069268.1133025,3,-3,-7,6,10287,29164,12991,18326,3383197,3383199,3383194,3383196,0,0,0,0
1790069268.5170462,-4,3,1,-1,10292,29164,13008,18345,3383257,3383259,3383254,3383256,0,0,0,0
1790069268.53304,-5,-4,-1,0,10300,29178,13033,18356,3383437,3383439,3383434,3383436,0,0,0,0
1790069268.53304,-1,2,1,2,10315,29191,13038,18364,3383467,3383469,3383464,3383466,0,0,0,0
1790069268.7262578,-2,2,-1,-4,10307,29177,13033,18364,3383527,3383529,3383524,3383526,0,0,0,0
1790069268.74264,-3,-2,4,-1,10308,29180,13035,18366,3383557,3383559,3383554,3383556,0,0,0,0
1790069268.7436454,-1,-2,-3,1,10338,29203,13066,18392,3383617,3383619,3383614,3383616,0,0,0,0
1790069268.9421868,-1,0,-2,0,10324,29202,13069,18388,3383647,3383649,3383644,3383646,0,0,0,0
1790069269.15185,-1,-1,-2,2,10323,29206,13091,18394,3383767,3383769,3383764,3383766,0,0,0,0
1790069269.15185,-1,0,0,5,10310,29221,13113,18383,3383857,3383859,3383854,3383856,0,0,0,0
1790069269.3468695,1,4,2,-2,10307,29220,13111,18381,3383887,3383889,3383884,3383886,0,0,0,0
1790069269.3468695,-3,1,-6,7,10305,29221,13112,18380,3383917,3383919,3383914,3383916,0,0,0,0
1790069269.3628204,1,-2,-2,6,10305,29218,13110,18381,3383947,3383949,3383944,3383946,0,0,0,0
1790069269.3628204,-3,-2,4,0,10306,29218,13109,18381,3383977,3383979,3383974,3383976,0,0,0,0
1790069269.5495687,-5,2,-2,0,10309,29217,13108,18383,3384007,3384009,3384004,3384006,0,0,0,0
1790069269.5495687,-1,3,4,10,10310,29218,13107,18387,3384037,3384039,3384034,3384036,0,0,0,0
1790069269.5495687,-2,0,0,-6,10311,29221,13109,18384,3384097,3384099,3384094,3384096,0,0,0,0
1790069269.6131053,2,2,-1,1,10311,29226,13112,18384,3384127,3384129,3384124,3384126,0,0,0,0
1790069269.7644336,-1,-3,2,0,10313,29229,13115,18384,3384187,3384189,3384184,3384186,0,0,0,0
1790069269.9592268,4,0,2,1,10310,29219,13109,18383,3384337,3384339,3384334,3384336,0,0,0,0
1790069270.1627681,0,3,-1,-3,10314,29238,13122,18384,3384457,3384459,3384454,3384456,0,0,0,0
1790069270.378214,-1,-2,-1,-1,10327,29248,13131,18393,3384487,3384489,3384484,3384486,0,0,0,0
1790069270.378214,5,2,1,-1,10309,29229,13130,18392,3384517,3384519,3384514,3384516,0,0,0,0
1790069270.378214,-1,-2,1,0,10307,29236,13137,18391,3384547,3384549,3384544,3384546,0,0,0,0
1790069270.378214,-3,0,-2,-1,10308,29240,13139,18386,3384577,3384579,3384574,3384576,0,0,0,0
1790069270.580144,-1,4,-5,-1,10315,29244,13143,18390,3384607,3384609,3384604,3384606,0,0,0,0
1790069270.580144,0,3,-2,2,10309,29238,13138,18387,3384667,3384669,3384664,3384666,0,0,0,0
1790069270.6442494,2,1,4,1,10326,29257,13149,18395,3384727,3384729,3384724,3384726,0,0,0,0
1790069270.774807,-1,-6,6,-1,10309,29246,13152,18389,3384787,3384789,3384784,3384786,0,0,0,0
1790069270.80277,1,2,-2,4,10318,29257,13159,18393,3384817,3384819,3384814,3384816,0,0,0,0
1790069270.9843144,0,-1,1,-3,10308,29244,13151,18392,3384877,3384879,3384874,3384876,0,0,0,0
1790069270.9843144,0,-2,5,3,10308,29248,13155,18390,3384967,3384969,3384964,3384966,0,0,0,0
1790069271.1883893,-1,-4,-2,-1,10322,29259,13157,18395,3384997,3384999,3384994,3384996,0,0,0,0
1790069271.1883893,-3,-2,-1,-1,10313,29257,13168,18394,3385087,3385089,3385084,3385086,0,0,0,0
1790069271.393799,2,-1,-4,-1,10317,29262,13170,18393,3385117,3385119,3385114,3385116,0,0,0,0
1790069271.393799,8,6,4,0,10317,29261,13168,18396,3385177,3385179,3385174,3385176,0,0,0,0
1790069271.4258423,0,4,1,3,10326,29272,13174,18397,3385207,3385209,3385204,3385206,0,0,0,0
1790069271.6057758,-1,-1,1,-2,10316,29266,13175,18393,3385327,3385329,3385324,3385326,0,0,0,0
1790069271.8066895,3,0,-1,0,10315,29265,13173,18391,3385357,3385359,3385354,3385356,0,0,0,0
1790069271.8066895,3,-2,-1,0,10322,29271,13177,18395,3385387,3385389,3385384,3385386,0,0,0,0
1790069271.8164222,-2,-1,0,1,10331,29282,13193,18403,3385447,3385449,3385444,3385446,0,0,0,0
1790069271.9132707,0,-4,-1,-1,10320,29277,13190,18395,3385477,3385479,3385474,3385476,0,0,0,0
1790069271.9132707,0,4,2,0,10312,29271,13189,18392,3385507,3385509,3385504,3385506,0,0,0,0
1790069272.0094995,0,4,1,-4,10313,29273,13191,18395,3385537,3385539,3385534,3385536,0,0,0,0
1790069272.0094995,-6,-2,1,-14,10314,29269,13187,18394,3385567,3385569,3385564,3385566,0,0,0,0
1790069272.2086825,-2,-5,-4,-2,10314,29267,13186,18396,3385597,3385599,3385594,3385596,0,0,0,0
1790069272.2222629,-2,-4,0,0,10312,29277,13191,18393,3385687,3385689,3385684,3385686,0,0,0,0
1790069272.4242368,4,-1,-1,0,10324,29276,13187,18399,3385807,3385809,3385804,3385806,0,0,0,0
1790069272.6299062,-4,-1,-4,-3,10319,29275,13188,18398,3385837,3385839,3385834,3385836,0,0,0,0
1790069272.6407368,-2,-3,-1,-3,10327,29291,13200,18399,3385897,3385899,3385894,3385896,0,0,0,0
1790069272.656113,-2,-1,-3,1,10321,29277,13189,18396,3385957,3385959,3385954,3385956,0,0,0,0
1790069272.8306656,0,-2,2,-1,10324,29283,13194,18399,3385987,3385989,3385984,3385986,0,0,0,0
1790069272.8306656,2,-5,0,1,10331,29296,13205,18400,3386017,3386019,3386014,3386016,0,0,0,0
1790069273.0397608,0,-4,-2,0,10319,29296,13216,18396,3386077,3386079,3386074,3386076,0,0,0,0
1790069273.0397608,0,-1,3,1,10314,29293,13217,18396,3386107,3386109,3386104,3386106,0,0,0,0
1790069273.0397608,-3,-1,0,-3,10323,29299,13217,18400,3386167,3386169,3386164,3386166,0,0,0,0
1790069273.2450817,10,0,29,3,10330,29311,13227,18402,3386197,3386199,3386194,3386196,0,0,0,0
1790069273.2450817,-11,0,4,-1,10336,29321,13235,18407,3386227,3386229,3386224,3386226,0,0,0,0
1790069273.2592905,1,1,0,-1,10323,29306,13226,18401,3386257,3386259,3386254,3386256,0,0,0,0
1790069273.2602916,2,0,0,2,10325,29301,13222,18402,3386287,3386289,3386284,3386286,0,0,0,0
1790069273.4441478,-2,-4,0,-2,10328,29305,13225,18404,3386317,3386319,3386314,3386316,0,0,0,0
1790069273.4601514,0,-1,1,-4,10325,29312,13232,18400,3386407,3386409,3386404,3386406,0,0,0,0
1790069273.6517115,0,-4,2,1,10324,29309,13233,18400,3386437,3386439,3386434,3386436,0,0,0,0
1790069273.6517115,1,-3,0,-2,10324,29311,13233,18400,3386527,3386529,3386524,3386526,0,0,0,0
1790069273.6517115,-6,-4,3,-3,10315,29305,13230,18395,3386557,3386559,3386554,3386556,0,0,0,0
1790069273.6677794,1,2,-2,-3,10315,29302,13229,18397,3386587,3386589,3386584,3386586,0,0,0,0
1790069273.8564615,-2,-5,-2,0,10316,29296,13223,18399,3386647,3386649,3386644,3386646,0,0,0,0
1790069273.8607366,0,0,-1,0,10317,29297,13224,18401,3386677,3386679,3386674,3386676,0,0,0,0
1790069274.0594826,5,0,4,-1,10318,29297,13224,18400,3386707,3386709,3386704,3386706,0,0,0,0
1790069274.0594826,5,3,5,7,10326,29313,13233,18402,3386797,3386799,3386794,3386796,0,0,0,0
1790069274.2683206,5,2,7,-3,10314,29300,13226,18398,3386827,3386829,3386824,3386826,0,0,0,0
1790069274.2683206,2,5,0,4,10315,29303,13228,18399,3386857,3386859,3386854,3386856,0,0,0,0
1790069274.2683206,3,1,1,2,10313,29302,13228,18399,3386917,3386919,3386914,3386916,0,0,0,0
1790069274.4753337,2,1,0,-3,10327,29313,13234,18402,3386947,3386949,3386944,3386946,0,0,0,0
1790069274.4753337,4,-3,-4,-1,10319,29307,13229,18398,3387037,3387039,3387034,3387036,0,0,0,0
1790069274.6670966,2,6,-1,-1,10329,29315,13234,18402,3387067,3387069,3387064,3387066,0,0,0,0
1790069274.6670966,4,2,-1,5,10328,29310,13235,18405,3387157,3387159,3387154,3387156,0,0,0,0
1790069274.8770437,-4,3,-1,-1,10329,29314,13238,18407,3387187,3387189,3387184,3387186,0,0,0,0
1790069274.8770437,-2,-6,-2,-1,10340,29322,13241,18411,3387277,3387279,3387274,3387276,0,0,0,0
1790069275.085695,-2,2,0,-2,10324,29310,13235,18403,3387307,3387309,3387304,3387306,0,0,0,0
1790069275.1014154,2,0,3,-5,10329,29318,13241,18406,3387427,3387429,3387424,3387426,0,0,0,0
1790069275.2928925,-3,7,1,-1,10351,29344,13258,18411,3387487,3387489,3387484,3387486,0,0,0,0
1790069275.2928925,-5,-6,-3,-2,10337,29331,13257,18405,3387517,3387519,3387514,3387516,0,0,0,0
1790069275.4977844,-1,-3,-3,4,10334,29334,13259,18404,3387547,3387549,3387544,3387546,0,0,0,0
1790069275.4977844,0,1,-1,-1,10337,29334,13257,18405,3387607,3387609,3387604,3387606,0,0,0,0
1790069275.4977844,-2,1,-3,3,10345,29343,13264,18409,3387637,3387639,3387634,3387636,0,0,0,0
1790069275.6888406,-6,-7,-2,1,10335,29340,13263,18404,3387667,3387669,3387664,3387666,0,0,0,0
1790069275.6888406,0,1,-3,0,10328,29338,13263,18400,3387697,3387699,3387694,3387696,0,0,0,0
1790069275.7047226,5,4,-2,0,10329,29343,13265,18402,3387727,3387729,3387724,3387726,0,0,0,0
1790069275.7047226,0,1,1,5,10343,29351,13269,18407,3387757,3387759,3387754,3387756,0,0,0,0
1790069275.7221863,-4,2,2,8,10331,29339,13262,18403,3387787,3387789,3387784,3387786,0,0,0,0
1790069275.901711,-2,4,1,0,10338,29346,13264,18405,3387847,3387849,3387844,3387846,0,0,0,0
1790069275.901711,-3,0,2,-2,10335,29347,13265,18402,3387907,3387909,3387904,3387906,0,0,0,0
1790069276.1098094,1,1,-5,-1,10346,29349,13265,18409,3387967,3387969,3387964,3387966,0,0,0,0
1790069276.1235073,-3,-1,6,-4,10369,29367,13282,18419,3388027,3388029,3388024,3388026,0,0,0,0
1790069276.3148007,0,-1,0,-3,10349,29356,13273,18410,3388057,3388059,3388054,3388056,0,0,0,0
1790069276.3148007,-2,2,-2,2,10352,29366,13282,18411,3388147,3388149,3388144,3388146,0,0,0,0
1790069276.51868,0,-6,6,0,10351,29373,13297,18410,3388207,3388209,3388204,3388206,0,0,0,0
1790069276.51868,-2,-3,2,-5,10344,29374,13297,18406,3388267,3388269,3388264,3388266,0,0,0,0
1790069276.6960084,-2,-2,2,-3,10350,29368,13289,18410,3388327,3388329,3388324,3388326,0,0,0,0
1790069276.7124364,1,1,-4,-2,10345,29370,13293,18406,3388387,3388389,3388384,3388386,0,0,0,0
1790069276.9256566,-1,2,0,1,10357,29383,13298,18412,3388507,3388509,3388504,3388506,0,0,0,0
1790069277.13536,-3,3,-1,-1,10343,29377,13296,18407,3388537,3388539,3388534,3388536,0,0,0,0
1790069277.13536,4,12,-2,0,10343,29379,13301,18404,3388567,3388569,3388564,3388566,0,0,0,0
1790069277.13536,0,-1,-4,0,10357,29385,13304,18412,3388627,3388629,3388624,3388626,0,0,0,0
1790069277.3401988,1,0,-2,-4,10350,29381,13298,18407,3388657,3388659,3388654,3388656,0,0,0,0
1790069277.3401988,-6,-3,-3,0,10344,29376,13297,18404,3388777,3388779,3388774,3388776,0,0,0,0
1790069277.5321214,4,1,3,2,10344,29379,13301,18405,3388807,3388809,3388804,3388806,0,0,0,0
1790069277.559606,-1,2,1,0,10337,29381,13306,18400,3388867,3388869,3388864,3388866,0,0,0,0
1790069277.7088501,3,3,1,1,10355,29392,13307,18409,3388927,3388929,3388924,3388926,0,0,0,0
1790069277.7088501,0,-3,0,0,10340,29382,13304,18401,3388987,3388989,3388984,3388986,0,0,0,0
1790069277.9543421,0,-3,0,0,10340,29382,13304,18401,3388987,3388989,3388984,3388986,0,0,0,0
1790069277.9543421,1,3,-1,0,10355,29406,13318,18402,3389137,3389139,3389134,3389136,0,0,0,0
1790069278.1478384,1,-2,2,-4,10348,29400,13317,18401,3389167,3389169,3389164,3389166,0,0,0,0
1790069278.1478384,2,3,2,4,10371,29430,13336,18409,3389257,3389259,3389254,3389256,0,0,0,0
1790069278.3617153,0,-3,1,-1,10362,29437,13350,18403,3389287,3389289,3389284,3389286,0,0,0,0
1790069278.3617153,2,-3,-3,2,10360,29427,13339,18406,3389377,3389379,3389374,3389376,0,0,0,0
1790069278.5689797,-2,2,4,4,10359,29421,13334,18407,3389407,3389409,3389404,3389406,0,0,0,0
1790069278.5689797,-1,3,-6,1,10357,29425,13337,18406,3389437,3389439,3389434,3389436,0,0,0,0
1790069278.5689797,3,3,3,-1,10362,29431,13342,18406,3389497,3389499,3389494,3389496,0,0,0,0
1790069278.7150035,-4,1,-1,5,10360,29430,13340,18404,3389527,3389529,3389524,3389526,0,0,0,0
1790069278.7150035,1,-13,-7,-2,10356,29425,13339,18403,3389587,3389589,3389584,3389586,0,0,0,0
1790069278.7678735,-5,-1,0,1,10355,29424,13339,18403,3389617,3389619,3389614,3389616,0,0,0,0
1790069278.9800143,0,-1,-2,-6,10356,29423,13336,18407,3389707,3389709,3389704,3389706,0,0,0,0
1790069278.9845383,4,1,1,1,10358,29423,13336,18406,3389737,3389739,3389734,3389736,0,0,0,0
1790069279.1795907,1,1,2,5,10360,29424,13335,18406,3389767,3389769,3389764,3389766,0,0,0,0
1790069279.1795907,-4,2,-4,-1,10362,29424,13336,18408,3389797,3389799,3389794,3389796,0,0,0,0
1790069279.1795907,-1,-2,1,0,10362,29428,13338,18407,3389827,3389829,3389824,3389826,0,0,0,0
1790069279.3846,-2,-1,0,2,10362,29429,13339,18406,3389857,3389859,3389854,3389856,0,0,0,0
1790069279.3846,0,0,3,0,10361,29427,13338,18406,3389887,3389889,3389884,3389886,0,0,0,0
1790069279.3846,-2,-3,2,-1,10361,29422,13334,18406,3389917,3389919,3389914,3389916,0,0,0,0
1790069279.3846,-3,-1,0,1,10360,29420,13334,18408,3389947,3389949,3389944,3389946,0,0,0,0
1790069279.40065,4,-1,6,-1,10361,29424,13338,18405,3389977,3389979,3389974,3389976,0,0,0,0
1790069279.40065,-3,-1,1,1,10355,29423,13338,18403,3390007,3390009,3390004,3390006,0,0,0,0
1790069279.5927196,2,1,-7,2,10357,29424,13339,18404,3390037,3390039,3390034,3390036,0,0,0,0
1790069279.5927196,1,-1,-6,-4,10368,29432,13342,18410,3390067,3390069,3390064,3390066,0,0,0,0
1790069279.5927196,0,4,-2,-3,10359,29429,13339,18405,3390127,3390129,3390124,3390126,0,0,0,0
1790069279.7208807,1,0,1,-1,10367,29439,13345,18409,3390157,3390159,3390154,3390156,0,0,0,0
1790069279.7395477,2,1,-1,-4,10357,29430,13341,18403,3390217,3390219,3390214,3390216,0,0,0,0
1790069279.7908285,-4,3,-6,0,10355,29426,13338,18404,3390247,3390249,3390244,3390246,0,0,0,0
1790069280.0002873,2,-1,-3,-2,10357,29429,13340,18405,3390277,3390279,3390274,3390276,0,0,0,0
1790069280.0002873,5,0,2,-4,10367,29438,13346,18409,3390307,3390309,3390304,3390306,0,0,0,0
1790069280.208572,-1,-2,-7,1,10362,29441,13351,18405,3390427,3390429,3390424,3390426,0,0,0,0
1790069280.208572,-4,0,-3,-2,10369,29433,13343,18410,3390487,3390489,3390484,3390486,0,0,0,0
1790069280.4082403,-6,3,-5,-3,10366,29438,13346,18408,3390517,3390519,3390514,3390516,0,0,0,0
1790069280.4082403,-7,-1,1,1,10358,29443,13353,18401,3390547,3390549,3390544,3390546,0,0,0,0
1790069280.4082403,4,-12,3,-2,10359,29442,13353,18401,3390577,3390579,3390574,3390576,0,0,0,0
1790069280.4082403,0,-1,-2,2,10363,29439,13348,18406,3390607,3390609,3390604,3390606,0,0,0,0
1790069280.61233,3,-2,0,-2,10370,29439,13345,18410,3390637,3390639,3390634,3390636,0,0,0,0
1790069280.6183121,6,-1,-2,5,10370,29438,13344,18410,3390667,3390669,3390664,3390666,0,0,0,0
1790069280.6196136,8,-1,-2,1,10369,29442,13347,18408,3390697,3390699,3390694,3390696,0,0,0,0
1790069280.7317586,1,0,1,-6,10366,29446,13353,18404,3390757,3390759,3390754,3390756,0,0,0,0
1790069280.733761,-1,0,-3,-3,10374,29449,13354,18408,3390787,3390789,3390784,3390786,0,0,0,0
1790069280.8228662,-3,-2,-1,-4,10376,29449,13355,18410,3390817,3390819,3390814,3390816,0,0,0,0
1790069280.8228662,-2,6,2,-7,10368,29444,13351,18405,3390847,3390849,3390844,3390846,0,0,0,0
1790069281.0282178,-3,-1,-2,3,10363,29442,13349,18405,3390877,3390879,3390874,3390876,0,0,0,0
1790069281.0302548,1,0,-2,0,10353,29451,13363,18396,3390967,3390969,3390964,3390966,0,0,0,0
1790069281.2203026,1,-3,0,0,10372,29448,13351,18410,3391087,3391089,3391084,3391086,0,0,0,0
1790069281.4341283,0,-9,-3,1,10381,29464,13366,18411,3391237,3391239,3391234,3391236,0,0,0,0
1790069281.6424453,9,3,-8,1,10364,29476,13382,18398,3391297,3391299,3391294,3391296,0,0,0,0
1790069281.7485814,1,5,-2,-1,10364,29461,13371,18404,3391417,3391419,3391414,3391416,0,0,0,0
1790069281.842869,0,-2,0,1,10363,29464,13374,18401,3391447,3391449,3391444,3391446,0,0,0,0
1790069282.043153,6,1,0,0,10374,29457,13368,18410,3391507,3391509,3391504,3391506,0,0,0,0
1790069282.043153,-23,-27,-17,-18,10089,29361,13593,18257,3391597,3391599,3391594,3391596,0,0,0,0
1790069282.2508929,-51,-56,-57,-51,9055,28220,12491,17161,3391627,3391629,3391624,3391626,0,0,0,0
1790069282.2508929,-118,-107,-107,-104,5254,24509,8807,13455,3391687,3391689,3391684,3391686,0,0,0,0
1790069282.2508929,-171,-174,-164,-185,1364,20497,5284,9703,3391717,3391719,3391714,3391716,0,0,0,0
1790069282.459157,-178,-220,-202,-218,29316,15579,549,4860,3391747,3391749,3391744,3391746,0,0,0,0
1790069282.459157,-332,-323,-392,-358,8118,26546,12100,16577,3391837,3391839,3391834,3391836,0,0,0,0
1790069282.652981,-406,-372,-375,-404,30823,16425,2172,6177,3391867,3391869,3391864,3391866,0,0,0,0
1790069282.652981,-554,-514,-558,-490,26201,12011,30577,2154,3391957,3391959,3391954,3391956,0,0,0,0
1790069282.7520115,-449,-579,-522,-639,11491,29302,16044,20356,3391987,3391989,3391984,3391986,0,0,0,0
1790069282.754401,-611,-712,-649,-659,28009,13065,32699,4166,3392017,3392019,3392014,3392016,0,0,0,0
1790069282.867745,-554,-516,-613,-700,11195,28956,15191,20038,3392047,3392049,3392044,3392046,0,0,0,0
1790069282.8736706,-633,-560,-582,-520,27540,12570,31478,2960,3392077,3392079,3392074,3392076,0,0,0,0
1790069283.074839,-690,-600,-586,-657,10819,27933,14891,19085,3392107,3392109,3392104,3392106,0,0,0,0
1790069283.074839,-548,-619,-661,-581,26614,11155,30654,2119,3392137,3392139,3392134,3392136,0,0,0,0
1790069283.074839,-539,-612,-609,-566,26553,11146,29903,2041,3392197,3392199,3392194,3392196,0,0,0,0
1790069283.2743285,-631,-527,-581,-637,10585,27786,13947,18827,3392227,3392229,3392224,3392226,0,0,0,0
1790069283.2743285,-529,-523,-500,-501,30413,14948,891,5806,3392317,3392319,3392314,3392316,0,0,0,0
1790069283.364913,-458,-464,-490,-480,16173,670,19352,24346,3392347,3392349,3392344,3392346,0,0,0,0
1790069283.364913,-460,-542,-490,-464,2110,18814,5331,10227,3392377,3392379,3392374,3392376,0,0,0,0
1790069283.4775653,-470,-514,-501,-466,20717,4656,23890,28871,3392407,3392409,3392404,3392406,0,0,0,0
1790069283.4775653,-507,-456,-610,-532,6420,22942,9596,13951,3392437,3392439,3392434,3392436,0,0,0,0
1790069283.493703,-490,-617,-552,-607,24419,8403,26999,32062,3392467,3392469,3392464,3392466,0,0,0,0
1790069283.685968,-546,-488,-592,-486,28092,11502,30656,2903,3392527,3392529,3392524,3392526,0,0,0,0
1790069283.7019763,-596,-559,-531,-499,31857,15204,1602,6590,3392587,3392589,3392584,3392586,0,0,0,0
1790069283.7631357,-580,-480,-497,-466,17689,988,19673,25336,3392617,3392619,3392614,3392616,0,0,0,0
1790069283.8950357,-572,-497,-455,-555,22326,5198,24313,29329,3392677,3392679,3392674,3392676,0,0,0,0
1790069284.0870104,-547,-557,-486,-626,8503,24019,10493,15436,3392707,3392709,3392704,3392706,0,0,0,0
1790069284.0870104,-581,-582,-577,-484,12109,28214,14228,19689,3392767,3392769,3392764,3392766,0,0,0,0
1790069284.1029406,-540,-526,-523,-463,30530,13457,32577,5375,3392797,3392799,3392794,3392796,0,0,0,0
1790069284.291986,-517,-587,-463,-535,16428,32054,18528,23453,3392827,3392829,3392824,3392826,0,0,0,0
1790069284.291986,-590,-555,-548,-543,2419,18042,4423,9385,3392857,3392859,3392854,3392856,0,0,0,0
1790069284.4986532,-482,-425,-481,-445,26871,9203,28171,1024,3392947,3392949,3392944,3392946,0,0,0,0
1790069284.4986532,-419,-414,-440,-493,20981,3271,21713,27436,3393037,3393039,3393034,3393036,0,0,0,0
1790069284.5146885,-377,-445,-508,-472,8954,23352,9534,15167,3393067,3393069,3393064,3393066,0,0,0,0
1790069284.7076268,-449,-398,-420,-409,18086,32637,18742,24437,3393127,3393129,3393124,3393126,0,0,0,0
1790069284.7233708,-476,-411,-439,-343,27305,8848,27506,865,3393187,3393189,3393184,3393186,0,0,0,0
1790069284.7807305,-330,-398,-429,-465,16103,30781,16675,22354,3393217,3393219,3393214,3393216,0,0,0,0
1790069284.9066837,-349,-299,-362,-356,6113,20889,6500,12366,3393247,3393249,3393244,3393246,0,0,0,0
1790069284.9066837,-342,-305,-352,-300,29394,11530,29854,2955,3393277,3393279,3393274,3393276,0,0,0,0
1790069284.9224834,-368,-339,-363,-295,20350,2268,20393,26567,3393307,3393309,3393304,3393306,0,0,0,0
1790069285.115313,-269,-299,-302,-319,1988,16452,1968,8193,3393367,3393369,3393364,3393366,0,0,0,0
1790069285.1310656,-290,-271,-257,-296,18894,620,18687,24699,3393427,3393429,3393424,3393426,0,0,0,0
1790069285.328259,-258,-261,-234,-283,5035,19323,4473,10805,3393487,3393489,3393484,3393486,0,0,0,0
1790069285.328259,-210,-261,-234,-227,31548,13063,30989,4638,3393517,3393519,3393514,3393516,0,0,0,0
1790069285.344367,-218,-213,-265,-203,25350,6890,24771,31162,3393547,3393549,3393544,3393546,0,0,0,0
1790069285.5294764,-233,-188,-210,-239,19325,822,18690,25156,3393577,3393579,3393574,3393576,0,0,0,0
1790069285.5294764,-225,-200,-210,-244,13417,27674,12522,18808,3393607,3393609,3393604,3393606,0,0,0,0
1790069285.5294764,-261,-243,-213,-216,7329,21478,6539,12954,3393637,3393639,3393634,3393636,0,0,0,0
1790069285.5294764,-235,-234,-278,-238,998,15049,252,6570,3393667,3393669,3393664,3393666,0,0,0,0
1790069285.739365,-219,-181,-167,-215,27439,9008,26734,378,3393697,3393699,3393694,3393696,0,0,0,0
1790069285.7403672,-55,-69,-64,-75,13928,28304,12757,19341,3393817,3393819,3393814,3393816,0,0,0,0
1790069285.7722392,-11,-15,-19,-19,12689,27143,11415,18157,3393847,3393849,3393844,3393846,0,0,0,0
1790069285.9297655,66,63,57,60,13493,27924,11855,18729,3393877,3393879,3393874,3393876,0,0,0,0
1790069286.1385283,204,180,187,166,30842,12846,28889,3365,3393997,3393999,3393994,3393996,0,0,0,0
1790069286.1385283,200,214,174,182,3129,17904,1461,8378,3394027,3394029,3394024,3394026,0,0,0,0
1790069286.1385283,192,166,200,206,8034,23079,6307,13370,3394057,3394059,3394054,3394056,0,0,0,0
1790069286.3455658,194,206,189,167,13409,28363,11615,18600,3394087,3394089,3394084,3394086,0,0,0,0
1790069286.3455658,160,180,209,212,18504,778,16848,23757,3394117,3394119,3394114,3394116,0,0,0,0
1790069286.3616133,234,229,210,211,29759,12174,28096,2114,3394177,3394179,3394174,3394176,0,0,0,0
1790069286.5496109,204,234,261,242,9070,24292,7343,14333,3394237,3394239,3394234,3394236,0,0,0,0
1790069286.5496109,243,248,235,208,21598,3986,20083,26900,3394297,3394299,3394294,3394296,0,0,0,0
1790069286.6946764,201,178,227,227,1013,16306,32342,6308,3394357,3394359,3394354,3394356,0,0,0,0
1790069286.710527,169,204,202,183,6298,21587,4943,11857,3394387,3394389,3394384,3394386,0,0,0,0
1790069286.7783706,169,176,168,138,10864,26040,9493,16383,3394417,3394419,3394414,3394416,0,0,0,0
1790069286.905966,138,151,144,131,18837,1425,17756,24436,3394477,3394479,3394474,3394476,0,0,0,0
1790069286.9422328,152,136,143,139,22826,5295,21643,28287,3394507,3394509,3394504,3394506,0,0,0,0
1790069286.9823573,122,121,126,108,26011,8565,24997,31648,3394537,3394539,3394534,3394536,0,0,0,0
1790069287.1649685,21,23,33,30,32497,14881,31653,5385,3394657,3394659,3394654,3394656,0,0,0,0
1790069287.175769,-9,-7,-2,0,32603,15008,31862,5722,3394687,3394689,3394684,3394686,0,0,0,0
1790069287.3769639,-60,-73,-48,-65,30769,13100,30207,3884,3394747,3394749,3394744,3394746,0,0,0,0
1790069287.3769639,-33,-41,-40,-37,28068,10402,27364,1162,3394807,3394809,3394804,3394806,0,0,0,0
1790069287.5838695,36,40,34,39,26447,8700,25684,32007,3394927,3394929,3394924,3394926,0,0,0,0
1790069287.782361,47,51,38,51,27586,9836,26769,386,3394957,3394959,3394954,3394956,0,0,0,0
1790069287.782361,108,99,91,113,31076,13663,30248,3936,3395017,3395019,3395014,3395016,0,0,0,0
1790069287.9676387,108,122,98,130,6734,21958,5792,12301,3395107,3395109,3395104,3395106,0,0,0,0
1790069287.9762025,124,114,115,136,10085,25173,8965,15400,3395137,3395139,3395134,3395136,0,0,0,0
1790069288.1842926,123,136,144,130,13226,28546,12380,18826,3395167,3395169,3395164,3395166,0,0,0,0
1790069288.1842926,145,137,125,113,22602,5108,21711,28145,3395257,3395259,3395254,3395256,0,0,0,0
1790069288.2001748,166,145,154,157,26295,8961,25334,31772,3395287,3395289,3395284,3395286,0,0,0,0
1790069288.3851745,136,134,138,135,30216,12859,29338,3026,3395317,3395319,3395314,3395316,0,0,0,0
1790069288.40111,139,149,152,130,9417,24932,8586,15054,3395407,3395409,3395404,3395406,0,0,0,0
1790069288.6038797,181,184,182,157,22440,5148,21549,27937,3395497,3395499,3395494,3395496,0,0,0,0
1790069288.6200438,120,146,151,134,26787,9500,26000,32552,3395527,3395529,3395524,3395526,0,0,0,0
1790069288.7564483,141,134,125,153,1450,17058,899,7167,3395587,3395589,3395584,3395586,0,0,0,0
1790069288.7564483,112,115,127,126,4861,20523,4302,10661,3395617,3395619,3395614,3395616,0,0,0,0
1790069288.7886949,128,108,119,95,7829,23402,7320,13664,3395647,3395649,3395644,3395646,0,0,0,0
1790069289.0129173,119,137,147,115,20803,3769,20434,26669,3395767,3395769,3395764,3395766,0,0,0,0
1790069289.2153635,110,114,120,102,24229,7207,23905,30209,3395797,3395799,3395794,3395796,0,0,0,0
1790069289.2153635,127,133,138,123,850,16734,573,6876,3395887,3395889,3395884,3395886,0,0,0,0
1790069289.409461,122,140,158,128,4495,20415,4084,10515,3395917,3395919,3395914,3395916,0,0,0,0
1790069289.4255176,160,137,132,157,12208,28119,11664,18158,3395977,3395979,3395974,3395976,0,0,0,0
1790069289.4255176,139,145,137,113,15942,31802,15665,21859,3396007,3396009,3396004,3396006,0,0,0,0
1790069289.6274571,129,144,139,113,19628,2770,19247,25485,3396037,3396039,3396034,3396036,0,0,0,0
1790069289.6274571,108,154,154,121,23301,6433,22961,29138,3396067,3396069,3396064,3396066,0,0,0,0
1790069289.6294644,135,128,121,151,27005,10379,26686,324,3396097,3396099,3396094,3396096,0,0,0,0
1790069289.6294644,161,160,150,163,30975,14327,30621,4267,3396127,3396129,3396124,3396126,0,0,0,0
1790069289.7015185,112,137,139,123,2176,18331,1973,8163,3396157,3396159,3396154,3396156,0,0,0,0
1790069289.7826207,132,136,125,157,6048,22140,5825,12099,3396187,3396189,3396184,3396186,0,0,0,0
1790069289.786634,98,127,153,146,9817,25551,9679,15938,3396217,3396219,3396214,3396216,0,0,0,0
1790069289.8181665,133,117,53,115,12527,28490,12612,19327,3396247,3396249,3396244,3396246,0,0,0,0
1790069289.8499424,108,101,118,97,15430,31028,15024,22135,3396277,3396279,3396274,3396276,0,0,0,0
1790069290.0248332,95,76,82,93,18001,885,18090,24799,3396307,3396309,3396304,3396306,0,0,0,0
1790069290.0248332,56,68,60,55,19731,3141,19261,26726,3396337,3396339,3396334,3396336,0,0,0,0
1790069290.0409324,35,50,32,67,21078,4792,20946,28447,3396367,3396369,3396364,3396366,0,0,0,0
1790069290.213382,26,38,44,11,22046,5874,21868,29373,3396397,3396399,3396394,3396396,0,0,0,0
1790069290.213382,18,16,14,16,23216,7446,23464,30168,3396457,3396459,3396454,3396456,0,0,0,0
1790069290.213382,16,8,6,16,23609,7749,23747,30551,3396487,3396489,3396484,3396486,0,0,0,0
1790069290.4428818,9,3,7,16,23932,7847,23984,30993,3396517,3396519,3396514,3396516,0,0,0,0
1790069290.4428818,0,8,6,6,24174,7983,24495,31508,3396577,3396579,3396574,3396576,0,0,0,0
1790069290.458917,3,1,0,1,24266,8051,24581,31601,3396607,3396609,3396604,3396606,0,0,0,0
1790069290.6455169,5,8,1,3,24389,8115,24631,31697,3396637,3396639,3396634,3396636,0,0,0,0
1790069290.6455169,-5,-9,2,-4,24412,8108,24612,31726,3396667,3396669,3396664,3396666,0,0,0,0
1790069290.6455169,5,1,0,3,24401,8081,24572,31714,3396697,3396699,3396694,3396696,0,0,0,0
1790069290.6605976,9,20,2,9,24541,8234,24543,31844,3396727,3396729,3396724,3396726,0,0,0,0
1790069290.8182821,59,54,61,37,25430,9312,25230,32523,3396757,3396759,3396754,3396756,0,0,0,0
1790069290.8182821,116,135,145,99,28135,12161,27844,2204,3396787,3396789,3396784,3396786,0,0,0,0
1790069290.8182821,154,142,129,117,31915,15931,31668,5651,3396817,3396819,3396814,3396816,0,0,0,0
1790069290.8182821,174,113,139,156,2832,19609,2533,9677,3396847,3396849,3396844,3396846,0,0,0,0
1790069291.0598466,66,71,82,91,5852,22181,5881,13150,3396877,3396879,3396874,3396876,0,0,0,0
1790069291.0598466,24,22,20,21,8859,25009,8900,15657,3396967,3396969,3396964,3396966,0,0,0,0
1790069291.2630854,4,5,13,17,9691,26117,10202,16821,3397057,3397059,3397054,3397056,0,0,0,0
1790069291.2803483,11,4,7,12,9842,26242,10511,17204,3397087,3397089,3397084,3397086,0,0,0,0
1790069291.2803483,6,1,-2,5,10127,26287,10736,17584,3397147,3397149,3397144,3397146,0,0,0,0
1790069291.4726946,3,3,2,1,10308,26337,10812,17751,3397207,3397209,3397204,3397206,0,0,0,0
1790069291.4813943,-2,5,8,-2,10315,26353,10843,17776,3397237,3397239,3397234,3397236,0,0,0,0
1790069291.665271,-6,5,7,-6,10109,26683,11269,17611,3397297,3397299,3397294,3397296,0,0,0,0
1790069291.665271,-11,6,6,-6,9955,26889,11477,17451,3397327,3397329,3397324,3397326,0,0,0,0
1790069291.6824899,-8,10,8,0,9602,27279,11918,17256,3397387,3397389,3397384,3397386,0,0,0,0
1790069291.8276064,-9,3,7,1,9500,27455,12173,17242,3397417,3397419,3397414,3397416,0,0,0,0
1790069291.8276064,-5,4,4,-2,9443,27582,12332,17213,3397447,3397449,3397444,3397446,0,0,0,0
1790069291.8433003,-6,-1,5,-1,9394,27651,12430,17190,3397477,3397479,3397474,3397476,0,0,0,0
1790069292.0856283,3,0,0,3,9432,27644,12486,17273,3397537,3397539,3397534,3397536,0,0,0,0
1790069292.1015642,-4,4,0,-7,9417,27739,12641,17329,3397627,3397629,3397624,3397626,0,0,0,0
1790069292.2982566,-3,-3,-5,3,9397,27714,12626,17306,3397747,3397749,3397744,3397746,0,0,0,0
1790069292.490865,-1,1,-5,-2,9441,27685,12593,17346,3397867,3397869,3397864,3397866,0,0,0,0
1790069292.697944,-3,6,4,-1,9441,27689,12593,17344,3397897,3397899,3397894,3397896,0,0,0,0
1790069292.697944,-3,-1,3,-2,9438,27692,12597,17343,3397927,3397929,3397924,3397926,0,0,0,0
1790069292.697944,-1,4,3,0,9436,27695,12599,17341,3397987,3397989,3397984,3397986,0,0,0,0
1790069292.840428,-3,0,-3,-1,9434,27693,12598,17339,3398047,3398049,3398044,3398046,0,0,0,0
1790069292.856537,1,-3,0,-4,9435,27690,12596,17341,3398077,3398079,3398074,3398076,0,0,0,0
1790069293.0980864,-2,6,-5,-2,9436,27690,12594,17341,3398107,3398109,3398104,3398106,0,0,0,0
1790069293.0980864,3,-1,-4,-4,9432,27688,12595,17338,3398197,3398199,3398194,3398196,0,0,0,0
1790069293.113789,-1,-2,-5,0,9431,27690,12596,17337,3398227,3398229,3398224,3398226,0,0,0,0
1790069293.312809,-1,-5,5,-5,9433,27692,12599,17340,3398317,3398319,3398314,3398316,0,0,0,0
1790069293.5201101,-3,-2,-3,2,9437,27695,12598,17341,3398467,3398469,3398464,3398466,0,0,0,0
1790069293.7259653,-5,0,8,5,9436,27693,12598,17342,3398497,3398499,3398494,3398496,0,0,0,0
1790069293.7259653,-1,-2,3,0,9437,27690,12594,17343,3398587,3398589,3398584,3398586,0,0,0,0
1790069293.8563626,-4,2,2,2,9433,27690,12596,17340,3398617,3398619,3398614,3398616,0,0,0,0
1790069293.8563626,1,-6,-5,-1,9433,27690,12596,17340,3398647,3398649,3398644,3398646,0,0,0,0
1790069293.918247,-2,-1,1,-1,9434,27687,12593,17341,3398677,3398679,3398674,3398676,0,0,0,0
1790069293.933963,2,1,2,-1,9435,27685,12592,17343,3398707,3398709,3398704,3398706,0,0,0,0
1790069294.1277702,3,-2,2,-1,9430,27691,12599,17338,3398827,3398829,3398824,3398826,0,0,0,0
1790069294.3348196,-5,-2,-1,3,9431,27693,12600,17339,3398857,3398859,3398854,3398856,0,0,0,0
1790069294.3348196,-1,-8,1,0,9435,27692,12599,17342,3398947,3398949,3398944,3398946,0,0,0,0
1790069294.5378845,1,4,-1,0,9435,27695,12600,17340,3399007,3399009,3399004,3399006,0,0,0,0
1790069294.5378845,2,4,1,-5,9434,27697,12601,17339,3399067,3399069,3399064,3399066,0,0,0,0
1790069294.7483964,-2,-1,0,0,9435,27696,12599,17340,3399097,3399099,3399094,3399096,0,0,0,0
1790069294.7494378,1,6,-2,-3,9435,27693,12596,17340,3399127,3399129,3399124,3399126,0,0,0,0
1790069294.7524369,-1,3,0,0,9435,27689,12594,17341,3399187,3399189,3399184,3399186,0,0,0,0
1790069294.8411915,0,0,0,0,9433,27688,12594,17340,3399217,3399219,3399214,3399216,0,0,0,0
1790069294.8411915,1,3,-2,-2,9431,27690,12596,17338,3399247,3399249,3399244,3399246,0,0,0,0
1790069294.9483368,6,-9,-5,-6,9430,27693,12599,17337,3399277,3399279,3399274,3399276,0,0,0,0
1790069294.9483368,0,5,-6,-4,9430,27693,12600,17336,3399307,3399309,3399304,3399306,0,0,0,0
1790069295.1551712,-4,1,2,-1,9436,27692,12598,17342,3399367,3399369,3399364,3399366,0,0,0,0
1790069295.1551712,1,-3,-1,-1,9439,27693,12597,17343,3399427,3399429,3399424,3399426,0,0,0,0
1790069295.351852,0,1,-2,-2,9438,27691,12595,17343,3399547,3399549,3399544,3399546,0,0,0,0
1790069295.351852,-2,5,2,-1,9435,27691,12596,17341,3399577,3399579,3399574,3399576,0,0,0,0
1790069295.5678103,-4,-1,-5,0,9435,27688,12594,17342,3399607,3399609,3399604,3399606,0,0,0,0
1790069295.5678103,-5,1,7,-1,9435,27686,12593,17342,3399637,3399639,3399634,3399636,0,0,0,0
1790069295.5678103,6,0,3,-1,9432,27688,12595,17339,3399667,3399669,3399664,3399666,0,0,0,0
1790069295.5805798,16,-2,-2,-3,9431,27691,12598,17339,3399697,3399699,3399694,3399696,0,0,0,0
1790069295.7632308,-3,4,-3,2,9432,27692,12599,17339,3399727,3399729,3399724,3399726,0,0,0,0
1790069295.7632308,-2,-1,-2,1,9433,27694,12601,17339,3399757,3399759,3399754,3399756,0,0,0,0
1790069295.7632308,-6,2,-1,-3,9435,27694,12599,17341,3399787,3399789,3399784,3399786,0,0,0,0
1790069295.7786016,1,-6,3,1,9437,27694,12599,17342,3399817,3399819,3399814,3399816,0,0,0,0
1790069295.874762,-1,-1,-1,1,9437,27696,12600,17342,3399847,3399849,3399844,3399846,0,0,0,0
1790069295.874762,1,1,0,-6,9434,27697,12601,17339,3399877,3399879,3399874,3399876,0,0,0,0
1790069295.8966348,-3,-1,0,-1,9432,27699,12602,17338,3399907,3399909,3399904,3399906,0,0,0,0
1790069295.9820242,-2,-4,0,-3,9432,27697,12601,17338,3399937,3399939,3399934,3399936,0,0,0,0
1790069296.1750393,4,-3,0,-1,9434,27694,12597,17340,3399967,3399969,3399964,3399966,0,0,0,0
1790069296.1750393,-1,-1,-5,-4,9433,27692,12598,17340,3400057,3400059,3400054,3400056,0,0,0,0
1790069296.3760903,0,1,-1,-1,9432,27696,12600,17338,3400087,3400089,3400084,3400086,0,0,0,0
1790069296.3923688,0,-9,-2,2,9438,27688,12594,17344,3400177,3400179,3400174,3400176,0,0,0,0
1790069296.5810432,0,1,-2,9,9440,27690,12594,17346,3400207,3400209,3400204,3400206,0,0,0,0
1790069296.5810432,-1,-4,-2,1,9438,27692,12597,17343,3400267,3400269,3400264,3400266,0,0,0,0
1790069296.5997248,1,-1,-1,0,9439,27693,12597,17344,3400297,3400299,3400294,3400296,0,0,0,0
1790069296.7949293,-1,2,-1,-1,9435,27692,12596,17341,3400387,3400389,3400384,3400386,0,0,0,0
1790069296.80081,-1,-3,3,4,9435,27691,12595,17340,3400417,3400419,3400414,3400416,0,0,0,0
1790069296.8906927,-6,-4,2,3,9436,27688,12595,17343,3400447,3400449,3400444,3400446,0,0,0,0
1790069296.9013352,4,-1,0,2,9437,27689,12595,17344,3400477,3400479,3400474,3400476,0,0,0,0
1790069297.0021873,-2,-3,1,0,9438,27692,12597,17343,3400507,3400509,3400504,3400506,0,0,0,0
1790069297.0055408,-2,1,1,-4,9439,27693,12598,17343,3400537,3400539,3400534,3400536,0,0,0,0
1790069297.2053466,0,41,0,0,9440,27695,12597,17344,3400567,3400569,3400564,3400566,0,0,0,0
1790069297.2053466,0,-11,3,-1,9439,27691,12595,17345,3400627,3400629,3400624,3400626,0,0,0,0
1790069297.2053466,1,-3,2,-2,9439,27692,12595,17344,3400687,3400689,3400684,3400686,0,0,0,0
1790069297.4032545,3,-6,-3,2,9434,27695,12598,17341,3400717,3400719,3400714,3400716,0,0,0,0
1790069297.41339,2,-1,2,-3,9432,27702,12605,17338,3400777,3400779,3400774,3400776,0,0,0,0
1790069297.603888,3,-2,-2,-3,9436,27698,12600,17341,3400867,3400869,3400864,3400866,0,0,0,0
1790069297.6199477,2,2,-3,-4,9434,27700,12602,17338,3400927,3400929,3400924,3400926,0,0,0,0
1790069297.8112776,-1,2,4,0,9431,27701,12604,17338,3400957,3400959,3400954,3400956,0,0,0,0
1790069297.8112776,-2,-4,-1,3,9434,27700,12602,17340,3401047,3401049,3401044,3401046,0,0,0,0
1790069297.8913975,2,-2,1,1,9433,27701,12603,17339,3401107,3401109,3401104,3401106,0,0,0,0
1790069298.0198667,1,-1,0,0,9434,27699,12602,17340,3401137,3401139,3401134,3401136,0,0,0,0
1790069298.0198667,-2,-1,-1,-4,9435,27698,12600,17341,3401167,3401169,3401164,3401166,0,0,0,0
1790069298.2256188,-1,8,4,2,9432,27703,12604,17337,3401227,3401229,3401224,3401226,0,0,0,0
1790069298.2421103,-5,-4,3,2,9433,27703,12605,17338,3401257,3401259,3401254,3401256,0,0,0,0
1790069298.244465,-3,-2,0,-1,9436,27698,12601,17341,3401317,3401319,3401314,3401316,0,0,0,0
1790069298.4235666,-1,3,2,1,9438,27697,12600,17343,3401347,3401349,3401344,3401346,0,0,0,0
1790069298.4235666,-4,0,0,2,9436,27699,12601,17342,3401377,3401379,3401374,3401376,0,0,0,0
1790069298.439325,-3,2,-2,-1,9434,27702,12603,17339,3401407,3401409,3401404,3401406,0,0,0,0
1790069298.6271403,0,2,2,-3,9433,27702,12605,17339,3401437,3401439,3401434,3401436,0,0,0,0
1790069298.6271403,5,-4,-6,-4,9437,27697,12600,17343,3401527,3401529,3401524,3401526,0,0,0,0
1790069298.8344336,-3,2,1,-2,9436,27698,12600,17341,3401557,3401559,3401554,3401556,0,0,0,0
1790069298.8505337,-4,1,1,-1,9435,27700,12603,17340,3401677,3401679,3401674,3401676,0,0,0,0
1790069298.9153876,-1,3,-2,-2,9436,27699,12601,17341,3401707,3401709,3401704,3401706,0,0,0,0
1790069299.0434625,-3,-2,-5,-2,9434,27699,12601,17340,3401737,3401739,3401734,3401736,0,0,0,0
1790069299.0434625,1,-6,-7,3,9434,27701,12603,17339,3401767,3401769,3401764,3401766,0,0,0,0
1790069299.059355,-4,-2,4,-1,9433,27702,12604,17337,3401797,3401799,3401794,3401796,0,0,0,0
1790069299.2550933,2,-2,-2,3,9440,27693,12597,17344,3401917,3401919,3401914,3401916,0,0,0,0
1790069299.4552126,1,-2,-9,-1,9439,27694,12597,17343,3401977,3401979,3401974,3401976,0,0,0,0
1790069299.4552126,0,-2,-2,-5,9437,27696,12598,17342,3402007,3402009,3402004,3402006,0,0,0,0
1790069299.6645632,-2,1,-2,1,9435,27698,12601,17339,3402037,3402039,3402034,3402036,0,0,0,0
1790069299.6656337,-5,1,-4,-5,9437,27696,12599,17342,3402157,3402159,3402154,3402156,0,0,0,0
1790069299.8684556,1,-3,-3,-1,9440,27696,12599,17344,3402187,3402189,3402184,3402186,0,0,0,0
1790069299.8684556,2,-2,2,4,9431,27705,12606,17335,3402277,3402279,3402274,3402276,0,0,0,0
1790069299.915767,3,-1,-2,-1,9431,27705,12607,17335,3402307,3402309,3402304,3402306,0,0,0,0
1790069300.0651586,-2,-3,0,0,9434,27700,12603,17339,3402397,3402399,3402394,3402396,0,0,0,0
1790069300.2639792,2,1,0,2,9435,27701,12602,17340,3402427,3402429,3402424,3402426,0,0,0,0
1790069300.2796717,0,4,4,-4,9432,27704,12605,17337,3402487,3402489,3402484,3402486,0,0,0,0
1790069300.2796717,2,-5,3,-2,9432,27703,12606,17337,3402517,3402519,3402514,3402516,0,0,0,0
1790069300.472766,0,-10,-6,2,9435,27703,12604,17338,3402607,3402609,3402604,3402606,0,0,0,0
1790069300.488878,3,3,-4,3,9435,27701,12603,17339,3402667,3402669,3402664,3402666,0,0,0,0
1790069300.6821682,7,-2,3,1,9435,27701,12603,17339,3402727,3402729,3402724,3402726,0,0,0,0
1790069300.6821682,-1,1,-1,-2,9434,27702,12603,17340,3402787,3402789,3402784,3402786,0,0,0,0
1790069300.8900743,1,-1,0,3,9426,27710,12613,17330,3402907,3402909,3402904,3402906,0,0,0,0
1790069301.0977228,6,-2,-3,-3,9430,27707,12609,17335,3402967,3402969,3402964,3402966,0,0,0,0
1790069301.0977228,-2,-15,4,-1,9430,27707,12609,17335,3403027,3403029,3403024,3403026,0,0,0,0
1790069301.293761,-4,3,3,-2,9431,27705,12606,17336,3403117,3403119,3403114,3403116,0,0,0,0
1790069301.5039456,5,3,-1,1,9431,27706,12607,17336,3403147,3403149,3403144,3403146,0,0,0,0
1790069301.5039456,2,0,0,-1,9430,27705,12608,17335,3403267,3403269,3403264,3403266,0,0,0,0
1790069301.712138,1,4,5,-4,9432,27705,12607,17337,3403297,3403299,3403294,3403296,0,0,0,0
1790069301.9241314,4,2,1,-1,9431,27706,12607,17336,3403417,3403419,3403414,3403416,0,0,0,0
1790069301.9261458,1,-8,0,-5,9430,27706,12607,17335,3403447,3403449,3403444,3403446,0,0,0,0
1790069301.9261458,1,0,-4,2,9428,27710,12610,17334,3403507,3403509,3403504,3403506,0,0,0,0
1790069302.118107,1,-1,-2,1,9429,27708,12611,17334,3403537,3403539,3403534,3403536,0,0,0,0
1790069302.118107,-4,-5,2,0,9432,27707,12608,17335,3403627,3403629,3403624,3403626,0,0,0,0
1790069302.3277993,-4,1,-3,-1,9427,27710,12611,17332,3403717,3403719,3403714,3403716,0,0,0,0
1790069302.5288932,1,-3,-1,-3,9430,27705,12608,17335,3403777,3403779,3403774,3403776,0,0,0,0
1790069302.5288932,-3,-1,2,-2,9429,27710,12609,17334,3403837,3403839,3403834,3403836,0,0,0,0
1790069302.5410433,1,2,-7,1,9426,27710,12612,17331,3403867,3403869,3403864,3403866,0,0,0,0
1790069302.7334125,1,3,-3,-1,9428,27708,12609,17333,3403927,3403929,3403924,3403926,0,0,0,0
1790069302.7334125,0,3,1,4,9429,27706,12609,17335,3403957,3403959,3403954,3403956,0,0,0,0
1790069302.7410784,-2,-10,-2,-1,9431,27705,12608,17336,3403987,3403989,3403984,3403986,0,0,0,0
1790069302.9176724,3,-4,-1,-2,9430,27709,12609,17335,3404017,3404019,3404014,3404016,0,0,0,0
1790069302.929591,-1,3,0,3,9433,27704,12606,17337,3404107,3404109,3404104,3404106,0,0,0,0
1790069303.1424842,-2,-2,-7,-1,9434,27702,12604,17339,3404137,3404139,3404134,3404136,0,0,0,0
1790069303.1424842,0,-5,-2,-1,9431,27706,12608,17335,3404227,3404229,3404224,3404226,0,0,0,0
1790069303.343171,-3,-9,-2,1,9431,27707,12607,17335,3404257,3404259,3404254,3404256,0,0,0,0
1790069303.343171,-4,-1,2,-1,9431,27706,12607,17336,3404317,3404319,3404314,3404316,0,0,0,0
1790069303.3597126,-5,0,-1,-1,9431,27705,12607,17337,3404347,3404349,3404344,3404346,0,0,0,0
1790069303.3610933,-5,3,2,-1,9431,27706,12607,17335,3404377,3404379,3404374,3404376,0,0,0,0
1790069303.5491776,-3,1,-2,-4,9430,27707,12608,17334,3404437,3404439,3404434,3404436,0,0,0,0
1790069303.5491776,-2,-6,-1,-2,9431,27705,12606,17336,3404467,3404469,3404464,3404466,0,0,0,0
1790069303.759184,-3,-4,1,-1,9432,27707,12607,17336,3404527,3404529,3404524,3404526,0,0,0,0
1790069303.7609446,0,-1,-3,2,9429,27709,12608,17334,3404557,3404559,3404554,3404556,0,0,0,0
1790069303.76212,-1,-6,-2,3,9427,27709,12611,17332,3404587,3404589,3404584,3404586,0,0,0,0
1790069303.934012,-3,-1,2,-1,9428,27709,12610,17333,3404677,3404679,3404674,3404676,0,0,0,0
1790069304.0065036,-2,1,1,-1,9429,27707,12608,17334,3404707,3404709,3404704,3404706,0,0,0,0
1790069304.0127392,17,0,-3,-5,9430,27708,12608,17334,3404737,3404739,3404734,3404736,0,0,0,0
1790069304.0127392,2,-3,1,3,9428,27709,12610,17333,3404767,3404769,3404764,3404766,0,0,0,0
1790069304.1573231,4,0,1,0,9425,27711,12612,17330,3404797,3404799,3404794,3404796,0,0,0,0
1790069304.17311,-1,3,-6,3,9425,27710,12612,17331,3404857,3404859,3404854,3404856,0,0,0,0
1790069304.3741066,1,2,1,-1,9427,27710,12611,17333,3404947,3404949,3404944,3404946,0,0,0,0
1790069304.3741066,7,1,-4,0,9426,27712,12612,17331,3405007,3405009,3405004,3405006,0,0,0,0
1790069304.578433,-1,0,-3,-2,9425,27711,12612,17330,3405067,3405069,3405064,3405066,0,0,0,0
1790069304.578433,2,0,-1,0,9426,27710,12612,17331,3405097,3405099,3405094,3405096,0,0,0,0
1790069304.7697332,-2,0,-6,1,9428,27708,12609,17334,3405127,3405129,3405124,3405126,0,0,0,0
1790069304.958124,1,-1,-2,-3,9427,27711,12611,17332,3405307,3405309,3405304,3405306,0,0,0,0
1790069304.9625943,4,-1,-1,3,9427,27711,12611,17333,3405337,3405339,3405334,3405336,0,0,0,0
1790069305.186025,-8,4,2,5,9425,27713,12612,17331,3405367,3405369,3405364,3405366,0,0,0,0
1790069305.186025,7,-7,0,-1,9425,27713,12614,17330,3405397,3405399,3405394,3405396,0,0,0,0
1790069305.186025,0,1,1,-2,9429,27708,12610,17334,3405457,3405459,3405454,3405456,0,0,0,0
1790069305.3974762,-4,-4,-2,-2,9431,27707,12607,17337,3405487,3405489,3405484,3405486,0,0,0,0
1790069305.3974762,-2,0,-1,-6,9428,27710,12611,17333,3405547,3405549,3405544,3405546,0,0,0,0
1790069305.3994863,1,-1,-4,0,9426,27710,12612,17332,3405577,3405579,3405574,3405576,0,0,0,0
1790069305.6033378,-1,-4,3,-2,9426,27709,12611,17333,3405607,3405609,3405604,3405606,0,0,0,0
1790069305.6033378,-1,-2,1,-2,9429,27708,12610,17334,3405667,3405669,3405664,3405666,0,0,0,0
1790069305.608982,-3,1,4,0,9428,27709,12609,17334,3405727,3405729,3405724,3405726,0,0,0,0
1790069305.7941225,-9,4,2,-3,9428,27710,12610,17332,3405757,3405759,3405754,3405756,0,0,0,0
1790069305.8100238,-1,0,-1,-2,9424,27713,12614,17329,3405847,3405849,3405844,3405846,0,0,0,0
1790069305.9560223,-2,3,-2,0,9428,27711,12612,17332,3405907,3405909,3405904,3405906,0,0,0,0
1790069306.0116787,-4,-1,3,-1,9429,27709,12609,17334,3405937,3405939,3405934,3405936,0,0,0,0
1790069306.0219905,-3,-1,0,3,9428,27710,12610,17333,3405967,3405969,3405964,3405966,0,0,0,0
1790069306.2175295,1,-2,-5,-2,9425,27712,12612,17331,3406027,3406029,3406024,3406026,0,0,0,0
1790069306.2215717,-4,3,3,0,9426,27711,12613,17332,3406057,3406059,3406054,3406056,0,0,0,0
1790069306.422368,-2,-4,-5,5,9422,27716,12617,17328,3406147,3406149,3406144,3406146,0,0,0,0
1790069306.4273427,-1,3,3,-3,9423,27713,12615,17329,3406207,3406209,3406204,3406206,0,0,0,0
1790069306.626244,-4,2,6,0,9425,27710,12612,17331,3406237,3406239,3406234,3406236,0,0,0,0
1790069306.627863,-4,-2,2,-1,9424,27711,12613,17331,3406267,3406269,3406264,3406266,0,0,0,0
1790069306.642263,0,0,-5,3,9425,27712,12613,17331,3406297,3406299,3406294,3406296,0,0,0,0
1790069306.6432629,1,-4,-4,2,9424,27712,12613,17330,3406327,3406329,3406324,3406326,0,0,0,0
1790069306.830983,2,4,1,-1,9420,27715,12616,17327,3406417,3406419,3406414,3406416,0,0,0,0
1790069306.8384194,-4,-3,3,-2,9421,27714,12616,17328,3406447,3406449,3406444,3406446,0,0,0,0
1790069306.958009,-3,0,0,0,9421,27715,12616,17328,3406477,3406479,3406474,3406476,0,0,0,0
1790069306.958009,-2,-4,-1,-4,9423,27714,12615,17329,3406537,3406539,3406534,3406536,0,0,0,0
1790069307.0217357,-5,-1,4,-2,9422,27712,12613,17329,3406567,3406569,3406564,3406566,0,0,0,0
1790069307.240265,4,-1,2,-2,9422,27714,12615,17328,3406597,3406599,3406594,3406596,0,0,0,0
1790069307.240265,-1,-4,-2,3,9418,27716,12617,17325,3406627,3406629,3406624,3406626,0,0,0,0
1790069307.240265,0,0,-3,-1,9413,27723,12625,17321,3406687,3406689,3406684,3406686,0,0,0,0
1790069307.4447622,-8,-4,-2,-2,9412,27723,12625,17320,3406717,3406719,3406714,3406716,0,0,0,0
1790069307.448431,1,-3,-5,-2,9416,27718,12621,17323,3406807,3406809,3406804,3406806,0,0,0,0
1790069307.4627154,2,0,4,-2,9418,27718,12621,17324,3406837,3406839,3406834,3406836,0,0,0,0
1790069307.6498108,1,3,-2,-1,9418,27719,12621,17324,3406867,3406869,3406864,3406866,0,0,0,0
1790069307.6498108,1,2,0,-3,9416,27722,12624,17322,3406897,3406899,3406894,3406896,0,0,0,0
1790069307.6567044,1,2,-3,1,9412,27722,12625,17319,3406957,3406959,3406954,3406956,0,0,0,0
1790069307.858499,-3,-9,-2,0,9415,27721,12622,17322,3407017,3407019,3407014,3407016,0,0,0,0
1790069307.858499,2,4,7,-1,9417,27719,12622,17322,3407047,3407049,3407044,3407046,0,0,0,0
1790069307.9731667,0,-4,2,-2,9415,27722,12623,17321,3407137,3407139,3407134,3407136,0,0,0,0
1790069308.051054,3,4,-2,-4,9415,27721,12621,17321,3407167,3407169,3407164,3407166,0,0,0,0
1790069308.2610228,-4,-2,-3,-2,9414,27721,12623,17321,3407197,3407199,3407194,3407196,0,0,0,0
1790069308.2610228,3,2,1,-4,9413,27724,12625,17320,3407257,3407259,3407254,3407256,0,0,0,0
1790069308.2728589,-1,-3,2,2,9414,27724,12623,17321,3407317,3407319,3407314,3407316,0,0,0,0
1790069308.467999,0,0,0,-3,9420,27717,12619,17326,3407437,3407439,3407434,3407436,0,0,0,0
1790069308.467999,1,-1,-5,-1,9423,27716,12616,17328,3407467,3407469,3407464,3407466,0,0,0,0
1790069308.6743455,-3,-4,0,-1,9421,27716,12617,17327,3407527,3407529,3407524,3407526,0,0,0,0
1790069308.6743455,-3,4,-3,-2,9419,27720,12620,17325,3407587,3407589,3407584,3407586,0,0,0,0
1790069308.8657482,-3,0,3,4,9417,27720,12622,17323,3407617,3407619,3407614,3407616,0,0,0,0
1790069308.881714,2,0,1,0,9419,27718,12620,17324,3407677,3407679,3407674,3407676,0,0,0,0
1790069308.978451,0,-2,1,-4,9418,27720,12620,17324,3407707,3407709,3407704,3407706,0,0,0,0
1790069308.978451,-6,0,0,-1,9419,27718,12618,17325,3407767,3407769,3407764,3407766,0,0,0,0
1790069309.2888215,5,1,-5,-10,9416,27722,12622,17322,3407827,3407829,3407824,3407826,0,0,0,0
1790069309.290227,3,0,-2,3,9418,27719,12621,17324,3407887,3407889,3407884,3407886,0,0,0,0
1790069309.3019402,1,1,3,-1,9419,27719,12619,17325,3407947,3407949,3407944,3407946,0,0,0,0
1790069309.4962852,21,5,-1,1,9420,27717,12619,17325,3408067,3408069,3408064,3408066,0,0,0,0
1790069309.6990469,0,2,4,-2,9421,27716,12617,17327,3408127,3408129,3408124,3408126,0,0,0,0
1790069309.7021666,0,-1,1,-2,9420,27718,12619,17325,3408187,3408189,3408184,3408186,0,0,0,0
1790069309.904245,2,2,-5,0,9423,27717,12618,17328,3408247,3408249,3408244,3408246,0,0,0,0
1790069309.9068081,1,5,-4,1,9421,27716,12617,17327,3408307,3408309,3408304,3408306,0,0,0,0
1790069309.9985454,-1,1,-6,4,9418,27720,12620,17324,3408367,3408369,3408364,3408366,0,0,0,0
1790069310.1103234,3,4,0,5,9419,27719,12620,17325,3408397,3408399,3408394,3408396,0,0,0,0
1790069310.1103234,1,-1,-1,0,9423,27714,12617,17329,3408427,3408429,3408424,3408426,0,0,0,0
1790069310.2992094,-4,3,-2,-2,9425,27713,12614,17330,3408487,3408489,3408484,3408486,0,0,0,0
1790069310.3149743,0,-2,3,-2,9425,27712,12613,17331,3408547,3408549,3408544,3408546,0,0,0,0
1790069310.521042,-2,2,5,-3,9424,27713,12615,17328,3408637,3408639,3408634,3408636,0,0,0,0
1790069310.5220425,-1,-1,3,1,9425,27712,12614,17330,3408667,3408669,3408664,3408666,0,0,0,0
1790069310.7197142,1,1,-1,-3,9420,27718,12620,17325,3408787,3408789,3408784,3408786,0,0,0,0
1790069310.9274766,3,-2,1,-1,9426,27713,12614,17331,3408907,3408909,3408904,3408906,0,0,0,0
1790069310.976393,-1,-6,-2,-2,9425,27714,12614,17330,3408937,3408939,3408934,3408936,0,0,0,0
1790069311.1286356,-6,4,2,-1,9422,27715,12616,17328,3408967,3408969,3408964,3408966,0,0,0,0
1790069311.1286356,-2,-4,-2,2,9423,27715,12617,17328,3408997,3408999,3408994,3408996,0,0,0,0
1790069311.1427107,2,-2,-4,1,9426,27713,12614,17330,3409027,3409029,3409024,3409026,0,0,0,0
1790069311.3365376,0,0,-1,3,9426,27713,12614,17331,3409087,3409089,3409084,3409086,0,0,0,0
1790069311.3365376,1,1,-4,1,9425,27713,12614,17330,3409117,3409119,3409114,3409116,0,0,0,0
1790069311.3365376,1,-3,1,-3,9425,27713,12614,17330,3409147,3409149,3409144,3409146,0,0,0,0
1790069311.5307777,-4,-6,1,4,9423,27715,12615,17328,3409267,3409269,3409264,3409266,0,0,0,0
1790069311.7467136,0,0,-3,1,9423,27716,12616,17328,3409297,3409299,3409294,3409296,0,0,0,0
1790069311.747495,2,0,-2,-2,9431,27710,12613,17336,3409357,3409359,3409354,3409356,0,0,0,0
1790069311.7619627,1,2,-1,0,9438,27706,12607,17343,3409417,3409419,3409414,3409416,0,0,0,0
1790069311.941258,-2,2,3,0,9439,27705,12606,17342,3409447,3409449,3409444,3409446,0,0,0,0
1790069311.941258,-1,1,4,-1,9440,27705,12605,17344,3409477,3409479,3409474,3409476,0,0,0,0
1790069311.9598424,-3,2,1,-1,9439,27706,12606,17344,3409507,3409509,3409504,3409506,0,0,0,0
1790069311.9598424,2,1,-1,-3,9439,27710,12608,17342,3409537,3409539,3409534,3409536,0,0,0,0
1790069312.0215092,-4,0,4,-2,9441,27709,12609,17343,3409567,3409569,3409564,3409566,0,0,0,0
1790069312.15798,-3,0,-2,-3,9444,27706,12604,17347,3409627,3409629,3409624,3409626,0,0,0,0
1790069312.1610088,-4,0,0,0,9444,27707,12605,17347,3409657,3409659,3409654,3409656,0,0,0,0
1790069312.361322,-1,0,-4,-1,9442,27709,12607,17345,3409717,3409719,3409714,3409716,0,0,0,0
1790069312.3769612,-2,0,2,-1,9442,27708,12607,17345,3409747,3409749,3409744,3409746,0,0,0,0
1790069312.3779488,1,-4,1,0,9443,27709,12607,17345,3409777,3409779,3409774,3409776,0,0,0,0
1790069312.561528,0,0,-2,-1,9443,27710,12607,17346,3409837,3409839,3409834,3409836,0,0,0,0
1790069312.5736117,-3,-1,-1,-5,9445,27710,12606,17348,3409897,3409899,3409894,3409896,0,0,0,0
1790069312.768886,-2,0,16,1,9444,27711,12608,17346,3409927,3409929,3409924,3409926,0,0,0,0
1790069312.768886,-1,-2,0,3,9442,27712,12608,17345,3409957,3409959,3409954,3409956,0,0,0,0
1790069312.768886,1,-2,-2,0,9444,27711,12608,17347,3410017,3410019,3410014,3410016,0,0,0,0
1790069312.9692557,6,1,-3,1,9446,27710,12605,17348,3410047,3410049,3410044,3410046,0,0,0,0
1790069312.9692557,-7,3,5,-1,9446,27709,12605,17348,3410077,3410079,3410074,3410076,0,0,0,0
1790069312.9692557,-2,3,2,-1,9444,27711,12606,17346,3410107,3410109,3410104,3410106,0,0,0,0
1790069312.9849918,-4,-1,5,3,9444,27711,12607,17346,3410137,3410139,3410134,3410136,0,0,0,0
1790069313.0008721,4,-1,-1,4,9446,27709,12604,17347,3410167,3410169,3410164,3410166,0,0,0,0
1790069313.0481067,1,0,0,-6,9449,27706,12602,17350,3410197,3410199,3410194,3410196,0,0,0,0
1790069313.1767411,2,0,2,-2,9450,27704,12600,17352,3410227,3410229,3410224,3410226,0,0,0,0
1790069313.1767411,2,-2,3,5,9450,27703,12600,17352,3410257,3410259,3410254,3410256,0,0,0,0
1790069313.3812199,1,2,-2,0,9450,27705,12600,17352,3410287,3410289,3410284,3410286,0,0,0,0
1790069313.3812199,1,-3,-2,1,9449,27707,12602,17351,3410317,3410319,3410314,3410316,0,0,0,0
1790069313.3812199,-8,-2,0,-1,9452,27701,12597,17354,3410377,3410379,3410374,3410376,0,0,0,0
1790069313.5849519,0,2,-1,-5,9450,27702,12599,17352,3410437,3410439,3410434,3410436,0,0,0,0
1790069313.6009827,-3,1,-5,-2,9447,27704,12601,17349,3410497,3410499,3410494,3410496,0,0,0,0
1790069313.7836454,3,1,2,-1,9449,27702,12598,17351,3410527,3410529,3410524,3410526,0,0,0,0
1790069313.7836454,-2,1,-2,-2,9448,27703,12600,17351,3410557,3410559,3410554,3410556,0,0,0,0
1790069313.7996223,-1,1,0,3,9449,27705,12603,17350,3410587,3410589,3410584,3410586,0,0,0,0
1790069313.7996223,2,0,0,6,9448,27706,12602,17350,3410617,3410619,3410614,3410616,0,0,0,0
1790069313.9979382,2,4,-2,-5,9447,27706,12603,17349,3410647,3410649,3410644,3410646,0,0,0,0
1790069313.9979382,-3,-1,2,4,9446,27709,12605,17349,3410737,3410739,3410734,3410736,0,0,0,0
1790069314.0303702,2,0,0,-3,9446,27711,12606,17348,3410767,3410769,3410764,3410766,0,0,0,0
1790069314.191745,-1,4,-3,-3,9448,27710,12604,17349,3410797,3410799,3410794,3410796,0,0,0,0
1790069314.4051485,1,3,3,1,9451,27706,12601,17352,3410887,3410889,3410884,3410886,0,0,0,0
1790069314.4051485,2,0,1,4,9451,27703,12599,17353,3410917,3410919,3410914,3410916,0,0,0,0
1790069314.4212651,0,-1,1,3,9450,27704,12599,17352,3410977,3410979,3410974,3410976,0,0,0,0
1790069314.608725,-1,4,3,-5,9451,27705,12602,17351,3411037,3411039,3411034,3411036,0,0,0,0
1790069314.608725,0,3,0,0,9448,27707,12604,17351,3411097,3411099,3411094,3411096,0,0,0,0
1790069314.608725,1,-3,1,0,9446,27708,12603,17349,3411127,3411129,3411124,3411126,0,0,0,0
1790069314.8177624,3,7,-3,1,9447,27708,12604,17349,3411157,3411159,3411154,3411156,0,0,0,0
1790069314.8177624,-2,7,3,1,9450,27703,12601,17353,3411217,3411219,3411214,3411216,0,0,0,0
1790069315.0087278,-2,5,3,0,9451,27702,12600,17353,3411247,3411249,3411244,3411246,0,0,0,0
1790069315.0247548,2,2,2,-1,9452,27700,12598,17355,3411307,3411309,3411304,3411306,0,0,0,0
1790069315.0322602,-1,0,2,-1,9449,27702,12600,17351,3411397,3411399,3411394,3411396,0,0,0,0
1790069315.2150154,-1,0,2,-1,9449,27702,12600,17351,3411397,3411399,3411394,3411396,0,0,0,0
1790069315.2150154,-2,-2,1,2,9452,27699,12597,17355,3411457,3411459,3411454,3411456,0,0,0,0
1790069315.2408557,-2,0,-2,3,9454,27695,12594,17357,3411517,3411519,3411514,3411516,0,0,0,0
1790069315.4329798,1,0,-2,2,9452,27699,12596,17356,3411547,3411549,3411544,3411546,0,0,0,0
1790069315.4343905,4,1,3,0,9448,27701,12599,17352,3411577,3411579,3411574,3411576,0,0,0,0
1790069315.4375618,2,-7,-3,-1,9451,27698,12597,17354,3411637,3411639,3411634,3411636,0,0,0,0
1790069315.6349635,6,-2,0,0,9454,27696,12595,17357,3411667,3411669,3411664,3411666,0,0,0,0
1790069315.6349635,2,0,-1,0,9453,27696,12593,17356,3411697,3411699,3411694,3411696,0,0,0,0
1790069315.6349635,0,2,3,1,9451,27698,12596,17356,3411727,3411729,3411724,3411726,0,0,0,0
1790069315.8406801,-3,-3,-10,-1,9448,27705,12601,17351,3411787,3411789,3411784,3411786,0,0,0,0
1790069315.843155,-7,0,-2,-2,9449,27702,12600,17354,3411817,3411819,3411814,3411816,0,0,0,0
1790069315.843155,0,0,-3,1,9451,27698,12597,17355,3411847,3411849,3411844,3411846,0,0,0,0
1790069315.849637,5,4,-3,-2,9455,27697,12595,17357,3411877,3411879,3411874,3411876,0,0,0,0
1790069316.0518966,5,4,6,2,9456,27697,12594,17358,3411907,3411909,3411904,3411906,0,0,0,0
1790069316.0590875,1,0,-1,1,9454,27696,12595,17356,3411997,3411999,3411994,3411996,0,0,0,0
1790069316.2526133,-3,-4,5,-1,9455,27693,12593,17358,3412027,3412029,3412024,3412026,0,0,0,0
1790069316.45441,1,5,-3,1,9455,27695,12594,17358,3412147,3412149,3412144,3412146,0,0,0,0
1790069316.660599,6,-4,-1,1,9454,27696,12596,17358,3412267,3412269,3412264,3412266,0,0,0,0
1790069316.6648998,-2,-6,0,-6,9458,27693,12593,17360,3412357,3412359,3412354,3412356,0,0,0,0
1790069316.8659399,1,-5,-1,-1,9462,27691,12590,17364,3412387,3412389,3412384,3412386,0,0,0,0
1790069316.8689413,0,-1,0,2,9455,27694,12594,17360,3412477,3412479,3412474,3412476,0,0,0,0
1790069316.9414318,2,-2,-4,2,9456,27696,12595,17360,3412507,3412509,3412504,3412506,0,0,0,0
1790069317.0535052,-2,-2,-2,5,9458,27694,12594,17362,3412537,3412539,3412534,3412536,0,0,0,0
1790069317.056619,-2,-2,2,-15,9464,27690,12588,17366,3412597,3412599,3412594,3412596,0,0,0,0
1790069317.274289,1,0,-2,0,9463,27691,12589,17365,3412627,3412629,3412624,3412626,0,0,0,0
1790069317.274289,-3,-2,0,-1,9463,27694,12591,17365,3412657,3412659,3412654,3412656,0,0,0,0
1790069317.277738,-3,1,-1,-2,9461,27695,12593,17363,3412687,3412689,3412684,3412686,0,0,0,0
1790069317.279965,-5,2,3,-1,9462,27696,12594,17363,3412717,3412719,3412714,3412716,0,0,0,0
1790069317.4778817,-2,-2,3,0,9462,27697,12593,17363,3412747,3412749,3412744,3412746,0,0,0,0
1790069317.4839237,3,2,3,-1,9470,27690,12587,17371,3412837,3412839,3412834,3412836,0,0,0,0
1790069317.6799226,3,5,-3,1,9468,27693,12587,17369,3412867,3412869,3412864,3412866,0,0,0,0
1790069317.6799226,0,1,-2,4,9468,27695,12592,17368,3412957,3412959,3412954,3412956,0,0,0,0
1790069317.8868468,-1,0,-1,4,9470,27695,12590,17368,3412987,3412989,3412984,3412986,0,0,0,0
1790069317.8868468,0,3,-2,1,9471,27695,12589,17371,3413077,3413079,3413074,3413076,0,0,0,0
1790069318.047285,-1,-2,0,3,9470,27694,12589,17370,3413137,3413139,3413134,3413136,0,0,0,0
1790069318.047285,2,1,4,-4,9471,27698,12591,17371,3413167,3413169,3413164,3413166,0,0,0,0
1790069318.0965543,-3,-1,3,-2,9473,27697,12590,17371,3413197,3413199,3413194,3413196,0,0,0,0
1790069318.2961562,5,-4,-3,4,9472,27699,12592,17371,3413227,3413229,3413224,3413226,0,0,0,0
1790069318.2961562,-1,-2,-2,2,9469,27704,12596,17367,3413287,3413289,3413284,3413286,0,0,0,0
1790069318.2961562,-4,1,0,1,9469,27706,12598,17367,3413317,3413319,3413314,3413316,0,0,0,0
1790069318.504288,1,-3,-5,-1,9468,27702,12596,17368,3413347,3413349,3413344,3413346,0,0,0,0
1790069318.504288,5,-4,2,2,9469,27702,12597,17369,3413437,3413439,3413434,3413436,0,0,0,0
1790069318.5203502,-2,0,0,0,9471,27702,12597,17371,3413467,3413469,3413464,3413466,0,0,0,0
1790069318.7102482,-1,-1,0,4,9471,27701,12597,17370,3413527,3413529,3413524,3413526,0,0,0,0
1790069318.7102482,-4,-1,-1,4,9471,27701,12597,17370,3413557,3413559,3413554,3413556,0,0,0,0
1790069318.9029224,-5,0,1,-3,9470,27696,12594,17371,3413677,3413679,3413674,3413676,0,0,0,0
1790069318.918844,2,-4,0,3,9471,27696,12593,17371,3413707,3413709,3413704,3413706,0,0,0,0
1790069319.0626285,-5,-3,2,-2,9472,27695,12593,17371,3413737,3413739,3413734,3413736,0,0,0,0
1790069319.0626285,3,0,-2,-1,9470,27696,12594,17370,3413767,3413769,3413764,3413766,0,0,0,0
1790069319.0626285,-3,-2,1,0,9470,27696,12594,17370,3413797,3413799,3413794,3413796,0,0,0,0
1790069319.0804873,0,-3,-2,-1,9470,27694,12593,17371,3413827,3413829,3413824,3413826,0,0,0,0
1790069319.3243072,-3,-1,-1,-1,9472,27691,12589,17372,3413947,3413949,3413944,3413946,0,0,0,0
1790069319.517511,11,-5,-2,0,9471,27691,12589,17372,3413977,3413979,3413974,3413976,0,0,0,0
1790069319.517511,2,-1,1,-2,9466,27695,12594,17367,3414097,3414099,3414094,3414096,0,0,0,0
1790069319.7324743,-3,-3,-4,-4,9468,27692,12590,17369,3414157,3414159,3414154,3414156,0,0,0,0
1790069319.7324743,-1,-6,-5,-3,9468,27692,12591,17370,3414187,3414189,3414184,3414186,0,0,0,0
1790069319.7324743,-1,-4,-7,1,9469,27693,12591,17371,3414217,3414219,3414214,3414216,0,0,0,0
1790069319.9361773,3,3,0,2,9469,27690,12589,17371,3414277,3414279,3414274,3414276,0,0,0,0
1790069319.9361773,-1,-3,1,-3,9475,27687,12584,17376,3414337,3414339,3414334,3414336,0,0,0,0
1790069320.0643082,-2,2,3,-5,9477,27686,12584,17376,3414397,3414399,3414394,3414396,0,0,0,0
1790069320.1528318,-1,-4,-5,-1,9476,27689,12584,17376,3414427,3414429,3414424,3414426,0,0,0,0
1790069320.3410532,0,5,3,-1,9476,27690,12585,17374,3414457,3414459,3414454,3414456,0,0,0,0
1790069320.3410532,1,0,3,0,9480,27691,12584,17376,3414517,3414519,3414514,3414516,0,0,0,0
1790069320.3410532,-1,2,0,-5,9484,27690,12582,17380,3414577,3414579,3414574,3414576,0,0,0,0
1790069320.5485556,2,-1,-1,0,9485,27692,12585,17381,3414697,3414699,3414694,3414696,0,0,0,0
1790069320.7548335,-3,6,-1,0,9488,27692,12584,17384,3414757,3414759,3414754,3414756,0,0,0,0
1790069320.7548335,1,0,-1,3,9486,27697,12587,17382,3414817,3414819,3414814,3414816,0,0,0,0
1790069320.9568195,-1,3,2,-3,9487,27700,12589,17383,3414877,3414879,3414874,3414876,0,0,0,0
1790069320.9727492,0,2,-1,1,9491,27702,12590,17384,3414937,3414939,3414934,3414936,0,0,0,0
1790069321.0684166,5,0,3,-2,9497,27697,12588,17390,3414997,3414999,3414994,3414996,0,0,0,0
1790069321.169051,1,-1,-14,1,9501,27698,12587,17393,3415027,3415029,3415024,3415026,0,0,0,0
1790069321.169051,-3,-1,-2,0,9501,27698,12588,17395,3415057,3415059,3415054,3415056,0,0,0,0
1790069321.3639982,-7,-2,-7,0,9501,27699,12590,17395,3415087,3415089,3415084,3415086,0,0,0,0
1790069321.3639982,2,-2,-6,1,9502,27699,12592,17396,3415147,3415149,3415144,3415146,0,0,0,0
1790069321.3798637,-4,-6,5,-2,9504,27695,12589,17398,3415177,3415179,3415174,3415176,0,0,0,0
1790069321.5734136,-4,-2,3,1,9505,27694,12588,17401,3415237,3415239,3415234,3415236,0,0,0,0
1790069321.5734136,-3,6,-4,-5,9506,27694,12591,17401,3415267,3415269,3415264,3415266,0,0,0,0
1790069321.5734136,0,-1,-3,-1,9506,27693,12589,17402,3415297,3415299,3415294,3415296,0,0,0,0
1790069321.789311,0,-4,-2,-1,9510,27692,12591,17406,3415387,3415389,3415384,3415386,0,0,0,0
1790069321.7963655,-3,0,-1,0,9510,27689,12590,17408,3415417,3415419,3415414,3415416,0,0,0,0
1790069321.8537319,0,-5,-2,-3,9512,27691,12589,17409,3415447,3415449,3415444,3415446,0,0,0,0
1790069321.9804957,-3,-2,-1,0,9509,27691,12589,17407,3415477,3415479,3415474,3415476,0,0,0,0
1790069321.9804957,-1,-5,-1,-1,9508,27689,12589,17406,3415537,3415539,3415534,3415536,0,0,0,0
1790069322.0767355,5,-5,-2,0,9517,27681,12581,17415,3415597,3415599,3415594,3415596,0,0,0,0
1790069322.1899688,-1,-4,-4,-1,9516,27680,12581,17413,3415627,3415629,3415624,3415626,0,0,0,0
1790069322.1899688,-3,5,-6,-2,9514,27682,12583,17412,3415657,3415659,3415654,3415656,0,0,0,0
1790069322.3832407,-6,2,3,-2,9512,27683,12586,17410,3415687,3415689,3415684,3415686,0,0,0,0
1790069322.3832407,-6,-5,-1,-1,9508,27687,12589,17408,3415747,3415749,3415744,3415746,0,0,0,0
1790069322.4034834,0,-1,-3,2,9510,27689,12593,17408,3415777,3415779,3415774,3415776,0,0,0,0
1790069322.5986285,-2,-1,1,2,9509,27690,12593,17409,3415807,3415809,3415804,3415806,0,0,0,0
1790069322.5986285,-2,-4,4,0,9509,27691,12595,17409,3415837,3415839,3415834,3415836,0,0,0,0
1790069322.5986285,-3,-4,-1,-4,9507,27694,12598,17407,3415897,3415899,3415894,3415896,0,0,0,0
1790069322.8043156,-3,-2,-4,-3,9505,27692,12596,17407,3415927,3415929,3415924,3415926,0,0,0,0
1790069322.8043156,1,-5,1,3,9509,27691,12593,17409,3415987,3415989,3415984,3415986,0,0,0,0
1790069322.8204434,1,0,0,0,9510,27690,12591,17410,3416047,3416049,3416044,3416046,0,0,0,0
1790069323.010653,2,0,-4,-3,9507,27697,12597,17406,3416107,3416109,3416104,3416106,0,0,0,0
1790069323.010653,4,-3,2,-1,9508,27697,12595,17409,3416167,3416169,3416164,3416166,0,0,0,0
1790069323.2074842,3,0,-2,2,9509,27697,12597,17408,3416197,3416199,3416194,3416196,0,0,0,0
1790069323.2074842,0,-1,2,-1,9513,27699,12596,17411,3416257,3416259,3416254,3416256,0,0,0,0
1790069323.416212,0,2,-2,0,9512,27699,12596,17412,3416287,3416289,3416284,3416286,0,0,0,0
1790069323.416212,11,-14,2,0,9527,27691,12587,17422,3416407,3416409,3416404,3416406,0,0,0,0
1790069323.4320204,10,-3,-5,4,9527,27690,12586,17424,3416437,3416439,3416434,3416436,0,0,0,0
1790069323.6253276,2,3,-1,3,9527,27696,12591,17422,3416497,3416499,3416494,3416496,0,0,0,0
1790069323.626327,1,3,2,-3,9526,27699,12593,17421,3416527,3416529,3416524,3416526,0,0,0,0
1790069323.8211668,-1,-2,2,-4,9531,27698,12592,17425,3416587,3416589,3416584,3416586,0,0,0,0
1790069323.8211668,1,-4,1,-2,9538,27695,12589,17430,3416647,3416649,3416644,3416646,0,0,0,0
1790069323.8211668,-1,1,-6,-1,9542,27693,12586,17432,3416677,3416679,3416674,3416676,0,0,0,0
1790069324.024957,0,-4,-2,1,9545,27693,12585,17435,3416707,3416709,3416704,3416706,0,0,0,0
1790069324.024957,3,0,-2,-2,9547,27690,12584,17438,3416737,3416739,3416734,3416736,0,0,0,0
1790069324.040823,2,-4,0,3,9551,27690,12582,17439,3416797,3416799,3416794,3416796,0,0,0,0
1790069324.089018,-3,5,4,2,9548,27692,12586,17438,3416827,3416829,3416824,3416826,0,0,0,0
1790069324.2311592,0,6,-1,-1,9544,27692,12588,17435,3416917,3416919,3416914,3416916,0,0,0,0
1790069324.4413805,-1,2,-2,-3,9545,27691,12587,17437,3416947,3416949,3416944,3416946,0,0,0,0
1790069324.4413805,-3,-6,3,1,9549,27690,12586,17440,3416977,3416979,3416974,3416976,0,0,0,0
1790069324.4575105,-1,-1,3,0,9550,27690,12587,17440,3417007,3417009,3417004,3417006,0,0,0,0
1790069324.6439633,-1,-1,-1,-2,9552,27691,12586,17439,3417067,3417069,3417064,3417066,0,0,0,0
1790069324.6439633,-2,-3,3,-1,9551,27689,12587,17440,3417097,3417099,3417094,3417096,0,0,0,0
1790069324.852874,2,4,-3,1,9549,27689,12586,17439,3417187,3417189,3417184,3417186,0,0,0,0
1790069324.852874,-1,-1,-3,1,9551,27686,12583,17440,3417277,3417279,3417274,3417276,0,0,0,0
1790069325.0313826,-2,1,2,1,9554,27685,12582,17442,3417307,3417309,3417304,3417306,0,0,0,0
1790069325.0313826,-7,1,-1,-3,9556,27680,12578,17445,3417367,3417369,3417364,3417366,0,0,0,0
1790069325.0608764,-1,4,0,-1,9556,27683,12580,17444,3417397,3417399,3417394,3417396,0,0,0,0
1790069325.085747,-2,3,-5,0,9555,27685,12581,17443,3417427,3417429,3417424,3417426,0,0,0,0
1790069325.2458508,1,-7,-2,-5,9557,27686,12580,17444,3417457,3417459,3417454,3417456,0,0,0,0
1790069325.4535158,0,4,-1,3,9558,27688,12580,17444,3417547,3417549,3417544,3417546,0,0,0,0
1790069325.667291,-1,-1,0,-1,9560,27696,12584,17444,3417667,3417669,3417664,3417666,0,0,0,0
1790069325.667291,-1,-5,-3,-4,9566,27692,12580,17450,3417727,3417729,3417724,3417726,0,0,0,0
1790069325.667291,3,4,4,1,9569,27694,12580,17451,3417757,3417759,3417754,3417756,0,0,0,0
1790069325.8762083,2,-1,2,0,9574,27702,12583,17453,3417877,3417879,3417874,3417876,0,0,0,0
1790069326.043848,0,-9,-1,6,9575,27705,12586,17453,3417907,3417909,3417904,3417906,0,0,0,0
1790069326.0458584,6,-1,0,-3,9577,27702,12585,17453,3417967,3417969,3417964,3417966,0,0,0,0
1790069326.0676103,3,-4,-2,1,9581,27701,12584,17458,3417997,3417999,3417994,3417996,0,0,0,0
1790069326.2750216,2,-9,-4,-4,9585,27697,12581,17461,3418027,3418029,3418024,3418026,0,0,0,0
1790069326.2750216,-2,-6,3,-4,9581,27698,12582,17458,3418087,3418089,3418084,3418086,0,0,0,0
1790069326.2908776,1,-4,-2,1,9580,27701,12585,17458,3418117,3418119,3418114,3418116,0,0,0,0
1790069326.4812837,1,-1,-1,2,9581,27701,12586,17458,3418147,3418149,3418144,3418146,0,0,0,0
1790069326.4812837,-1,1,0,1,9582,27698,12584,17458,3418177,3418179,3418174,3418176,0,0,0,0
1790069326.4969718,2,1,3,-3,9585,27695,12581,17461,3418267,3418269,3418264,3418266,0,0,0,0
1790069326.6970916,2,1,3,-3,9585,27695,12581,17461,3418267,3418269,3418264,3418266,0,0,0,0
1790069326.6970916,-1,0,1,2,9586,27695,12580,17462,3418357,3418359,3418354,3418356,0,0,0,0
1790069326.6970916,-2,-1,-3,-1,9583,27697,12582,17459,3418387,3418389,3418384,3418386,0,0,0,0
1790069326.9020252,-1,-2,3,-1,9578,27699,12585,17456,3418447,3418449,3418444,3418446,0,0,0,0
1790069327.0456066,-3,-3,2,1,9582,27692,12576,17460,3418537,3418539,3418534,3418536,0,0,0,0
1790069327.0498385,-1,9,0,-1,9583,27690,12576,17459,3418567,3418569,3418564,3418566,0,0,0,0
1790069327.0575607,-3,3,-1,3,9585,27692,12577,17460,3418597,3418599,3418594,3418596,0,0,0,0
1790069327.119576,-2,4,-2,-6,9584,27692,12576,17460,3418627,3418629,3418624,3418626,0,0,0,0
1790069327.3068025,0,2,-1,-2,9584,27692,12577,17460,3418657,3418659,3418654,3418656,0,0,0,0
1790069327.3068025,1,2,-2,-2,9586,27694,12577,17461,3418687,3418689,3418684,3418686,0,0,0,0
1790069327.3206644,0,4,1,5,9588,27695,12579,17461,3418717,3418719,3418714,3418716,0,0,0,0
1790069327.3206644,2,-1,-1,0,9588,27695,12578,17463,3418747,3418749,3418744,3418746,0,0,0,0
1790069327.5153463,-2,3,1,8,9590,27697,12580,17464,3418777,3418779,3418774,3418776,0,0,0,0
1790069327.5217717,0,3,0,-1,9592,27703,12584,17465,3418867,3418869,3418864,3418866,0,0,0,0
1790069327.7172265,-1,-6,0,1,9592,27706,12585,17465,3418897,3418899,3418894,3418896,0,0,0,0
1790069327.7172265,6,1,-1,-1,9603,27699,12578,17474,3418987,3418989,3418984,3418986,0,0,0,0
1790069327.9253852,-5,-2,1,8,9611,27698,12575,17480,3419047,3419049,3419044,3419046,0,0,0,0
1790069327.9253852,1,2,-6,1,9613,27699,12575,17480,3419077,3419079,3419074,3419076,0,0,0,0
1790069328.053901,5,-1,-5,0,9617,27703,12578,17483,3419167,3419169,3419164,3419166,0,0,0,0
1790069328.069662,-3,-2,-3,1,9621,27701,12575,17485,3419197,3419199,3419194,3419196,0,0,0,0
1790069328.1339555,3,3,-3,-1,9627,27700,12574,17487,3419227,3419229,3419224,3419226,0,0,0,0
1790069328.334403,5,-1,1,2,9626,27701,12574,17488,3419257,3419259,3419254,3419256,0,0,0,0
1790069328.334403,-2,2,-1,1,9627,27703,12577,17488,3419317,3419319,3419314,3419316,0,0,0,0
1790069328.334403,3,0,-1,1,9628,27703,12576,17489,3419347,3419349,3419344,3419346,0,0,0,0
1790069328.5388067,-2,-3,3,1,9628,27702,12577,17490,3419377,3419379,3419374,3419376,0,0,0,0
1790069328.5388067,-3,0,2,-3,9629,27700,12577,17491,3419467,3419469,3419464,3419466,0,0,0,0
1790069328.7356117,-1,-5,-6,-2,9629,27704,12578,17490,3419497,3419499,3419494,3419496,0,0,0,0
1790069328.7452083,-2,-6,-2,-7,9630,27705,12579,17490,3419587,3419589,3419584,3419586,0,0,0,0
1790069328.9375062,-1,-3,-5,-3,9630,27703,12578,17490,3419617,3419619,3419614,3419616,0,0,0,0
1790069328.9375062,3,1,1,-7,9629,27704,12578,17488,3419677,3419679,3419674,3419676,0,0,0,0
1790069328.9535809,-6,5,0,-2,9628,27702,12576,17487,3419707,3419709,3419704,3419706,0,0,0,0
1790069329.1368394,-3,-3,2,-1,9628,27701,12576,17488,3419737,3419739,3419734,3419736,0,0,0,0
1790069329.1368394,-1,-3,-1,-1,9628,27699,12575,17488,3419767,3419769,3419764,3419766,0,0,0,0
1790069329.1368394,-1,1,-2,-2,9629,27701,12573,17488,3419827,3419829,3419824,3419826,0,0,0,0
1790069329.353361,-4,0,-9,2,9628,27701,12575,17487,3419857,3419859,3419854,3419856,0,0,0,0
1790069329.353361,0,4,-3,-1,9635,27700,12571,17491,3419947,3419949,3419944,3419946,0,0,0,0
1790069329.5616674,4,6,1,-4,9641,27703,12572,17494,3420007,3420009,3420004,3420006,0,0,0,0
1790069329.5616674,4,6,-2,4,9652,27702,12564,17501,3420127,3420129,3420124,3420126,0,0,0,0
1790069329.769198,0,4,4,-2,9654,27705,12566,17503,3420187,3420189,3420184,3420186,0,0,0,0
1790069329.769198,0,-3,-3,0,9654,27710,12570,17502,3420247,3420249,3420244,3420246,0,0,0,0
1790069329.9629989,1,-1,4,1,9658,27711,12572,17503,3420307,3420309,3420304,3420306,0,0,0,0
1790069329.9629989,1,0,-1,0,9665,27713,12572,17508,3420367,3420369,3420364,3420366,0,0,0,0
1790069330.1413336,1,1,-7,-2,9670,27711,12567,17511,3420427,3420429,3420424,3420426,0,0,0,0
1790069330.1554873,1,2,-2,-2,9670,27714,12571,17511,3420457,3420459,3420454,3420456,0,0,0,0
1790069330.3794856,2,0,3,1,9669,27721,12575,17509,3420487,3420489,3420484,3420486,0,0,0,0
1790069330.3794856,-2,5,2,1,9674,27719,12576,17514,3420607,3420609,3420604,3420606,0,0,0,0
1790069330.586549,-2,-2,1,0,9675,27718,12576,17515,3420667,3420669,3420664,3420666,0,0,0,0
1790069330.586549,-2,-2,-5,0,9681,27716,12573,17519,3420727,3420729,3420724,3420726,0,0,0,0
1790069330.7937205,1,-5,1,-3,9681,27715,12572,17520,3420757,3420759,3420754,3420756,0,0,0,0
1790069330.7937205,-1,-3,-1,-5,9681,27715,12571,17519,3420787,3420789,3420784,3420786,0,0,0,0
1790069330.7937205,-2,-4,-2,-1,9680,27715,12572,17519,3420817,3420819,3420814,3420816,0,0,0,0
1790069330.7937205,-4,-4,-2,-1,9682,27714,12572,17520,3420847,3420849,3420844,3420846,0,0,0,0
1790069330.9857192,-1,-3,-2,1,9681,27714,12572,17517,3420877,3420879,3420874,3420876,0,0,0,0
1790069330.9857192,-1,1,-6,-1,9681,27713,12571,17517,3420907,3420909,3420904,3420906,0,0,0,0
1790069330.9857192,-4,-10,0,1,9688,27709,12566,17523,3420967,3420969,3420964,3420966,0,0,0,0
1790069331.1445477,-1,0,0,0,9690,27709,12564,17524,3420997,3420999,3420994,3420996,0,0,0,0
1790069331.1445477,3,2,-3,0,9690,27709,12565,17523,3421027,3421029,3421024,3421026,0,0,0,0
1790069331.160304,-1,1,-2,-2,9688,27709,12563,17522,3421057,3421059,3421054,3421056,0,0,0,0
1790069331.2083304,-2,-2,-3,-3,9686,27707,12563,17520,3421087,3421089,3421084,3421086,0,0,0,0
1790069331.3997083,-4,3,1,5,9689,27708,12562,17522,3421117,3421119,3421114,3421116,0,0,0,0
1790069331.3997083,0,-9,-7,4,9695,27710,12562,17524,3421207,3421209,3421204,3421206,0,0,0,0
1790069331.6086748,1,2,7,3,9701,27713,12559,17528,3421297,3421299,3421294,3421296,0,0,0,0
1790069331.817924,-3,-2,-1,2,9713,27721,12562,17534,3421447,3421449,3421444,3421446,0,0,0,0
1790069332.0244622,1,-4,5,0,9718,27730,12568,17535,3421567,3421569,3421564,3421566,0,0,0,0
1790069332.1529849,1,10,-1,3,9722,27730,12567,17538,3421597,3421599,3421594,3421596,0,0,0,0
1790069332.1529849,1,4,1,-2,9727,27728,12565,17541,3421627,3421629,3421624,3421626,0,0,0,0
1790069332.1686633,-3,3,3,0,9730,27727,12563,17543,3421657,3421659,3421654,3421656,0,0,0,0
1790069332.2327373,-4,0,-2,-2,9732,27727,12562,17545,3421687,3421689,3421684,3421686,0,0,0,0
1790069332.4249558,1,-1,3,0,9739,27724,12560,17550,3421747,3421749,3421744,3421746,0,0,0,0
1790069332.440981,0,-1,2,4,9739,27722,12559,17550,3421777,3421779,3421774,3421776,0,0,0,0
1790069332.440981,-1,1,-1,-3,9740,27722,12559,17551,3421807,3421809,3421804,3421806,0,0,0,0
1790069332.6350288,-5,-3,-2,1,9741,27717,12557,17552,3421867,3421869,3421864,3421866,0,0,0,0
1790069332.64108,-6,-1,4,1,9740,27717,12556,17552,3421927,3421929,3421924,3421926,0,0,0,0
1790069332.8386374,-4,5,5,-7,9738,27722,12558,17550,3421957,3421959,3421954,3421956,0,0,0,0
1790069332.8386374,-3,-2,1,1,9736,27723,12562,17545,3422017,3422019,3422014,3422016,0,0,0,0
1790069333.045791,-2,1,-6,-1,9737,27722,12559,17547,3422047,3422049,3422044,3422046,0,0,0,0
1790069333.045791,0,-4,2,2,9738,27722,12558,17545,3422107,3422109,3422104,3422106,0,0,0,0
1790069333.0510633,0,-3,-4,-1,9741,27720,12555,17548,3422167,3422169,3422164,3422166,0,0,0,0
1790069333.1578467,-2,-6,-1,2,9744,27717,12551,17550,3422197,3422199,3422194,3422196,0,0,0,0
1790069333.1578467,0,-2,0,3,9750,27718,12549,17555,3422227,3422229,3422224,3422226,0,0,0,0
1790069333.1578467,-1,4,-2,-2,9751,27720,12550,17554,3422257,3422259,3422254,3422256,0,0,0,0
1790069333.2538424,1,4,-2,0,9749,27723,12553,17552,3422287,3422289,3422284,3422286,0,0,0,0
1790069333.4529676,5,2,6,1,9752,27726,12553,17553,3422317,3422319,3422314,3422316,0,0,0,0
1790069333.4529676,2,-2,2,-1,9764,27725,12550,17559,3422377,3422379,3422374,3422376,0,0,0,0
1790069333.4529676,4,-2,-5,0,9765,27728,12551,17562,3422407,3422409,3422404,3422406,0,0,0,0
1790069333.4529676,-1,1,1,0,9767,27731,12554,17561,3422437,3422439,3422434,3422436,0,0,0,0
1790069333.6537712,-7,1,3,1,9767,27734,12555,17562,3422467,3422469,3422464,3422466,0,0,0,0
1790069333.6537712,-2,-4,2,2,9779,27732,12552,17569,3422557,3422559,3422554,3422556,0,0,0,0
1790069333.863978,-3,2,0,-4,9785,27731,12552,17574,3422677,3422679,3422674,3422676,0,0,0,0
1790069333.8781197,-2,0,-6,-1,9786,27727,12550,17574,3422707,3422709,3422704,3422706,0,0,0,0
1790069334.0572553,-4,0,-2,2,9783,27735,12557,17572,3422767,3422769,3422764,3422766,0,0,0,0
1790069334.0711594,-4,-1,-13,3,9780,27735,12557,17571,3422797,3422799,3422794,3422796,0,0,0,0
1790069334.0711594,-1,-2,0,0,9783,27734,12555,17572,3422827,3422829,3422824,3422826,0,0,0,0
1790069334.1669896,-3,-5,4,-2,9788,27729,12553,17575,3422857,3422859,3422854,3422856,0,0,0,0
1790069334.2627888,0,-2,0,-2,9791,27729,12550,17578,3422887,3422889,3422884,3422886,0,0,0,0
1790069334.2787688,-4,-1,0,-1,9794,27728,12549,17579,3422917,3422919,3422914,3422916,0,0,0,0
1790069334.46985,-5,4,-3,-2,9791,27729,12548,17578,3423007,3423009,3423004,3423006,0,0,0,0
1790069334.46985,0,-2,-6,-2,9791,27730,12550,17575,3423037,3423039,3423034,3423036,0,0,0,0
1790069334.6770847,-3,1,-2,-3,9789,27729,12548,17574,3423067,3423069,3423064,3423066,0,0,0,0
1790069334.6770847,-4,-5,4,0,9794,27726,12545,17579,3423127,3423129,3423124,3423126,0,0,0,0
1790069334.6770847,1,-4,-2,1,9791,27725,12544,17576,3423157,3423159,3423154,3423156,0,0,0,0
1790069334.6770847,2,0,1,-2,9790,27727,12546,17575,3423187,3423189,3423184,3423186,0,0,0,0
1790069334.889429,0,3,-3,0,9791,27731,12547,17574,3423247,3423249,3423244,3423246,0,0,0,0
1790069334.889429,-2,7,1,-2,9799,27730,12545,17579,3423307,3423309,3423304,3423306,0,0,0,0
1790069335.0782268,2,2,-3,3,9805,27727,12540,17583,3423337,3423339,3423334,3423336,0,0,0,0
1790069335.0941296,11,2,-1,1,9808,27730,12542,17584,3423427,3423429,3423424,3423426,0,0,0,0
1790069335.173614,0,0,3,1,9810,27733,12542,17586,3423457,3423459,3423454,3423456,0,0,0,0
1790069335.285551,-1,0,4,-1,9811,27734,12545,17586,3423487,3423489,3423484,3423486,0,0,0,0
1790069335.285551,0,6,-1,4,9817,27731,12542,17591,3423547,3423549,3423544,3423546,0,0,0,0
1790069335.494973,-3,9,1,3,9823,27733,12540,17594,3423577,3423579,3423574,3423576,0,0,0,0
1790069335.494973,3,5,-2,0,9824,27735,12540,17595,3423607,3423609,3423604,3423606,0,0,0,0
1790069335.7062747,0,2,5,1,9823,27737,12543,17594,3423637,3423639,3423634,3423636,0,0,0,0
1790069335.7062747,2,4,-3,0,9838,27735,12540,17605,3423727,3423729,3423724,3423726,0,0,0,0
1790069335.7062747,3,-6,1,0,9839,27739,12541,17607,3423787,3423789,3423784,3423786,0,0,0,0
1790069335.9126937,-3,-4,-2,-1,9840,27742,12545,17608,3423817,3423819,3423814,3423816,0,0,0,0
1790069335.9126937,4,1,4,-1,9847,27742,12545,17611,3423877,3423879,3423874,3423876,0,0,0,0
1790069335.9126937,2,3,1,2,9851,27739,12541,17616,3423907,3423909,3423904,3423906,0,0,0,0
1790069336.1212165,3,-2,3,0,9850,27741,12544,17615,3423967,3423969,3423964,3423966,0,0,0,0
1790069336.1212165,-2,0,1,-2,9851,27742,12546,17615,3423997,3423999,3423994,3423996,0,0,0,0
1790069336.1212165,0,-2,1,-5,9853,27740,12545,17617,3424027,3424029,3424024,3424026,0,0,0,0
1790069336.2018907,1,5,7,3,9856,27739,12544,17620,3424057,3424059,3424054,3424056,0,0,0,0
1790069336.3149226,-2,-1,1,0,9855,27738,12544,17620,3424147,3424149,3424144,3424146,0,0,0,0
1790069336.5233188,-2,2,-5,-1,9854,27741,12546,17618,3424177,3424179,3424174,3424176,0,0,0,0
1790069336.5233188,-2,-16,-5,-5,9857,27743,12550,17620,3424237,3424239,3424234,3424236,0,0,0,0
1790069336.5233188,-6,1,3,-1,9860,27743,12549,17624,3424267,3424269,3424264,3424266,0,0,0,0
1790069336.731623,-2,-1,-2,1,9862,27739,12547,17626,3424297,3424299,3424294,3424296,0,0,0,0
1790069336.731623,-3,-2,-4,-3,9867,27737,12545,17631,3424357,3424359,3424354,3424356,0,0,0,0
1790069336.731623,-1,0,1,-6,9867,27736,12545,17629,3424387,3424389,3424384,3424386,0,0,0,0
1790069336.9240484,1,-3,-5,-3,9866,27737,12545,17631,3424447,3424449,3424444,3424446,0,0,0,0
1790069336.9402235,0,-4,-4,-4,9866,27737,12546,17631,3424477,3424479,3424474,3424476,0,0,0,0
1790069337.1394145,0,-1,-2,-5,9869,27735,12543,17633,3424537,3424539,3424534,3424536,0,0,0,0
1790069337.1394145,5,2,-3,-6,9873,27734,12542,17635,3424627,3424629,3424624,3424626,0,0,0,0
1790069337.2019842,-4,0,-3,-7,9872,27734,12542,17633,3424657,3424659,3424654,3424656,0,0,0,0
1790069337.3401036,-1,-1,2,1,9872,27734,12543,17634,3424687,3424689,3424684,3424686,0,0,0,0
1790069337.3469136,-4,-1,-3,-5,9873,27735,12542,17633,3424747,3424749,3424744,3424746,0,0,0,0
1790069337.5491612,0,3,2,0,9872,27734,12541,17632,3424777,3424779,3424774,3424776,0,0,0,0
1790069337.5491612,2,0,0,-3,9872,27734,12540,17634,3424837,3424839,3424834,3424836,0,0,0,0
1790069337.5623415,3,-3,-5,-4,9874,27735,12541,17634,3424867,3424869,3424864,3424866,0,0,0,0
1790069337.75057,-3,0,-4,-2,9874,27735,12541,17633,3424897,3424899,3424894,3424896,0,0,0,0
1790069337.7570233,-1,1,-3,3,9878,27737,12539,17636,3424957,3424959,3424954,3424956,0,0,0,0
1790069337.7570233,-3,-4,3,1,9881,27736,12539,17638,3424987,3424989,3424984,3424986,0,0,0,0
1790069337.9495053,2,1,0,0,9879,27740,12541,17637,3425017,3425019,3425014,3425016,0,0,0,0
1790069337.9495053,-1,-1,-2,-1,9881,27743,12543,17639,3425107,3425109,3425104,3425106,0,0,0,0
1790069338.1635354,0,-5,3,-2,9883,27744,12543,17640,3425137,3425139,3425134,3425136,0,0,0,0
1790069338.1655433,2,2,1,-2,9887,27745,12543,17643,3425197,3425199,3425194,3425196,0,0,0,0
1790069338.172065,2,0,-5,0,9891,27746,12543,17647,3425257,3425259,3425254,3425256,0,0,0,0
1790069338.3689044,0,-4,-3,-1,9890,27749,12545,17644,3425287,3425289,3425284,3425286,0,0,0,0
1790069338.3689044,4,2,0,3,9890,27750,12545,17645,3425317,3425319,3425314,3425316,0,0,0,0
1790069338.3726027,-8,-6,-2,6,9894,27750,12546,17648,3425347,3425349,3425344,3425346,0,0,0,0
1790069338.3817282,-5,3,2,0,9893,27751,12547,17647,3425377,3425379,3425374,3425376,0,0,0,0
1790069338.573236,3,-1,-2,0,9892,27754,12551,17646,3425407,3425409,3425404,3425406,0,0,0,0
1790069338.573236,-5,-1,-2,-1,9888,27756,12555,17643,3425437,3425439,3425434,3425436,0,0,0,0
1790069338.573236,-1,-6,-2,1,9888,27756,12557,17644,3425497,3425499,3425494,3425496,0,0,0,0
1790069338.779447,2,0,4,-4,9891,27741,12547,17648,3425647,3425649,3425644,3425646,0,0,0,0
1790069338.9755318,-6,2,0,0,9895,27735,12541,17651,3425707,3425709,3425704,3425706,0,0,0,0
1790069338.9883974,-2,2,-3,-5,9893,27738,12541,17651,3425767,3425769,3425764,3425766,0,0,0,0
1790069339.1802197,-1,0,-3,-3,9889,27742,12544,17646,3425797,3425799,3425794,3425796,0,0,0,0
1790069339.1961129,-3,-4,2,0,9892,27740,12542,17648,3425887,3425889,3425884,3425886,0,0,0,0
1790069339.3882859,0,0,-1,0,9894,27742,12542,17650,3425917,3425919,3425914,3425916,0,0,0,0
1790069339.3882859,11,8,0,-2,9901,27744,12541,17653,3425977,3425979,3425974,3425976,0,0,0,0
1790069339.3882859,3,5,5,-4,9903,27744,12541,17655,3426007,3426009,3426004,3426006,0,0,0,0
1790069339.598011,2,1,4,1,9905,27746,12542,17655,3426037,3426039,3426034,3426036,0,0,0,0
1790069339.598011,-2,2,-1,1,9905,27752,12547,17655,3426097,3426099,3426094,3426096,0,0,0,0
1790069339.598011,2,-2,2,3,9906,27753,12548,17658,3426127,3426129,3426124,3426126,0,0,0,0
1790069339.789835,4,2,0,2,9920,27751,12547,17670,3426217,3426219,3426214,3426216,0,0,0,0
1790069339.999003,0,1,0,-2,9924,27748,12546,17676,3426277,3426279,3426274,3426276,0,0,0,0
1790069339.999003,1,-1,-1,-5,9930,27746,12546,17684,3426337,3426339,3426334,3426336,0,0,0,0
1790069340.0189047,3,-1,-1,4,9931,27743,12545,17685,3426367,3426369,3426364,3426366,0,0,0,0
1790069340.208925,-1,-1,-1,-4,9931,27743,12545,17686,3426397,3426399,3426394,3426396,0,0,0,0
1790069340.208925,0,-1,-5,-3,9929,27745,12547,17683,3426457,3426459,3426454,3426456,0,0,0,0
1790069340.208925,-4,4,-1,-1,9930,27744,12549,17685,3426487,3426489,3426484,3426486,0,0,0,0
1790069340.415982,-5,-1,0,2,9931,27743,12549,17686,3426517,3426519,3426514,3426516,0,0,0,0
1790069340.415982,-4,-1,1,-1,9931,27742,12547,17689,3426577,3426579,3426574,3426576,0,0,0,0
1790069340.415982,-5,-4,-33,-2,9928,27740,12547,17688,3426607,3426609,3426604,3426606,0,0,0,0
1790069340.6084316,-1,-3,-6,-1,9930,27740,12548,17689,3426637,3426639,3426634,3426636,0,0,0,0
1790069340.6244884,1,-4,2,-1,9935,27734,12542,17693,3426727,3426729,3426724,3426726,0,0,0,0
1790069340.8159256,-3,0,-2,-2,9932,27736,12546,17691,3426757,3426759,3426754,3426756,0,0,0,0
1790069340.8159256,1,-7,-4,0,9925,27742,12550,17685,3426817,3426819,3426814,3426816,0,0,0,0
1790069340.8159256,-5,-6,4,-1,9925,27742,12549,17683,3426847,3426849,3426844,3426846,0,0,0,0
1790069341.0236742,5,3,-1,-1,9934,27738,12544,17691,3426907,3426909,3426904,3426906,0,0,0,0
1790069341.0236742,-1,3,0,2,9939,27736,12542,17698,3426937,3426939,3426934,3426936,0,0,0,0
1790069341.0395505,1,0,-4,1,9943,27738,12545,17701,3426967,3426969,3426964,3426966,0,0,0,0
1790069341.2327092,-1,4,-1,2,9942,27742,12547,17700,3426997,3426999,3426994,3426996,0,0,0,0
1790069341.2327092,1,1,-4,1,9942,27744,12549,17701,3427027,3427029,3427024,3427026,0,0,0,0
1790069341.2327092,2,2,1,0,9949,27742,12550,17707,3427087,3427089,3427084,3427086,0,0,0,0
1790069341.4405308,4,-6,-1,1,9953,27742,12548,17710,3427117,3427119,3427114,3427116,0,0,0,0
1790069341.4405308,4,1,-1,2,9955,27741,12549,17713,3427147,3427149,3427144,3427146,0,0,0,0
1790069341.4405308,3,0,-1,3,9957,27744,12550,17714,3427177,3427179,3427174,3427176,0,0,0,0
1790069341.4405308,0,-6,-4,1,9956,27748,12555,17714,3427237,3427239,3427234,3427236,0,0,0,0
1790069341.6461203,0,2,0,-1,9955,27750,12557,17713,3427267,3427269,3427264,3427266,0,0,0,0
1790069341.6461203,-2,1,-2,9,9957,27749,12556,17715,3427297,3427299,3427294,3427296,0,0,0,0
1790069341.651112,0,-4,6,0,9967,27743,12550,17727,3427357,3427359,3427354,3427356,0,0,0,0
1790069341.847512,2,0,-1,-3,9971,27743,12549,17730,3427387,3427389,3427384,3427386,0,0,0,0
1790069341.847512,1,2,2,2,9973,27741,12551,17733,3427417,3427419,3427414,3427416,0,0,0,0
1790069341.847512,-6,-3,-2,1,9973,27743,12555,17736,3427477,3427479,3427474,3427476,0,0,0,0
1790069342.0490935,-1,1,-2,1,9974,27742,12556,17738,3427507,3427509,3427504,3427506,0,0,0,0
1790069342.0490935,-4,-2,-2,-2,9973,27744,12558,17737,3427537,3427539,3427534,3427536,0,0,0,0
1790069342.0490935,-1,-3,0,-1,9975,27739,12557,17740,3427597,3427599,3427594,3427596,0,0,0,0
1790069342.2474535,-3,2,4,0,9978,27733,12553,17747,3427687,3427689,3427684,3427686,0,0,0,0
1790069342.455437,0,-7,-3,-7,9978,27731,12552,17748,3427717,3427719,3427714,3427716,0,0,0,0
1790069342.455437,5,-3,-3,-3,9978,27730,12552,17748,3427747,3427749,3427744,3427746,0,0,0,0
1790069342.455437,-3,-1,2,0,9976,27730,12552,17747,3427777,3427779,3427774,3427776,0,0,0,0
1790069342.4715223,-5,3,-2,-2,9976,27729,12553,17746,3427837,3427839,3427834,3427836,0,0,0,0
1790069342.6643445,4,2,-2,-5,9976,27727,12551,17746,3427867,3427869,3427864,3427866,0,0,0,0
1790069342.6643445,-3,1,2,-1,9980,27727,12549,17751,3427927,3427929,3427924,3427926,0,0,0,0
1790069342.6643445,-4,6,-6,-4,9980,27727,12550,17751,3427957,3427959,3427954,3427956,0,0,0,0
1790069342.8730211,16,3,-7,2,9981,27729,12551,17751,3427987,3427989,3427984,3427986,0,0,0,0
1790069342.8730211,0,2,-4,3,9980,27733,12554,17752,3428047,3428049,3428044,3428046,0,0,0,0
1790069342.8730211,2,1,8,-1,9985,27731,12552,17757,3428107,3428109,3428104,3428106,0,0,0,0
1790069343.0653157,-3,1,1,-1,9993,27728,12549,17764,3428137,3428139,3428134,3428136,0,0,0,0
1790069343.0812142,2,-3,5,0,10002,27730,12553,17778,3428227,3428229,3428224,3428226,0,0,0,0
1790069343.2582903,3,-3,1,0,10004,27730,12557,17782,3428257,3428259,3428254,3428256,0,0,0,0
1790069343.2582903,2,-2,-2,4,10006,27729,12558,17784,3428287,3428289,3428284,3428286,0,0,0,0
1790069343.2740924,2,1,2,3,10009,27732,12559,17788,3428317,3428319,3428314,3428316,0,0,0,0
1790069343.480133,3,-1,-4,2,10014,27734,12561,17794,3428377,3428379,3428374,3428376,0,0,0,0
1790069343.480133,2,2,-8,1,10028,27726,12559,17814,3428467,3428469,3428464,3428466,0,0,0,0
1790069343.6862216,3,-1,4,0,10033,27723,12559,17820,3428497,3428499,3428494,3428496,0,0,0,0
1790069343.6862216,0,-7,-4,0,10035,27720,12562,17828,3428587,3428589,3428584,3428586,0,0,0,0
1790069343.8963318,-2,4,1,0,10035,27719,12562,17830,3428617,3428619,3428614,3428616,0,0,0,0
1790069343.8963318,-1,-5,14,0,10030,27720,12567,17827,3428677,3428679,3428674,3428676,0,0,0,0
1790069343.8963318,-5,-6,-1,-6,10029,27720,12567,17826,3428707,3428709,3428704,3428706,0,0,0,0
1790069344.1017685,-2,-3,-9,-3,10029,27719,12567,17828,3428737,3428739,3428734,3428736,0,0,0,0
1790069344.1017685,0,1,-3,-4,10032,27716,12566,17832,3428827,3428829,3428824,3428826,0,0,0,0
1790069344.2613013,-2,-5,-1,-2,10030,27715,12566,17831,3428857,3428859,3428854,3428856,0,0,0,0
1790069344.2773194,0,-1,-3,0,10032,27716,12566,17833,3428917,3428919,3428914,3428916,0,0,0,0
1790069344.5025146,-2,1,-3,0,10037,27717,12564,17836,3428977,3428979,3428974,3428976,0,0,0,0
1790069344.5025146,-1,4,2,1,10042,27719,12568,17846,3429067,3429069,3429064,3429066,0,0,0,0
1790069344.711062,4,0,-3,-1,10058,27715,12566,17867,3429187,3429189,3429184,3429186,0,0,0,0
1790069344.9193058,-2,-3,0,0,10062,27714,12565,17871,3429217,3429219,3429214,3429216,0,0,0,0
1790069344.9193058,-1,-1,-2,0,10061,27715,12569,17871,3429277,3429279,3429274,3429276,0,0,0,0
1790069345.128058,-5,2,-4,-4,10058,27709,12567,17871,3429367,3429369,3429364,3429366,0,0,0,0
1790069345.128058,2,-8,-2,-1,10055,27709,12568,17868,3429427,3429429,3429424,3429426,0,0,0,0
1790069345.1602983,-2,0,-4,0,10055,27706,12569,17867,3429457,3429459,3429454,3429456,0,0,0,0
1790069345.1923835,-1,3,-3,-1,10055,27704,12566,17868,3429487,3429489,3429484,3429486,0,0,0,0
1790069345.2721405,-3,-4,-2,-3,10056,27701,12562,17870,3429517,3429519,3429514,3429516,0,0,0,0
1790069345.3201785,0,-5,7,-5,10057,27702,12563,17869,3429547,3429549,3429544,3429546,0,0,0,0
1790069345.5284507,1,-1,-3,-1,10054,27705,12565,17866,3429607,3429609,3429604,3429606,0,0,0,0
1790069345.5284507,2,3,1,3,10056,27707,12564,17870,3429667,3429669,3429664,3429666,0,0,0,0
1790069345.7377737,-4,2,-3,-1,10059,27709,12563,17872,3429697,3429699,3429694,3429696,0,0,0,0
1790069345.7377737,-2,-1,2,0,10059,27716,12573,17871,3429787,3429789,3429784,3429786,0,0,0,0
1790069345.7536256,4,5,1,-1,10065,27717,12571,17877,3429817,3429819,3429814,3429816,0,0,0,0
1790069345.9454932,2,3,0,1,10067,27716,12570,17882,3429847,3429849,3429844,3429846,0,0,0,0
1790069345.9454932,-2,-1,1,2,10072,27712,12569,17889,3429907,3429909,3429904,3429906,0,0,0,0
1790069345.9614954,0,-2,1,0,10074,27711,12570,17891,3429937,3429939,3429934,3429936,0,0,0,0
1790069346.1377976,0,-2,-1,1,10074,27711,12572,17893,3429967,3429969,3429964,3429966,0,0,0,0
1790069346.153727,-1,0,0,-4,10071,27711,12575,17891,3430057,3430059,3430054,3430056,0,0,0,0
1790069346.283203,1,-4,-3,0,10071,27704,12571,17892,3430117,3430119,3430114,3430116,0,0,0,0
1790069346.3469105,-4,-6,2,-1,10067,27703,12572,17889,3430147,3430149,3430144,3430146,0,0,0,0
1790069346.553076,-2,3,-1,-6,10062,27707,12575,17884,3430177,3430179,3430174,3430176,0,0,0,0
1790069346.553076,-3,0,0,-4,10060,27710,12575,17881,3430207,3430209,3430204,3430206,0,0,0,0
1790069346.553076,0,-1,-2,2,10062,27704,12573,17881,3430237,3430239,3430234,3430236,0,0,0,0
1790069346.553076,-5,6,-2,-1,10066,27703,12570,17889,3430297,3430299,3430294,3430296,0,0,0,0
1790069346.7602172,2,1,-2,1,10064,27710,12577,17888,3430387,3430389,3430384,3430386,0,0,0,0
1790069346.7758815,0,3,-1,0,10071,27712,12578,17894,3430417,3430419,3430414,3430416,0,0,0,0
1790069346.9350712,3,-4,1,3,10073,27712,12578,17895,3430447,3430449,3430444,3430446,0,0,0,0
1790069346.9350712,0,2,-3,1,10074,27719,12582,17898,3430537,3430539,3430534,3430536,0,0,0,0
1790069347.1745174,-1,0,-3,1,10074,27717,12583,17898,3430567,3430569,3430564,3430566,0,0,0,0
1790069347.1745174,2,3,1,1,10081,27712,12580,17908,3430657,3430659,3430654,3430656,0,0,0,0
1790069347.209426,1,-4,-1,-1,10081,27708,12580,17909,3430687,3430689,3430684,3430686,0,0,0,0
1790069347.238379,-1,-10,-2,-4,10079,27705,12579,17909,3430717,3430719,3430714,3430716,0,0,0,0
1790069347.3017082,-4,-2,-4,0,10080,27705,12578,17909,3430747,3430749,3430744,3430746,0,0,0,0
1790069347.381759,-5,2,-2,3,10080,27702,12578,17910,3430777,3430779,3430774,3430776,0,0,0,0
1790069347.5734222,-3,-2,5,-3,10073,27706,12580,17904,3430867,3430869,3430864,3430866,0,0,0,0
1790069347.5893457,3,1,-5,0,10073,27705,12581,17904,3430927,3430929,3430924,3430926,0,0,0,0
1790069347.7824588,-3,11,-2,0,10076,27702,12578,17907,3430957,3430959,3430954,3430956,0,0,0,0
1790069347.798328,-1,-6,-7,0,10078,27701,12575,17909,3430987,3430989,3430984,3430986,0,0,0,0
1790069347.798328,3,2,0,1,10079,27704,12576,17910,3431017,3431019,3431014,3431016,0,0,0,0
1790069347.989765,7,2,1,-1,10082,27706,12576,17912,3431047,3431049,3431044,3431046,0,0,0,0
1790069347.989765,1,2,-2,-5,10083,27707,12576,17913,3431077,3431079,3431074,3431076,0,0,0,0
1790069347.989765,1,2,1,-2,10082,27713,12583,17913,3431137,3431139,3431134,3431136,0,0,0,0
1790069348.1971767,-1,4,-6,-1,10084,27714,12584,17914,3431167,3431169,3431164,3431166,0,0,0,0
1790069348.1971767,0,4,2,-3,10090,27714,12585,17923,3431257,3431259,3431254,3431256,0,0,0,0
1790069348.296858,6,2,0,1,10090,27715,12586,17923,3431287,3431289,3431284,3431286,0,0,0,0
1790069348.3143466,2,0,1,1,10090,27713,12588,17926,3431317,3431319,3431314,3431316,0,0,0,0
1790069348.3143466,0,3,-5,0,10092,27707,12584,17928,3431347,3431349,3431344,3431346,0,0,0,0
1790069348.6094263,-6,-3,-1,-1,10091,27698,12580,17930,3431467,3431469,3431464,3431466,0,0,0,0
1790069348.6149337,-4,-2,-2,4,10083,27702,12583,17921,3431527,3431529,3431524,3431526,0,0,0,0
1790069348.8153598,-1,2,-2,0,10088,27695,12579,17928,3431587,3431589,3431584,3431586,0,0,0,0
1790069348.8176248,-1,-3,-3,0,10090,27697,12578,17929,3431617,3431619,3431614,3431616,0,0,0,0
1790069349.015824,-3,5,-2,1,10087,27709,12587,17922,3431737,3431739,3431734,3431736,0,0,0,0
1790069349.22,2,-2,-3,-1,10098,27711,12584,17934,3431827,3431829,3431824,3431826,0,0,0,0
1790069349.22,-1,-5,-3,0,10091,27717,12595,17932,3431917,3431919,3431914,3431916,0,0,0,0
1790069349.316896,0,-7,3,-2,10095,27713,12593,17936,3431947,3431949,3431944,3431946,0,0,0,0
1790069349.4269779,-4,-1,1,-5,10096,27709,12591,17938,3431977,3431979,3431974,3431976,0,0,0,0
1790069349.4269779,0,1,-2,0,10092,27709,12592,17935,3432037,3432039,3432034,3432036,0,0,0,0
1790069349.6347384,0,-1,-5,0,10091,27708,12596,17934,3432097,3432099,3432094,3432096,0,0,0,0
1790069349.6347384,-1,1,3,-2,10089,27706,12593,17936,3432157,3432159,3432154,3432156,0,0,0,0
1790069349.8270524,-15,3,1,-2,10091,27707,12591,17937,3432217,3432219,3432214,3432216,0,0,0,0
1790069349.8270524,2,-3,4,-1,10091,27707,12591,17936,3432247,3432249,3432244,3432246,0,0,0,0
1790069350.0355031,1,0,0,4,10092,27710,12592,17936,3432277,3432279,3432274,3432276,0,0,0,0
1790069350.0355031,3,-1,0,1,10098,27711,12595,17942,3432367,3432369,3432364,3432366,0,0,0,0
1790069350.2418263,2,-1,-2,-2,10100,27714,12595,17945,3432397,3432399,3432394,3432396,0,0,0,0
1790069350.2418263,1,0,-4,0,10102,27715,12600,17950,3432517,3432519,3432514,3432516,0,0,0,0
1790069350.3208048,-1,0,-5,-1,10102,27712,12599,17951,3432547,3432549,3432544,3432546,0,0,0,0
1790069350.447384,4,-4,-6,-7,10102,27711,12598,17952,3432577,3432579,3432574,3432576,0,0,0,0
1790069350.447384,-1,4,2,-1,10100,27710,12598,17951,3432607,3432609,3432604,3432606,0,0,0,0
1790069350.447384,-3,-2,-2,-4,10097,27709,12597,17948,3432637,3432639,3432634,3432636,0,0,0,0
1790069350.6560802,-5,-4,0,0,10094,27706,12596,17944,3432697,3432699,3432694,3432696,0,0,0,0
1790069350.6560802,-5,4,-4,-2,10093,27703,12594,17945,3432757,3432759,3432754,3432756,0,0,0,0
1790069350.8645082,2,2,2,-1,10099,27709,12597,17948,3432877,3432879,3432874,3432876,0,0,0,0
1790069351.0556169,3,1,-3,2,10107,27713,12597,17956,3432997,3432999,3432994,3432996,0,0,0,0
1790069351.2662437,2,-2,1,-1,10108,27713,12599,17959,3433027,3433029,3433024,3433026,0,0,0,0
1790069351.2662437,-2,0,-2,-2,10109,27713,12599,17961,3433057,3433059,3433054,3433056,0,0,0,0
1790069351.2802465,-4,3,1,-1,10111,27711,12600,17963,3433117,3433119,3433114,3433116,0,0,0,0
1790069351.4717236,-3,0,-14,-1,10111,27710,12599,17965,3433207,3433209,3433204,3433206,0,0,0,0
1790069351.4717236,-7,-3,-3,-3,10111,27706,12598,17966,3433237,3433239,3433234,3433236,0,0,0,0
1790069351.6805766,-3,-3,1,-2,10109,27703,12598,17963,3433297,3433299,3433294,3433296,0,0,0,0
1790069351.6805766,0,0,-4,-2,10107,27701,12596,17963,3433357,3433359,3433354,3433356,0,0,0,0
1790069351.8759773,4,-3,1,2,10107,27701,12597,17962,3433417,3433419,3433414,3433416,0,0,0,0
1790069351.8898208,-5,2,1,2,10107,27704,12597,17964,3433477,3433479,3433474,3433476,0,0,0,0
1790069352.082625,0,2,4,0,10114,27715,12606,17968,3433597,3433599,3433594,3433596,0,0,0,0
1790069352.146835,1,4,1,-2,10123,27711,12602,17980,3433657,3433659,3433654,3433656,0,0,0,0
1790069352.2917194,1,4,1,-2,10123,27711,12602,17980,3433657,3433659,3433654,3433656,0,0,0,0
1790069352.2917194,0,-3,-1,-1,10125,27709,12603,17987,3433747,3433749,3433744,3433746,0,0,0,0
1790069352.3395917,-1,-2,-1,3,10122,27711,12607,17983,3433777,3433779,3433774,3433776,0,0,0,0
1790069352.4990914,1,-1,0,-1,10119,27712,12609,17981,3433807,3433809,3433804,3433806,0,0,0,0
1790069352.4990914,1,0,-1,-2,10117,27711,12609,17980,3433837,3433839,3433834,3433836,0,0,0,0
1790069352.6911383,-2,-2,-6,-5,10117,27707,12607,17980,3433897,3433899,3433894,3433896,0,0,0,0
1790069352.706966,1,-1,-5,1,10116,27703,12606,17982,3433987,3433989,3433984,3433986,0,0,0,0
1790069352.8989203,0,4,4,0,10119,27704,12606,17987,3434017,3434019,3434014,3434016,0,0,0,0
1790069352.9148965,-2,9,1,4,10125,27711,12610,17993,3434107,3434109,3434104,3434106,0,0,0,0
1790069353.1067262,-2,6,-1,0,10127,27711,12613,17997,3434137,3434139,3434134,3434136,0,0,0,0
1790069353.1067262,3,0,-6,0,10131,27717,12621,18003,3434227,3434229,3434224,3434226,0,0,0,0
1790069353.3155951,5,4,-2,2,10140,27711,12616,18014,3434287,3434289,3434284,3434286,0,0,0,0
1790069353.334438,1,1,-4,-2,10138,27708,12616,18015,3434347,3434349,3434344,3434346,0,0,0,0
1790069353.5244043,-2,4,-3,0,10135,27709,12618,18012,3434377,3434379,3434374,3434376,0,0,0,0
1790069353.5244043,0,1,-4,0,10132,27708,12618,18009,3434407,3434409,3434404,3434406,0,0,0,0
1790069353.5404701,-2,2,-4,0,10132,27707,12619,18008,3434437,3434439,3434434,3434436,0,0,0,0
1790069353.5404701,6,-2,4,-9,10130,27706,12620,18007,3434467,3434469,3434464,3434466,0,0,0,0
1790069353.7266903,-5,-4,1,5,10128,27704,12618,18007,3434497,3434499,3434494,3434496,0,0,0,0
1790069353.7266903,-2,2,-2,1,10130,27703,12617,18008,3434527,3434529,3434524,3434526,0,0,0,0
1790069353.7364578,1,-6,-3,0,10132,27705,12616,18011,3434587,3434589,3434584,3434586,0,0,0,0
1790069353.9348657,1,4,0,1,10137,27706,12617,18014,3434617,3434619,3434614,3434616,0,0,0,0
1790069353.9412372,3,0,-3,-4,10141,27711,12618,18019,3434677,3434679,3434674,3434676,0,0,0,0
1790069353.9418132,2,0,-3,-3,10140,27715,12621,18018,3434707,3434709,3434704,3434706,0,0,0,0
1790069354.1377292,1,1,-2,0,10139,27713,12623,18018,3434767,3434769,3434764,3434766,0,0,0,0
1790069354.1377292,-2,-6,-2,1,10138,27707,12619,18018,3434827,3434829,3434824,3434826,0,0,0,0
1790069354.3526134,-2,-4,-5,-3,10136,27701,12616,18017,3434887,3434889,3434884,3434886,0,0,0,0
1790069354.3526134,0,-2,3,0,10135,27702,12616,18015,3434947,3434949,3434944,3434946,0,0,0,0
1790069354.5448563,1,2,1,3,10139,27707,12617,18018,3435037,3435039,3435034,3435036,0,0,0,0
1790069354.5608053,2,-2,4,-1,10140,27711,12618,18019,3435067,3435069,3435064,3435066,0,0,0,0
1790069354.7516813,5,-1,-2,1,10139,27712,12620,18019,3435097,3435099,3435094,3435096,0,0,0,0
1790069354.7516813,1,-1,-1,-2,10137,27716,12625,18016,3435157,3435159,3435154,3435156,0,0,0,0
1790069354.7516813,0,-4,-1,-2,10137,27713,12623,18017,3435187,3435189,3435184,3435186,0,0,0,0
1790069354.9577339,-4,0,0,-5,10140,27705,12618,18021,3435217,3435219,3435214,3435216,0,0,0,0
1790069354.9577339,0,3,1,2,10130,27707,12621,18011,3435337,3435339,3435334,3435336,0,0,0,0
1790069355.1480079,1,1,-3,-2,10135,27708,12617,18014,3435367,3435369,3435364,3435366,0,0,0,0
1790069355.163929,-7,3,1,3,10144,27710,12618,18026,3435457,3435459,3435454,3435456,0,0,0,0
1790069355.2952545,1,3,-1,-4,10143,27711,12619,18025,3435487,3435489,3435484,3435486,0,0,0,0
1790069355.3073688,1,-5,2,-1,10145,27708,12619,18025,3435547,3435549,3435544,3435546,0,0,0,0
1790069355.3405478,-1,-3,-4,-2,10144,27704,12617,18025,3435577,3435579,3435574,3435576,0,0,0,0
1790069355.5731575,-2,0,-1,-4,10136,27706,12619,18016,3435697,3435699,3435694,3435696,0,0,0,0
1790069355.7642715,3,6,-5,2,10143,27713,12622,18025,3435817,3435819,3435814,3435816,0,0,0,0
1790069355.9744449,-3,-5,1,5,10142,27720,12627,18021,3435847,3435849,3435844,3435846,0,0,0,0
1790069355.9744449,-7,-2,-3,1,10139,27719,12630,18019,3435877,3435879,3435874,3435876,0,0,0,0
1790069355.9903216,0,-4,-3,-1,10141,27712,12625,18022,3435937,3435939,3435934,3435936,0,0,0,0
1790069355.9903216,-2,18,-3,-3,10139,27704,12621,18023,3435967,3435969,3435964,3435966,0,0,0,0
1790069356.182824,-2,-1,0,-1,10138,27706,12620,18021,3436027,3436029,3436024,3436026,0,0,0,0
1790069356.1990175,3,1,-1,2,10136,27710,12625,18019,3436087,3436089,3436084,3436086,0,0,0,0
1790069356.3443565,0,2,3,-2,10139,27714,12626,18021,3436117,3436119,3436114,3436116,0,0,0,0
1790069356.3588085,-3,0,-2,3,10148,27714,12624,18031,3436177,3436179,3436174,3436176,0,0,0,0
1790069356.3943331,-2,0,4,1,10152,27713,12624,18034,3436207,3436209,3436204,3436206,0,0,0,0
1790069356.5839117,-4,3,-3,0,10149,27709,12624,18033,3436237,3436239,3436234,3436236,0,0,0,0
1790069356.5839117,-3,4,-2,0,10142,27705,12622,18027,3436327,3436329,3436324,3436326,0,0,0,0
1790069356.7912405,1,-2,-4,1,10142,27700,12620,18029,3436357,3436359,3436354,3436356,0,0,0,0
1790069356.7912405,0,1,-1,4,10140,27721,12630,18023,3436447,3436449,3436444,3436446,0,0,0,0
1790069357.0064151,0,8,-2,0,10154,27710,12624,18039,3436567,3436569,3436564,3436566,0,0,0,0
1790069357.2071779,-4,-1,1,2,10148,27710,12625,18034,3436597,3436599,3436594,3436596,0,0,0,0
1790069357.212548,-2,-5,1,2,10144,27709,12627,18029,3436627,3436629,3436624,3436626,0,0,0,0
1790069357.2206025,-3,-1,-5,0,10142,27702,12623,18030,3436687,3436689,3436684,3436686,0,0,0,0
1790069357.352264,-2,1,-3,-3,10142,27706,12623,18030,3436717,3436719,3436714,3436716,0,0,0,0
1790069357.352264,4,0,2,0,10143,27707,12625,18031,3436747,3436749,3436744,3436746,0,0,0,0
1790069357.3584752,-2,-1,-2,1,10148,27710,12624,18037,3436777,3436779,3436774,3436776,0,0,0,0
1790069357.4211926,3,3,0,1,10153,27710,12624,18040,3436807,3436809,3436804,3436806,0,0,0,0
1790069357.6110926,1,-5,-4,2,10152,27711,12625,18040,3436837,3436839,3436834,3436836,0,0,0,0
1790069357.8272293,-4,9,2,-1,10142,27706,12627,18030,3436987,3436989,3436984,3436986,0,0,0,0
1790069357.8407292,-3,-3,0,0,10142,27703,12624,18032,3437017,3437019,3437014,3437016,0,0,0,0
1790069357.8417192,-2,-4,-1,4,10146,27703,12623,18037,3437047,3437049,3437044,3437046,0,0,0,0
1790069358.0294318,1,0,5,1,10149,27707,12624,18038,3437077,3437079,3437074,3437076,0,0,0,0
1790069358.0313962,3,0,0,-4,10155,27711,12626,18042,3437137,3437139,3437134,3437136,0,0,0,0
1790069358.0329614,3,1,4,0,10156,27715,12629,18043,3437167,3437169,3437164,3437166,0,0,0,0
1790069358.2338693,-1,3,-1,0,10153,27712,12630,18041,3437197,3437199,3437194,3437196,0,0,0,0
1790069358.2338693,-4,-4,-1,-3,10152,27701,12624,18044,3437287,3437289,3437284,3437286,0,0,0,0
1790069358.3546479,-3,2,1,-3,10151,27699,12622,18043,3437317,3437319,3437314,3437316,0,0,0,0
1790069358.3580556,-1,0,-3,-2,10151,27700,12623,18043,3437347,3437349,3437344,3437346,0,0,0,0
1790069358.4351203,0,8,0,1,10150,27706,12625,18043,3437377,3437379,3437374,3437376,0,0,0,0
1790069358.4422894,-1,-1,1,-2,10150,27712,12630,18041,3437407,3437409,3437404,3437406,0,0,0,0
1790069358.6440954,-2,-7,1,-3,10163,27709,12629,18054,3437527,3437529,3437524,3437526,0,0,0,0
1790069358.8465047,0,-4,1,-2,10152,27706,12632,18046,3437617,3437619,3437614,3437616,0,0,0,0
1790069359.0467703,-6,-5,-1,-1,10153,27704,12628,18048,3437677,3437679,3437674,3437676,0,0,0,0
1790069359.0545914,-1,-2,-1,1,10159,27707,12630,18055,3437737,3437739,3437734,3437736,0,0,0,0
1790069359.2560515,-1,0,-1,1,10164,27711,12631,18058,3437797,3437799,3437794,3437796,0,0,0,0
1790069359.2560515,-1,1,-1,1,10160,27708,12632,18057,3437857,3437859,3437854,3437856,0,0,0,0
1790069359.2560515,1,4,-4,-1,10158,27709,12632,18053,3437887,3437889,3437884,3437886,0,0,0,0
1790069359.3535213,-1,-3,0,-1,10154,27707,12633,18050,3437917,3437919,3437914,3437916,0,0,0,0
1790069359.3559666,2,-2,0,-3,10152,27708,12631,18049,3437977,3437979,3437974,3437976,0,0,0,0
1790069359.3791711,2,1,-1,2,10155,27709,12632,18053,3438007,3438009,3438004,3438006,0,0,0,0
1790069359.456036,0,1,3,-1,10158,27713,12635,18054,3438037,3438039,3438034,3438036,0,0,0,0
1790069359.6678345,-1,4,1,0,10155,27717,12640,18055,3438067,3438069,3438064,3438066,0,0,0,0
1790069359.6688285,2,0,0,2,10156,27720,12642,18053,3438097,3438099,3438094,3438096,0,0,0,0
1790069359.8597682,0,-1,-5,-2,10159,27710,12638,18060,3438187,3438189,3438184,3438186,0,0,0,0
1790069359.8597682,0,1,2,-2,10155,27706,12635,18058,3438277,3438279,3438274,3438276,0,0,0,0
1790069360.077808,0,4,-1,0,10154,27710,12638,18057,3438307,3438309,3438304,3438306,0,0,0,0
1790069360.0796833,3,4,0,1,10161,27712,12640,18062,3438367,3438369,3438364,3438366,0,0,0,0
1790069360.080692,4,-1,0,3,10162,27716,12640,18065,3438397,3438399,3438394,3438396,0,0,0,0
1790069360.2831116,-1,-4,-3,-1,10166,27718,12643,18065,3438457,3438459,3438454,3438456,0,0,0,0
1790069360.2950091,-2,0,0,-3,10163,27712,12641,18065,3438487,3438489,3438484,3438486,0,0,0,0
1790069360.2960215,-1,2,-4,-3,10161,27707,12636,18065,3438517,3438519,3438514,3438516,0,0,0,0
1790069360.366024,1,1,-2,-2,10161,27702,12634,18065,3438547,3438549,3438544,3438546,0,0,0,0
1790069360.3791907,-2,1,2,3,10160,27705,12635,18065,3438577,3438579,3438574,3438576,0,0,0,0
1790069360.4912443,3,2,0,-2,10158,27712,12641,18063,3438637,3438639,3438634,3438636,0,0,0,0
1790069360.6916265,-4,2,-2,1,10163,27714,12644,18068,3438667,3438669,3438664,3438666,0,0,0,0
1790069360.6985526,-4,-1,-6,3,10172,27709,12639,18079,3438757,3438759,3438754,3438756,0,0,0,0
1790069360.851235,2,0,1,-1,10174,27709,12639,18080,3438787,3438789,3438784,3438786,0,0,0,0
1790069360.8599174,-5,-4,7,-2,10166,27704,12638,18074,3438877,3438879,3438874,3438876,0,0,0,0
1790069361.0957956,-4,-4,5,4,10173,27713,12641,18081,3438997,3438999,3438994,3438996,0,0,0,0
1790069361.305261,-5,-3,1,0,10173,27715,12644,18081,3439027,3439029,3439024,3439026,0,0,0,0
1790069361.305261,-1,0,-3,0,10172,27710,12645,18079,3439087,3439089,3439084,3439086,0,0,0,0
1790069361.305261,-2,2,2,0,10170,27701,12638,18079,3439147,3439149,3439144,3439146,0,0,0,0
1790069361.368799,-3,-3,-5,0,10168,27701,12637,18078,3439177,3439179,3439174,3439176,0,0,0,0
1790069361.442668,3,1,-5,1,10168,27704,12637,18078,3439207,3439209,3439204,3439206,0,0,0,0
1790069361.5082688,2,-5,-2,1,10168,27707,12641,18077,3439237,3439239,3439234,3439236,0,0,0,0
1790069361.5182886,1,2,4,-1,10166,27712,12644,18076,3439267,3439269,3439264,3439266,0,0,0,0
1790069361.718266,0,0,5,-2,10172,27718,12647,18079,3439327,3439329,3439324,3439326,0,0,0,0
1790069361.7195556,2,-5,0,-3,10172,27714,12646,18080,3439357,3439359,3439354,3439356,0,0,0,0
1790069361.7195556,3,0,0,-3,10174,27714,12646,18081,3439387,3439389,3439384,3439386,0,0,0,0
1790069361.9160464,1,-5,1,-2,10171,27704,12642,18079,3439447,3439449,3439444,3439446,0,0,0,0
1790069361.9160464,-1,12,-4,-1,10169,27703,12640,18080,3439477,3439479,3439474,3439476,0,0,0,0
1790069361.9160464,3,6,-1,0,10167,27705,12641,18080,3439507,3439509,3439504,3439506,0,0,0,0
1790069362.1293707,5,0,-4,0,10164,27710,12646,18076,3439537,3439539,3439534,3439536,0,0,0,0
1790069362.1303666,3,-3,-1,-6,10166,27716,12650,18077,3439567,3439569,3439564,3439566,0,0,0,0
1790069362.135088,0,3,-1,3,10174,27722,12653,18084,3439627,3439629,3439624,3439626,0,0,0,0
1790069362.3301306,-4,1,-3,1,10177,27717,12650,18087,3439657,3439659,3439654,3439656,0,0,0,0
1790069362.3301306,-2,-5,-5,-2,10179,27715,12650,18091,3439687,3439689,3439684,3439686,0,0,0,0
1790069362.3370855,-3,1,-4,-2,10173,27708,12648,18089,3439747,3439749,3439744,3439746,0,0,0,0
1790069362.5316827,1,-1,-3,5,10168,27710,12651,18082,3439777,3439779,3439774,3439776,0,0,0,0
1790069362.5377429,4,-7,2,2,10169,27710,12650,18086,3439837,3439839,3439834,3439836,0,0,0,0
1790069362.5382147,3,1,0,2,10176,27712,12649,18091,3439867,3439869,3439864,3439866,0,0,0,0
1790069362.739695,0,-1,1,-1,10178,27714,12649,18094,3439897,3439899,3439894,3439896,0,0,0,0
1790069362.739695,5,-3,-4,3,10182,27716,12651,18098,3439927,3439929,3439924,3439926,0,0,0,0
1790069362.7466235,-9,-1,-19,3,10185,27719,12656,18102,3439987,3439989,3439984,3439986,0,0,0,0
1790069362.9399803,5,-3,0,-1,10185,27716,12656,18101,3440017,3440019,3440014,3440016,0,0,0,0
1790069362.955781,0,-5,5,-2,10177,27707,12654,18098,3440107,3440109,3440104,3440106,0,0,0,0
1790069363.1471334,0,-4,3,-1,10175,27710,12654,18097,3440137,3440139,3440134,3440136,0,0,0,0
1790069363.1471334,1,-2,-9,-2,10179,27716,12657,18100,3440197,3440199,3440194,3440196,0,0,0,0
1790069363.1471334,3,-1,3,4,10184,27715,12656,18106,3440227,3440229,3440224,3440226,0,0,0,0
1790069363.3548014,2,2,2,-2,10190,27713,12653,18114,3440257,3440259,3440254,3440256,0,0,0,0
1790069363.3548014,-1,1,-3,-3,10189,27716,12658,18110,3440317,3440319,3440314,3440316,0,0,0,0
1790069363.3548014,-1,3,2,-2,10185,27714,12657,18105,3440347,3440349,3440344,3440346,0,0,0,0
1790069363.3869247,-1,-2,6,-3,10181,27710,12656,18104,3440377,3440379,3440374,3440376,0,0,0,0
1790069363.546496,1,-2,1,-4,10181,27710,12657,18104,3440407,3440409,3440404,3440406,0,0,0,0
1790069363.546496,-2,-3,-2,-5,10182,27722,12665,18106,3440497,3440499,3440494,3440496,0,0,0,0
1790069363.7638097,1,-1,-2,3,10187,27722,12666,18113,3440527,3440529,3440524,3440526,0,0,0,0
1790069363.764811,0,-1,2,-8,10189,27722,12665,18116,3440557,3440559,3440554,3440556,0,0,0,0
1790069363.775411,-2,2,5,2,10188,27721,12666,18112,3440617,3440619,3440614,3440616,0,0,0,0
1790069363.7763877,2,0,3,-4,10184,27719,12666,18111,3440647,3440649,3440644,3440646,0,0,0,0
1790069363.9697194,-1,6,6,0,10181,27713,12661,18110,3440707,3440709,3440704,3440706,0,0,0,0
1790069363.977083,-7,2,-5,4,10183,27712,12660,18112,3440737,3440739,3440734,3440736,0,0,0,0
1790069364.171054,3,3,-2,1,10187,27716,12662,18115,3440767,3440769,3440764,3440766,0,0,0,0
1790069364.171054,-5,1,1,0,10187,27722,12666,18117,3440797,3440799,3440794,3440796,0,0,0,0
1790069364.1766412,-3,-4,5,0,10190,27724,12668,18118,3440857,3440859,3440854,3440856,0,0,0,0
1790069364.3778095,-2,0,7,2,10192,27721,12667,18119,3440887,3440889,3440884,3440886,0,0,0,0
1790069364.3828173,1,-2,-2,-5,10187,27711,12662,18117,3440977,3440979,3440974,3440976,0,0,0,0
1790069364.3996358,-1,2,1,3,10186,27714,12664,18116,3441007,3441009,3441004,3441006,0,0,0,0
1790069364.5801206,0,0,-1,-3,10187,27725,12668,18117,3441067,3441069,3441064,3441066,0,0,0,0
1790069364.593978,-1,-2,-5,-1,10193,27723,12668,18122,3441127,3441129,3441124,3441126,0,0,0,0
1790069364.7884877,0,3,-2,0,10191,27718,12666,18121,3441187,3441189,3441184,3441186,0,0,0,0
1790069364.7884877,-1,-16,2,-1,10188,27713,12665,18120,3441217,3441219,3441214,3441216,0,0,0,0
1790069364.7944515,-4,-2,2,1,10186,27713,12664,18118,3441247,3441249,3441244,3441246,0,0,0,0
1790069364.9898841,1,-1,2,2,10195,27723,12670,18126,3441367,3441369,3441364,3441366,0,0,0,0
1790069365.1972032,-1,-2,8,0,10196,27725,12671,18127,3441397,3441399,3441394,3441396,0,0,0,0
1790069365.201218,-1,1,-4,-1,10187,27718,12671,18118,3441487,3441489,3441484,3441486,0,0,0,0
1790069365.4035172,5,3,3,-5,10191,27711,12664,18127,3441547,3441549,3441544,3441546,0,0,0,0
1790069365.4053273,4,2,2,0,10195,27711,12664,18131,3441577,3441579,3441574,3441576,0,0,0,0
1790069365.4073403,5,-2,4,2,10200,27713,12664,18136,3441607,3441609,3441604,3441606,0,0,0,0
1790069365.6079524,-1,-1,2,-1,10204,27713,12664,18140,3441637,3441639,3441634,3441636,0,0,0,0
1790069365.6079524,-2,-1,-2,-2,10207,27716,12665,18142,3441667,3441669,3441664,3441666,0,0,0,0
1790069365.6149237,0,0,0,-3,10202,27714,12666,18137,3441727,3441729,3441724,3441726,0,0,0,0
1790069365.8099027,-3,-1,1,-4,10198,27713,12667,18135,3441757,3441759,3441754,3441756,0,0,0,0
1790069365.8099027,0,5,2,-2,10196,27710,12667,18133,3441787,3441789,3441784,3441786,0,0,0,0
1790069365.8161843,1,1,-3,2,10199,27709,12664,18137,3441817,3441819,3441814,3441816,0,0,0,0
1790069365.8161843,-2,-5,-5,2,10200,27706,12663,18143,3441847,3441849,3441844,3441846,0,0,0,0
1790069366.0166564,3,1,-1,-1,10207,27711,12664,18147,3441877,3441879,3441874,3441876,0,0,0,0
1790069366.018068,0,1,2,0,10209,27716,12668,18146,3441937,3441939,3441934,3441936,0,0,0,0
1790069366.018068,0,-3,1,-5,10208,27716,12668,18145,3441967,3441969,3441964,3441966,0,0,0,0
1790069366.2188222,-1,1,-2,-3,10207,27715,12668,18145,3441997,3441999,3441994,3441996,0,0,0,0
1790069366.2188222,-1,-1,-1,1,10203,27709,12665,18142,3442057,3442059,3442054,3442056,0,0,0,0
1790069366.4064193,-5,2,0,-1,10200,27714,12669,18141,3442117,3442119,3442114,3442116,0,0,0,0
1790069366.4064193,0,-4,-2,2,10204,27719,12671,18144,3442147,3442149,3442144,3442146,0,0,0,0
1790069366.4137292,1,-5,1,-2,10211,27718,12669,18151,3442207,3442209,3442204,3442206,0,0,0,0
1790069366.6284091,-3,-7,-4,-1,10213,27716,12668,18154,3442237,3442239,3442234,3442236,0,0,0,0
1790069366.6354506,-3,-2,2,0,10208,27712,12669,18149,3442297,3442299,3442294,3442296,0,0,0,0
1790069366.8369403,1,-3,3,3,10213,27704,12666,18159,3442387,3442389,3442384,3442386,0,0,0,0
1790069366.8392496,-3,0,0,-1,10221,27713,12668,18166,3442477,3442479,3442474,3442476,0,0,0,0
1790069367.0386531,-1,-2,1,-1,10222,27713,12666,18167,3442507,3442509,3442504,3442506,0,0,0,0
1790069367.0386531,-3,2,-2,-5,10217,27704,12665,18163,3442597,3442599,3442594,3442596,0,0,0,0
1790069367.2462442,0,-5,-1,-2,10215,27704,12665,18163,3442627,3442629,3442624,3442626,0,0,0,0
1790069367.2475736,4,-2,-2,0,10222,27714,12670,18171,3442717,3442719,3442714,3442716,0,0,0,0
1790069367.4098644,1,3,-2,2,10223,27717,12673,18171,3442747,3442749,3442744,3442746,0,0,0,0
1790069367.4098644,-4,2,0,0,10224,27716,12672,18173,3442777,3442779,3442774,3442776,0,0,0,0
1790069367.419926,-7,0,0,9,10227,27713,12670,18174,3442807,3442809,3442804,3442806,0,0,0,0
1790069367.4548283,-20,0,-1,-3,10224,27706,12666,18174,3442837,3442839,3442834,3442836,0,0,0,0
1790069367.6560457,-6,-3,1,-2,10223,27702,12665,18174,3442867,3442869,3442864,3442866,0,0,0,0
1790069367.8574965,2,-5,1,-1,10230,27710,12669,18183,3442987,3442989,3442984,3442986,0,0,0,0
1790069367.8574965,-1,-2,3,1,10231,27711,12670,18181,3443077,3443079,3443074,3443076,0,0,0,0
1790069368.0647435,-2,-1,0,0,10227,27703,12667,18181,3443107,3443109,3443104,3443106,0,0,0,0
1790069368.0657544,-1,2,-5,-4,10229,27699,12664,18183,3443137,3443139,3443134,3443136,0,0,0,0
1790069368.0657544,-4,8,-1,-5,10232,27701,12663,18188,3443197,3443199,3443194,3443196,0,0,0,0
1790069368.2400484,3,1,2,1,10236,27701,12663,18193,3443227,3443229,3443224,3443226,0,0,0,0
1790069368.245501,4,0,-3,0,10239,27705,12665,18193,3443287,3443289,3443284,3443286,0,0,0,0
1790069368.2592947,-1,1,1,-2,10240,27706,12667,18193,3443317,3443319,3443314,3443316,0,0,0,0
1790069368.4131665,5,-3,-6,-2,10240,27702,12665,18193,3443347,3443349,3443344,3443346,0,0,0,0
1790069368.4131665,-8,-3,0,0,10241,27695,12662,18197,3443377,3443379,3443374,3443376,0,0,0,0
1790069368.4201689,-3,0,4,3,10241,27693,12659,18201,3443407,3443409,3443404,3443406,0,0,0,0
1790069368.4773734,2,4,1,-1,10241,27691,12659,18203,3443437,3443439,3443434,3443436,0,0,0,0
1790069368.677758,3,0,-2,3,10244,27694,12660,18206,3443467,3443469,3443464,3443466,0,0,0,0
1790069368.677758,0,3,-5,-2,10251,27700,12666,18210,3443527,3443529,3443524,3443526,0,0,0,0
1790069368.8784635,2,1,-1,-1,10253,27699,12665,18213,3443587,3443589,3443584,3443586,0,0,0,0
1790069368.8851752,-5,1,0,18,10250,27696,12663,18212,3443647,3443649,3443644,3443646,0,0,0,0
1790069369.0865164,-2,-1,6,2,10247,27693,12665,18214,3443737,3443739,3443734,3443736,0,0,0,0
1790069369.2878544,1,-1,1,-1,10259,27704,12670,18225,3443857,3443859,3443854,3443856,0,0,0,0
1790069369.2948756,0,-3,1,1,10259,27703,12673,18226,3443917,3443919,3443914,3443916,0,0,0,0
1790069369.2948756,-4,-4,-4,0,10255,27703,12675,18224,3443947,3443949,3443944,3443946,0,0,0,0
1790069369.427177,-6,-5,-3,-3,10253,27702,12674,18223,3443977,3443979,3443974,3443976,0,0,0,0
1790069369.427177,-4,4,2,0,10253,27697,12672,18223,3444007,3444009,3444004,3444006,0,0,0,0
1790069369.4410427,-4,1,3,1,10253,27695,12672,18225,3444037,3444039,3444034,3444036,0,0,0,0
1790069369.4965174,-4,3,2,4,10253,27695,12672,18228,3444067,3444069,3444064,3444066,0,0,0,0
1790069369.6974895,0,-1,2,-2,10256,27700,12673,18230,3444097,3444099,3444094,3444096,0,0,0,0
1790069369.704414,0,-2,0,4,10260,27701,12676,18232,3444127,3444129,3444124,3444126,0,0,0,0
1790069369.704414,2,7,-2,1,10262,27707,12677,18234,3444157,3444159,3444154,3444156,0,0,0,0
1790069369.704414,-1,-1,6,2,10267,27706,12677,18238,3444187,3444189,3444184,3444186,0,0,0,0
1790069369.9059765,0,-3,2,0,10266,27701,12675,18239,3444217,3444219,3444214,3444216,0,0,0,0
1790069369.9059765,-5,-6,0,-2,10267,27695,12673,18239,3444247,3444249,3444244,3444246,0,0,0,0
1790069369.9059765,2,-2,-4,2,10263,27694,12672,18239,3444307,3444309,3444304,3444306,0,0,0,0
1790069370.1133668,-2,-3,-3,-5,10261,27698,12676,18239,3444337,3444339,3444334,3444336,0,0,0,0
1790069370.1157267,-2,-2,0,-3,10301,27732,12737,18316,3444427,3444429,3444424,3444426,0,0,0,0
1790069370.3156998,1,2,-4,0,10307,27727,12733,18324,3444457,3444459,3444454,3444456,0,0,0,0
1790069370.3156998,-4,4,1,1,10319,27717,12723,18340,3444547,3444549,3444544,3444546,0,0,0,0
1790069370.4337025,0,-1,8,0,10324,27718,12721,18342,3444577,3444579,3444574,3444576,0,0,0,0
1790069370.4337025,-3,1,0,-2,10326,27721,12722,18345,3444607,3444609,3444604,3444606,0,0,0,0
1790069370.523062,0,1,-4,1,10327,27722,12723,18345,3444637,3444639,3444634,3444636,0,0,0,0
1790069370.7251425,-1,-1,1,4,10329,27723,12723,18345,3444667,3444669,3444664,3444666,0,0,0,0
1790069370.7251425,-2,-1,2,-4,10320,27719,12725,18338,3444757,3444759,3444754,3444756,0,0,0,0
1790069370.7251425,0,-5,0,2,10319,27718,12724,18337,3444787,3444789,3444784,3444786,0,0,0,0
1790069370.9329677,4,5,2,4,10321,27720,12724,18340,3444877,3444879,3444874,3444876,0,0,0,0
1790069370.9416575,1,-3,-2,3,10326,27721,12723,18345,3444907,3444909,3444904,3444906,0,0,0,0
1790069371.1362915,0,-5,-2,1,10327,27722,12723,18346,3444937,3444939,3444934,3444936,0,0,0,0
1790069371.137296,2,2,-1,1,10326,27721,12724,18344,3444997,3444999,3444994,3444996,0,0,0,0
1790069371.1415973,-3,0,-1,1,10324,27719,12722,18343,3445027,3445029,3445024,3445026,0,0,0,0
1790069371.3422043,0,-7,0,-1,10323,27714,12720,18343,3445057,3445059,3445054,3445056,0,0,0,0
1790069371.434574,3,4,5,5,10325,27720,12723,18346,3445177,3445179,3445174,3445176,0,0,0,0
1790069371.439452,-6,1,4,2,10331,27721,12722,18348,3445207,3445209,3445204,3445206,0,0,0,0
1790069371.5445764,0,-3,-6,-3,10336,27715,12716,18353,3445267,3445269,3445264,3445266,0,0,0,0
1790069371.7519946,2,-4,-2,0,10330,27707,12713,18352,3445387,3445389,3445384,3445386,0,0,0,0
1790069371.954754,-5,-1,2,-1,10331,27710,12714,18352,3445417,3445419,3445414,3445416,0,0,0,0
1790069371.954754,5,-6,-3,0,10333,27718,12718,18352,3445477,3445479,3445474,3445476,0,0,0,0
1790069371.961078,-1,-1,1,0,10336,27717,12717,18354,3445507,3445509,3445504,3445506,0,0,0,0
1790069372.1559541,2,-7,0,2,10341,27712,12713,18357,3445537,3445539,3445534,3445536,0,0,0,0
1790069372.161483,-2,-8,-1,-6,10337,27705,12709,18355,3445597,3445599,3445594,3445596,0,0,0,0
1790069372.1733708,-6,4,-1,6,10332,27706,12712,18353,3445657,3445659,3445654,3445656,0,0,0,0
1790069372.3645928,-1,-2,1,-6,10329,27714,12717,18350,3445717,3445719,3445714,3445716,0,0,0,0
1790069372.374872,-3,4,-1,-3,10335,27718,12718,18353,3445777,3445779,3445774,3445776,0,0,0,0
1790069372.3820095,1,-4,0,0,10338,27715,12716,18355,3445807,3445809,3445804,3445806,0,0,0,0
1790069372.5701566,-1,-1,6,-4,10337,27705,12711,18356,3445897,3445899,3445894,3445896,0,0,0,0
1790069372.5790994,5,4,-6,-1,10335,27705,12710,18355,3445927,3445929,3445924,3445926,0,0,0,0
1790069372.7740014,5,-4,4,1,10334,27712,12714,18354,3445987,3445989,3445984,3445986,0,0,0,0
1790069372.7740014,1,2,2,2,10337,27718,12718,18357,3446047,3446049,3446044,3446046,0,0,0,0
1790069372.980854,-2,-3,-1,-2,10341,27720,12719,18358,3446107,3446109,3446104,3446106,0,0,0,0
1790069372.9821768,0,-5,-2,-1,10338,27713,12716,18357,3446167,3446169,3446164,3446166,0,0,0,0
1790069373.183474,7,-2,0,-2,10333,27710,12715,18356,3446287,3446289,3446284,3446286,0,0,0,0
1790069373.391931,0,-1,1,-3,10338,27719,12720,18358,3446377,3446379,3446374,3446376,0,0,0,0
1790069373.3991244,0,-6,7,-2,10337,27719,12720,18356,3446407,3446409,3446404,3446406,0,0,0,0
1790069373.593065,0,0,-2,1,10336,27717,12720,18355,3446437,3446439,3446434,3446436,0,0,0,0
1790069373.593065,2,2,2,-3,10334,27708,12716,18355,3446497,3446499,3446494,3446496,0,0,0,0
1790069373.6003077,4,-3,-1,-1,10333,27709,12716,18356,3446527,3446529,3446524,3446526,0,0,0,0
1790069373.8003604,-3,4,-2,3,10336,27715,12719,18358,3446587,3446589,3446584,3446586,0,0,0,0
1790069374.0027025,4,-5,0,1,10339,27717,12720,18357,3446677,3446679,3446674,3446676,0,0,0,0
1790069374.0027025,-2,-3,-10,0,10342,27714,12717,18359,3446707,3446709,3446704,3446706,0,0,0,0
1790069374.0156085,4,-1,-3,-3,10341,27707,12711,18361,3446737,3446739,3446734,3446736,0,0,0,0
1790069374.0169685,-2,2,-1,-1,10340,27703,12710,18360,3446767,3446769,3446764,3446766,0,0,0,0
1790069374.210016,2,2,-2,4,10334,27713,12718,18357,3446827,3446829,3446824,3446826,0,0,0,0
1790069374.2179906,4,1,0,0,10336,27720,12722,18356,3446857,3446859,3446854,3446856,0,0,0,0
1790069374.412724,1,1,3,-1,10345,27715,12719,18362,3446947,3446949,3446944,3446946,0,0,0,0
1790069374.4203703,-2,5,-5,-2,10343,27707,12712,18362,3447007,3447009,3447004,3447006,0,0,0,0
1790069374.6144955,-5,1,1,-1,10341,27706,12713,18361,3447037,3447039,3447034,3447036,0,0,0,0
1790069374.6204607,-1,1,-1,2,10338,27706,12714,18361,3447067,3447069,3447064,3447066,0,0,0,0
1790069374.6214573,3,2,-1,3,10338,27713,12716,18363,3447127,3447129,3447124,3447126,0,0,0,0
1790069374.8232236,-3,0,-1,1,10345,27717,12720,18364,3447187,3447189,3447184,3447186,0,0,0,0
1790069375.0294583,-3,0,-5,-1,10342,27708,12715,18361,3447307,3447309,3447304,3447306,0,0,0,0
1790069375.038084,-1,-2,3,-1,10341,27706,12713,18364,3447337,3447339,3447334,3447336,0,0,0,0
1790069375.038084,3,0,-3,-3,10340,27705,12713,18364,3447367,3447369,3447364,3447366,0,0,0,0
1790069375.2322724,0,6,-3,2,10339,27709,12715,18363,3447397,3447399,3447394,3447396,0,0,0,0
1790069375.2389953,4,-3,1,-3,10345,27719,12722,18365,3447487,3447489,3447484,3447486,0,0,0,0
1790069375.4337163,2,-2,-2,0,10345,27716,12720,18365,3447517,3447519,3447514,3447516,0,0,0,0
1790069375.4387403,0,-4,-3,-2,10346,27717,12720,18364,3447547,3447549,3447544,3447546,0,0,0,0
1790069375.4401855,-1,-2,0,-4,10334,27714,12722,18359,3447607,3447609,3447604,3447606,0,0,0,0
1790069375.6422963,3,-1,0,4,10338,27711,12720,18364,3447667,3447669,3447664,3447666,0,0,0,0
1790069375.6488764,0,-1,-1,-4,10348,27710,12717,18372,3447727,3447729,3447724,3447726,0,0,0,0
1790069375.8434172,4,4,-1,-1,10349,27714,12718,18372,3447757,3447759,3447754,3447756,0,0,0,0
1790069375.8486981,1,1,-2,-2,10349,27717,12720,18369,3447787,3447789,3447784,3447786,0,0,0,0
1790069375.8500435,4,3,-5,-6,10342,27716,12722,18364,3447847,3447849,3447844,3447846,0,0,0,0
1790069376.051602,-4,-3,-1,-3,10338,27712,12722,18363,3447877,3447879,3447874,3447876,0,0,0,0
1790069376.051602,-3,2,-1,-1,10345,27715,12723,18369,3447997,3447999,3447994,3447996,0,0,0,0
1790069376.253758,3,3,-5,-2,10349,27715,12720,18371,3448057,3448059,3448054,3448056,0,0,0,0
1790069376.2601233,-3,-1,-2,1,10349,27707,12716,18372,3448117,3448119,3448114,3448116,0,0,0,0
1790069376.4545074,1,-3,2,2,10346,27708,12717,18373,3448237,3448239,3448234,3448236,0,0,0,0
1790069376.662679,2,3,2,1,10348,27709,12718,18375,3448267,3448269,3448264,3448266,0,0,0,0
1790069376.6677556,-3,4,2,-13,10347,27716,12723,18371,3448357,3448359,3448354,3448356,0,0,0,0
1790069376.8708005,-5,4,-2,-1,10346,27714,12722,18370,3448387,3448389,3448384,3448386,0,0,0,0
1790069376.8708005,0,1,4,-1,10347,27711,12720,18371,3448417,3448419,3448414,3448416,0,0,0,0
1790069376.8708005,0,-3,-4,-4,10346,27709,12719,18372,3448477,3448479,3448474,3448476,0,0,0,0
1790069376.9479477,-1,2,2,-1,10347,27710,12719,18374,3448507,3448509,3448504,3448506,0,0,0,0
1790069376.9544673,-2,-4,1,6,10348,27714,12720,18374,3448537,3448539,3448534,3448536,0,0,0,0
1790069377.079241,2,0,-1,-1,10351,27718,12723,18375,3448597,3448599,3448594,3448596,0,0,0,0
1790069377.2799578,-2,-2,-3,-1,10351,27716,12723,18375,3448627,3448629,3448624,3448626,0,0,0,0
1790069377.2809558,1,-1,2,-3,10345,27711,12723,18370,3448687,3448689,3448684,3448686,0,0,0,0
1790069377.2939637,0,1,-1,2,10341,27711,12724,18371,3448717,3448719,3448714,3448716,0,0,0,0
1790069377.294965,-1,1,1,-1,10341,27711,12725,18372,3448747,3448749,3448744,3448746,0,0,0,0
1790069377.4540823,4,2,4,-2,10348,27718,12728,18375,3448807,3448809,3448804,3448806,0,0,0,0
1790069377.4603658,-1,1,0,-1,10348,27722,12731,18374,3448837,3448839,3448834,3448836,0,0,0,0
1790069377.6929798,-3,-3,-1,-1,10347,27723,12734,18375,3448867,3448869,3448864,3448866,0,0,0,0
1790069377.6929798,1,-2,-3,2,10351,27723,12732,18377,3448897,3448899,3448894,3448896,0,0,0,0
1790069377.6965537,-1,-1,-1,-1,10351,27720,12730,18379,3448927,3448929,3448924,3448926,0,0,0,0
1790069377.6965537,3,0,-2,0,10351,27717,12729,18378,3448957,3448959,3448954,3448956,0,0,0,0
1790069377.6965537,3,-5,-2,2,10346,27714,12731,18376,3448987,3448989,3448984,3448986,0,0,0,0
1790069377.8969312,-7,0,3,0,10344,27716,12732,18373,3449017,3449019,3449014,3449016,0,0,0,0
1790069377.8984034,-1,-2,-2,-1,10338,27719,12735,18372,3449047,3449049,3449044,3449046,0,0,0,0
1790069377.9027824,1,6,1,-1,10339,27719,12735,18374,3449077,3449079,3449074,3449076,0,0,0,0
1790069378.0989764,9,2,-2,-1,10349,27723,12736,18382,3449137,3449139,3449134,3449136,0,0,0,0
1790069378.1030595,-1,4,2,-1,10351,27723,12737,18382,3449197,3449199,3449194,3449196,0,0,0,0
1790069378.3069718,-8,0,0,0,10351,27719,12735,18382,3449227,3449229,3449224,3449226,0,0,0,0
1790069378.3089705,-4,-4,-4,2,10352,27711,12730,18384,3449287,3449289,3449284,3449286,0,0,0,0
1790069378.3156695,-8,-5,-4,-2,10349,27711,12730,18384,3449317,3449319,3449314,3449316,0,0,0,0
1790069378.4615626,-1,4,0,5,10349,27717,12734,18386,3449377,3449379,3449374,3449376,0,0,0,0
1790069378.4615626,6,-3,-3,2,10352,27722,12738,18386,3449407,3449409,3449404,3449406,0,0,0,0
1790069378.5096385,-2,5,3,-1,10353,27724,12740,18386,3449437,3449439,3449434,3449436,0,0,0,0
1790069378.5222409,-1,0,-2,1,10357,27726,12739,18388,3449467,3449469,3449464,3449466,0,0,0,0
1790069378.7162035,-1,-2,-3,-1,10354,27718,12735,18389,3449497,3449499,3449494,3449496,0,0,0,0
1790069378.717215,3,0,-4,0,10355,27716,12735,18390,3449527,3449529,3449524,3449526,0,0,0,0
1790069378.7180612,-3,1,1,-2,10352,27714,12735,18386,3449557,3449559,3449554,3449556,0,0,0,0
1790069378.7180612,-3,0,-1,1,10348,27713,12735,18385,3449587,3449589,3449584,3449586,0,0,0,0
1790069378.919873,-2,5,-5,5,10357,27716,12734,18393,3449677,3449679,3449674,3449676,0,0,0,0
1790069378.919873,1,2,1,-5,10359,27719,12736,18395,3449707,3449709,3449704,3449706,0,0,0,0
1790069379.1203825,-4,2,-4,-3,10360,27720,12737,18395,3449767,3449769,3449764,3449766,0,0,0,0
1790069379.1203825,-4,2,-4,-3,10360,27720,12737,18395,3449767,3449769,3449764,3449766,0,0,0,0
1790069379.1276345,-1,-3,-2,-3,10360,27708,12729,18396,3449857,3449859,3449854,3449856,0,0,0,0
1790069379.3295126,2,3,0,-2,10358,27714,12737,18399,3449947,3449949,3449944,3449946,0,0,0,0
1790069379.4614162,0,6,1,-3,10362,27715,12739,18406,3450007,3450009,3450004,3450006,0,0,0,0
1790069379.4614162,1,1,-3,2,10365,27718,12741,18409,3450037,3450039,3450034,3450036,0,0,0,0
1790069379.530357,-4,3,4,-2,10367,27721,12743,18408,3450067,3450069,3450064,3450066,0,0,0,0
1790069379.537135,0,1,-4,-2,10368,27723,12743,18408,3450097,3450099,3450094,3450096,0,0,0,0
1790069379.7384505,-2,-8,2,0,10366,27721,12744,18408,3450127,3450129,3450124,3450126,0,0,0,0
1790069379.9404671,-2,3,3,-1,10358,27715,12745,18404,3450247,3450249,3450244,3450246,0,0,0,0
1790069379.9450817,3,-4,0,3,10357,27717,12747,18405,3450277,3450279,3450274,3450276,0,0,0,0
1790069379.9474719,3,13,-1,0,10359,27722,12749,18407,3450307,3450309,3450304,3450306,0,0,0,0
1790069379.9474719,3,-1,4,-3,10363,27727,12754,18409,3450337,3450339,3450334,3450336,0,0,0,0
1790069380.1489606,-4,-2,1,0,10366,27729,12757,18413,3450397,3450399,3450394,3450396,0,0,0,0
1790069380.1539721,9,-1,0,1,10370,27730,12756,18414,3450457,3450459,3450454,3450456,0,0,0,0
1790069380.3495996,-4,-4,3,1,10364,27729,12759,18411,3450487,3450489,3450484,3450486,0,0,0,0
1790069380.3495996,-7,-2,0,-2,10356,27735,12769,18408,3450547,3450549,3450544,3450546,0,0,0,0
1790069380.3558104,1,-7,1,-7,10354,27732,12769,18407,3450577,3450579,3450574,3450576,0,0,0,0
1790069380.4684405,-3,-1,2,-3,10356,27731,12768,18411,3450607,3450609,3450604,3450606,0,0,0,0
1790069380.4728408,1,4,-2,-3,10358,27728,12767,18415,3450637,3450639,3450634,3450636,0,0,0,0
1790069380.5585709,4,1,-2,1,10358,27736,12770,18417,3450697,3450699,3450694,3450696,0,0,0,0
1790069380.7600324,-10,-1,1,6,10359,27738,12775,18416,3450727,3450729,3450724,3450726,0,0,0,0
1790069380.7600324,2,-6,-3,0,10358,27746,12784,18416,3450817,3450819,3450814,3450816,0,0,0,0
1790069380.9659302,2,1,-1,-1,10359,27747,12787,18417,3450847,3450849,3450844,3450846,0,0,0,0
1790069380.9678254,0,-6,-2,0,10353,27738,12784,18416,3450937,3450939,3450934,3450936,0,0,0,0
1790069381.16962,-2,2,2,0,10352,27738,12785,18417,3450967,3450969,3450964,3450966,0,0,0,0
1790069381.16962,-1,1,5,-3,10354,27741,12786,18419,3450997,3450999,3450994,3450996,0,0,0,0
1790069381.1817932,-4,-4,3,-2,10358,27747,12789,18422,3451057,3451059,3451054,3451056,0,0,0,0
1790069381.3777783,1,2,10,-3,10360,27748,12792,18423,3451087,3451089,3451084,3451086,0,0,0,0
1790069381.3777783,-2,-1,2,-1,10364,27748,12789,18423,3451117,3451119,3451114,3451116,0,0,0,0
1790069381.3777783,-2,-8,-2,-1,10357,27747,12790,18419,3451177,3451179,3451174,3451176,0,0,0,0
1790069381.4807165,1,-1,2,0,10352,27745,12792,18416,3451237,3451239,3451234,3451236,0,0,0,0
1790069381.5853877,-1,9,2,-3,10349,27747,12794,18418,3451297,3451299,3451294,3451296,0,0,0,0
1790069381.7859623,4,-1,6,0,10354,27748,12794,18421,3451327,3451329,3451324,3451326,0,0,0,0
1790069381.7875574,1,-4,2,0,10358,27752,12797,18423,3451357,3451359,3451354,3451356,0,0,0,0
1790069381.7875574,2,0,-7,-2,10358,27754,12798,18422,3451387,3451389,3451384,3451386,0,0,0,0
1790069381.7933621,2,0,1,-2,10359,27753,12797,18422,3451417,3451419,3451414,3451416,0,0,0,0
1790069381.988918,1,2,0,-3,10370,27762,12804,18428,3451447,3451449,3451444,3451446,0,0,0,0
1790069382.1954343,4,3,1,0,10370,27821,12885,18451,3451597,3451599,3451594,3451596,0,0,0,0
1790069382.196441,2,2,0,-3,10363,27844,12924,18462,3451657,3451659,3451654,3451656,0,0,0,0
1790069382.3990045,-2,2,7,5,10344,27862,12943,18448,3451687,3451689,3451684,3451686,0,0,0,0
1790069382.3990045,1,3,-2,-1,10329,27891,12998,18450,3451777,3451779,3451774,3451776,0,0,0,0
1790069382.4749966,1,2,-3,0,10288,27938,13046,18412,3451867,3451869,3451864,3451866,0,0,0,0
1790069382.6053095,-2,-3,-3,0,10281,27951,13059,18405,3451897,3451899,3451894,3451896,0,0,0,0
1790069382.8129764,-5,-3,-1,0,10255,27973,13096,18385,3452047,3452049,3452044,3452046,0,0,0,0
1790069383.0143528,-2,0,1,2,10251,27977,13103,18384,3452077,3452079,3452074,3452076,0,0,0,0
1790069383.0163941,4,0,1,-3,10243,27987,13119,18383,3452167,3452169,3452164,3452166,0,0,0,0
1790069383.2171142,3,-2,1,2,10236,27994,13129,18381,3452197,3452199,3452194,3452196,0,0,0,0
1790069383.2171142,1,-5,-3,0,10220,28020,13162,18368,3452287,3452289,3452284,3452286,0,0,0,0
1790069383.4241407,2,2,-1,-1,10217,28028,13172,18368,3452317,3452319,3452314,3452316,0,0,0,0
1790069383.4261909,5,1,0,-5,10205,28050,13203,18366,3452407,3452409,3452404,3452406,0,0,0,0
1790069383.481895,3,2,1,-3,10203,28056,13216,18365,3452437,3452439,3452434,3452436,0,0,0,0
1790069383.5002022,-1,-2,1,0,10203,28061,13223,18366,3452467,3452469,3452464,3452466,0,0,0,0
1790069383.5573137,-2,9,0,3,10202,28064,13229,18368,3452497,3452499,3452494,3452496,0,0,0,0
1790069383.6413498,0,-2,6,3,10199,28066,13235,18369,3452527,3452529,3452524,3452526,0,0,0,0
1790069383.8354676,-7,-2,-4,-1,10199,28067,13240,18370,3452557,3452559,3452554,3452556,0,0,0,0
1790069383.8354676,1,-5,-2,-5,10192,28067,13253,18371,3452647,3452649,3452644,3452646,0,0,0,0
1790069384.036811,0,2,-7,1,10190,28066,13253,18370,3452677,3452679,3452674,3452676,0,0,0,0
1790069384.0433793,-3,-2,2,5,10183,28069,13254,18365,3452767,3452769,3452764,3452766,0,0,0,0
1790069384.2437944,-2,-2,-3,-2,10191,28077,13259,18371,3452857,3452859,3452854,3452856,0,0,0,0
1790069384.2526147,1,2,-2,-1,10193,28079,13261,18370,3452917,3452919,3452914,3452916,0,0,0,0
1790069384.4469166,1,4,0,0,10191,28080,13264,18370,3452947,3452949,3452944,3452946,0,0,0,0
1790069384.4601948,-2,-2,-1,5,10184,28071,13261,18367,3453037,3453039,3453034,3453036,0,0,0,0
1790069384.4871004,-2,-2,-1,5,10184,28071,13261,18367,3453037,3453039,3453034,3453036,0,0,0,0
1790069384.6528845,-2,0,-3,-5,10181,28072,13260,18366,3453097,3453099,3453094,3453096,0,0,0,0
1790069384.6558917,-1,-1,3,-4,10188,28071,13258,18371,3453157,3453159,3453154,3453156,0,0,0,0
1790069384.8567991,-1,-1,-3,8,10194,28070,13256,18376,3453187,3453189,3453184,3453186,0,0,0,0
1790069384.8567991,-3,1,-1,4,10189,28085,13269,18368,3453277,3453279,3453274,3453276,0,0,0,0
1790069385.0632463,-1,-3,5,-4,10186,28083,13270,18367,3453307,3453309,3453304,3453306,0,0,0,0
1790069385.065281,-5,-3,-5,-3,10189,28069,13259,18372,3453397,3453399,3453394,3453396,0,0,0,0
1790069385.267553,-3,1,-2,-4,10188,28069,13258,18371,3453427,3453429,3453424,3453426,0,0,0,0
1790069385.2712936,0,2,1,-4,10185,28082,13267,18367,3453517,3453519,3453514,3453516,0,0,0,0
1790069385.47351,-2,-1,3,-1,10187,28082,13268,18369,3453547,3453549,3453544,3453546,0,0,0,0
1790069385.4748292,-4,-4,-2,-2,10189,28077,13265,18371,3453637,3453639,3453634,3453636,0,0,0,0
1790069385.6753297,-4,-3,-2,-1,10186,28075,13264,18370,3453667,3453669,3453664,3453666,0,0,0,0
1790069385.6753297,1,-7,0,0,10179,28076,13267,18365,3453727,3453729,3453724,3453726,0,0,0,0
1790069385.6806073,7,6,-5,1,10177,28078,13266,18363,3453757,3453759,3453754,3453756,0,0,0,0
1790069385.8820217,-4,4,6,0,10179,28079,13265,18365,3453787,3453789,3453784,3453786,0,0,0,0
1790069385.8838527,2,-4,-1,-11,10188,28083,13268,18371,3453847,3453849,3453844,3453846,0,0,0,0
1790069385.8907216,2,-1,-4,-2,10188,28085,13272,18371,3453907,3453909,3453904,3453906,0,0,0,0
1790069386.085606,1,2,-6,6,10185,28082,13272,18370,3453967,3453969,3453964,3453966,0,0,0,0
1790069386.099192,-2,-5,0,-5,10181,28078,13270,18368,3454027,3454029,3454024,3454026,0,0,0,0
1790069386.2932937,3,-1,2,3,10179,28076,13269,18368,3454057,3454059,3454054,3454056,0,0,0,0
1790069386.2932937,-9,-1,0,3,10178,28077,13270,18368,3454087,3454089,3454084,3454086,0,0,0,0
1790069386.3005006,-4,0,-1,0,10180,28089,13278,18366,3454147,3454149,3454144,3454146,0,0,0,0
1790069386.4872093,-1,1,-2,-3,10183,28090,13279,18368,3454177,3454179,3454174,3454176,0,0,0,0
1790069386.4872093,5,-3,2,3,10186,28089,13277,18371,3454207,3454209,3454204,3454206,0,0,0,0
1790069386.7020178,1,-5,-4,-2,10185,28084,13277,18371,3454267,3454269,3454264,3454266,0,0,0,0
1790069386.7033453,-4,1,2,-2,10181,28083,13277,18370,3454297,3454299,3454294,3454296,0,0,0,0
1790069386.7033453,1,-1,-2,1,10180,28082,13276,18366,3454327,3454329,3454324,3454326,0,0,0,0
1790069386.715908,2,-3,3,-2,10176,28079,13275,18365,3454357,3454359,3454354,3454356,0,0,0,0
1790069386.904218,0,4,-3,3,10178,28088,13279,18367,3454447,3454449,3454444,3454446,0,0,0,0
1790069386.9182043,-2,4,8,-1,10181,28090,13283,18367,3454477,3454479,3454474,3454476,0,0,0,0
1790069387.1107874,-8,1,4,1,10184,28092,13281,18369,3454507,3454509,3454504,3454506,0,0,0,0
1790069387.1117938,-2,2,1,0,10184,28089,13284,18370,3454567,3454569,3454564,3454566,0,0,0,0
1790069387.119237,-4,-4,-3,-4,10184,28084,13281,18371,3454597,3454599,3454594,3454596,0,0,0,0
1790069387.313541,1,2,-1,-1,10179,28082,13277,18370,3454687,3454689,3454684,3454686,0,0,0,0
1790069387.320354,2,0,7,5,10179,28086,13280,18369,3454717,3454719,3454714,3454716,0,0,0,0
1790069387.4944777,-1,3,4,0,10184,28088,13281,18372,3454777,3454779,3454774,3454776,0,0,0,0
1790069387.501327,0,-2,3,1,10185,28090,13286,18371,3454867,3454869,3454864,3454866,0,0,0,0
1790069387.7233846,-5,-2,-4,1,10181,28089,13288,18370,3454897,3454899,3454894,3454896,0,0,0,0
1790069387.7233846,-5,-2,-1,-1,10180,28079,13277,18373,3454987,3454989,3454984,3454986,0,0,0,0
1790069387.930833,2,-1,3,-1,10184,28094,13288,18373,3455107,3455109,3455104,3455106,0,0,0,0
1790069387.9386506,-5,2,-4,1,10186,28092,13288,18373,3455137,3455139,3455134,3455136,0,0,0,0
1790069388.13249,-1,-3,2,-1,10183,28088,13286,18373,3455197,3455199,3455194,3455196,0,0,0,0
1790069388.1401567,3,4,-4,0,10181,28082,13284,18371,3455257,3455259,3455254,3455256,0,0,0,0
1790069388.3409922,1,3,1,-2,10187,28090,13287,18377,3455377,3455379,3455374,3455376,0,0,0,0
1790069388.501767,0,-6,2,1,10189,28089,13287,18377,3455437,3455439,3455434,3455436,0,0,0,0
1790069388.5210955,1,13,1,3,10188,28086,13285,18377,3455467,3455469,3455464,3455466,0,0,0,0
1790069388.7446585,1,-3,1,-5,10186,28081,13282,18376,3455497,3455499,3455494,3455496,0,0,0,0
1790069388.7511175,-7,1,5,-5,10181,28082,13283,18373,3455527,3455529,3455524,3455526,0,0,0,0
1790069388.7511175,2,0,1,-1,10185,28084,13283,18376,3455617,3455619,3455614,3455616,0,0,0,0
1790069388.9523609,-2,-5,-1,-2,10188,28091,13288,18377,3455677,3455679,3455674,3455676,0,0,0,0
1790069388.9591548,1,-5,6,7,10187,28093,13291,18375,3455707,3455709,3455704,3455706,0,0,0,0
1790069389.159627,1,2,-1,-4,10179,28086,13287,18372,3455797,3455799,3455794,3455796,0,0,0,0
1790069389.161104,0,3,1,-2,10178,28085,13285,18372,3455857,3455859,3455854,3455856,0,0,0,0
1790069389.3617134,-5,1,4,0,10182,28093,13290,18374,3455917,3455919,3455914,3455916,0,0,0,0
1790069389.3685155,-7,0,4,4,10184,28096,13292,18374,3455947,3455949,3455944,3455946,0,0,0,0
1790069389.3685155,-3,2,1,1,10184,28096,13294,18374,3455977,3455979,3455974,3455976,0,0,0,0
1790069389.5076997,-1,-4,-2,1,10181,28091,13293,18373,3456037,3456039,3456034,3456036,0,0,0,0
1790069389.5202503,-1,-7,3,1,10179,28088,13291,18372,3456067,3456069,3456064,3456066,0,0,0,0
1790069389.5771682,0,5,1,1,10176,28089,13291,18370,3456097,3456099,3456094,3456096,0,0,0,0
1790069389.7712657,0,-2,1,-7,10184,28096,13295,18376,3456187,3456189,3456184,3456186,0,0,0,0
1790069389.7788374,2,-1,0,-2,10188,28096,13295,18378,3456217,3456219,3456214,3456216,0,0,0,0
1790069389.9788165,3,-2,-2,0,10182,28093,13298,18376,3456307,3456309,3456304,3456306,0,0,0,0
1790069389.980203,-3,0,-7,-5,10178,28088,13296,18375,3456337,3456339,3456334,3456336,0,0,0,0
1790069390.1811373,7,0,1,3,10182,28088,13292,18379,3456397,3456399,3456394,3456396,0,0,0,0
1790069390.1946342,1,0,-1,2,10185,28093,13295,18379,3456427,3456429,3456424,3456426,0,0,0,0
1790069390.1959925,1,-2,-3,-2,10186,28096,13299,18380,3456457,3456459,3456454,3456456,0,0,0,0
1790069390.3884444,0,-1,0,-3,10186,28103,13306,18379,3456517,3456519,3456514,3456516,0,0,0,0
1790069390.3970397,-1,1,4,1,10180,28097,13306,18378,3456577,3456579,3456574,3456576,0,0,0,0
1790069390.5081313,-5,-3,-1,-4,10182,28090,13302,18380,3456607,3456609,3456604,3456606,0,0,0,0
1790069390.590971,4,7,-5,-3,10183,28099,13306,18380,3456697,3456699,3456694,3456696,0,0,0,0
1790069390.5978162,0,3,-2,1,10184,28101,13308,18380,3456727,3456729,3456724,3456726,0,0,0,0
1790069390.7979178,-3,-4,-1,1,10186,28103,13312,18381,3456787,3456789,3456784,3456786,0,0,0,0
1790069390.7989285,-3,-4,-4,0,10182,28098,13309,18381,3456817,3456819,3456814,3456816,0,0,0,0
1790069390.7989285,-7,1,0,-3,10180,28092,13306,18379,3456847,3456849,3456844,3456846,0,0,0,0
1790069391.0006244,-6,-2,-3,-1,10179,28092,13304,18380,3456877,3456879,3456874,3456876,0,0,0,0
1790069391.0006244,1,-3,4,-1,10183,28098,13305,18381,3456937,3456939,3456934,3456936,0,0,0,0
1790069391.0080595,1,4,3,1,10187,28100,13307,18384,3456967,3456969,3456964,3456966,0,0,0,0
1790069391.2076359,-4,-2,-5,1,10186,28103,13311,18382,3457027,3457029,3457024,3457026,0,0,0,0
1790069391.2089615,2,0,-3,-1,10179,28097,13312,18378,3457087,3457089,3457084,3457086,0,0,0,0
1790069391.4105852,1,1,0,0,10177,28092,13308,18379,3457117,3457119,3457114,3457116,0,0,0,0
1790069391.4105852,3,2,-3,-3,10181,28098,13308,18381,3457147,3457149,3457144,3457146,0,0,0,0
1790069391.4105852,0,-1,-2,1,10185,28101,13311,18383,3457177,3457179,3457174,3457176,0,0,0,0
1790069391.4172556,2,1,3,-3,10185,28105,13312,18383,3457207,3457209,3457204,3457206,0,0,0,0
1790069391.5205874,-1,-3,2,2,10187,28103,13314,18383,3457267,3457269,3457264,3457266,0,0,0,0
1790069391.6123273,-1,11,-5,-3,10182,28095,13309,18381,3457327,3457329,3457324,3457326,0,0,0,0
1790069391.8203387,-4,4,-4,-3,10177,28096,13309,18380,3457357,3457359,3457354,3457356,0,0,0,0
1790069391.8203387,3,4,0,5,10178,28098,13310,18381,3457387,3457389,3457384,3457386,0,0,0,0
1790069391.8203387,0,2,0,1,10185,28105,13315,18384,3457447,3457449,3457444,3457446,0,0,0,0
1790069392.026922,0,-2,-2,0,10189,28106,13315,18386,3457477,3457479,3457474,3457476,0,0,0,0
1790069392.0282333,0,-1,0,12,10188,28103,13315,18386,3457507,3457509,3457504,3457506,0,0,0,0
1790069392.0282333,-3,2,0,0,10184,28100,13314,18383,3457537,3457539,3457534,3457536,0,0,0,0
1790069392.0353675,-1,1,1,2,10179,28095,13311,18381,3457597,3457599,3457594,3457596,0,0,0,0
1790069392.2300127,8,-1,1,0,10180,28096,13311,18383,3457627,3457629,3457624,3457626,0,0,0,0
1790069392.2300127,4,-2,0,-4,10184,28098,13311,18385,3457657,3457659,3457654,3457656,0,0,0,0
1790069392.236032,-5,-3,3,0,10188,28105,13316,18386,3457717,3457719,3457714,3457716,0,0,0,0
1790069392.437514,-2,-3,-2,2,10184,28100,13317,18383,3457777,3457779,3457774,3457776,0,0,0,0
1790069392.437514,1,3,-1,1,10177,28100,13318,18381,3457837,3457839,3457834,3457836,0,0,0,0
1790069392.5205848,-6,1,1,1,10175,28099,13318,18380,3457867,3457869,3457864,3457866,0,0,0,0
1790069392.6410327,2,-3,2,-5,10183,28106,13320,18386,3457927,3457929,3457924,3457926,0,0,0,0
1790069392.845519,-2,4,2,-1,10185,28110,13325,18386,3457957,3457959,3457954,3457956,0,0,0,0
1790069393.0492473,-1,-3,-4,3,10176,28099,13321,18382,3458107,3458109,3458104,3458106,0,0,0,0
1790069393.0492473,-1,-6,-2,-3,10177,28100,13321,18383,3458137,3458139,3458134,3458136,0,0,0,0
1790069393.0613446,5,1,3,0,10177,28112,13329,18382,3458197,3458199,3458194,3458196,0,0,0,0
1790069393.2505038,5,5,-4,3,10180,28113,13331,18385,3458227,3458229,3458224,3458226,0,0,0,0
1790069393.2560182,-1,0,-1,0,10183,28115,13331,18386,3458257,3458259,3458254,3458256,0,0,0,0
1790069393.2573533,1,0,-4,-8,10181,28108,13332,18383,3458317,3458319,3458314,3458316,0,0,0,0
1790069393.4589589,0,-1,1,-1,10178,28102,13325,18386,3458377,3458379,3458374,3458376,0,0,0,0
1790069393.4653323,-4,-6,-3,-2,10181,28112,13329,18387,3458437,3458439,3458434,3458436,0,0,0,0
1790069393.5412252,5,-1,4,3,10183,28112,13330,18388,3458467,3458469,3458464,3458466,0,0,0,0
1790069393.576203,1,-3,-4,-2,10187,28111,13331,18388,3458497,3458499,3458494,3458496,0,0,0,0
1790069393.6600177,2,-1,-1,-4,10187,28108,13329,18390,3458527,3458529,3458524,3458526,0,0,0,0
1790069393.86851,-3,-2,-1,1,10174,28107,13329,18382,3458617,3458619,3458614,3458616,0,0,0,0
1790069393.8754823,1,5,-3,4,10183,28111,13329,18390,3458677,3458679,3458674,3458676,0,0,0,0
1790069394.0701272,2,3,-2,-3,10186,28113,13331,18389,3458707,3458709,3458704,3458706,0,0,0,0
1790069394.0757797,-4,0,-2,-1,10179,28104,13329,18385,3458797,3458799,3458794,3458796,0,0,0,0
1790069394.278218,-4,8,1,-4,10182,28114,13334,18388,3458917,3458919,3458914,3458916,0,0,0,0
1790069394.4855418,3,-2,-2,0,10180,28102,13325,18388,3459067,3459069,3459064,3459066,0,0,0,0
1790069394.5408974,0,3,8,-2,10178,28105,13327,18387,3459097,3459099,3459094,3459096,0,0,0,0
1790069394.6874309,4,-5,-1,3,10179,28111,13333,18387,3459127,3459129,3459124,3459126,0,0,0,0
1790069394.7009664,-4,0,3,4,10202,28128,13355,18405,3459187,3459189,3459184,3459186,0,0,0,0
1790069394.8937402,1,1,2,1,10193,28120,13373,18418,3459217,3459219,3459214,3459216,0,0,0,0
1790069394.894977,-5,0,-3,-2,10186,28125,13375,18412,3459247,3459249,3459244,3459246,0,0,0,0
1790069394.9009528,6,1,2,0,10184,28132,13382,18410,3459277,3459279,3459274,3459276,0,0,0,0
1790069395.0975626,3,2,-4,-1,10188,28137,13387,18410,3459307,3459309,3459304,3459306,0,0,0,0
1790069395.0975626,-3,1,2,-4,10188,28130,13383,18413,3459397,3459399,3459394,3459396,0,0,0,0
1790069395.2990103,0,-1,-1,-3,10184,28126,13380,18410,3459427,3459429,3459424,3459426,0,0,0,0
1790069395.3041847,-3,6,0,1,10181,28128,13380,18408,3459487,3459489,3459484,3459486,0,0,0,0
1790069395.305595,-2,-1,-4,3,10185,28130,13382,18412,3459517,3459519,3459514,3459516,0,0,0,0
1790069395.3111315,4,1,4,0,10189,28132,13382,18414,3459547,3459549,3459544,3459546,0,0,0,0
1790069395.507267,-4,-2,2,3,10196,28139,13386,18417,3459577,3459579,3459574,3459576,0,0,0,0
1790069395.507267,-1,-5,-1,2,10204,28154,13401,18420,3459607,3459609,3459604,3459606,0,0,0,0
1790069395.513332,-1,-2,3,2,10203,28173,13438,18434,3459667,3459669,3459664,3459666,0,0,0,0
1790069395.7123895,3,-1,5,3,10196,28175,13440,18427,3459697,3459699,3459694,3459696,0,0,0,0
1790069395.7206767,-5,0,-6,-2,10186,28163,13434,18422,3459787,3459789,3459784,3459786,0,0,0,0
1790069395.9165878,1,-4,1,6,10187,28163,13433,18422,3459817,3459819,3459814,3459816,0,0,0,0
1790069395.9165878,0,2,4,-2,10188,28166,13435,18423,3459847,3459849,3459844,3459846,0,0,0,0
1790069395.9165878,-3,1,2,1,10189,28169,13438,18425,3459877,3459879,3459874,3459876,0,0,0,0
1790069395.9231882,-2,3,-1,0,10192,28176,13439,18427,3459907,3459909,3459904,3459906,0,0,0,0
1790069396.1241453,-3,1,-2,-4,10196,28175,13440,18427,3459967,3459969,3459964,3459966,0,0,0,0
1790069396.132292,-1,-3,-3,5,10191,28170,13439,18424,3460027,3460029,3460024,3460026,0,0,0,0
1790069396.326542,-6,0,-2,-4,10187,28166,13437,18421,3460087,3460089,3460084,3460086,0,0,0,0
1790069396.3336031,3,0,-5,3,10192,28169,13435,18427,3460177,3460179,3460174,3460176,0,0,0,0
1790069396.5279794,-2,2,0,4,10198,28176,13438,18428,3460237,3460239,3460234,3460236,0,0,0,0
1790069396.534591,-6,-1,-2,-3,10191,28178,13445,18424,3460297,3460299,3460294,3460296,0,0,0,0
1790069396.7351613,-4,-4,-2,0,10188,28173,13443,18421,3460327,3460329,3460324,3460326,0,0,0,0
1790069396.7361686,4,-4,-2,-1,10192,28161,13429,18427,3460417,3460419,3460414,3460416,0,0,0,0
1790069396.9371676,2,2,1,1,10191,28168,13433,18426,3460447,3460449,3460444,3460446,0,0,0,0
1790069396.9371676,0,-2,-1,-2,10193,28178,13444,18424,3460537,3460539,3460534,3460536,0,0,0,0
1790069397.1453848,-6,-6,6,-2,10195,28175,13443,18426,3460567,3460569,3460564,3460566,0,0,0,0
1790069397.1453848,-4,-4,0,-4,10191,28171,13438,18424,3460627,3460629,3460624,3460626,0,0,0,0
1790069397.1453848,-2,1,0,3,10188,28169,13438,18422,3460657,3460659,3460654,3460656,0,0,0,0
1790069397.3467302,1,0,-6,0,10186,28166,13438,18421,3460687,3460689,3460684,3460686,0,0,0,0
1790069397.541446,1,-2,-4,2,10197,28165,13435,18429,3460897,3460899,3460894,3460896,0,0,0,0
1790069397.7623255,1,0,0,2,10182,28171,13441,18420,3460987,3460989,3460984,3460986,0,0,0,0
1790069397.9641955,0,1,1,6,10184,28169,13439,18421,3461017,3461019,3461014,3461016,0,0,0,0
1790069397.9655492,1,10,5,0,10196,28180,13443,18426,3461137,3461139,3461134,3461136,0,0,0,0
1790069398.16643,-4,-13,1,-5,10193,28169,13438,18426,3461197,3461199,3461194,3461196,0,0,0,0
1790069398.3739364,0,8,-1,-3,10185,28169,13438,18421,3461287,3461289,3461284,3461286,0,0,0,0
1790069398.3749893,2,4,-1,1,10189,28170,13438,18424,3461317,3461319,3461314,3461316,0,0,0,0
1790069398.3759878,-1,4,-18,-4,10197,28174,13437,18428,3461377,3461379,3461374,3461376,0,0,0,0
1790069398.5416472,-12,0,-6,-2,10193,28177,13445,18425,3461437,3461439,3461434,3461436,0,0,0,0
1790069398.548188,-3,-3,0,-1,10191,28178,13446,18423,3461467,3461469,3461464,3461466,0,0,0,0
1790069398.7835398,-1,-7,1,-2,10187,28169,13441,18421,3461497,3461499,3461494,3461496,0,0,0,0
1790069398.7848768,0,0,-1,-1,10190,28171,13439,18426,3461587,3461589,3461584,3461586,0,0,0,0
1790069398.7986147,1,-6,-2,1,10192,28177,13442,18427,3461617,3461619,3461614,3461616,0,0,0,0
1790069398.986319,2,2,1,-1,10194,28182,13446,18424,3461647,3461649,3461644,3461646,0,0,0,0
1790069398.9924035,7,-13,3,0,10192,28185,13451,18422,3461677,3461679,3461674,3461676,0,0,0,0
1790069398.9924035,-5,-4,-3,-4,10191,28180,13450,18422,3461707,3461709,3461704,3461706,0,0,0,0
1790069398.999984,2,-1,-1,0,10191,28172,13440,18424,3461737,3461739,3461734,3461736,0,0,0,0
1790069399.1933477,0,1,5,-4,10193,28166,13435,18426,3461767,3461769,3461764,3461766,0,0,0,0
1790069399.1946788,2,-1,1,-1,10181,28172,13443,18419,3461827,3461829,3461824,3461826,0,0,0,0
1790069399.2002826,-1,0,2,3,10182,28176,13444,18420,3461857,3461859,3461854,3461856,0,0,0,0
1790069399.3540843,3,1,-1,3,10189,28178,13446,18424,3461887,3461889,3461884,3461886,0,0,0,0
1790069399.3540843,-5,-2,12,3,10192,28180,13446,18425,3461917,3461919,3461914,3461916,0,0,0,0
1790069399.3540843,1,1,4,-1,10195,28182,13446,18424,3461947,3461949,3461944,3461946,0,0,0,0
1790069399.3956954,2,-3,-3,-1,10192,28180,13447,18422,3461977,3461979,3461974,3461976,0,0,0,0
1790069399.547801,2,-6,4,-2,10189,28178,13447,18422,3462007,3462009,3462004,3462006,0,0,0,0
1790069399.5536423,-1,3,-5,-2,10186,28172,13443,18421,3462037,3462039,3462034,3462036,0,0,0,0
1790069399.560488,3,-4,-1,0,10186,28171,13442,18421,3462067,3462069,3462064,3462066,0,0,0,0
1790069399.602491,3,-1,2,-1,10185,28171,13440,18421,3462097,3462099,3462094,3462096,0,0,0,0
1790069399.8118708,0,7,6,-4,10190,28176,13441,18423,3462127,3462129,3462124,3462126,0,0,0,0
1790069399.8118708,1,-4,2,1,10199,28177,13443,18427,3462217,3462219,3462214,3462216,0,0,0,0
1790069400.0120862,-3,2,-2,-5,10198,28175,13442,18427,3462247,3462249,3462244,3462246,0,0,0,0
1790069400.0135174,7,-8,-5,6,10184,28168,13441,18420,3462337,3462339,3462334,3462336,0,0,0,0
1790069400.020331,1,3,-1,-5,10183,28169,13440,18422,3462367,3462369,3462364,3462366,0,0,0,0
1790069400.2146614,-2,1,0,-3,10190,28175,13442,18422,3462397,3462399,3462394,3462396,0,0,0,0
1790069400.2146614,2,2,3,-1,10194,28182,13448,18424,3462457,3462459,3462454,3462456,0,0,0,0
1790069400.2202866,2,-3,-2,2,10193,28182,13449,18424,3462487,3462489,3462484,3462486,0,0,0,0
1790069400.3260674,-1,-5,-2,-2,10192,28178,13448,18422,3462517,3462519,3462514,3462516,0,0,0,0
1790069400.3328521,-3,-5,-6,2,10187,28169,13440,18422,3462577,3462579,3462574,3462576,0,0,0,0
1790069400.5486486,-16,-1,2,1,10186,28173,13439,18423,3462637,3462639,3462634,3462636,0,0,0,0
1790069400.5486486,4,-2,5,-3,10190,28175,13442,18426,3462667,3462669,3462664,3462666,0,0,0,0
1790069400.5538647,1,2,-2,1,10193,28178,13445,18427,3462697,3462699,3462694,3462696,0,0,0,0
1790069400.6386428,4,-1,1,-5,10195,28177,13445,18426,3462757,3462759,3462754,3462756,0,0,0,0
1790069400.833261,-1,0,1,-7,10186,28173,13443,18422,3462847,3462849,3462844,3462846,0,0,0,0
1790069400.8401344,-1,1,-1,-3,10205,28192,13455,18432,3462877,3462879,3462874,3462876,0,0,0,0
1790069401.0346303,2,-2,4,-3,10216,28219,13493,18451,3462937,3462939,3462934,3462936,0,0,0,0
1790069401.0401752,-6,-2,0,2,10204,28233,13509,18438,3462997,3462999,3462994,3462996,0,0,0,0
1790069401.2424402,-3,2,-4,3,10196,28218,13504,18435,3463117,3463119,3463114,3463116,0,0,0,0
1790069401.4511178,0,4,-3,-1,10197,28217,13500,18436,3463177,3463179,3463174,3463176,0,0,0,0
1790069401.4635258,-1,0,5,5,10199,28225,13505,18438,3463237,3463239,3463234,3463236,0,0,0,0
1790069401.5607169,-2,-2,-1,-1,10199,28236,13513,18436,3463297,3463299,3463294,3463296,0,0,0,0
1790069401.6594565,-3,1,1,-1,10202,28235,13513,18436,3463327,3463329,3463324,3463326,0,0,0,0
1790069401.6594565,0,0,0,-3,10201,28234,13512,18436,3463357,3463359,3463354,3463356,0,0,0,0
1790069401.8544438,5,-4,-4,0,10200,28233,13510,18434,3463387,3463389,3463384,3463386,0,0,0,0
1790069401.8593202,-3,-2,4,-4,10195,28225,13508,18433,3463417,3463419,3463414,3463416,0,0,0,0
1790069401.8610528,3,0,-1,2,10197,28221,13502,18435,3463477,3463479,3463474,3463476,0,0,0,0
1790069402.062227,-5,1,2,4,10194,28222,13505,18435,3463537,3463539,3463534,3463536,0,0,0,0
1790069402.2698383,-1,10,-5,1,10208,28234,13508,18441,3463657,3463659,3463654,3463656,0,0,0,0
1790069402.2767162,-3,-2,-4,-5,10198,28229,13511,18434,3463717,3463719,3463714,3463716,0,0,0,0
1790069402.4714983,2,-1,2,-3,10197,28219,13504,18435,3463777,3463779,3463774,3463776,0,0,0,0
1790069402.4784853,-1,4,-3,-1,10203,28214,13496,18442,3463837,3463839,3463834,3463836,0,0,0,0
1790069402.5602784,-4,-2,-3,2,10200,28233,13511,18438,3463897,3463899,3463894,3463896,0,0,0,0
1790069402.679294,3,1,-2,1,10204,28234,13511,18437,3463957,3463959,3463954,3463956,0,0,0,0
1790069402.8805246,0,-3,-1,6,10211,28224,13504,18439,3464077,3464079,3464074,3464076,0,0,0,0
1790069403.0824082,2,-1,-5,1,10237,28231,13506,18455,3464107,3464109,3464104,3464106,0,0,0,0
1790069403.0824082,2,4,2,-4,10251,28241,13509,18468,3464167,3464169,3464164,3464166,0,0,0,0
1790069403.2897837,-5,-6,-2,-3,10220,28259,13531,18443,3464227,3464229,3464224,3464226,0,0,0,0
1790069403.2912233,-4,-1,2,2,10218,28256,13532,18441,3464287,3464289,3464284,3464286,0,0,0,0
1790069403.2912233,0,-1,1,-5,10219,28250,13526,18443,3464317,3464319,3464314,3464316,0,0,0,0
1790069403.4920974,-2,3,0,-1,10221,28258,13527,18445,3464377,3464379,3464374,3464376,0,0,0,0
1790069403.4989917,0,-1,-2,2,10218,28272,13539,18442,3464437,3464439,3464434,3464436,0,0,0,0
1790069403.5652502,3,4,6,-2,10223,28273,13539,18443,3464467,3464469,3464464,3464466,0,0,0,0
1790069403.7002058,-5,-6,1,4,10222,28266,13534,18443,3464557,3464559,3464554,3464556,0,0,0,0
1790069403.9012372,-2,-1,1,0,10214,28261,13536,18439,3464617,3464619,3464614,3464616,0,0,0,0
1790069403.9082005,-1,6,3,3,10216,28261,13534,18442,3464677,3464679,3464674,3464676,0,0,0,0
1790069403.9082005,-6,3,2,-1,10221,28264,13533,18443,3464707,3464709,3464704,3464706,0,0,0,0
1790069404.1099203,0,-3,-1,3,10223,28272,13536,18445,3464737,3464739,3464734,3464736,0,0,0,0
1790069404.1099203,-1,-1,-1,-2,10217,28276,13545,18438,3464827,3464829,3464824,3464826,0,0,0,0
1790069404.312053,-6,2,-6,0,10221,28274,13544,18441,3464857,3464859,3464854,3464856,0,0,0,0
1790069404.312053,-2,-4,-2,-1,10220,28266,13538,18442,3464887,3464889,3464884,3464886,0,0,0,0
1790069404.3182662,-2,0,2,0,10216,28261,13536,18439,3464917,3464919,3464914,3464916,0,0,0,0
1790069404.5615206,0,-1,2,-2,10217,28259,13533,18442,3464977,3464979,3464974,3464976,0,0,0,0
1790069404.5669022,5,3,2,-6,10223,28276,13541,18443,3465097,3465099,3465094,3465096,0,0,0,0
1790069404.7207558,0,0,-1,-4,10222,28279,13545,18441,3465127,3465129,3465124,3465126,0,0,0,0
1790069404.7207558,-2,-10,1,-2,10220,28271,13541,18442,3465187,3465189,3465184,3465186,0,0,0,0
1790069404.9287012,-7,-5,-4,2,10220,28263,13537,18442,3465217,3465219,3465214,3465216,0,0,0,0
1790069404.942826,1,-5,-4,-2,10213,28262,13535,18439,3465307,3465309,3465304,3465306,0,0,0,0
1790069404.942826,2,2,1,2,10217,28265,13535,18442,3465337,3465339,3465334,3465336,0,0,0,0
1790069405.1370633,2,10,-5,1,10218,28272,13536,18442,3465397,3465399,3465394,3465396,0,0,0,0
1790069405.1380844,0,-4,-7,0,10220,28276,13541,18442,3465427,3465429,3465424,3465426,0,0,0,0
1790069405.3379712,-1,4,6,3,10223,28276,13542,18443,3465457,3465459,3465454,3465456,0,0,0,0
1790069405.3393264,-6,-1,-1,2,10219,28268,13538,18441,3465547,3465549,3465544,3465546,0,0,0,0
1790069405.5399752,2,-2,-6,2,10214,28261,13535,18439,3465637,3465639,3465634,3465636,0,0,0,0
1790069405.5473998,-2,0,1,2,10219,28262,13533,18443,3465667,3465669,3465664,3465666,0,0,0,0
1790069405.5473998,-1,-1,6,0,10220,28265,13533,18444,3465697,3465699,3465694,3465696,0,0,0,0
1790069405.7476835,-4,-5,-1,-4,10221,28278,13545,18441,3465787,3465789,3465784,3465786,0,0,0,0
1790069405.7486916,0,3,-6,-1,10228,28287,13550,18445,3465817,3465819,3465814,3465816,0,0,0,0
1790069405.950049,3,1,5,-3,10243,28304,13562,18456,3465847,3465849,3465844,3465846,0,0,0,0
1790069405.9555902,-1,-3,2,-3,10220,28329,13608,18450,3465937,3465939,3465934,3465936,0,0,0,0
1790069406.157679,-1,4,2,4,10213,28333,13612,18445,3465967,3465969,3465964,3465966,0,0,0,0
1790069406.159872,1,2,-1,-2,10213,28339,13615,18446,3466057,3466059,3466054,3466056,0,0,0,0
1790069406.3624802,1,2,6,2,10216,28346,13618,18447,3466087,3466089,3466084,3466086,0,0,0,0
1790069406.37218,-4,-2,3,-4,10218,28353,13623,18447,3466177,3466179,3466174,3466176,0,0,0,0
1790069406.56068,-2,0,0,1,10218,28352,13624,18445,3466207,3466209,3466204,3466206,0,0,0,0
1790069406.5679169,-3,-3,-1,-1,10215,28332,13613,18447,3466297,3466299,3466294,3466296,0,0,0,0
1790069406.7689648,1,1,-2,-1,10216,28332,13611,18447,3466327,3466329,3466324,3466326,0,0,0,0
1790069406.7689648,2,5,2,-1,10214,28351,13622,18445,3466417,3466419,3466414,3466416,0,0,0,0
1790069406.952125,1,4,-1,2,10218,28353,13624,18446,3466477,3466479,3466474,3466476,0,0,0,0
1790069406.9592965,-2,1,-3,-5,10219,28355,13625,18445,3466507,3466509,3466504,3466506,0,0,0,0
1790069407.1792789,1,3,-4,0,10217,28352,13626,18445,3466537,3466539,3466534,3466536,0,0,0,0
1790069407.1792789,3,0,1,1,10212,28337,13616,18443,3466657,3466659,3466654,3466656,0,0,0,0
1790069407.3874059,-1,2,5,-1,10217,28354,13624,18446,3466777,3466779,3466774,3466776,0,0,0,0
1790069407.5824955,-2,0,-1,1,10217,28358,13627,18445,3466807,3466809,3466804,3466806,0,0,0,0
1790069407.7978377,1,-1,-1,-3,10203,28349,13628,18436,3467017,3467019,3467014,3467016,0,0,0,0
1790069407.8044841,0,0,-3,0,10206,28346,13625,18438,3467047,3467049,3467044,3467046,0,0,0,0
1790069407.998721,-4,3,-1,3,10214,28355,13624,18446,3467107,3467109,3467104,3467106,0,0,0,0
1790069408.0133016,0,-2,3,5,10215,28365,13633,18443,3467167,3467169,3467164,3467166,0,0,0,0
1790069408.205062,-4,-2,3,-1,10215,28353,13629,18443,3467257,3467259,3467254,3467256,0,0,0,0
1790069408.2193656,2,-3,-1,1,10215,28352,13627,18442,3467287,3467289,3467284,3467286,0,0,0,0
1790069408.4080136,-3,2,1,3,10204,28346,13626,18438,3467377,3467379,3467374,3467376,0,0,0,0
1790069408.4209607,1,1,-2,1,10206,28350,13624,18439,3467407,3467409,3467404,3467406,0,0,0,0
1790069408.588651,1,5,-2,1,10210,28354,13626,18441,3467437,3467439,3467434,3467436,0,0,0,0
1790069408.588651,3,1,1,-3,10212,28362,13633,18442,3467497,3467499,3467494,3467496,0,0,0,0
1790069408.6009784,1,-2,-4,7,10213,28365,13636,18440,3467527,3467529,3467524,3467526,0,0,0,0
1790069408.8173141,-1,-5,-1,-3,10207,28350,13628,18438,3467647,3467649,3467644,3467646,0,0,0,0
1790069409.0245187,1,-1,-3,-1,10207,28362,13632,18439,3467767,3467769,3467764,3467766,0,0,0,0
1790069409.2270546,1,-7,3,1,10212,28355,13631,18440,3467887,3467889,3467884,3467886,0,0,0,0
1790069409.435784,-5,3,2,4,10205,28349,13630,18438,3467947,3467949,3467944,3467946,0,0,0,0
1790069409.435784,3,-5,-5,3,10206,28347,13628,18438,3467977,3467979,3467974,3467976,0,0,0,0
1790069409.435784,2,1,-1,0,10207,28345,13623,18440,3468007,3468009,3468004,3468006,0,0,0,0
1790069409.5893679,0,3,3,-1,10212,28347,13623,18443,3468037,3468039,3468034,3468036,0,0,0,0
1790069409.5893679,0,2,3,-2,10216,28359,13630,18445,3468097,3468099,3468094,3468096,0,0,0,0
1790069409.6373253,0,-3,-1,-2,10214,28364,13634,18442,3468127,3468129,3468124,3468126,0,0,0,0
1790069409.84374,-2,-3,-2,-2,10212,28363,13635,18440,3468157,3468159,3468154,3468156,0,0,0,0
1790069409.8447495,0,-3,-1,10,10208,28349,13630,18439,3468247,3468249,3468244,3468246,0,0,0,0
1790069409.8596182,-3,-1,-2,-2,10203,28348,13630,18436,3468277,3468279,3468274,3468276,0,0,0,0
1790069410.0471096,2,0,0,1,10209,28351,13628,18440,3468337,3468339,3468334,3468336,0,0,0,0
1790069410.0603008,1,2,1,3,10216,28361,13629,18445,3468397,3468399,3468394,3468396,0,0,0,0
1790069410.2534602,4,-2,-3,-1,10214,28364,13634,18442,3468457,3468459,3468454,3468456,0,0,0,0
1790069410.260317,-1,1,0,-1,10211,28366,13636,18439,3468487,3468489,3468484,3468486,0,0,0,0
1790069410.4571812,2,0,0,-1,10208,28347,13628,18438,3468577,3468579,3468574,3468576,0,0,0,0
1790069410.4571812,2,-3,0,0,10207,28344,13623,18439,3468607,3468609,3468604,3468606,0,0,0,0
1790069410.4620223,-2,-8,0,-4,10208,28346,13623,18440,3468637,3468639,3468634,3468636,0,0,0,0
1790069410.6023738,1,3,1,-4,10208,28362,13633,18439,3468697,3468699,3468694,3468696,0,0,0,0
1790069410.658619,-2,2,-1,-4,10212,28366,13636,18440,3468727,3468729,3468724,3468726,0,0,0,0
1790069410.8669662,-5,-2,2,3,10216,28365,13634,18443,3468757,3468759,3468754,3468756,0,0,0,0
1790069410.8669662,-6,-5,-4,-1,10202,28357,13635,18433,3468877,3468879,3468874,3468876,0,0,0,0
1790069411.0728626,1,5,3,0,10207,28353,13629,18439,3468967,3468969,3468964,3468966,0,0,0,0
1790069411.0807097,2,2,-1,-4,10210,28360,13631,18441,3468997,3468999,3468994,3468996,0,0,0,0
1790069411.2765393,-1,1,-3,-2,10212,28364,13634,18441,3469027,3469029,3469024,3469026,0,0,0,0
1790069411.2765393,-2,0,0,3,10214,28365,13636,18444,3469057,3469059,3469054,3469056,0,0,0,0
1790069411.2765393,-2,0,0,-2,10214,28367,13637,18441,3469117,3469119,3469114,3469116,0,0,0,0
1790069411.4778674,-4,-3,0,0,10207,28356,13632,18438,3469177,3469179,3469174,3469176,0,0,0,0
1790069411.4897394,-2,-10,1,-2,10205,28352,13628,18437,3469237,3469239,3469234,3469236,0,0,0,0
1790069411.602303,3,3,-2,0,10206,28363,13634,18438,3469297,3469299,3469294,3469296,0,0,0,0
1790069411.685808,-2,-2,0,4,10210,28370,13637,18441,3469357,3469359,3469354,3469356,0,0,0,0
1790069411.8931525,-3,-4,-7,-2,10206,28367,13641,18437,3469447,3469449,3469444,3469446,0,0,0,0
1790069411.8941543,-3,0,-6,0,10203,28355,13634,18435,3469507,3469509,3469504,3469506,0,0,0,0
1790069412.0959556,-1,5,1,-1,10206,28359,13633,18437,3469567,3469569,3469564,3469566,0,0,0,0
1790069412.3028383,-1,0,1,-2,10209,28366,13639,18437,3469717,3469719,3469714,3469716,0,0,0,0
1790069412.5056965,2,1,4,1,10203,28354,13633,18437,3469837,3469839,3469834,3469836,0,0,0,0
1790069412.5181022,4,3,6,0,10207,28360,13633,18439,3469867,3469869,3469864,3469866,0,0,0,0
1790069412.6149156,-4,1,1,4,10208,28374,13643,18438,3469927,3469929,3469924,3469926,0,0,0,0
1790069412.7068286,-1,0,-1,-5,10212,28371,13642,18439,3469987,3469989,3469984,3469986,0,0,0,0
1790069412.9144647,-3,0,20,2,10214,28363,13636,18441,3470017,3470019,3470014,3470016,0,0,0,0
1790069412.915175,2,1,-4,-1,10212,28354,13633,18440,3470047,3470049,3470044,3470046,0,0,0,0
1790069412.915175,-1,-2,-6,3,10203,28357,13635,18435,3470107,3470109,3470104,3470106,0,0,0,0
1790069413.1160786,-5,-2,0,0,10202,28358,13635,18435,3470137,3470139,3470134,3470136,0,0,0,0
1790069413.122193,2,4,-1,7,10217,28368,13637,18445,3470227,3470229,3470224,3470226,0,0,0,0
1790069413.324809,-2,3,-3,0,10213,28371,13641,18441,3470257,3470259,3470254,3470256,0,0,0,0
1790069413.3299952,-8,0,3,2,10209,28361,13638,18437,3470317,3470319,3470314,3470316,0,0,0,0
1790069413.331931,0,0,-2,-2,10204,28358,13635,18435,3470347,3470349,3470344,3470346,0,0,0,0
1790069413.5263045,-4,-3,-1,9,10202,28356,13635,18435,3470377,3470379,3470374,3470376,0,0,0,0
1790069413.532464,4,2,2,5,10203,28358,13634,18436,3470407,3470409,3470404,3470406,0,0,0,0
1790069413.532464,0,-3,-4,-3,10208,28368,13638,18441,3470467,3470469,3470464,3470466,0,0,0,0
1790069413.616082,-7,-1,-5,0,10208,28376,13644,18438,3470527,3470529,3470524,3470526,0,0,0,0
1790069413.7347255,-3,-5,-4,2,10207,28370,13645,18435,3470587,3470589,3470584,3470586,0,0,0,0
1790069413.935906,2,0,-3,9,10205,28366,13640,18434,3470617,3470619,3470614,3470616,0,0,0,0
1790069413.935906,2,2,-2,-2,10200,28361,13639,18432,3470647,3470649,3470644,3470646,0,0,0,0
1790069413.9423144,2,0,5,4,10202,28362,13636,18435,3470707,3470709,3470704,3470706,0,0,0,0
1790069414.1430118,6,1,0,-2,10206,28371,13641,18438,3470737,3470739,3470734,3470736,0,0,0,0
1790069414.1443653,3,1,-3,-2,10208,28377,13645,18438,3470767,3470769,3470764,3470766,0,0,0,0
1790069414.146408,-1,-1,0,1,10213,28376,13643,18442,3470797,3470799,3470794,3470796,0,0,0,0
1790069414.1569316,-2,-5,-5,-2,10211,28364,13640,18440,3470857,3470859,3470854,3470856,0,0,0,0
1790069414.3447828,-1,-3,-3,-7,10209,28359,13637,18438,3470887,3470889,3470884,3470886,0,0,0,0
1790069414.3447828,-3,-3,2,-2,10206,28361,13638,18436,3470917,3470919,3470914,3470916,0,0,0,0
1790069414.3643885,1,2,2,2,10202,28361,13638,18434,3470947,3470949,3470944,3470946,0,0,0,0
1790069414.5532463,2,6,1,1,10206,28366,13637,18439,3471007,3471009,3471004,3471006,0,0,0,0
1790069414.5532463,-2,0,4,2,10207,28372,13644,18440,3471037,3471039,3471034,3471036,0,0,0,0
1790069414.5602782,2,0,-2,2,10208,28379,13646,18439,3471067,3471069,3471064,3471066,0,0,0,0
1790069414.6084948,-2,0,2,0,10212,28382,13647,18439,3471097,3471099,3471094,3471096,0,0,0,0
1790069414.754775,-2,-8,2,-7,10211,28370,13645,18440,3471157,3471159,3471154,3471156,0,0,0,0
1790069414.7598941,-2,-2,1,4,10203,28364,13641,18435,3471217,3471219,3471214,3471216,0,0,0,0
1790069414.9632616,-6,3,5,-2,10201,28365,13641,18434,3471247,3471249,3471244,3471246,0,0,0,0
1790069414.9632616,-1,5,1,-2,10210,28374,13646,18442,3471337,3471339,3471334,3471336,0,0,0,0
1790069415.1644168,0,1,-6,-3,10212,28379,13647,18442,3471367,3471369,3471364,3471366,0,0,0,0
1790069415.1644168,1,3,-4,-1,10214,28384,13651,18442,3471397,3471399,3471394,3471396,0,0,0,0
1790069415.1696055,-2,-4,-2,-3,10203,28373,13649,18437,3471457,3471459,3471454,3471456,0,0,0,0
1790069415.371987,0,-3,1,-4,10201,28373,13648,18434,3471487,3471489,3471484,3471486,0,0,0,0
1790069415.371987,-1,-3,1,0,10199,28367,13647,18434,3471517,3471519,3471514,3471516,0,0,0,0
1790069415.3788364,-1,4,-5,2,10203,28372,13645,18438,3471577,3471579,3471574,3471576,0,0,0,0
1790069415.574906,1,1,8,0,10208,28379,13649,18441,3471607,3471609,3471604,3471606,0,0,0,0
1790069415.579906,-3,1,-5,-5,10211,28384,13653,18440,3471697,3471699,3471694,3471696,0,0,0,0
1790069415.6357965,-3,-3,-1,-4,10205,28375,13650,18438,3471727,3471729,3471724,3471726,0,0,0,0
1790069415.781168,-4,-3,-1,0,10204,28369,13647,18438,3471757,3471759,3471754,3471756,0,0,0,0
1790069415.9864042,-2,2,2,2,10208,28372,13645,18441,3471847,3471849,3471844,3471846,0,0,0,0
1790069415.9874094,1,6,-1,5,10209,28379,13648,18443,3471877,3471879,3471874,3471876,0,0,0,0
1790069415.9904957,1,-1,-6,1,10214,28383,13652,18444,3471937,3471939,3471934,3471936,0,0,0,0
1790069415.9970088,-2,-5,1,-1,10214,28376,13649,18443,3471967,3471969,3471964,3471966,0,0,0,0
1790069416.1919112,-6,-8,-3,-1,10211,28369,13645,18442,3471997,3471999,3471994,3471996,0,0,0,0
1790069416.1988814,-1,-5,-2,1,10204,28367,13646,18440,3472057,3472059,3472054,3472056,0,0,0,0
1790069416.3797672,0,-1,0,1,10204,28367,13645,18441,3472087,3472089,3472084,3472086,0,0,0,0
1790069416.3797672,3,2,6,-3,10217,28376,13646,18448,3472147,3472149,3472144,3472146,0,0,0,0
1790069416.6018035,5,2,-1,0,10222,28383,13650,18450,3472177,3472179,3472174,3472176,0,0,0,0
1790069416.6018035,0,2,1,-3,10195,28482,13752,18450,3472297,3472299,3472294,3472296,0,0,0,0
1790069416.6153257,2,-2,3,-1,10188,28499,13766,18445,3472327,3472329,3472324,3472326,0,0,0,0
1790069416.802642,2,1,-5,5,10186,28506,13777,18446,3472357,3472359,3472354,3472356,0,0,0,0
1790069416.8164074,2,-1,1,2,10187,28509,13789,18450,3472447,3472449,3472444,3472446,0,0,0,0
1790069417.0111873,-3,-2,-1,0,10185,28510,13794,18449,3472477,3472479,3472474,3472476,0,0,0,0
1790069417.0115082,-2,-3,-2,-8,10180,28509,13797,18449,3472507,3472509,3472504,3472506,0,0,0,0
1790069417.0172908,0,-7,-4,-1,10180,28502,13796,18451,3472567,3472569,3472564,3472566,0,0,0,0
1790069417.2181633,-1,3,1,-4,10173,28495,13792,18452,3472657,3472659,3472654,3472656,0,0,0,0
1790069417.2195463,0,-1,0,-3,10170,28501,13797,18449,3472687,3472689,3472684,3472686,0,0,0,0
1790069417.4209232,-2,-1,7,-1,10171,28507,13802,18449,3472717,3472719,3472714,3472716,0,0,0,0
1790069417.4209232,3,-1,-1,0,10173,28527,13814,18450,3472777,3472779,3472774,3472776,0,0,0,0
1790069417.4279716,-1,-3,0,1,10177,28529,13817,18453,3472807,3472809,3472804,3472806,0,0,0,0
1790069417.4279716,5,3,-3,-6,10180,28524,13817,18458,3472837,3472839,3472834,3472836,0,0,0,0
1790069417.6345124,5,-2,3,3,10183,28523,13817,18462,3472867,3472869,3472864,3472866,0,0,0,0
1790069417.6355188,-2,-4,0,-9,10174,28529,13825,18455,3472927,3472929,3472924,3472926,0,0,0,0
1790069417.6355188,2,0,-2,-1,10168,28532,13829,18452,3472957,3472959,3472954,3472956,0,0,0,0
1790069417.8308837,-1,2,-6,4,10162,28528,13832,18448,3473017,3473019,3473014,3473016,0,0,0,0
1790069417.8375866,2,-1,-4,0,10161,28525,13834,18450,3473047,3473049,3473044,3473046,0,0,0,0
1790069418.03224,1,0,-9,0,10162,28525,13834,18453,3473077,3473079,3473074,3473076,0,0,0,0
1790069418.03224,0,2,1,-2,10164,28531,13836,18458,3473167,3473169,3473164,3473166,0,0,0,0
1790069418.239292,0,4,1,-2,10167,28545,13844,18458,3473227,3473229,3473224,3473226,0,0,0,0
1790069418.2403724,-4,-3,-2,2,10169,28551,13848,18459,3473317,3473319,3473314,3473316,0,0,0,0
1790069418.4469168,5,-2,4,5,10165,28548,13851,18458,3473377,3473379,3473374,3473376,0,0,0,0
1790069418.447996,1,3,1,2,10160,28541,13851,18455,3473437,3473439,3473434,3473436,0,0,0,0
1790069418.6291318,-4,-3,3,0,10157,28539,13849,18454,3473467,3473469,3473464,3473466,0,0,0,0
1790069418.6302269,-5,2,5,-5,10157,28539,13850,18456,3473497,3473499,3473494,3473496,0,0,0,0
1790069418.6357198,7,4,-3,0,10158,28542,13852,18457,3473527,3473529,3473524,3473526,0,0,0,0
1790069418.8517706,4,4,-2,25,10157,28550,13855,18458,3473557,3473559,3473554,3473556,0,0,0,0
1790069418.8570356,2,3,5,3,10158,28567,13870,18460,3473647,3473649,3473644,3473646,0,0,0,0
1790069419.0585518,2,-5,-3,4,10160,28570,13873,18460,3473677,3473679,3473674,3473676,0,0,0,0
1790069419.0599446,-1,-1,0,2,10160,28575,13876,18461,3473707,3473709,3473704,3473706,0,0,0,0
1790069419.0599446,-7,-2,-1,-3,10155,28574,13880,18457,3473767,3473769,3473764,3473766,0,0,0,0
1790069419.261406,-3,-4,0,-2,10155,28569,13879,18459,3473827,3473829,3473824,3473826,0,0,0,0
1790069419.261406,-6,-5,-5,1,10153,28562,13879,18459,3473857,3473859,3473854,3473856,0,0,0,0
1790069419.2672038,7,-2,-4,-8,10149,28559,13876,18458,3473917,3473919,3473914,3473916,0,0,0,0
1790069419.4683144,-3,0,1,-1,10145,28578,13886,18456,3474037,3474039,3474034,3474036,0,0,0,0
1790069419.634309,6,1,-1,2,10149,28586,13892,18458,3474097,3474099,3474094,3474096,0,0,0,0
1790069419.636146,2,0,1,-4,10153,28589,13895,18460,3474157,3474159,3474154,3474156,0,0,0,0
1790069419.6781473,0,2,-8,-8,10152,28588,13895,18460,3474187,3474189,3474184,3474186,0,0,0,0
1790069419.8790228,-1,-2,-3,-6,10140,28582,13900,18454,3474277,3474279,3474274,3474276,0,0,0,0
1790069420.0809522,0,-1,0,-5,10144,28571,13890,18459,3474337,3474339,3474334,3474336,0,0,0,0
1790069420.086517,-1,0,-4,-4,10144,28568,13889,18461,3474367,3474369,3474364,3474366,0,0,0,0
1790069420.0923946,3,-2,-3,-6,10142,28583,13896,18458,3474427,3474429,3474424,3474426,0,0,0,0
1790069420.2876244,5,3,5,-1,10141,28588,13903,18457,3474457,3474459,3474454,3474456,0,0,0,0
1790069420.2886307,6,2,2,0,10146,28593,13904,18460,3474487,3474489,3474484,3474486,0,0,0,0
1790069420.2963665,3,-2,5,1,10150,28595,13905,18464,3474547,3474549,3474544,3474546,0,0,0,0
1790069420.4905982,-1,1,-1,-1,10147,28604,13910,18462,3474577,3474579,3474574,3474576,0,0,0,0
1790069420.4905982,-1,0,2,0,10143,28610,13919,18459,3474607,3474609,3474604,3474606,0,0,0,0
1790069420.4969573,-2,-2,2,-1,10140,28611,13922,18457,3474637,3474639,3474634,3474636,0,0,0,0
1790069420.6360307,-2,-4,1,-1,10141,28609,13924,18459,3474667,3474669,3474664,3474666,0,0,0,0
1790069420.6360307,2,-2,-2,-2,10142,28603,13925,18462,3474727,3474729,3474724,3474726,0,0,0,0
1790069420.6976352,0,-2,2,0,10134,28604,13925,18457,3474757,3474759,3474754,3474756,0,0,0,0
1790069420.9002883,2,-2,-9,-6,10129,28612,13931,18453,3474787,3474789,3474784,3474786,0,0,0,0
1790069420.9002883,-3,-5,0,-1,10123,28615,13935,18450,3474847,3474849,3474844,3474846,0,0,0,0
1790069420.9057543,1,5,-2,0,10129,28607,13930,18458,3474907,3474909,3474904,3474906,0,0,0,0
1790069421.107244,0,3,6,1,10127,28610,13929,18457,3474937,3474939,3474934,3474936,0,0,0,0
1790069421.1091065,-2,4,3,3,10132,28619,13934,18458,3474997,3474999,3474994,3474996,0,0,0,0
1790069421.1200807,-1,1,-1,2,10130,28624,13938,18459,3475027,3475029,3475024,3475026,0,0,0,0
1790069421.3123474,1,2,2,1,10134,28633,13943,18458,3475087,3475089,3475084,3475086,0,0,0,0
1790069421.3154094,-1,0,-4,-2,10136,28632,13943,18461,3475147,3475149,3475144,3475146,0,0,0,0
1790069421.5180013,1,-5,1,0,10132,28632,13947,18459,3475177,3475179,3475174,3475176,0,0,0,0
1790069421.5188065,0,-3,-3,1,10125,28625,13947,18454,3475267,3475269,3475264,3475266,0,0,0,0
1790069421.6422048,-3,0,1,3,10121,28620,13945,18454,3475327,3475329,3475324,3475326,0,0,0,0
1790069421.7189317,-2,1,3,4,10122,28617,13942,18456,3475387,3475389,3475384,3475386,0,0,0,0
1790069421.927299,1,4,4,3,10127,28626,13942,18459,3475447,3475449,3475444,3475446,0,0,0,0
1790069421.9279094,0,3,0,0,10127,28639,13951,18457,3475507,3475509,3475504,3475506,0,0,0,0
1790069422.1299822,-2,3,3,4,10128,28643,13955,18456,3475537,3475539,3475534,3475536,0,0,0,0
1790069422.1320088,2,-4,-3,4,10136,28634,13951,18466,3475627,3475629,3475624,3475626,0,0,0,0
1790069422.1387026,-1,2,2,7,10130,28632,13952,18461,3475657,3475659,3475654,3475656,0,0,0,0
1790069422.335533,-1,-8,3,-1,10126,28636,13957,18458,3475687,3475689,3475684,3475686,0,0,0,0
1790069422.3365777,1,0,-6,1,10117,28628,13955,18455,3475777,3475779,3475774,3475776,0,0,0,0
1790069422.5380557,0,2,1,0,10115,28631,13956,18453,3475837,3475839,3475834,3475836,0,0,0,0
1790069422.5445514,0,5,0,6,10120,28635,13955,18459,3475897,3475899,3475894,3475896,0,0,0,0
1790069422.647712,1,6,-1,0,10124,28645,13960,18459,3475957,3475959,3475954,3475956,0,0,0,0
1790069422.7594898,1,1,14,-3,10124,28648,13965,18458,3475987,3475989,3475984,3475986,0,0,0,0
1790069422.761006,2,-2,1,0,10125,28651,13966,18460,3476017,3476019,3476014,3476016,0,0,0,0
1790069422.948265,0,-2,-1,1,10129,28646,13963,18463,3476047,3476049,3476044,3476046,0,0,0,0
1790069422.948265,-2,-4,3,-3,10129,28644,13963,18463,3476077,3476079,3476074,3476076,0,0,0,0
1790069422.954493,0,-6,-4,1,10123,28645,13967,18460,3476137,3476139,3476134,3476136,0,0,0,0
1790069423.1551726,-3,22,-1,0,10118,28640,13967,18458,3476167,3476169,3476164,3476166,0,0,0,0
1790069423.3573892,-1,2,4,21,10115,28638,13964,18458,3476317,3476319,3476314,3476316,0,0,0,0
1790069423.3698764,-2,-1,6,3,10122,28647,13967,18462,3476377,3476379,3476374,3476376,0,0,0,0
1790069423.564814,1,3,2,-3,10123,28653,13972,18459,3476437,3476439,3476434,3476436,0,0,0,0
1790069423.5720458,0,-2,0,2,10122,28653,13971,18460,3476467,3476469,3476464,3476466,0,0,0,0
1790069423.5733771,-5,-3,-3,0,10123,28658,13977,18460,3476497,3476499,3476494,3476496,0,0,0,0
1790069423.6491497,-6,-4,-4,-1,10119,28655,13978,18458,3476527,3476529,3476524,3476526,0,0,0,0
1790069423.6491497,-7,-5,-9,3,10116,28653,13979,18457,3476557,3476559,3476554,3476556,0,0,0,0
1790069423.77292,-3,-1,-2,-2,10115,28647,13976,18456,3476617,3476619,3476614,3476616,0,0,0,0
1790069423.9756935,0,2,3,1,10109,28643,13973,18454,3476647,3476649,3476644,3476646,0,0,0,0
1790069423.9824083,5,4,0,-4,10107,28654,13977,18453,3476737,3476739,3476734,3476736,0,0,0,0
1790069424.1767185,5,5,0,-2,10111,28663,13981,18454,3476767,3476769,3476764,3476766,0,0,0,0
1790069424.1767185,2,-1,-1,-2,10117,28662,13982,18459,3476827,3476829,3476824,3476826,0,0,0,0
1790069424.1821716,4,-1,-5,0,10121,28664,13983,18462,3476857,3476859,3476854,3476856,0,0,0,0
1790069424.3783784,-4,-2,-7,-6,10120,28663,13984,18461,3476887,3476889,3476884,3476886,0,0,0,0
1790069424.384765,-4,-4,6,1,10112,28665,13990,18455,3476947,3476949,3476944,3476946,0,0,0,0
1790069424.384765,1,2,2,5,10114,28662,13988,18458,3476977,3476979,3476974,3476976,0,0,0,0
1790069424.5864816,-3,-2,-3,-1,10109,28647,13982,18458,3477067,3477069,3477064,3477066,0,0,0,0
1790069424.5864816,0,-2,-1,1,10105,28651,13984,18456,3477097,3477099,3477094,3477096,0,0,0,0
1790069424.6560543,-3,1,1,2,10107,28653,13984,18457,3477127,3477129,3477124,3477126,0,0,0,0
1790069424.7933712,2,-2,-3,-1,10117,28661,13987,18465,3477217,3477219,3477214,3477216,0,0,0,0
1790069424.9966133,3,0,2,2,10118,28668,13989,18464,3477247,3477249,3477244,3477246,0,0,0,0
1790069424.9966133,2,-2,1,-1,10115,28668,13994,18462,3477337,3477339,3477334,3477336,0,0,0,0
1790069425.1975129,0,-2,3,3,10116,28666,13993,18462,3477367,3477369,3477364,3477366,0,0,0,0
1790069425.2041254,2,1,-1,7,10105,28657,13990,18459,3477457,3477459,3477454,3477456,0,0,0,0
1790069425.4079278,0,5,-9,2,10106,28658,13991,18458,3477487,3477489,3477484,3477486,0,0,0,0
1790069425.4185252,0,3,1,0,10117,28674,13995,18466,3477607,3477609,3477604,3477606,0,0,0,0
1790069425.6130836,-5,6,5,-1,10118,28676,13998,18464,3477637,3477639,3477634,3477636,0,0,0,0
1790069425.6144948,1,-2,1,-6,10118,28671,13997,18465,3477697,3477699,3477694,3477696,0,0,0,0
1790069425.6199472,6,-9,-4,2,10119,28665,13996,18466,3477727,3477729,3477724,3477726,0,0,0,0
1790069425.6561046,-2,-4,-5,4,10112,28661,13997,18464,3477757,3477759,3477754,3477756,0,0,0,0
1790069425.814943,2,0,-2,0,10109,28661,13994,18462,3477787,3477789,3477784,3477786,0,0,0,0
1790069425.814943,-2,-1,-3,2,10103,28662,13996,18460,3477847,3477849,3477844,3477846,0,0,0,0
1790069426.0226839,3,4,3,-3,10111,28673,14001,18465,3477937,3477939,3477934,3477936,0,0,0,0
1790069426.0309625,2,4,-4,-2,10112,28682,14006,18462,3477997,3477999,3477994,3477996,0,0,0,0
1790069426.2247138,-5,-1,-4,2,10115,28679,14006,18465,3478057,3478059,3478054,3478056,0,0,0,0
1790069426.2321258,-3,2,-4,-2,10113,28667,14001,18465,3478117,3478119,3478114,3478116,0,0,0,0
1790069426.432363,-3,-1,8,5,10106,28665,14001,18461,3478147,3478149,3478144,3478146,0,0,0,0
1790069426.433082,1,1,1,-4,10105,28661,13998,18462,3478177,3478179,3478174,3478176,0,0,0,0
1790069426.4389381,5,-3,1,-3,10108,28660,13996,18464,3478207,3478209,3478204,3478206,0,0,0,0
1790069426.6342921,-2,-1,0,1,10109,28657,13993,18465,3478237,3478239,3478234,3478236,0,0,0,0
1790069426.6342921,0,3,0,2,10111,28661,13995,18467,3478267,3478269,3478264,3478266,0,0,0,0
1790069426.6342921,-2,7,-4,-2,10114,28670,13997,18469,3478297,3478299,3478294,3478296,0,0,0,0
1790069426.6629317,5,0,7,1,10113,28681,14008,18468,3478357,3478359,3478354,3478356,0,0,0,0
1790069426.8422236,-1,2,-5,0,10115,28683,14009,18466,3478387,3478389,3478384,3478386,0,0,0,0
1790069426.8432298,1,1,6,2,10116,28685,14013,18468,3478417,3478419,3478414,3478416,0,0,0,0
1790069426.8581266,-5,-3,-1,4,10109,28689,14020,18464,3478477,3478479,3478474,3478476,0,0,0,0
1790069427.0445085,2,-7,5,2,10107,28679,14017,18464,3478537,3478539,3478534,3478536,0,0,0,0
1790069427.0592885,-4,1,-3,4,10104,28678,14016,18464,3478567,3478569,3478564,3478566,0,0,0,0
1790069427.2517443,0,-1,-1,-1,10100,28676,14014,18463,3478597,3478599,3478594,3478596,0,0,0,0
1790069427.2538085,3,2,3,2,10099,28688,14023,18464,3478687,3478689,3478684,3478686,0,0,0,0
1790069427.4539108,3,2,0,11,10101,28690,14027,18466,3478717,3478719,3478714,3478716,0,0,0,0
1790069427.4539108,0,1,-4,3,10109,28697,14028,18471,3478777,3478779,3478774,3478776,0,0,0,0
1790069427.4596853,-1,1,2,-5,10110,28703,14032,18470,3478807,3478809,3478804,3478806,0,0,0,0
1790069427.6617062,1,0,-4,-4,10106,28705,14035,18467,3478837,3478839,3478834,3478836,0,0,0,0
1790069427.6630871,16,-3,-4,-3,10099,28704,14044,18463,3478927,3478929,3478924,3478926,0,0,0,0
1790069427.8633466,0,-1,-5,-3,10097,28696,14043,18467,3479017,3479019,3479014,3479016,0,0,0,0
1790069427.870178,0,6,0,-5,10089,28701,14050,18464,3479077,3479079,3479074,3479076,0,0,0,0
1790069428.072008,0,0,2,2,10088,28706,14052,18466,3479137,3479139,3479134,3479136,0,0,0,0
1790069428.072008,1,2,-4,-3,10097,28712,14052,18470,3479197,3479199,3479194,3479196,0,0,0,0
1790069428.2732933,-4,-2,-1,0,10099,28718,14057,18472,3479227,3479229,3479224,3479226,0,0,0,0
1790069428.2732933,0,-1,5,0,10097,28729,14068,18471,3479317,3479319,3479314,3479316,0,0,0,0
1790069428.481595,-6,-2,-6,-2,10096,28729,14071,18468,3479407,3479409,3479404,3479406,0,0,0,0
1790069428.481595,0,-5,-3,3,10096,28721,14070,18471,3479467,3479469,3479464,3479466,0,0,0,0
1790069428.6748862,-1,1,-4,-3,10093,28714,14066,18470,3479497,3479499,3479494,3479496,0,0,0,0
1790069428.6763136,-2,-3,-2,-1,10090,28715,14066,18470,3479527,3479529,3479524,3479526,0,0,0,0
1790069428.889972,2,-1,-2,-1,10090,28719,14068,18472,3479617,3479619,3479614,3479616,0,0,0,0
1790069428.8917162,1,1,4,-1,10095,28736,14075,18473,3479707,3479709,3479704,3479706,0,0,0,0
1790069429.0933957,1,0,-5,0,10096,28741,14081,18472,3479737,3479739,3479734,3479736,0,0,0,0
1790069429.0933957,1,1,-1,-3,10097,28743,14083,18473,3479767,3479769,3479764,3479766,0,0,0,0
1790069429.098102,2,-1,-4,1,10091,28745,14087,18471,3479797,3479799,3479794,3479796,0,0,0,0
1790069429.0994546,0,-3,2,0,10091,28747,14091,18470,3479827,3479829,3479824,3479826,0,0,0,0
1790069429.2995973,-4,0,-2,-1,10093,28743,14092,18476,3479887,3479889,3479884,3479886,0,0,0,0
1790069429.3083153,-3,-3,3,-4,10090,28743,14095,18475,3479917,3479919,3479914,3479916,0,0,0,0
1790069429.3083153,2,2,-5,-1,10086,28744,14098,18472,3479947,3479949,3479944,3479946,0,0,0,0
1790069429.5026395,1,0,-1,-4,10081,28742,14099,18469,3479977,3479979,3479974,3479976,0,0,0,0
1790069429.5026395,-1,0,5,-2,10079,28737,14097,18469,3480007,3480009,3480004,3480006,0,0,0,0
1790069429.5166326,-2,0,4,4,10079,28734,14095,18472,3480037,3480039,3480034,3480036,0,0,0,0
1790069429.6762934,3,0,-3,-3,10084,28741,14093,18474,3480097,3480099,3480094,3480096,0,0,0,0
1790069429.703557,0,7,1,1,10085,28755,14104,18476,3480187,3480189,3480184,3480186,0,0,0,0
1790069429.9122686,6,-2,-1,1,10093,28757,14105,18482,3480247,3480249,3480244,3480246,0,0,0,0
1790069429.9188528,0,6,-2,-1,10092,28760,14109,18479,3480307,3480309,3480304,3480306,0,0,0,0
1790069430.1189728,-5,-4,3,1,10087,28762,14115,18475,3480337,3480339,3480334,3480336,0,0,0,0
1790069430.1205885,0,0,-2,1,10073,28757,14119,18470,3480427,3480429,3480424,3480426,0,0,0,0
1790069430.3215482,-2,3,4,-1,10073,28749,14113,18473,3480487,3480489,3480484,3480486,0,0,0,0
1790069430.3215482,-1,5,0,3,10080,28749,14108,18478,3480547,3480549,3480544,3480546,0,0,0,0
1790069430.5233643,-2,1,-3,3,10078,28753,14113,18477,3480577,3480579,3480574,3480576,0,0,0,0
1790069430.5290122,-1,1,2,0,10078,28759,14117,18477,3480607,3480609,3480604,3480606,0,0,0,0
1790069430.5300195,4,3,0,0,10079,28766,14121,18477,3480637,3480639,3480634,3480636,0,0,0,0
1790069430.537324,-4,-1,-4,0,10083,28769,14124,18479,3480667,3480669,3480664,3480666,0,0,0,0
1790069430.6831207,4,4,1,2,10086,28770,14126,18479,3480697,3480699,3480694,3480696,0,0,0,0
1790069430.6831207,-1,-3,-1,1,10083,28772,14128,18478,3480727,3480729,3480724,3480726,0,0,0,0
1790069430.6884668,-3,-1,-2,1,10085,28771,14129,18479,3480757,3480759,3480754,3480756,0,0,0,0
1790069430.731609,-3,-2,0,-2,10085,28766,14128,18480,3480787,3480789,3480784,3480786,0,0,0,0
1790069430.933143,-1,-1,-5,-1,10085,28769,14130,18480,3480817,3480819,3480814,3480816,0,0,0,0
1790069430.9394903,0,-2,2,-3,10078,28768,14133,18476,3480847,3480849,3480844,3480846,0,0,0,0
1790069430.9403858,0,-3,-5,-2,10072,28758,14128,18474,3480907,3480909,3480904,3480906,0,0,0,0
1790069431.1413007,-1,-27,2,6,10073,28755,14126,18476,3480937,3480939,3480934,3480936,0,0,0,0
1790069431.1413007,-2,2,0,1,10093,28788,14147,18492,3480967,3480969,3480964,3480966,0,0,0,0
1790069431.1518734,-8,0,1,-3,10074,28822,14215,18500,3481027,3481029,3481024,3481026,0,0,0,0
1790069431.154523,-1,-5,-4,-1,10057,28833,14231,18490,3481057,3481059,3481054,3481056,0,0,0,0
1790069431.3485196,4,-6,-1,-7,10044,28841,14242,18479,3481117,3481119,3481114,3481116,0,0,0,0
1790069431.356482,1,-1,-1,-4,10045,28835,14238,18482,3481177,3481179,3481174,3481176,0,0,0,0
1790069431.5509038,1,1,-2,2,10045,28834,14235,18483,3481207,3481209,3481204,3481206,0,0,0,0
1790069431.5509038,-4,0,-3,2,10042,28837,14236,18481,3481237,3481239,3481234,3481236,0,0,0,0
1790069431.5631528,2,1,0,-4,10038,28840,14238,18478,3481267,3481269,3481264,3481266,0,0,0,0
1790069431.6829877,-3,-5,-3,-3,10040,28849,14242,18481,3481327,3481329,3481324,3481326,0,0,0,0
1790069431.6829877,2,3,8,-2,10040,28850,14244,18481,3481357,3481359,3481354,3481356,0,0,0,0
1790069431.7537818,0,1,5,-1,10043,28854,14248,18481,3481387,3481389,3481384,3481386,0,0,0,0
1790069431.9606643,0,6,0,-5,10045,28857,14250,18482,3481417,3481419,3481414,3481416,0,0,0,0
1790069431.9606643,-1,1,4,2,10045,28863,14256,18481,3481477,3481479,3481474,3481476,0,0,0,0
1790069431.9673264,-4,-1,0,-4,10050,28859,14257,18486,3481537,3481539,3481534,3481536,0,0,0,0
1790069432.1620533,1,-2,-1,0,10051,28857,14256,18487,3481567,3481569,3481564,3481566,0,0,0,0
1790069432.1681721,-2,-5,3,-3,10049,28855,14258,18486,3481597,3481599,3481594,3481596,0,0,0,0
1790069432.1685026,-3,-1,1,4,10046,28853,14259,18483,3481627,3481629,3481624,3481626,0,0,0,0
1790069432.1742215,-5,-1,-4,-1,10047,28851,14256,18483,3481657,3481659,3481654,3481656,0,0,0,0
1790069432.3702905,-3,-5,7,3,10045,28846,14251,18484,3481687,3481689,3481684,3481686,0,0,0,0
1790069432.3702905,0,-5,-3,0,10041,28846,14251,18483,3481717,3481719,3481714,3481716,0,0,0,0
1790069432.3767495,17,-7,-9,0,10034,28849,14253,18479,3481777,3481779,3481774,3481776,0,0,0,0
1790069432.5713542,0,3,3,-1,10034,28849,14252,18479,3481807,3481809,3481804,3481806,0,0,0,0
1790069432.5778625,-1,4,3,0,10033,28863,14260,18476,3481897,3481899,3481894,3481896,0,0,0,0
1790069432.6893048,2,3,5,1,10033,28866,14264,18477,3481927,3481929,3481924,3481926,0,0,0,0
1790069432.6893048,-1,1,7,-4,10036,28864,14266,18478,3481957,3481959,3481954,3481956,0,0,0,0
1790069432.7803469,4,-5,1,-3,10040,28869,14269,18481,3482017,3482019,3482014,3482016,0,0,0,0
1790069432.9869828,-2,1,5,-1,10041,28869,14273,18480,3482077,3482079,3482074,3482076,0,0,0,0
1790069432.9883072,-1,-7,1,0,10033,28863,14274,18478,3482167,3482169,3482164,3482166,0,0,0,0
1790069433.1898348,-3,-6,-5,-1,10031,28860,14273,18476,3482197,3482199,3482194,3482196,0,0,0,0
1790069433.1908355,-1,3,-1,1,10032,28856,14266,18480,3482287,3482289,3482284,3482286,0,0,0,0
1790069433.395345,1,-2,7,3,10031,28866,14271,18478,3482407,3482409,3482404,3482406,0,0,0,0
1790069433.598677,3,3,5,-2,10033,28867,14273,18481,3482437,3482439,3482434,3482436,0,0,0,0
1790069433.598677,-1,-1,2,-2,10042,28871,14273,18485,3482497,3482499,3482494,3482496,0,0,0,0
1790069433.598677,3,-3,2,7,10043,28873,14276,18485,3482527,3482529,3482524,3482526,0,0,0,0
1790069433.6966224,-1,-3,-1,-3,10039,28876,14285,18483,3482587,3482589,3482584,3482586,0,0,0,0
1790069433.8069952,1,0,3,-2,10040,28871,14282,18485,3482647,3482649,3482644,3482646,0,0,0,0
1790069434.0084183,-5,-2,-3,3,10037,28863,14276,18484,3482707,3482709,3482704,3482706,0,0,0,0
1790069434.0084183,1,0,-6,-2,10023,28865,14280,18476,3482767,3482769,3482764,3482766,0,0,0,0
1790069434.210015,2,3,2,-1,10034,28861,14270,18485,3482857,3482859,3482854,3482856,0,0,0,0
1790069434.418422,4,0,0,1,10034,28870,14277,18485,3482917,3482919,3482914,3482916,0,0,0,0
1790069434.418422,3,2,6,-4,10038,28876,14283,18486,3482977,3482979,3482974,3482976,0,0,0,0
1790069434.6201024,-4,-5,3,1,10038,28880,14289,18484,3483037,3483039,3483034,3483036,0,0,0,0
1790069434.6251104,0,0,-1,-3,10036,28883,14294,18483,3483067,3483069,3483064,3483066,0,0,0,0
1790069434.62612,-4,-1,-5,-1,10035,28878,14295,18485,3483097,3483099,3483094,3483096,0,0,0,0
1790069434.6268022,-6,1,1,0,10036,28875,14295,18486,3483127,3483129,3483124,3483126,0,0,0,0
1790069434.7033496,-5,-2,1,0,10035,28876,14297,18487,3483157,3483159,3483154,3483156,0,0,0,0
1790069434.8271735,-2,-1,3,1,10034,28876,14297,18487,3483187,3483189,3483184,3483186,0,0,0,0
1790069434.828491,1,-3,-4,-4,10031,28872,14295,18486,3483217,3483219,3483214,3483216,0,0,0,0
1790069434.828491,-3,0,-6,3,10023,28875,14299,18481,3483277,3483279,3483274,3483276,0,0,0,0
1790069435.036561,-2,0,-1,-1,10027,28875,14292,18486,3483397,3483399,3483394,3483396,0,0,0,0
1790069435.2382345,-2,0,4,-2,10029,28878,14293,18488,3483427,3483429,3483424,3483426,0,0,0,0
1790069435.2382345,-2,0,-1,1,10027,28896,14310,18483,3483517,3483519,3483514,3483516,0,0,0,0
1790069435.4444895,2,2,-6,2,10031,28898,14316,18485,3483577,3483579,3483574,3483576,0,0,0,0
1790069435.4454966,-1,-3,-5,0,10030,28901,14321,18487,3483607,3483609,3483604,3483606,0,0,0,0
1790069435.6475174,-2,-4,0,2,10021,28902,14331,18482,3483667,3483669,3483664,3483666,0,0,0,0
1790069435.6478457,-6,-2,-1,-2,10020,28900,14332,18483,3483697,3483699,3483694,3483696,0,0,0,0
1790069435.653217,-2,0,-3,-5,10019,28900,14335,18486,3483757,3483759,3483754,3483756,0,0,0,0
1790069435.7169979,-6,-3,0,-3,10016,28898,14334,18485,3483787,3483789,3483784,3483786,0,0,0,0
1790069435.8483803,-2,-3,-4,2,10009,28897,14333,18481,3483847,3483849,3483844,3483846,0,0,0,0
1790069435.8483803,-1,-2,-2,-1,10007,28897,14331,18480,3483877,3483879,3483874,3483876,0,0,0,0
1790069436.05637,5,0,2,3,10005,28902,14334,18480,3483907,3483909,3483904,3483906,0,0,0,0
1790069436.0573814,5,-4,6,0,10009,28912,14343,18483,3483997,3483999,3483994,3483996,0,0,0,0
1790069436.2587323,-4,5,3,2,10011,28916,14345,18486,3484027,3484029,3484024,3484026,0,0,0,0
1790069436.2653754,-3,0,2,-4,10017,28921,14356,18488,3484117,3484119,3484114,3484116,0,0,0,0
1790069436.4655786,-3,1,4,3,10015,28922,14359,18488,3484147,3484149,3484144,3484146,0,0,0,0
1790069436.4672425,-2,-1,0,2,10018,28919,14359,18491,3484207,3484209,3484204,3484206,0,0,0,0
1790069436.479567,-2,2,0,1,10016,28917,14361,18489,3484237,3484239,3484234,3484236,0,0,0,0
1790069436.673574,-2,-4,-5,-1,10010,28915,14361,18486,3484267,3484269,3484264,3484266,0,0,0,0
1790069436.6749666,-9,-3,-6,0,10003,28913,14363,18484,3484327,3484329,3484324,3484326,0,0,0,0
1790069436.6749666,-5,-6,5,0,10003,28918,14367,18485,3484357,3484359,3484354,3484356,0,0,0,0
1790069436.716974,-2,-1,-1,0,9999,28918,14369,18484,3484387,3484389,3484384,3484386,0,0,0,0
1790069436.87695,-3,-4,-5,-2,9997,28917,14367,18484,3484477,3484479,3484474,3484476,0,0,0,0
1790069436.953013,2,4,-3,2,9999,28918,14365,18488,3484507,3484509,3484504,3484506,0,0,0,0
1790069436.9598613,2,3,1,4,10003,28920,14365,18490,3484537,3484539,3484534,3484536,0,0,0,0
1790069437.0833318,0,2,0,2,10004,28925,14369,18489,3484567,3484569,3484564,3484566,0,0,0,0
1790069437.0987456,1,1,-1,-2,10002,28934,14381,18487,3484627,3484629,3484624,3484626,0,0,0,0
1790069437.2865586,2,4,2,-2,10000,28944,14393,18487,3484687,3484689,3484684,3484686,0,0,0,0
1790069437.2994554,-5,-1,-3,-2,9998,28943,14396,18487,3484717,3484719,3484714,3484716,0,0,0,0
1790069437.4879744,-2,0,2,3,10004,28942,14396,18490,3484747,3484749,3484744,3484746,0,0,0,0
1790069437.4930477,-5,-2,0,-3,10008,28938,14396,18495,3484807,3484809,3484804,3484806,0,0,0,0
1790069437.4944127,-1,-2,-3,-3,10004,28939,14399,18493,3484837,3484839,3484834,3484836,0,0,0,0
1790069437.6953769,3,-4,-1,4,9994,28934,14399,18489,3484927,3484929,3484924,3484926,0,0,0,0
1790069437.696226,-3,0,-3,4,9994,28933,14397,18488,3484957,3484959,3484954,3484956,0,0,0,0
1790069437.7161162,-2,-4,-3,0,9991,28931,14398,18488,3484987,3484989,3484984,3484986,0,0,0,0
1790069437.7789848,-1,1,0,3,9993,28928,14392,18490,3485017,3485019,3485014,3485016,0,0,0,0
1790069437.8967059,2,2,-1,0,9994,28928,14391,18492,3485047,3485049,3485044,3485046,0,0,0,0
1790069437.8967059,-2,2,-2,-4,9995,28932,14390,18492,3485077,3485079,3485074,3485076,0,0,0,0
1790069438.1052005,1,5,1,-5,9993,28935,14394,18491,3485107,3485109,3485104,3485106,0,0,0,0
1790069438.1052005,1,4,10,-3,9993,28953,14416,18492,3485227,3485229,3485224,3485226,0,0,0,0
1790069438.3066673,0,-1,1,0,9995,28954,14418,18495,3485257,3485259,3485254,3485256,0,0,0,0
1790069438.3136225,0,-3,0,8,9996,28959,14431,18498,3485347,3485349,3485344,3485346,0,0,0,0
1790069438.5144453,-2,-4,-2,1,9988,28955,14438,18496,3485467,3485469,3485464,3485466,0,0,0,0
1790069438.7169285,-2,-4,-2,-3,9986,28956,14441,18496,3485527,3485529,3485524,3485526,0,0,0,0
1790069438.7169285,-4,0,-5,-9,9984,28954,14439,18495,3485557,3485559,3485554,3485556,0,0,0,0
1790069438.7169285,-2,2,-3,2,9982,28955,14442,18496,3485587,3485589,3485584,3485586,0,0,0,0
1790069438.9253328,-1,-9,-5,2,9971,28964,14453,18493,3485707,3485709,3485704,3485706,0,0,0,0
1790069439.1265624,0,-1,0,-5,9971,28966,14458,18496,3485737,3485739,3485734,3485736,0,0,0,0
1790069439.3334332,2,0,3,-1,9978,28982,14472,18497,3485857,3485859,3485854,3485856,0,0,0,0
1790069439.33499,-1,3,-4,3,9983,28983,14479,18502,3485947,3485949,3485944,3485946,0,0,0,0
1790069439.5359,-2,0,-1,3,9984,28981,14479,18504,3485977,3485979,3485974,3485976,0,0,0,0
1790069439.5359,0,-6,-1,1,9982,28978,14481,18503,3486037,3486039,3486034,3486036,0,0,0,0
1790069439.5500543,-3,-1,1,0,9979,28974,14477,18503,3486097,3486099,3486094,3486096,0,0,0,0
1790069439.7304344,0,-3,0,-1,9977,28969,14474,18503,3486127,3486129,3486124,3486126,0,0,0,0
1790069439.7368226,1,-1,-4,-2,9974,28968,14472,18503,3486187,3486189,3486184,3486186,0,0,0,0
1790069439.9483166,0,0,0,-3,9969,28971,14474,18502,3486217,3486219,3486214,3486216,0,0,0,0
1790069439.949316,4,1,1,2,9973,28982,14481,18503,3486337,3486339,3486334,3486336,0,0,0,0
1790069440.1528645,3,-2,2,-2,9983,28986,14490,18506,3486457,3486459,3486454,3486456,0,0,0,0
1790069440.3554404,1,-8,-3,-5,9979,28986,14492,18505,3486487,3486489,3486484,3486486,0,0,0,0
1790069440.3554404,1,1,-4,3,9977,28980,14489,18504,3486577,3486579,3486574,3486576,0,0,0,0
1790069440.562567,2,-2,-1,-1,9973,28977,14488,18503,3486607,3486609,3486604,3486606,0,0,0,0
1790069440.563915,0,2,0,-3,9968,28975,14482,18503,3486697,3486699,3486694,3486696,0,0,0,0
1790069440.7339761,-3,2,-6,1,9971,28979,14482,18506,3486757,3486759,3486754,3486756,0,0,0,0
1790069440.7384727,-2,1,-3,-5,9974,28982,14483,18506,3486787,3486789,3486784,3486786,0,0,0,0
1790069440.7639043,3,1,2,5,9976,28984,14486,18507,3486817,3486819,3486814,3486816,0,0,0,0
1790069440.9733162,3,-3,4,1,9973,29000,14508,18502,3486937,3486939,3486934,3486936,0,0,0,0
1790069441.1783764,-4,4,-1,1,9972,28988,14503,18506,3487057,3487059,3487054,3487056,0,0,0,0
1790069441.381917,-3,-4,-3,-3,9966,28987,14504,18502,3487087,3487089,3487084,3487086,0,0,0,0
1790069441.3829281,-1,-2,-1,0,9963,28983,14499,18503,3487177,3487179,3487174,3487176,0,0,0,0
1790069441.5842626,-2,-4,0,0,9962,28982,14499,18505,3487207,3487209,3487204,3487206,0,0,0,0
1790069441.5842626,-3,3,-1,-6,9963,28983,14499,18504,3487237,3487239,3487234,3487236,0,0,0,0
1790069441.598297,0,1,-3,-3,9962,28991,14505,18504,3487297,3487299,3487294,3487296,0,0,0,0
1790069441.7372124,2,4,6,5,9963,28998,14511,18503,3487327,3487329,3487324,3487326,0,0,0,0
1790069441.7988074,-1,2,-4,-1,9977,29000,14514,18510,3487417,3487419,3487414,3487416,0,0,0,0
1790069441.994666,2,-3,2,9,9976,29000,14516,18510,3487447,3487449,3487444,3487446,0,0,0,0
1790069441.9965844,2,-10,-1,-3,9973,29002,14519,18508,3487477,3487479,3487474,3487476,0,0,0,0
1790069441.9990702,-1,-8,-3,-3,9971,28998,14519,18507,3487537,3487539,3487534,3487536,0,0,0,0
1790069442.2004585,1,0,-3,-3,9968,28988,14510,18507,3487597,3487599,3487594,3487596,0,0,0,0
1790069442.4035559,-1,0,4,2,9960,28991,14510,18503,3487717,3487719,3487714,3487716,0,0,0,0
1790069442.4035559,2,4,5,-1,9966,29000,14516,18507,3487807,3487809,3487804,3487806,0,0,0,0
1790069442.6115732,2,-1,2,2,9976,28999,14515,18513,3487867,3487869,3487864,3487866,0,0,0,0
1790069442.6180444,4,-9,1,-4,9976,29004,14520,18511,3487927,3487929,3487924,3487926,0,0,0,0
1790069442.7405474,0,-2,-1,3,9969,28997,14520,18509,3488017,3488019,3488014,3488016,0,0,0,0
1790069442.8192291,0,0,-1,-2,9967,28996,14523,18508,3488047,3488049,3488044,3488046,0,0,0,0
1790069443.0206218,1,0,-2,-3,9965,28990,14519,18512,3488137,3488139,3488134,3488136,0,0,0,0
1790069443.0286467,2,6,-4,8,9957,28995,14519,18507,3488197,3488199,3488194,3488196,0,0,0,0
1790069443.222591,-3,2,-2,4,9961,29002,14522,18509,3488257,3488259,3488254,3488256,0,0,0,0
1790069443.236501,-3,4,2,-2,9971,29001,14521,18515,3488317,3488319,3488314,3488316,0,0,0,0
1790069443.4298441,2,0,-3,-6,9974,29008,14531,18515,3488377,3488379,3488374,3488376,0,0,0,0
1790069443.4381282,-2,-7,0,-4,9980,29005,14530,18518,3488437,3488439,3488434,3488436,0,0,0,0
1790069443.6347253,-3,-1,-5,-2,9973,29006,14535,18514,3488497,3488499,3488494,3488496,0,0,0,0
1790069443.6386409,-3,-4,-2,2,9967,29002,14534,18512,3488527,3488529,3488524,3488526,0,0,0,0
1790069443.736843,0,-1,-5,2,9963,29000,14534,18511,3488557,3488559,3488554,3488556,0,0,0,0
1790069443.736843,1,2,-2,-2,9966,28996,14527,18515,3488617,3488619,3488614,3488616,0,0,0,0
1790069444.0417488,5,0,0,0,9971,29008,14533,18518,3488797,3488799,3488794,3488796,0,0,0,0
1790069444.2488055,2,3,-2,-2,9974,29009,14536,18519,3488857,3488859,3488854,3488856,0,0,0,0
1790069444.2572906,-3,1,1,-3,9975,29014,14542,18519,3488887,3488889,3488884,3488886,0,0,0,0
1790069444.2572906,3,2,1,-2,9974,29016,14545,18517,3488917,3488919,3488914,3488916,0,0,0,0
1790069444.4513562,-2,-2,-5,-3,9974,29016,14546,18516,3488947,3488949,3488944,3488946,0,0,0,0
1790069444.4513562,-25,-2,0,-3,9975,29014,14546,18518,3488977,3488979,3488974,3488976,0,0,0,0
1790069444.4585397,-3,-1,-9,-1,9972,29010,14544,18518,3489037,3489039,3489034,3489036,0,0,0,0
1790069444.659588,0,0,1,-2,9963,29005,14543,18515,3489097,3489099,3489094,3489096,0,0,0,0
1790069444.7431328,-2,6,1,1,9963,28998,14533,18516,3489157,3489159,3489154,3489156,0,0,0,0
1790069444.7570345,1,2,-3,-1,9966,28996,14529,18518,3489187,3489189,3489184,3489186,0,0,0,0
1790069444.8611796,-3,-2,0,3,9965,28999,14530,18519,3489217,3489219,3489214,3489216,0,0,0,0
1790069444.867072,2,3,3,0,9961,29007,14540,18517,3489277,3489279,3489274,3489276,0,0,0,0
1790069445.047397,0,3,-5,7,9962,29008,14542,18518,3489307,3489309,3489304,3489306,0,0,0,0
1790069445.0543919,2,-2,-2,5,9970,29015,14546,18522,3489367,3489369,3489364,3489366,0,0,0,0
1790069445.270759,1,-2,6,0,9971,29013,14552,18520,3489517,3489519,3489514,3489516,0,0,0,0
1790069445.2778542,-2,-5,-9,-2,9968,29005,14548,18520,3489547,3489549,3489544,3489546,0,0,0,0
1790069445.4789796,-1,2,-3,-3,9968,29003,14545,18521,3489607,3489609,3489604,3489606,0,0,0,0
1790069445.4793184,-2,-11,-5,3,9962,29003,14542,18519,3489667,3489669,3489664,3489666,0,0,0,0
1790069445.6834345,5,-1,1,-1,9955,29010,14548,18515,3489727,3489729,3489724,3489726,0,0,0,0
1790069445.6944916,3,3,-1,0,9957,29015,14551,18516,3489757,3489759,3489754,3489756,0,0,0,0
1790069445.6954925,0,-1,1,-3,9963,29015,14552,18519,3489787,3489789,3489784,3489786,0,0,0,0
1790069445.8874183,2,2,-1,-2,9967,29011,14550,18524,3489817,3489819,3489814,3489816,0,0,0,0
1790069445.8884244,3,2,1,2,9979,29018,14551,18528,3489877,3489879,3489874,3489876,0,0,0,0
1790069445.8954134,2,-1,-2,-4,9979,29017,14553,18529,3489907,3489909,3489904,3489906,0,0,0,0
1790069446.049031,1,1,0,0,9974,29018,14558,18525,3489967,3489969,3489964,3489966,0,0,0,0
1790069446.0556593,-4,-2,2,-2,9971,29017,14562,18522,3489997,3489999,3489994,3489996,0,0,0,0
1790069446.097547,-3,3,-5,2,9969,29017,14565,18521,3490027,3490029,3490024,3490026,0,0,0,0
1790069446.2970874,-5,1,-6,0,9971,29009,14555,18526,3490087,3490089,3490084,3490086,0,0,0,0
1790069446.2986624,-2,2,3,-4,9968,29007,14553,18525,3490117,3490119,3490114,3490116,0,0,0,0
1790069446.2986624,-4,2,-6,2,9963,29009,14555,18522,3490147,3490149,3490144,3490146,0,0,0,0
1790069446.4999993,-7,-2,-1,-1,9960,29017,14560,18524,3490267,3490269,3490264,3490266,0,0,0,0
1790069446.7068644,0,1,-3,-1,9961,29024,14568,18524,3490327,3490329,3490324,3490326,0,0,0,0
1790069446.7140012,1,5,5,-2,9963,29028,14576,18526,3490387,3490389,3490384,3490386,0,0,0,0
1790069446.9091318,2,5,0,0,9969,29033,14576,18529,3490417,3490419,3490414,3490416,0,0,0,0
1790069446.9091318,-3,-6,3,0,9967,29030,14578,18528,3490447,3490449,3490444,3490446,0,0,0,0
1790069446.9091318,-2,-5,-1,0,9971,29033,14580,18528,3490477,3490479,3490474,3490476,0,0,0,0
1790069446.916536,-6,0,0,2,9968,29033,14584,18526,3490507,3490509,3490504,3490506,0,0,0,0
1790069447.0558214,1,0,-1,5,9967,29030,14585,18527,3490537,3490539,3490534,3490536,0,0,0,0
1790069447.0558214,2,-4,-4,-2,9974,29020,14575,18532,3490597,3490599,3490594,3490596,0,0,0,0
1790069447.1180418,0,-3,-2,-5,9970,29018,14572,18532,3490627,3490629,3490624,3490626,0,0,0,0
1790069447.319134,-4,0,4,1,9966,29020,14576,18529,3490657,3490659,3490654,3490656,0,0,0,0
1790069447.319134,-3,-1,1,3,9953,29021,14576,18523,3490717,3490719,3490714,3490716,0,0,0,0
1790069447.332625,4,2,-7,-3,9955,29019,14576,18525,3490747,3490749,3490744,3490746,0,0,0,0
1790069447.5262196,-4,2,-4,-7,9956,29018,14572,18528,3490777,3490779,3490774,3490776,0,0,0,0
1790069447.5272303,4,0,5,-6,9967,29020,14569,18533,3490837,3490839,3490834,3490836,0,0,0,0
1790069447.5337512,1,-1,-1,-1,9971,29021,14571,18534,3490867,3490869,3490864,3490866,0,0,0,0
1790069447.7293558,2,1,2,-2,9971,29033,14580,18533,3490927,3490929,3490924,3490926,0,0,0,0
1790069447.7293558,1,2,-3,1,9972,29033,14581,18534,3490957,3490959,3490954,3490956,0,0,0,0
1790069447.7345622,4,-2,2,-1,9974,29030,14582,18535,3490987,3490989,3490984,3490986,0,0,0,0
1790069447.7569215,-2,-4,2,-5,9979,29032,14581,18538,3491017,3491019,3491014,3491016,0,0,0,0
1790069447.9298315,-3,-3,-2,1,9981,29033,14585,18538,3491077,3491079,3491074,3491076,0,0,0,0
1790069447.9369142,-2,-4,2,8,9979,29034,14587,18538,3491107,3491109,3491104,3491106,0,0,0,0
1790069448.0639129,1,3,3,2,9984,29042,14593,18543,3491167,3491169,3491164,3491166,0,0,0,0
1790069448.064836,4,10,2,0,10009,29063,14620,18570,3491197,3491199,3491194,3491196,0,0,0,0
1790069448.3403816,3,7,2,-1,9986,29062,14652,18569,3491287,3491289,3491284,3491286,0,0,0,0
1790069448.354298,0,3,3,-3,9983,29068,14658,18568,3491347,3491349,3491344,3491346,0,0,0,0
1790069448.472331,0,1,2,-1,9985,29070,14661,18567,3491377,3491379,3491374,3491376,0,0,0,0
1790069448.4780695,-2,0,4,-1,9982,29072,14663,18566,3491407,3491409,3491404,3491406,0,0,0,0
1790069448.4780695,7,-3,1,-2,9984,29073,14664,18567,3491437,3491439,3491434,3491436,0,0,0,0
1790069448.5551775,0,-3,-2,1,9985,29072,14665,18566,3491467,3491469,3491464,3491466,0,0,0,0
1790069448.7497575,0,1,1,-2,9988,29073,14666,18568,3491497,3491499,3491494,3491496,0,0,0,0
1790069448.7497575,1,1,-3,-3,9987,29074,14670,18567,3491587,3491589,3491584,3491586,0,0,0,0
1790069448.7566102,-1,-2,-3,-3,9982,29069,14668,18565,3491617,3491619,3491614,3491616,0,0,0,0
1790069448.9583054,2,-2,6,0,9984,29067,14667,18566,3491647,3491649,3491644,3491646,0,0,0,0
1790069448.9583054,-3,-4,3,-5,9984,29064,14664,18568,3491677,3491679,3491674,3491676,0,0,0,0
1790069448.9583054,-5,-2,0,-2,9983,29064,14664,18566,3491707,3491709,3491704,3491706,0,0,0,0
1790069448.9642458,0,1,-3,-3,9979,29062,14663,18565,3491737,3491739,3491734,3491736,0,0,0,0
1790069449.1658084,-5,-2,1,-6,9975,29059,14661,18564,3491767,3491769,3491764,3491766,0,0,0,0
1790069449.1668158,2,-2,6,-2,9961,29068,14671,18556,3491857,3491859,3491854,3491856,0,0,0,0
1790069449.5752566,-1,1,-2,0,9961,29068,14671,18555,3491887,3491889,3491884,3491886,0,0,0,0
1790069449.576605,-1,3,0,-3,9962,29069,14670,18557,3491917,3491919,3491914,3491916,0,0,0,0
1790069449.576605,0,-2,-4,-2,9969,29067,14664,18561,3492007,3492009,3492004,3492006,0,0,0,0
1790069449.576605,0,3,0,-3,9969,29078,14672,18560,3492097,3492099,3492094,3492096,0,0,0,0
1790069449.7700655,3,0,-1,-1,9971,29078,14674,18558,3492127,3492129,3492124,3492126,0,0,0,0
1790069449.7700655,0,7,-9,0,9975,29079,14674,18562,3492157,3492159,3492154,3492156,0,0,0,0
1790069449.7766068,-1,-1,8,0,9974,29081,14677,18563,3492217,3492219,3492214,3492216,0,0,0,0
1790069449.9786837,-2,-2,-11,-1,9975,29081,14678,18563,3492247,3492249,3492244,3492246,0,0,0,0
1790069449.9842067,-2,0,0,1,9986,29078,14674,18569,3492337,3492339,3492334,3492336,0,0,0,0
1790069450.187251,-4,-7,-2,0,9982,29079,14677,18566,3492367,3492369,3492364,3492366,0,0,0,0
1790069450.187633,4,-3,-1,1,9972,29085,14688,18560,3492427,3492429,3492424,3492426,0,0,0,0
1790069450.1935794,0,0,-1,1,9968,29082,14688,18558,3492457,3492459,3492454,3492456,0,0,0,0
1790069450.3888354,1,1,4,0,9969,29079,14686,18560,3492487,3492489,3492484,3492486,0,0,0,0
1790069450.3949876,-8,0,-2,4,9972,29075,14682,18562,3492517,3492519,3492514,3492516,0,0,0,0
1790069450.395879,-3,2,-1,-1,9969,29070,14678,18562,3492577,3492579,3492574,3492576,0,0,0,0
1790069450.596789,0,-1,-2,-1,9963,29071,14678,18560,3492637,3492639,3492634,3492636,0,0,0,0
1790069450.596789,2,-3,-3,-2,9956,29076,14683,18556,3492697,3492699,3492694,3492696,0,0,0,0
1790069450.7706163,1,1,2,-1,9955,29078,14684,18555,3492727,3492729,3492724,3492726,0,0,0,0
1790069450.7706163,1,-2,-2,4,9958,29078,14681,18557,3492757,3492759,3492754,3492756,0,0,0,0
1790069450.7758243,2,2,-5,-1,9960,29081,14684,18558,3492787,3492789,3492784,3492786,0,0,0,0
1790069451.0073345,8,2,6,2,9958,29089,14691,18557,3492847,3492849,3492844,3492846,0,0,0,0
1790069451.0073345,4,4,2,0,9961,29089,14693,18560,3492907,3492909,3492904,3492906,0,0,0,0
1790069451.0083473,1,1,-1,-3,9966,29088,14693,18563,3492937,3492939,3492934,3492936,0,0,0,0
1790069451.0189106,0,2,2,1,9972,29092,14693,18565,3492967,3492969,3492964,3492966,0,0,0,0
1790069451.2084095,3,-2,-5,0,9966,29099,14704,18560,3493087,3493089,3493084,3493086,0,0,0,0
1790069451.4162629,2,-2,4,-7,9968,29103,14709,18561,3493117,3493119,3493114,3493116,0,0,0,0
1790069451.4162629,2,-6,-1,-7,9969,29096,14708,18566,3493207,3493209,3493204,3493206,0,0,0,0
1790069451.6240628,-3,-4,1,6,9967,29096,14709,18565,3493237,3493239,3493234,3493236,0,0,0,0
1790069451.6256065,-3,-2,-3,2,9962,29093,14711,18560,3493327,3493329,3493324,3493326,0,0,0,0
1790069451.7769403,-6,-4,-3,-3,9961,29094,14711,18562,3493357,3493359,3493354,3493356,0,0,0,0
1790069451.7769403,-1,1,-4,-1,9957,29091,14710,18560,3493387,3493389,3493384,3493386,0,0,0,0
1790069451.8263285,-4,6,-2,0,9956,29088,14708,18560,3493417,3493419,3493414,3493416,0,0,0,0
1790069451.8394556,-4,-3,-1,-1,9956,29089,14707,18561,3493447,3493449,3493444,3493446,0,0,0,0
1790069452.0333118,-6,-4,3,-1,9954,29089,14708,18561,3493477,3493479,3493474,3493476,0,0,0,0
1790069452.034628,-2,-2,-1,1,9948,29094,14712,18558,3493567,3493569,3493564,3493566,0,0,0,0
1790069452.2356377,-4,0,-4,-4,9949,29093,14713,18560,3493597,3493599,3493594,3493596,0,0,0,0
1790069452.240798,3,4,-3,-6,9957,29094,14712,18565,3493687,3493689,3493684,3493686,0,0,0,0
1790069452.442327,7,-2,-3,1,9960,29095,14711,18569,3493717,3493719,3493714,3493716,0,0,0,0
1790069452.445614,-5,2,-2,-2,9963,29108,14721,18569,3493837,3493839,3493834,3493836,0,0,0,0
1790069452.6449525,1,1,2,-1,9973,29107,14723,18575,3493927,3493929,3493924,3493926,0,0,0,0
1790069452.6586185,3,2,1,3,9972,29106,14723,18575,3493957,3493959,3493954,3493956,0,0,0,0
1790069452.7842128,0,-3,3,-4,9973,29108,14726,18574,3493987,3493989,3493984,3493986,0,0,0,0
1790069452.7903879,0,-3,-4,-7,9969,29108,14731,18574,3494047,3494049,3494044,3494046,0,0,0,0
1790069452.8589282,-2,1,-1,3,9967,29107,14731,18574,3494077,3494079,3494074,3494076,0,0,0,0
1790069453.0548692,-3,-5,1,-9,9967,29102,14727,18574,3494107,3494109,3494104,3494106,0,0,0,0
1790069453.0548692,-4,-5,-4,4,9968,29097,14724,18575,3494137,3494139,3494134,3494136,0,0,0,0
1790069453.0548692,-4,4,1,0,9966,29097,14726,18575,3494167,3494169,3494164,3494166,0,0,0,0
1790069453.2564986,2,-2,8,-3,9958,29094,14723,18572,3494257,3494259,3494254,3494256,0,0,0,0
1790069453.2735293,2,-1,0,3,9955,29094,14724,18571,3494287,3494289,3494284,3494286,0,0,0,0
1790069453.2735293,-3,3,4,7,9955,29096,14723,18570,3494317,3494319,3494314,3494316,0,0,0,0
1790069453.665251,-1,1,0,-3,9952,29095,14725,18569,3494347,3494349,3494344,3494346,0,0,0,0
1790069453.6718073,-2,0,-4,1,9951,29097,14726,18569,3494377,3494379,3494374,3494376,0,0,0,0
1790069453.6731367,-1,0,-3,2,9956,29099,14723,18572,3494497,3494499,3494494,3494496,0,0,0,0
1790069453.6731367,0,-4,6,-3,9951,29104,14730,18569,3494527,3494529,3494524,3494526,0,0,0,0
1790069453.790342,5,0,6,3,9954,29110,14736,18572,3494587,3494589,3494584,3494586,0,0,0,0
1790069453.790342,-2,-3,0,-2,9956,29108,14734,18574,3494617,3494619,3494614,3494616,0,0,0,0
1790069453.790342,5,0,-4,0,9961,29109,14736,18575,3494647,3494649,3494644,3494646,0,0,0,0
1790069453.8739278,6,2,1,-3,9960,29114,14740,18574,3494677,3494679,3494674,3494676,0,0,0,0
1790069454.0752594,-1,3,7,-1,9957,29118,14745,18572,3494707,3494709,3494704,3494706,0,0,0,0
1790069454.0807915,2,-3,6,0,9956,29122,14750,18573,3494737,3494739,3494734,3494736,0,0,0,0
1790069454.0807915,1,-2,1,-3,9958,29121,14751,18575,3494767,3494769,3494764,3494766,0,0,0,0
1790069454.0893734,4,2,3,-1,9963,29125,14756,18576,3494827,3494829,3494824,3494826,0,0,0,0
1790069454.2844875,-4,-2,-1,0,9962,29124,14757,18576,3494887,3494889,3494884,3494886,0,0,0,0
1790069454.2908864,-2,-4,0,-2,9964,29117,14755,18579,3494947,3494949,3494944,3494946,0,0,0,0
1790069454.4856288,-4,-2,-2,-5,9957,29116,14754,18576,3495007,3495009,3495004,3495006,0,0,0,0
1790069454.4916308,0,1,1,-5,9952,29114,14754,18575,3495067,3495069,3495064,3495066,0,0,0,0
1790069454.6939456,1,-5,-3,4,9949,29110,14753,18575,3495157,3495159,3495154,3495156,0,0,0,0
1790069454.6995351,0,1,-2,0,9950,29107,14750,18575,3495187,3495189,3495184,3495186,0,0,0,0
1790069454.790842,-5,-1,-1,0,9950,29110,14752,18577,3495217,3495219,3495214,3495216,0,0,0,0
1790069454.7972918,1,-2,-2,7,9947,29111,14752,18575,3495247,3495249,3495244,3495246,0,0,0,0
1790069455.1034296,0,0,2,-6,9948,29114,14753,18576,3495307,3495309,3495304,3495306,0,0,0,0
1790069455.1034296,4,0,-2,4,9949,29115,14755,18577,3495367,3495369,3495364,3495366,0,0,0,0
1790069455.1087103,5,7,0,-3,9949,29120,14760,18576,3495427,3495429,3495424,3495426,0,0,0,0
1790069455.304933,0,3,0,1,9950,29128,14764,18576,3495457,3495459,3495454,3495456,0,0,0,0
1790069455.3108413,4,1,-1,3,9948,29136,14770,18575,3495487,3495489,3495484,3495486,0,0,0,0
1790069455.3173673,2,2,-2,1,9945,29140,14777,18572,3495547,3495549,3495544,3495546,0,0,0,0
1790069455.5132377,14,-1,0,-2,9945,29138,14780,18573,3495577,3495579,3495574,3495576,0,0,0,0
1790069455.5132377,0,3,-1,1,9950,29140,14778,18574,3495607,3495609,3495604,3495606,0,0,0,0
1790069455.5179725,0,-6,3,-1,9947,29147,14788,18574,3495667,3495669,3495664,3495666,0,0,0,0
1790069455.7195697,2,1,1,-1,9950,29143,14787,18576,3495757,3495759,3495754,3495756,0,0,0,0
1790069455.7970998,-5,-2,-3,3,9954,29141,14786,18578,3495787,3495789,3495784,3495786,0,0,0,0
1790069455.7970998,1,0,-2,-2,9951,29140,14787,18577,3495817,3495819,3495814,3495816,0,0,0,0
1790069455.9215498,-4,-1,2,0,9948,29145,14791,18575,3495847,3495849,3495844,3495846,0,0,0,0
1790069455.9359827,2,2,4,-12,9942,29135,14788,18575,3495937,3495939,3495934,3495936,0,0,0,0
1790069456.1239083,1,-2,0,-1,9942,29133,14787,18576,3495967,3495969,3495964,3495966,0,0,0,0
1790069456.1376336,-4,-2,1,-5,9932,29139,14796,18571,3496057,3496059,3496054,3496056,0,0,0,0
1790069456.3319113,0,-1,0,-2,9932,29138,14795,18573,3496087,3496089,3496084,3496086,0,0,0,0
1790069456.3319113,-4,-4,-4,-1,9935,29136,14791,18576,3496117,3496119,3496114,3496116,0,0,0,0
1790069456.3376856,3,0,-1,-4,9935,29137,14791,18575,3496177,3496179,3496174,3496176,0,0,0,0
1790069456.5340538,-1,1,-2,-1,9938,29143,14792,18577,3496237,3496239,3496234,3496236,0,0,0,0
1790069456.5389469,1,-2,0,-4,9940,29147,14796,18578,3496297,3496299,3496294,3496296,0,0,0,0
1790069456.7421236,11,4,0,0,9943,29149,14798,18578,3496327,3496329,3496324,3496326,0,0,0,0
1790069456.7421236,2,0,-4,-3,9948,29153,14801,18582,3496417,3496419,3496414,3496416,0,0,0,0
1790069456.9433856,4,0,1,-3,9950,29155,14804,18582,3496447,3496449,3496444,3496446,0,0,0,0
1790069456.9433856,0,-1,-4,-1,9953,29156,14805,18585,3496507,3496509,3496504,3496506,0,0,0,0
1790069456.9569871,3,1,-2,-4,9952,29154,14806,18585,3496537,3496539,3496534,3496536,0,0,0,0
1790069457.1517956,2,6,-3,-3,9945,29157,14813,18580,3496597,3496599,3496594,3496596,0,0,0,0
1790069457.158369,0,1,-3,-3,9943,29155,14813,18580,3496657,3496659,3496654,3496656,0,0,0,0
1790069457.353023,-6,1,-2,-1,9943,29154,14813,18581,3496687,3496689,3496684,3496686,0,0,0,0
1790069457.3585205,-1,1,-1,3,9938,29147,14809,18579,3496747,3496749,3496744,3496746,0,0,0,0
1790069457.3598695,-3,-1,-6,-6,9936,29146,14808,18579,3496777,3496779,3496774,3496776,0,0,0,0
1790069457.5613148,-1,1,0,-4,9933,29145,14808,18577,3496837,3496839,3496834,3496836,0,0,0,0
1790069457.5753126,2,-1,-3,1,9933,29143,14806,18581,3496897,3496899,3496894,3496896,0,0,0,0
1790069457.7624679,0,-4,-2,2,9934,29142,14804,18583,3496927,3496929,3496924,3496926,0,0,0,0
1790069457.7624679,-3,3,1,2,9938,29148,14805,18584,3497017,3497019,3497014,3497016,0,0,0,0
1790069457.8179452,3,4,0,-1,9937,29154,14810,18582,3497047,3497049,3497044,3497046,0,0,0,0
1790069457.9700115,2,7,2,0,9936,29156,14813,18581,3497077,3497079,3497074,3497076,0,0,0,0
1790069457.9710333,3,2,2,-1,9939,29157,14814,18582,3497107,3497109,3497104,3497106,0,0,0,0
1790069457.9781792,0,-1,1,2,9944,29158,14814,18587,3497137,3497139,3497134,3497136,0,0,0,0
1790069458.1714706,-3,-7,2,-4,9955,29155,14811,18591,3497197,3497199,3497194,3497196,0,0,0,0
1790069458.1791506,2,1,2,-5,9952,29157,14814,18589,3497257,3497259,3497254,3497256,0,0,0,0
1790069458.3795261,-1,-8,2,0,9948,29159,14817,18586,3497287,3497289,3497284,3497286,0,0,0,0
1790069458.588578,1,0,-4,-3,9942,29150,14815,18586,3497497,3497499,3497494,3497496,0,0,0,0
1790069458.795662,-5,0,-3,-1,9939,29148,14815,18586,3497527,3497529,3497524,3497526,0,0,0,0
1790069458.805165,1,4,2,-5,9934,29148,14815,18583,3497617,3497619,3497614,3497616,0,0,0,0
1790069458.8188972,-2,2,-3,0,9932,29147,14813,18583,3497647,3497649,3497644,3497646,0,0,0,0
1790069458.9939325,1,-1,-2,1,9930,29153,14819,18583,3497707,3497709,3497704,3497706,0,0,0,0
1790069458.999034,2,-4,-3,-8,9928,29155,14822,18583,3497737,3497739,3497734,3497736,0,0,0,0
1790069459.1968431,-1,1,-1,-1,9927,29155,14824,18583,3497767,3497769,3497764,3497766,0,0,0,0
1790069459.1968431,5,-1,27,-4,9929,29159,14826,18583,3497797,3497799,3497794,3497796,0,0,0,0
1790069459.388732,0,1,7,-2,9930,29159,14825,18583,3497827,3497829,3497824,3497826,0,0,0,0
1790069459.404435,-4,1,1,1,9937,29166,14828,18588,3497917,3497919,3497914,3497916,0,0,0,0
1790069459.404435,3,2,3,-3,9947,29166,14832,18594,3498007,3498009,3498004,3498006,0,0,0,0
1790069459.603094,-1,0,-4,-2,9945,29173,14837,18593,3498097,3498099,3498094,3498096,0,0,0,0
1790069459.6190753,-1,0,-4,-2,9945,29173,14837,18593,3498097,3498099,3498094,3498096,0,0,0,0
1790069459.8124824,-3,1,-3,5,9945,29176,14842,18591,3498157,3498159,3498154,3498156,0,0,0,0
1790069459.8144882,-2,1,-2,-2,9946,29173,14841,18594,3498217,3498219,3498214,3498216,0,0,0,0
1790069459.8144882,2,-1,-2,-4,9947,29175,14844,18593,3498247,3498249,3498244,3498246,0,0,0,0
1790069460.0096889,-3,-2,-4,0,9943,29171,14847,18594,3498367,3498369,3498364,3498366,0,0,0,0
1790069460.2211244,0,6,-2,2,9941,29165,14841,18595,3498397,3498399,3498394,3498396,0,0,0,0
1790069460.2211244,0,5,0,3,9943,29166,14842,18598,3498427,3498429,3498424,3498426,0,0,0,0
1790069460.2211244,-1,1,-2,-5,9937,29164,14845,18596,3498487,3498489,3498484,3498486,0,0,0,0
1790069460.4284263,-3,-1,-4,-3,9934,29166,14846,18593,3498517,3498519,3498514,3498516,0,0,0,0
1790069460.4284263,-5,1,2,-1,9931,29167,14847,18590,3498547,3498549,3498544,3498546,0,0,0,0
1790069460.4311383,0,-5,-2,0,9931,29167,14846,18591,3498577,3498579,3498574,3498576,0,0,0,0
1790069460.4311383,-1,-4,-1,5,9931,29163,14845,18591,3498607,3498609,3498604,3498606,0,0,0,0
1790069460.631646,1,1,-1,-2,9934,29162,14844,18594,3498637,3498639,3498634,3498636,0,0,0,0
1790069460.631646,-3,-1,-3,0,9933,29161,14839,18594,3498667,3498669,3498664,3498666,0,0,0,0
1790069460.634307,4,3,-3,-6,9930,29168,14844,18592,3498727,3498729,3498724,3498726,0,0,0,0
1790069460.823318,0,0,-2,2,9929,29170,14844,18592,3498757,3498759,3498754,3498756,0,0,0,0
1790069460.8319623,0,3,-4,2,9944,29167,14840,18600,3498847,3498849,3498844,3498846,0,0,0,0
1790069461.0399506,4,3,-5,6,9939,29176,14845,18598,3498907,3498909,3498904,3498906,0,0,0,0
1790069461.2418342,2,2,-1,-3,9938,29184,14855,18596,3498997,3498999,3498994,3498996,0,0,0,0
1790069461.2501907,2,4,-12,2,9944,29183,14853,18599,3499027,3499029,3499024,3499026,0,0,0,0
1790069461.255133,1,-5,1,1,9946,29180,14855,18600,3499087,3499089,3499084,3499086,0,0,0,0
1790069461.441278,-1,-5,3,-1,9947,29185,14857,18601,3499207,3499209,3499204,3499206,0,0,0,0
1790069461.4569788,-1,-5,3,-1,9947,29185,14857,18601,3499207,3499209,3499204,3499206,0,0,0,0
1790069461.6442852,-1,-3,-2,-1,9944,29186,14863,18599,3499267,3499269,3499264,3499266,0,0,0,0
1790069461.6442852,-2,-1,-1,1,9942,29187,14866,18599,3499327,3499329,3499324,3499326,0,0,0,0
1790069461.6442852,-2,-1,-1,1,9942,29187,14866,18599,3499327,3499329,3499324,3499326,0,0,0,0
1790069461.8339474,-1,-7,1,2,9937,29190,14868,18596,3499387,3499389,3499384,3499386,0,0,0,0
1790069461.838301,-6,2,0,1,9938,29183,14868,18599,3499447,3499449,3499444,3499446,0,0,0,0
1790069462.0598125,-3,2,-2,0,9932,29173,14859,18598,3499597,3499599,3499594,3499596,0,0,0,0
1790069462.2623687,-2,-3,-6,0,9934,29170,14858,18599,3499627,3499629,3499624,3499626,0,0,0,0
1790069462.2623687,-2,-2,3,-3,9935,29171,14856,18600,3499657,3499659,3499654,3499656,0,0,0,0
1790069462.2623687,-2,-1,-4,7,9933,29170,14856,18598,3499687,3499689,3499684,3499686,0,0,0,0
1790069462.2785592,-3,-1,5,3,9932,29174,14858,18598,3499717,3499719,3499714,3499716,0,0,0,0
1790069462.4759414,-4,-2,-6,1,9935,29171,14856,18601,3499777,3499779,3499774,3499776,0,0,0,0
1790069462.4759414,0,-4,-1,-3,9939,29168,14855,18605,3499807,3499809,3499804,3499806,0,0,0,0
1790069462.4759414,0,1,-4,1,9941,29168,14852,18605,3499837,3499839,3499834,3499836,0,0,0,0
1790069462.6843677,7,5,-1,2,9941,29170,14853,18606,3499897,3499899,3499894,3499896,0,0,0,0
1790069462.691218,-5,1,-1,4,9942,29171,14854,18608,3499927,3499929,3499924,3499926,0,0,0,0
1790069462.6989908,5,5,0,7,9944,29175,14854,18608,3499987,3499989,3499984,3499986,0,0,0,0
1790069462.846407,1,0,0,-1,9941,29177,14857,18606,3500017,3500019,3500014,3500016,0,0,0,0
1790069462.846407,2,4,5,1,9940,29182,14863,18605,3500047,3500049,3500044,3500046,0,0,0,0
1790069462.857713,1,0,-6,0,9941,29183,14864,18604,3500077,3500079,3500074,3500076,0,0,0,0
1790069463.0891328,2,6,0,-1,9946,29181,14862,18610,3500197,3500199,3500194,3500196,0,0,0,0
1790069463.2908115,7,-1,-3,-1,9947,29184,14863,18610,3500227,3500229,3500224,3500226,0,0,0,0
1790069463.2955003,5,-2,3,-1,9951,29184,14863,18613,3500287,3500289,3500284,3500286,0,0,0,0
1790069463.3025372,6,3,1,-2,9953,29187,14863,18614,3500317,3500319,3500314,3500316,0,0,0,0
1790069463.499069,1,2,-3,2,9953,29189,14868,18612,3500347,3500349,3500344,3500346,0,0,0,0
1790069463.499069,3,2,2,2,9954,29191,14871,18612,3500377,3500379,3500374,3500376,0,0,0,0
1790069463.5035148,0,1,2,8,9954,29190,14870,18612,3500407,3500409,3500404,3500406,0,0,0,0
1790069463.512966,1,3,6,0,9955,29191,14869,18611,3500437,3500439,3500434,3500436,0,0,0,0
1790069463.5171533,1,4,5,1,9957,29191,14870,18615,3500467,3500469,3500464,3500466,0,0,0,0
1790069463.7062247,-1,-3,-4,-2,9955,29193,14873,18613,3500527,3500529,3500524,3500526,0,0,0,0
1790069463.7124443,-1,1,-1,0,9952,29197,14877,18610,3500587,3500589,3500584,3500586,0,0,0,0
1790069463.858348,-2,4,7,1,9952,29197,14878,18609,3500617,3500619,3500614,3500616,0,0,0,0
1790069463.859348,-2,-9,-2,1,9951,29195,14876,18608,3500647,3500649,3500644,3500646,0,0,0,0
1790069463.9100492,-2,-3,2,3,9952,29193,14876,18612,3500677,3500679,3500674,3500676,0,0,0,0
1790069463.9197505,-1,-2,-2,-5,9949,29190,14875,18610,3500707,3500709,3500704,3500706,0,0,0,0
1790069464.1156728,-2,-3,0,-3,9948,29190,14879,18610,3500737,3500739,3500734,3500736,0,0,0,0
1790069464.1226852,-2,-6,6,1,9946,29188,14879,18608,3500767,3500769,3500764,3500766,0,0,0,0
1790069464.129856,-2,-2,0,-4,9949,29185,14876,18611,3500797,3500799,3500794,3500796,0,0,0,0
1790069464.1360614,-1,-6,3,-2,9949,29179,14870,18612,3500827,3500829,3500824,3500826,0,0,0,0
1790069464.3195944,-1,-4,-1,-2,9949,29177,14866,18615,3500887,3500889,3500884,3500886,0,0,0,0
1790069464.320595,-1,-4,-1,-2,9949,29177,14866,18615,3500887,3500889,3500884,3500886,0,0,0,0
1790069464.503062,2,-2,-1,-6,9937,29180,14873,18607,3501007,3501009,3501004,3501006,0,0,0,0
1790069464.5192258,-2,-2,0,0,9937,29177,14869,18607,3501067,3501069,3501064,3501066,0,0,0,0
1790069464.727688,-3,-2,-1,-4,9939,29175,14866,18610,3501097,3501099,3501094,3501096,0,0,0,0
1790069464.7280698,1,-4,2,6,9942,29174,14866,18611,3501127,3501129,3501124,3501126,0,0,0,0
1790069464.7280698,-2,4,-4,-1,9942,29177,14865,18610,3501157,3501159,3501154,3501156,0,0,0,0
1790069464.7341468,-2,1,-1,2,9940,29178,14866,18609,3501187,3501189,3501184,3501186,0,0,0,0
1790069464.7341468,1,3,-2,1,9937,29182,14871,18608,3501217,3501219,3501214,3501216,0,0,0,0
1790069464.8604498,2,2,2,4,9935,29185,14876,18605,3501247,3501249,3501244,3501246,0,0,0,0
1790069464.8614492,2,4,-5,-6,9937,29190,14876,18606,3501277,3501279,3501274,3501276,0,0,0,0
1790069464.9365642,-1,5,-6,-2,9936,29189,14877,18607,3501307,3501309,3501304,3501306,0,0,0,0
1790069465.1368854,-1,0,1,-2,9944,29190,14876,18610,3501337,3501339,3501334,3501336,0,0,0,0
1790069465.1368854,3,8,6,1,9947,29191,14876,18613,3501427,3501429,3501424,3501426,0,0,0,0
1790069465.3433115,1,-3,4,-3,9947,29193,14878,18611,3501457,3501459,3501454,3501456,0,0,0,0
1790069465.3451774,1,-1,1,-6,9949,29198,14878,18614,3501487,3501489,3501484,3501486,0,0,0,0
1790069465.3460143,5,-4,1,-3,9951,29198,14882,18615,3501517,3501519,3501514,3501516,0,0,0,0
1790069465.3525157,3,1,3,-2,9949,29199,14884,18616,3501547,3501549,3501544,3501546,0,0,0,0
1790069465.3525157,3,1,-2,-8,9950,29199,14884,18615,3501577,3501579,3501574,3501576,0,0,0,0
1790069465.5465598,-1,0,-3,-3,9952,29200,14885,18617,3501607,3501609,3501604,3501606,0,0,0,0
1790069465.5517914,-2,0,4,-6,9952,29198,14884,18616,3501637,3501639,3501634,3501636,0,0,0,0
1790069465.5534003,-1,-1,0,-2,9953,29199,14885,18617,3501697,3501699,3501694,3501696,0,0,0,0
1790069465.750931,1,-2,-3,-4,9955,29200,14885,18618,3501727,3501729,3501724,3501726,0,0,0,0
1790069465.7518997,2,0,-4,2,9957,29200,14886,18620,3501757,3501759,3501754,3501756,0,0,0,0
1790069465.7518997,-1,-3,0,-4,9958,29201,14886,18621,3501787,3501789,3501784,3501786,0,0,0,0
1790069465.7518997,1,-4,2,-2,9953,29195,14885,18618,3501817,3501819,3501814,3501816,0,0,0,0
1790069465.858834,-3,-1,-2,-5,9955,29195,14886,18620,3501877,3501879,3501874,3501876,0,0,0,0
1790069465.9545488,1,-2,-6,-2,9958,29193,14885,18623,3501937,3501939,3501934,3501936,0,0,0,0
1790069466.1617904,-1,-3,-9,-2,9955,29190,14886,18624,3501967,3501969,3501964,3501966,0,0,0,0
1790069466.1617904,3,0,-6,-3,9948,29192,14889,18618,3502057,3502059,3502054,3502056,0,0,0,0
1790069466.3624458,-2,-4,4,4,9947,29185,14885,18619,3502087,3502089,3502084,3502086,0,0,0,0
1790069466.3624458,-4,-1,2,-6,9951,29184,14882,18622,3502117,3502119,3502114,3502116,0,0,0,0
1790069466.378753,-2,2,-4,-4,9945,29185,14882,18616,3502177,3502179,3502174,3502176,0,0,0,0
1790069466.5731862,-1,-10,1,1,9945,29182,14881,18618,3502237,3502239,3502234,3502236,0,0,0,0
1790069466.5742302,0,1,-3,8,9945,29182,14879,18619,3502267,3502269,3502264,3502266,0,0,0,0
1790069466.57984,2,-4,5,1,9945,29181,14878,18620,3502327,3502329,3502324,3502326,0,0,0,0
1790069466.7757933,-4,-1,-2,-5,9945,29182,14880,18620,3502387,3502389,3502384,3502386,0,0,0,0
1790069466.781138,0,0,3,-1,9950,29180,14878,18624,3502447,3502449,3502444,3502446,0,0,0,0
1790069466.8655314,0,1,-1,-1,9955,29177,14873,18630,3502477,3502479,3502474,3502476,0,0,0,0
1790069466.956388,5,-11,-1,-1,9960,29179,14871,18632,3502537,3502539,3502534,3502536,0,0,0,0
1790069467.1866462,-3,0,1,4,9956,29194,14880,18627,3502657,3502659,3502654,3502656,0,0,0,0
1790069467.1985946,-1,0,6,-1,9958,29194,14882,18628,3502687,3502689,3502684,3502686,0,0,0,0
1790069467.3867786,1,1,5,-2,9964,29201,14889,18631,3502807,3502809,3502804,3502806,0,0,0,0
1790069467.595523,3,0,5,0,9962,29198,14887,18632,3502837,3502839,3502834,3502836,0,0,0,0
1790069467.5965257,3,-6,-1,-2,9964,29201,14891,18630,3502897,3502899,3502894,3502896,0,0,0,0
1790069467.803276,-1,2,-4,-4,9962,29207,14897,18629,3503047,3503049,3503044,3503046,0,0,0,0
1790069467.8709445,-2,-24,0,-4,9961,29205,14896,18629,3503077,3503079,3503074,3503076,0,0,0,0
1790069468.0046592,0,-1,-2,5,9962,29204,14896,18630,3503107,3503109,3503104,3503106,0,0,0,0
1790069468.0046592,1,2,2,-1,9962,29209,14899,18629,3503167,3503169,3503164,3503166,0,0,0,0
1790069468.2064247,-2,1,-4,-4,9958,29208,14902,18627,3503197,3503199,3503194,3503196,0,0,0,0
1790069468.2118702,-3,-8,-2,-4,9958,29206,14902,18627,3503257,3503259,3503254,3503256,0,0,0,0
1790069468.2187476,3,0,-1,2,9953,29204,14902,18626,3503287,3503289,3503284,3503286,0,0,0,0
1790069468.4137821,1,-3,-5,-3,9955,29206,14902,18625,3503317,3503319,3503314,3503316,0,0,0,0
1790069468.4156034,-3,-5,-3,1,9956,29205,14902,18627,3503347,3503349,3503344,3503346,0,0,0,0
1790069468.4156034,2,-1,2,-4,9951,29197,14899,18626,3503407,3503409,3503404,3503406,0,0,0,0
1790069468.6158628,-2,-2,1,2,9953,29199,14901,18625,3503437,3503439,3503434,3503436,0,0,0,0
1790069468.6205523,-2,3,0,-1,9949,29197,14899,18624,3503467,3503469,3503464,3503466,0,0,0,0
1790069468.6221173,-1,-2,-8,-4,9952,29195,14898,18627,3503527,3503529,3503524,3503526,0,0,0,0
1790069468.8245683,-6,-2,4,0,9949,29191,14895,18626,3503557,3503559,3503554,3503556,0,0,0,0
1790069468.8727403,-1,-2,3,-3,9944,29195,14896,18623,3503677,3503679,3503674,3503676,0,0,0,0
1790069469.0317972,-4,-2,-3,-6,9945,29194,14894,18622,3503767,3503769,3503764,3503766,0,0,0,0
1790069469.233161,3,6,-3,-1,9946,29194,14894,18624,3503797,3503799,3503794,3503796,0,0,0,0
1790069469.233161,1,-2,-3,0,9941,29197,14899,18621,3503857,3503859,3503854,3503856,0,0,0,0
1790069469.3169322,1,1,-2,-4,9941,29204,14903,18621,3503917,3503919,3503914,3503916,0,0,0,0
1790069469.3180654,3,5,-7,-1,9944,29200,14899,18624,3503947,3503949,3503944,3503946,0,0,0,0
1790069469.4345644,1,-3,1,1,9948,29198,14896,18627,3503977,3503979,3503974,3503976,0,0,0,0
1790069469.4398944,2,-2,-1,-8,9953,29195,14892,18629,3504007,3504009,3504004,3504006,0,0,0,0
1790069469.6426003,2,6,0,-4,9950,29204,14899,18628,3504067,3504069,3504064,3504066,0,0,0,0
1790069469.830211,-2,2,1,-1,9944,29215,14909,18621,3504157,3504159,3504154,3504156,0,0,0,0
1790069469.830211,5,1,2,3,9953,29212,14905,18628,3504247,3504249,3504244,3504246,0,0,0,0
1790069470.0526166,-2,2,5,0,9953,29211,14907,18629,3504277,3504279,3504274,3504276,0,0,0,0
1790069470.0529184,3,-2,-1,5,9951,29221,14914,18628,3504367,3504369,3504364,3504366,0,0,0,0
1790069470.2541673,1,-1,0,-1,9960,29218,14910,18633,3504427,3504429,3504424,3504426,0,0,0,0
1790069470.2592402,0,0,0,-1,9961,29219,14913,18634,3504487,3504489,3504484,3504486,0,0,0,0
1790069470.4620335,-2,0,-1,2,9959,29220,14915,18630,3504517,3504519,3504514,3504516,0,0,0,0
1790069470.4623342,2,3,7,2,9958,29228,14919,18631,3504577,3504579,3504574,3504576,0,0,0,0
1790069470.4623342,0,-1,-6,3,9957,29229,14924,18632,3504637,3504639,3504634,3504636,0,0,0,0
1790069470.6630113,2,-1,-2,6,9966,29221,14915,18639,3504697,3504699,3504694,3504696,0,0,0,0
1790069470.6769483,-4,-3,-18,3,9965,29224,14918,18638,3504727,3504729,3504724,3504726,0,0,0,0
1790069470.6769483,-4,3,1,-2,9961,29230,14923,18635,3504757,3504759,3504754,3504756,0,0,0,0
1790069470.872486,3,-1,-2,2,9950,29237,14933,18625,3504817,3504819,3504814,3504816,0,0,0,0
1790069470.8783498,-1,-1,-7,0,9961,29236,14931,18634,3504877,3504879,3504874,3504876,0,0,0,0
1790069471.0735626,-1,-1,-2,-4,9968,29233,14930,18641,3504997,3504999,3504994,3504996,0,0,0,0
1790069471.2817204,1,2,-3,2,9964,29235,14931,18638,3505027,3505029,3505024,3505026,0,0,0,0
1790069471.2817204,2,-4,2,-1,9964,29241,14935,18640,3505057,3505059,3505054,3505056,0,0,0,0
1790069471.2817204,1,2,-4,0,9964,29236,14937,18639,3505087,3505089,3505084,3505086,0,0,0,0
1790069471.2950253,1,-1,0,4,9970,29236,14933,18643,3505147,3505149,3505144,3505146,0,0,0,0
1790069471.4834673,3,-1,-1,2,9975,29234,14931,18647,3505207,3505209,3505204,3505206,0,0,0,0
1790069471.4966152,-1,-1,-3,1,9975,29236,14934,18648,3505267,3505269,3505264,3505266,0,0,0,0
1790069471.6908135,-2,2,-2,-2,9973,29239,14934,18647,3505297,3505299,3505294,3505296,0,0,0,0
1790069471.6908135,-1,-5,2,4,9970,29239,14936,18645,3505327,3505329,3505324,3505326,0,0,0,0
1790069471.6988,3,3,0,-1,9969,29240,14938,18643,3505357,3505359,3505354,3505356,0,0,0,0
1790069471.6988,-6,0,1,-1,9969,29240,14939,18642,3505387,3505389,3505384,3505386,0,0,0,0
1790069471.8790855,1,-5,-2,4,9973,29239,14936,18647,3505447,3505449,3505444,3505446,0,0,0,0
1790069471.8935344,-3,1,-4,-2,9970,29245,14943,18644,3505507,3505509,3505504,3505506,0,0,0,0
1790069472.1008594,2,-2,-1,-2,9969,29242,14943,18642,3505537,3505539,3505534,3505536,0,0,0,0
1790069472.102454,3,2,1,0,9975,29244,14940,18646,3505567,3505569,3505564,3505566,0,0,0,0
1790069472.1131089,-1,1,-3,5,9977,29240,14935,18647,3505597,3505599,3505594,3505596,0,0,0,0
1790069472.302801,0,-2,-3,2,9984,29237,14934,18654,3505657,3505659,3505654,3505656,0,0,0,0
1790069472.3076398,2,0,7,2,9976,29238,14937,18651,3505717,3505719,3505714,3505716,0,0,0,0
1790069472.316426,-1,-3,-2,-5,9976,29239,14938,18651,3505747,3505749,3505744,3505746,0,0,0,0
1790069472.5091324,3,1,-3,-1,9978,29240,14940,18651,3505777,3505779,3505774,3505776,0,0,0,0
1790069472.5174994,-2,-4,-4,2,9974,29245,14945,18650,3505867,3505869,3505864,3505866,0,0,0,0
1790069472.7118487,4,-1,-5,2,9974,29248,14948,18648,3505897,3505899,3505894,3505896,0,0,0,0
1790069472.7118487,-7,-2,1,4,9974,29249,14946,18648,3505927,3505929,3505924,3505926,0,0,0,0
1790069472.7172282,3,-4,2,0,9977,29245,14945,18651,3505957,3505959,3505954,3505956,0,0,0,0
1790069472.7186224,0,1,-2,4,9981,29245,14944,18653,3505987,3505989,3505984,3505986,0,0,0,0
1790069472.889677,0,2,-2,-4,9974,29248,14947,18651,3506047,3506049,3506044,3506046,0,0,0,0
1790069472.8990061,0,-1,-3,0,9974,29245,14946,18650,3506077,3506079,3506074,3506076,0,0,0,0
1790069473.1214256,4,-6,-4,1,9979,29240,14943,18654,3506107,3506109,3506104,3506106,0,0,0,0
1790069473.1268246,-3,2,8,0,9982,29243,14943,18656,3506227,3506229,3506224,3506226,0,0,0,0
1790069473.3294644,2,-2,30,-1,9984,29243,14945,18657,3506257,3506259,3506254,3506256,0,0,0,0
1790069473.330475,0,0,1,-1,9988,29241,14941,18660,3506317,3506319,3506314,3506316,0,0,0,0
1790069473.3376544,23,1,-2,2,9987,29240,14941,18660,3506347,3506349,3506344,3506346,0,0,0,0
1790069473.3376544,2,3,0,-1,9985,29243,14942,18659,3506377,3506379,3506374,3506376,0,0,0,0
1790069473.5315058,-1,-7,-1,4,9980,29250,14952,18654,3506437,3506439,3506434,3506436,0,0,0,0
1790069473.5384917,-2,1,0,-2,9978,29248,14950,18654,3506467,3506469,3506464,3506466,0,0,0,0
1790069473.7389908,1,0,0,5,9985,29250,14947,18658,3506527,3506529,3506524,3506526,0,0,0,0
1790069473.7389908,-1,0,-2,4,9984,29248,14948,18656,3506557,3506559,3506554,3506556,0,0,0,0
1790069473.7460709,-2,-4,-2,-2,9983,29245,14947,18658,3506587,3506589,3506584,3506586,0,0,0,0
1790069473.892117,2,1,-7,-3,9979,29250,14951,18654,3506647,3506649,3506644,3506646,0,0,0,0
1790069473.892117,-1,1,1,-1,9982,29250,14952,18656,3506677,3506679,3506674,3506676,0,0,0,0
1790069473.8990436,1,-2,1,1,9986,29250,14953,18660,3506707,3506709,3506704,3506706,0,0,0,0
1790069473.9546201,1,-2,0,-2,9985,29249,14952,18660,3506737,3506739,3506734,3506736,0,0,0,0
1790069474.1477923,-1,0,-5,1,9983,29247,14950,18658,3506767,3506769,3506764,3506766,0,0,0,0
1790069474.14919,-2,1,1,4,9984,29249,14950,18660,3506797,3506799,3506794,3506796,0,0,0,0
1790069474.14919,0,6,2,1,9983,29251,14954,18660,3506827,3506829,3506824,3506826,0,0,0,0
1790069474.1561613,4,-2,-6,-4,9978,29251,14955,18656,3506857,3506859,3506854,3506856,0,0,0,0
1790069474.350542,-1,3,-2,2,9982,29250,14954,18657,3506887,3506889,3506884,3506886,0,0,0,0
1790069474.350542,0,-2,-3,-1,9979,29253,14956,18655,3506947,3506949,3506944,3506946,0,0,0,0
1790069474.3575053,4,4,1,-4,9980,29254,14958,18654,3506977,3506979,3506974,3506976,0,0,0,0
1790069474.5577219,4,-1,9,-2,9979,29254,14958,18655,3507007,3507009,3507004,3507006,0,0,0,0
1790069474.5587282,-1,2,2,7,9981,29255,14957,18656,3507037,3507039,3507034,3507036,0,0,0,0
1790069474.564958,-1,5,8,3,9979,29258,14962,18657,3507097,3507099,3507094,3507096,0,0,0,0
1790069474.5790272,2,-9,-1,2,9977,29261,14966,18653,3507127,3507129,3507124,3507126,0,0,0,0
1790069474.7604594,2,1,-3,5,9973,29264,14968,18652,3507157,3507159,3507154,3507156,0,0,0,0
1790069474.7604594,-5,3,-5,0,9973,29264,14968,18652,3507187,3507189,3507184,3507186,0,0,0,0
1790069474.7798734,-1,1,-2,-2,9977,29259,14966,18656,3507247,3507249,3507244,3507246,0,0,0,0
1790069474.8984396,-3,-3,-2,3,9980,29257,14964,18656,3507307,3507309,3507304,3507306,0,0,0,0
1790069474.9768004,0,2,-3,2,9980,29260,14965,18656,3507337,3507339,3507334,3507336,0,0,0,0
1790069475.1712449,3,1,4,-2,9979,29261,14969,18656,3507367,3507369,3507364,3507366,0,0,0,0
1790069475.173788,7,-1,1,-4,9976,29260,14969,18655,3507427,3507429,3507424,3507426,0,0,0,0
1790069475.178269,1,-8,-3,-5,9980,29257,14966,18656,3507457,3507459,3507454,3507456,0,0,0,0
1790069475.377202,1,1,-2,1,9980,29256,14965,18658,3507487,3507489,3507484,3507486,0,0,0,0
1790069475.3782077,-1,0,3,3,9970,29268,14977,18649,3507577,3507579,3507574,3507576,0,0,0,0
1790069475.5814714,1,-3,-1,3,9968,29268,14977,18652,3507607,3507609,3507604,3507606,0,0,0,0
1790069475.5814714,4,-4,-3,2,9982,29261,14971,18659,3507667,3507669,3507664,3507666,0,0,0,0
1790069475.59306,-1,2,1,-4,9976,29265,14975,18654,3507727,3507729,3507724,3507726,0,0,0,0
1790069475.7874882,5,2,0,-4,9976,29267,14978,18653,3507787,3507789,3507784,3507786,0,0,0,0
1790069475.7874882,-2,-3,0,-5,9976,29265,14977,18655,3507847,3507849,3507844,3507846,0,0,0,0
1790069475.8973975,4,-1,2,-5,9973,29270,14980,18653,3507907,3507909,3507904,3507906,0,0,0,0
1790069475.9964774,5,-3,1,2,9972,29272,14985,18652,3507937,3507939,3507934,3507936,0,0,0,0
1790069475.9964774,4,0,5,-2,9970,29276,14986,18652,3507967,3507969,3507964,3507966,0,0,0,0
1790069476.1963868,2,-2,4,2,9979,29271,14981,18660,3508057,3508059,3508054,3508056,0,0,0,0
1790069476.4011295,4,-1,2,-7,9977,29273,14985,18657,3508117,3508119,3508114,3508116,0,0,0,0
1790069476.418597,-4,1,-1,-2,9976,29274,14986,18657,3508207,3508209,3508204,3508206,0,0,0,0
1790069476.8093662,2,1,-2,0,9983,29271,14986,18664,3508237,3508239,3508234,3508236,0,0,0,0
1790069476.8093662,-2,-2,3,2,9976,29279,14994,18659,3508387,3508389,3508384,3508386,0,0,0,0
1790069476.8163023,1,-2,-3,4,9978,29281,14996,18660,3508417,3508419,3508414,3508416,0,0,0,0
1790069476.8163023,0,-5,0,-1,9981,29280,14997,18664,3508447,3508449,3508444,3508446,0,0,0,0
1790069476.8577962,-2,1,-1,-1,9982,29281,14998,18666,3508477,3508479,3508474,3508476,0,0,0,0
1790069476.9117482,3,1,-8,-1,9982,29281,14997,18665,3508507,3508509,3508504,3508506,0,0,0,0
1790069477.016403,0,1,4,2,9981,29278,14996,18666,3508567,3508569,3508564,3508566,0,0,0,0
1790069477.2186232,10,-2,-2,3,9983,29278,14998,18668,3508597,3508599,3508594,3508596,0,0,0,0
1790069477.2186232,3,0,1,3,9979,29279,15000,18665,3508687,3508689,3508684,3508686,0,0,0,0
1790069477.4256725,-4,-3,4,0,9980,29280,15003,18667,3508717,3508719,3508714,3508716,0,0,0,0
1790069477.4401052,-2,-2,4,-3,9984,29270,14996,18673,3508807,3508809,3508804,3508806,0,0,0,0
1790069477.6277893,-1,-1,-4,0,9982,29276,15000,18670,3508837,3508839,3508834,3508836,0,0,0,0
1790069477.6347766,-4,-2,4,-5,9986,29274,15000,18672,3508927,3508929,3508924,3508926,0,0,0,0
1790069477.8347292,-3,-3,-2,4,9990,29273,14997,18676,3508957,3508959,3508954,3508956,0,0,0,0
1790069477.8360922,-3,-3,1,3,9992,29276,14999,18677,3509017,3509019,3509014,3509016,0,0,0,0
1790069477.8360922,-4,-6,6,2,9987,29277,15003,18674,3509047,3509049,3509044,3509046,0,0,0,0
1790069477.9179194,-2,-11,3,-2,9992,29279,15002,18677,3509107,3509109,3509104,3509106,0,0,0,0
1790069478.037929,0,-1,-5,-9,9992,29274,15001,18678,3509167,3509169,3509164,3509166,0,0,0,0
1790069478.037929,-4,-10,-7,-2,9991,29273,15001,18678,3509197,3509199,3509194,3509196,0,0,0,0
1790069478.2442582,-1,-2,-2,-2,9992,29277,15002,18679,3509227,3509229,3509224,3509226,0,0,0,0
1790069478.245268,-1,4,0,-1,9993,29279,15003,18679,3509257,3509259,3509254,3509256,0,0,0,0
1790069478.245603,0,-3,-4,3,9993,29279,15005,18679,3509317,3509319,3509314,3509316,0,0,0,0
1790069478.4466949,-4,-2,5,-2,9998,29283,15005,18679,3509347,3509349,3509344,3509346,0,0,0,0
1790069478.4466949,-2,-2,-1,2,9987,29289,15013,18673,3509437,3509439,3509434,3509436,0,0,0,0
1790069478.6543124,-4,-7,0,-4,9984,29288,15014,18673,3509467,3509469,3509464,3509466,0,0,0,0
1790069478.6556852,-3,-3,-6,2,9993,29280,15008,18682,3509557,3509559,3509554,3509556,0,0,0,0
1790069478.8593018,-4,-5,-1,-3,9991,29283,15010,18679,3509587,3509589,3509584,3509586,0,0,0,0
1790069478.8623793,-6,-2,-1,-5,9982,29293,15018,18671,3509677,3509679,3509674,3509676,0,0,0,0
1790069478.918141,-2,-1,3,-5,9980,29292,15020,18670,3509707,3509709,3509704,3509706,0,0,0,0
1790069479.0643487,0,0,-2,4,9987,29292,15017,18675,3509767,3509769,3509764,3509766,0,0,0,0
1790069479.0782404,-1,-5,0,-6,9988,29291,15017,18676,3509797,3509799,3509794,3509796,0,0,0,0
1790069479.2664256,-3,-4,-3,5,9989,29291,15019,18676,3509827,3509829,3509824,3509826,0,0,0,0
1790069479.278949,0,-2,-3,-1,9987,29293,15018,18676,3509917,3509919,3509914,3509916,0,0,0,0
1790069479.4687686,0,-2,-2,-2,9988,29288,15015,18676,3509947,3509949,3509944,3509946,0,0,0,0
1790069479.4742105,-4,-2,0,-4,9989,29285,15014,18678,3510007,3510009,3510004,3510006,0,0,0,0
1790069479.475675,-2,1,0,1,9987,29285,15012,18676,3510037,3510039,3510034,3510036,0,0,0,0
1790069479.676841,-4,-3,1,-2,9983,29286,15015,18675,3510067,3510069,3510064,3510066,0,0,0,0
1790069479.676841,-5,-4,2,0,9985,29284,15015,18675,3510127,3510129,3510124,3510126,0,0,0,0
1790069479.6909244,-3,-1,6,-21,9992,29283,15012,18679,3510187,3510189,3510184,3510186,0,0,0,0
1790069479.8834183,-2,-7,-6,-3,9996,29280,15011,18685,3510247,3510249,3510244,3510246,0,0,0,0
1790069479.8984377,-4,0,1,3,9993,29284,15014,18680,3510307,3510309,3510304,3510306,0,0,0,0
1790069480.0870056,-6,-1,0,-2,9990,29290,15017,18677,3510337,3510339,3510334,3510336,0,0,0,0
1790069480.0996041,-2,1,-3,-4,9988,29293,15022,18676,3510397,3510399,3510394,3510396,0,0,0,0
1790069480.101092,-2,4,0,3,9987,29294,15024,18676,3510427,3510429,3510424,3510426,0,0,0,0
1790069480.29402,-6,-2,-2,-1,9985,29297,15025,18673,3510487,3510489,3510484,3510486,0,0,0,0
1790069480.29402,2,3,-1,-4,9986,29291,15022,18677,3510547,3510549,3510544,3510546,0,0,0,0
1790069480.4957771,1,1,-2,-1,9991,29293,15024,18679,3510577,3510579,3510574,3510576,0,0,0,0
1790069480.4957771,-4,-1,-3,4,9985,29294,15025,18675,3510667,3510669,3510664,3510666,0,0,0,0
1790069480.7027779,-2,-1,0,-1,9990,29296,15026,18679,3510757,3510759,3510754,3510756,0,0,0,0
1790069480.717349,-6,-4,2,-3,9990,29297,15026,18679,3510787,3510789,3510784,3510786,0,0,0,0
1790069480.9047544,1,-2,-4,0,9990,29299,15027,18678,3510847,3510849,3510844,3510846,0,0,0,0
1790069480.912376,-7,0,-7,-1,9993,29298,15028,18681,3510907,3510909,3510904,3510906,0,0,0,0
1790069481.112401,-1,-3,-4,3,9986,29304,15036,18677,3510967,3510969,3510964,3510966,0,0,0,0
1790069481.1189275,-1,-5,0,1,9997,29299,15028,18685,3511027,3511029,3511024,3511026,0,0,0,0
1790069481.3142822,-4,1,9,-2,10000,29297,15028,18686,3511057,3511059,3511054,3511056,0,0,0,0
1790069481.3170824,-5,11,2,-4,10006,29300,15028,18689,3511147,3511149,3511144,3511146,0,0,0,0
1790069481.5225,1,2,4,-1,10003,29302,15033,18686,3511207,3511209,3511204,3511206,0,0,0,0
1790069481.5308921,5,-3,0,-2,9999,29305,15033,18684,3511267,3511269,3511264,3511266,0,0,0,0
1790069481.725098,-2,-3,3,1,10000,29301,15030,18685,3511297,3511299,3511294,3511296,0,0,0,0
1790069481.725098,0,-5,-5,-2,10004,29298,15026,18690,3511327,3511329,3511324,3511326,0,0,0,0
1790069481.7379541,-1,-6,-4,-3,10006,29300,15025,18690,3511387,3511389,3511384,3511386,0,0,0,0
1790069481.9397573,2,1,1,-2,10005,29302,15029,18690,3511417,3511419,3511414,3511416,0,0,0,0
1790069481.9409013,1,3,-1,-3,10008,29300,15025,18690,3511507,3511509,3511504,3511506,0,0,0,0
1790069482.1337345,1,-1,-2,-1,10006,29303,15031,18690,3511597,3511599,3511594,3511596,0,0,0,0
1790069482.337542,2,2,-6,-4,10005,29303,15030,18688,3511657,3511659,3511654,3511656,0,0,0,0
1790069482.3415842,0,-4,-1,5,10009,29308,15032,18689,3511687,3511689,3511684,3511686,0,0,0,0
1790069482.3490348,3,-1,4,-2,10007,29309,15034,18687,3511747,3511749,3511744,3511746,0,0,0,0
1790069482.750702,0,-4,-4,1,10009,29307,15034,18690,3511777,3511779,3511774,3511776,0,0,0,0
1790069482.7517464,-3,-6,2,2,10002,29323,15044,18680,3512017,3512019,3512014,3512016,0,0,0,0
1790069482.9311213,-4,1,0,-5,10005,29321,15042,18681,3512047,3512049,3512044,3512046,0,0,0,0
1790069482.9324944,0,-2,5,-3,10011,29311,15033,18688,3512137,3512139,3512134,3512136,0,0,0,0
1790069483.1613233,-3,-2,-6,-3,10016,29312,15033,18692,3512227,3512229,3512224,3512226,0,0,0,0
1790069483.3628197,3,1,1,-6,10020,29309,15029,18695,3512257,3512259,3512254,3512256,0,0,0,0
1790069483.3628197,-3,5,2,1,10019,29311,15030,18695,3512317,3512319,3512314,3512316,0,0,0,0
1790069483.3705978,0,2,-1,0,10018,29314,15034,18693,3512347,3512349,3512344,3512346,0,0,0,0
1790069483.3756545,-2,-5,0,-7,10019,29316,15034,18694,3512377,3512379,3512374,3512376,0,0,0,0
1790069483.5652053,0,-1,-5,-2,10016,29320,15034,18690,3512467,3512469,3512464,3512466,0,0,0,0
1790069483.577432,2,2,-1,1,10013,29324,15041,18687,3512497,3512499,3512494,3512496,0,0,0,0
1790069483.7729812,2,5,0,4,10013,29327,15042,18683,3512527,3512529,3512524,3512526,0,0,0,0
1790069483.7784224,5,1,7,-1,10014,29326,15040,18685,3512557,3512559,3512554,3512556,0,0,0,0
1790069483.780003,5,0,-1,1,10020,29323,15038,18689,3512617,3512619,3512614,3512616,0,0,0,0
1790069483.932388,-1,2,-4,-3,10024,29323,15034,18691,3512647,3512649,3512644,3512646,0,0,0,0
1790069483.932388,1,5,-7,5,10026,29324,15034,18694,3512677,3512679,3512674,3512676,0,0,0,0
1790069483.932388,2,-1,6,0,10024,29326,15036,18691,3512707,3512709,3512704,3512706,0,0,0,0
1790069483.9754093,2,-1,3,-2,10025,29330,15037,18691,3512737,3512739,3512734,3512736,0,0,0,0
1790069484.1825206,-4,4,2,0,10024,29329,15038,18692,3512767,3512769,3512764,3512766,0,0,0,0
1790069484.1950982,2,3,2,-2,10028,29336,15039,18692,3512887,3512889,3512884,3512886,0,0,0,0
1790069484.3843586,-1,3,4,-2,10025,29346,15048,18690,3512947,3512949,3512944,3512946,0,0,0,0
1790069484.3969257,4,0,5,0,10024,29349,15051,18686,3512977,3512979,3512974,3512976,0,0,0,0
1790069484.5923147,-2,1,-4,5,10025,29350,15050,18687,3513007,3513009,3513004,3513006,0,0,0,0
1790069484.5923147,4,2,0,1,10033,29344,15046,18692,3513037,3513039,3513034,3513036,0,0,0,0
1790069484.5923147,4,7,-1,0,10040,29339,15041,18697,3513067,3513069,3513064,3513066,0,0,0,0
1790069484.5982533,1,2,-4,-1,10037,29339,15041,18696,3513097,3513099,3513094,3513096,0,0,0,0
1790069484.7932215,-2,1,6,11,10033,29348,15046,18694,3513127,3513129,3513124,3513126,0,0,0,0
1790069484.7988765,5,6,2,3,10033,29349,15049,18693,3513187,3513189,3513184,3513186,0,0,0,0
1790069484.8074095,0,0,-1,1,10035,29346,15046,18695,3513247,3513249,3513244,3513246,0,0,0,0
1790069484.9386656,0,5,1,1,10034,29352,15051,18694,3513307,3513309,3513304,3513306,0,0,0,0
1790069485.0024521,0,5,0,2,10038,29352,15052,18695,3513337,3513339,3513334,3513336,0,0,0,0
1790069485.0210834,4,6,4,0,10044,29353,15050,18698,3513367,3513369,3513364,3513366,0,0,0,0
1790069485.2076616,-2,2,5,-6,10046,29356,15050,18700,3513397,3513399,3513394,3513396,0,0,0,0
1790069485.2095833,-3,-3,1,2,10044,29354,15052,18699,3513427,3513429,3513424,3513426,0,0,0,0
1790069485.217212,-5,-1,2,2,10044,29354,15052,18698,3513457,3513459,3513454,3513456,0,0,0,0
1790069485.2230623,-1,3,4,-1,10047,29357,15053,18698,3513487,3513489,3513484,3513486,0,0,0,0
1790069485.4131138,-2,1,0,-2,10042,29365,15059,18695,3513547,3513549,3513544,3513546,0,0,0,0
1790069485.4180014,-1,-5,3,1,10041,29365,15061,18693,3513577,3513579,3513574,3513576,0,0,0,0
1790069485.419541,-1,4,8,0,10044,29363,15060,18695,3513607,3513609,3513604,3513606,0,0,0,0
1790069485.6192715,2,0,5,1,10048,29359,15056,18698,3513637,3513639,3513634,3513636,0,0,0,0
1790069485.6197646,1,2,3,2,10052,29360,15054,18702,3513667,3513669,3513664,3513666,0,0,0,0
1790069485.6197646,2,6,4,1,10055,29360,15054,18703,3513697,3513699,3513694,3513696,0,0,0,0
1790069485.6218626,1,2,4,1,10057,29359,15054,18705,3513727,3513729,3513724,3513726,0,0,0,0
1790069485.8215542,-1,2,-6,3,10052,29370,15062,18699,3513847,3513849,3513844,3513846,0,0,0,0
1790069485.938835,2,0,-12,2,10052,29373,15064,18698,3513877,3513879,3513874,3513876,0,0,0,0
1790069485.938835,-1,4,-2,1,10054,29374,15064,18699,3513907,3513909,3513904,3513906,0,0,0,0
1790069486.0223663,-1,-5,0,4,10054,29372,15061,18700,3513937,3513939,3513934,3513936,0,0,0,0
1790069486.0369563,1,-4,1,1,10056,29370,15060,18703,3513967,3513969,3513964,3513966,0,0,0,0
1790069486.230842,-4,0,-1,-4,10053,29374,15064,18703,3513997,3513999,3513994,3513996,0,0,0,0
1790069486.232436,-3,4,0,1,10050,29377,15065,18696,3514027,3514029,3514024,3514026,0,0,0,0
1790069486.2376647,-3,-2,-4,2,10049,29378,15069,18695,3514057,3514059,3514054,3514056,0,0,0,0
1790069486.4331362,-1,0,4,7,10052,29377,15067,18699,3514147,3514149,3514144,3514146,0,0,0,0
1790069486.4395018,-3,-6,1,-1,10052,29382,15075,18697,3514237,3514239,3514234,3514236,0,0,0,0
1790069486.640821,-4,0,-3,4,10050,29382,15075,18696,3514267,3514269,3514264,3514266,0,0,0,0
1790069486.640821,-3,0,2,-7,10050,29383,15075,18694,3514297,3514299,3514294,3514296,0,0,0,0
1790069486.6478946,1,-4,3,-2,10046,29380,15076,18694,3514327,3514329,3514324,3514326,0,0,0,0
1790069486.6528907,-5,-2,-2,-4,10047,29387,15079,18690,3514357,3514359,3514354,3514356,0,0,0,0
1790069486.8424141,-2,-1,0,-3,10043,29393,15085,18690,3514417,3514419,3514414,3514416,0,0,0,0
1790069486.8493783,5,-3,-4,-3,10049,29390,15083,18693,3514477,3514479,3514474,3514476,0,0,0,0
1790069486.9523444,0,0,1,-3,10054,29388,15078,18696,3514507,3514509,3514504,3514506,0,0,0,0
1790069486.953855,-4,-8,-3,2,10055,29386,15076,18696,3514537,3514539,3514534,3514536,0,0,0,0
1790069487.0512655,1,0,-4,-3,10057,29383,15076,18699,3514597,3514599,3514594,3514596,0,0,0,0
1790069487.2518215,-4,-4,1,-5,10055,29388,15079,18696,3514627,3514629,3514624,3514626,0,0,0,0
1790069487.2569635,2,-7,1,1,10048,29401,15090,18688,3514717,3514719,3514714,3514716,0,0,0,0
1790069487.4597776,-1,-4,1,9,10044,29399,15088,18687,3514837,3514839,3514834,3514836,0,0,0,0
1790069487.6672225,-2,-7,-3,6,10042,29405,15092,18684,3514867,3514869,3514864,3514866,0,0,0,0
1790069487.6687016,1,-4,1,-1,10040,29403,15090,18682,3514957,3514959,3514954,3514956,0,0,0,0
1790069487.869869,-1,-3,1,0,10041,29400,15089,18683,3514987,3514989,3514984,3514986,0,0,0,0
1790069487.869869,2,3,1,-7,10044,29399,15087,18683,3515077,3515079,3515074,3515076,0,0,0,0
1790069487.9539747,1,4,-4,7,10044,29403,15088,18682,3515107,3515109,3515104,3515106,0,0,0,0
1790069488.0712714,0,1,-4,-2,10040,29406,15090,18679,3515137,3515139,3515134,3515136,0,0,0,0
1790069488.0712714,-1,4,1,0,10037,29408,15091,18677,3515167,3515169,3515164,3515166,0,0,0,0
1790069488.0712714,-6,0,-5,-3,10038,29408,15091,18678,3515197,3515199,3515194,3515196,0,0,0,0
1790069488.4808702,-5,-4,-5,-1,10042,29407,15088,18680,3515227,3515229,3515224,3515226,0,0,0,0
1790069488.486979,0,6,-2,-2,10047,29418,15091,18678,3515377,3515379,3515374,3515376,0,0,0,0
1790069488.49474,1,-1,-6,12,10044,29422,15093,18676,3515407,3515409,3515404,3515406,0,0,0,0
1790069488.4999347,2,6,0,0,10046,29424,15095,18676,3515437,3515439,3515434,3515436,0,0,0,0
1790069488.8906357,-3,8,2,5,10050,29425,15095,18678,3515467,3515469,3515464,3515466,0,0,0,0
1790069488.8906357,-3,3,-2,1,10052,29422,15093,18680,3515497,3515499,3515494,3515496,0,0,0,0
1790069488.8965225,4,2,7,-2,10057,29439,15098,18680,3515647,3515649,3515644,3515646,0,0,0,0
1790069488.8972256,-10,4,5,-1,10061,29440,15098,18684,3515677,3515679,3515674,3515676,0,0,0,0
1790069488.9560034,-2,1,3,1,10063,29441,15098,18683,3515707,3515709,3515704,3515706,0,0,0,0
1790069489.0975451,-2,1,-1,1,10067,29440,15097,18684,3515737,3515739,3515734,3515736,0,0,0,0
1790069489.098907,6,0,1,2,10071,29439,15096,18688,3515767,3515769,3515764,3515766,0,0,0,0
1790069489.098907,0,2,2,0,10073,29443,15096,18688,3515797,3515799,3515794,3515796,0,0,0,0
1790069489.2999215,0,1,0,4,10074,29451,15103,18687,3515887,3515889,3515884,3515886,0,0,0,0
1790069489.3138309,3,0,-4,-1,10073,29459,15107,18685,3515917,3515919,3515914,3515916,0,0,0,0
1790069489.5079505,0,1,-5,-3,10071,29459,15110,18685,3515977,3515979,3515974,3515976,0,0,0,0
1790069489.5113137,-5,2,-5,-3,10074,29458,15109,18686,3516007,3516009,3516004,3516006,0,0,0,0
1790069489.5148346,-5,2,1,-3,10079,29458,15107,18688,3516067,3516069,3516064,3516066,0,0,0,0
1790069489.7115169,-2,-1,-3,5,10078,29459,15110,18689,3516097,3516099,3516094,3516096,0,0,0,0
1790069489.715425,2,0,-1,-1,10078,29464,15115,18687,3516157,3516159,3516154,3516156,0,0,0,0
1790069489.717031,-3,8,0,-2,10079,29469,15115,18685,3516187,3516189,3516184,3516186,0,0,0,0
1790069489.91653,-3,-2,4,4,10077,29463,15113,18687,3516217,3516219,3516214,3516216,0,0,0,0
1790069489.9527855,-5,-1,-1,-6,10087,29460,15112,18695,3516337,3516339,3516334,3516336,0,0,0,0
1790069490.124852,-3,-4,0,-2,10086,29469,15116,18691,3516397,3516399,3516394,3516396,0,0,0,0
1790069490.1388223,0,-6,-2,4,10085,29469,15117,18691,3516427,3516429,3516424,3516426,0,0,0,0
1790069490.1388223,-7,-2,-5,-3,10085,29467,15116,18690,3516457,3516459,3516454,3516456,0,0,0,0
1790069490.327648,-5,1,3,-2,10087,29461,15115,18693,3516517,3516519,3516514,3516516,0,0,0,0
1790069490.3341007,-6,-5,0,-4,10083,29461,15115,18692,3516547,3516549,3516544,3516546,0,0,0,0
1790069490.5291,-2,-3,-4,-5,10081,29459,15114,18692,3516577,3516579,3516574,3516576,0,0,0,0
1790069490.5291,-8,-7,-5,-2,10081,29459,15113,18690,3516637,3516639,3516634,3516636,0,0,0,0
1790069490.5357363,4,-7,0,0,10080,29461,15114,18688,3516667,3516669,3516664,3516666,0,0,0,0
1790069490.7360659,-3,-2,-5,5,10076,29460,15115,18685,3516697,3516699,3516694,3516696,0,0,0,0
1790069490.737489,-4,-3,-3,0,10081,29458,15111,18689,3516787,3516789,3516784,3516786,0,0,0,0
1790069490.93815,-4,2,0,-2,10079,29458,15112,18688,3516817,3516819,3516814,3516816,0,0,0,0
1790069490.9449055,-5,-4,-2,2,10077,29462,15115,18687,3516847,3516849,3516844,3516846,0,0,0,0
1790069490.945767,-6,-2,-6,-2,10078,29463,15116,18684,3516877,3516879,3516874,3516876,0,0,0,0
1790069490.945767,-1,-5,1,0,10080,29459,15112,18689,3516937,3516939,3516934,3516936,0,0,0,0
1790069491.1465285,-5,-2,2,3,10078,29457,15110,18687,3516997,3516999,3516994,3516996,0,0,0,0
1790069491.1482792,1,0,2,-1,10076,29464,15114,18682,3517057,3517059,3517054,3517056,0,0,0,0
1790069491.3477538,-1,-5,0,5,10074,29469,15117,18680,3517117,3517119,3517114,3517116,0,0,0,0
1790069491.3548765,3,-3,3,-1,10082,29463,15109,18684,3517177,3517179,3517174,3517176,0,0,0,0
1790069491.5557888,6,-1,5,0,10083,29469,15113,18683,3517267,3517269,3517264,3517266,0,0,0,0
1790069491.5568185,-2,4,-1,-3,10080,29476,15117,18680,3517297,3517299,3517294,3517296,0,0,0,0
1790069491.7583365,1,2,-2,-2,10080,29486,15123,18678,3517357,3517359,3517354,3517356,0,0,0,0
1790069491.7648947,1,-1,-3,-2,10080,29484,15123,18678,3517387,3517389,3517384,3517386,0,0,0,0
1790069491.7648947,-1,2,0,0,10083,29482,15121,18680,3517417,3517419,3517414,3517416,0,0,0,0
1790069491.965329,1,2,-4,-2,10089,29483,15118,18682,3517477,3517479,3517474,3517476,0,0,0,0
1790069491.9670413,-1,-1,1,1,10088,29485,15117,18681,3517537,3517539,3517534,3517536,0,0,0,0
1790069492.1676886,3,1,-3,0,10090,29490,15121,18683,3517597,3517599,3517594,3517596,0,0,0,0
1790069492.3829138,-1,7,3,6,10091,29504,15128,18679,3517777,3517779,3517774,3517776,0,0,0,0
1790069492.5774994,4,5,1,3,10091,29506,15129,18679,3517807,3517809,3517804,3517806,0,0,0,0
1790069492.591327,3,3,0,9,10101,29504,15127,18684,3517897,3517899,3517894,3517896,0,0,0,0
1790069492.784182,5,4,2,3,10103,29503,15127,18688,3517927,3517929,3517924,3517926,0,0,0,0
1790069492.7855213,3,3,3,3,10109,29504,15125,18691,3517957,3517959,3517954,3517956,0,0,0,0
1790069492.7855213,4,1,-4,1,10109,29504,15123,18693,3517987,3517989,3517984,3517986,0,0,0,0
1790069492.7912118,3,1,-1,2,10108,29506,15125,18692,3518017,3518019,3518014,3518016,0,0,0,0
1790069492.9727347,2,-2,-8,2,10107,29507,15127,18688,3518047,3518049,3518044,3518046,0,0,0,0
1790069492.9727347,1,-3,-1,0,10110,29509,15128,18687,3518077,3518079,3518074,3518076,0,0,0,0
1790069492.9727347,5,-4,7,-2,10107,29514,15131,18688,3518137,3518139,3518134,3518136,0,0,0,0
1790069493.194933,3,2,-3,0,10118,29509,15127,18696,3518257,3518259,3518254,3518256,0,0,0,0
1790069493.3968668,1,0,5,3,10117,29512,15129,18695,3518287,3518289,3518284,3518286,0,0,0,0
1790069493.403396,-1,-1,4,7,10110,29532,15143,18687,3518377,3518379,3518374,3518376,0,0,0,0
1790069493.6051111,1,-3,2,2,10117,29522,15137,18692,3518437,3518439,3518434,3518436,0,0,0,0
1790069493.6051111,-2,-6,6,-1,10117,29525,15139,18692,3518497,3518499,3518494,3518496,0,0,0,0
1790069493.6051111,-11,0,1,-2,10114,29524,15138,18690,3518527,3518529,3518524,3518526,0,0,0,0
1790069493.8067029,-1,1,0,2,10116,29527,15139,18692,3518557,3518559,3518554,3518556,0,0,0,0
1790069493.8067029,-3,-3,0,0,10122,29520,15135,18696,3518617,3518619,3518614,3518616,0,0,0,0
1790069493.8125944,-2,4,2,-2,10121,29520,15136,18694,3518647,3518649,3518644,3518646,0,0,0,0
1790069493.9732933,2,-5,7,-4,10115,29529,15144,18691,3518707,3518709,3518704,3518706,0,0,0,0
1790069494.2158136,-4,-4,-2,-2,10118,29524,15138,18693,3518827,3518829,3518824,3518826,0,0,0,0
1790069494.220916,1,0,-2,-3,10120,29521,15139,18695,3518887,3518889,3518884,3518886,0,0,0,0
1790069494.422705,-2,-1,4,-1,10123,29523,15138,18696,3518917,3518919,3518914,3518916,0,0,0,0
1790069494.4237099,-4,-2,-2,-2,10121,29523,15139,18695,3518947,3518949,3518944,3518946,0,0,0,0
1790069494.424708,-2,0,1,0,10122,29524,15140,18696,3518977,3518979,3518974,3518976,0,0,0,0
1790069494.4287064,2,-3,0,-2,10121,29519,15136,18694,3519007,3519009,3519004,3519006,0,0,0,0
1790069494.4307117,-6,-2,0,-3,10123,29516,15136,18695,3519037,3519039,3519034,3519036,0,0,0,0
1790069494.62791,-1,0,-1,-8,10126,29518,15137,18697,3519097,3519099,3519094,3519096,0,0,0,0
1790069494.6324832,-5,-5,2,-5,10119,29518,15137,18694,3519127,3519129,3519124,3519126,0,0,0,0
1790069494.6324832,4,-4,-4,4,10115,29519,15139,18691,3519157,3519159,3519154,3519156,0,0,0,0
1790069494.833936,-8,1,-2,1,10112,29520,15140,18690,3519217,3519219,3519214,3519216,0,0,0,0
1790069494.8398733,-2,0,0,-1,10115,29518,15137,18692,3519247,3519249,3519244,3519246,0,0,0,0
1790069494.9795747,-3,1,-4,-2,10120,29515,15134,18696,3519307,3519309,3519304,3519306,0,0,0,0
1790069494.9795747,-2,-1,-5,-7,10118,29517,15135,18694,3519337,3519339,3519334,3519336,0,0,0,0
1790069494.9937847,-1,-3,-3,-2,10115,29522,15140,18690,3519367,3519369,3519364,3519366,0,0,0,0
1790069495.242681,-1,0,-1,-4,10124,29520,15136,18696,3519427,3519429,3519424,3519426,0,0,0,0
1790069495.244193,-7,-1,-3,-5,10126,29511,15129,18699,3519487,3519489,3519484,3519486,0,0,0,0
1790069495.256598,-2,-2,0,0,10129,29512,15128,18701,3519517,3519519,3519514,3519516,0,0,0,0
1790069495.4447677,-2,0,0,-4,10134,29511,15126,18706,3519577,3519579,3519574,3519576,0,0,0,0
1790069495.4577541,-4,2,2,-4,10125,29514,15131,18697,3519637,3519639,3519634,3519636,0,0,0,0
1790069495.651844,1,-4,2,-4,10123,29518,15133,18695,3519667,3519669,3519664,3519666,0,0,0,0
1790069495.6537304,-7,-1,5,1,10125,29521,15135,18695,3519697,3519699,3519694,3519696,0,0,0,0
1790069495.6537304,0,2,2,-11,10127,29520,15133,18695,3519727,3519729,3519724,3519726,0,0,0,0
1790069495.658628,0,-1,-4,-4,10129,29515,15131,18699,3519757,3519759,3519754,3519756,0,0,0,0
1790069495.855327,0,-2,-10,2,10135,29515,15128,18702,3519787,3519789,3519784,3519786,0,0,0,0
1790069495.855327,4,-1,-4,-4,10142,29508,15119,18710,3519847,3519849,3519844,3519846,0,0,0,0
1790069495.8598657,0,1,-3,3,10141,29507,15119,18707,3519877,3519879,3519874,3519876,0,0,0,0
1790069495.987116,-1,-1,-3,2,10138,29512,15125,18705,3519937,3519939,3519934,3519936,0,0,0,0
1790069496.061639,-1,-2,-2,1,10140,29512,15123,18705,3519967,3519969,3519964,3519966,0,0,0,0
1790069496.2640338,1,5,1,-2,10144,29508,15119,18706,3520027,3520029,3520024,3520026,0,0,0,0
1790069496.2640338,4,-6,-3,1,10139,29516,15125,18702,3520117,3520119,3520114,3520116,0,0,0,0
1790069496.4724946,3,1,1,-3,10139,29522,15127,18701,3520177,3520179,3520174,3520176,0,0,0,0
1790069496.6144736,-4,0,0,-3,10144,29523,15128,18703,3520297,3520299,3520294,3520296,0,0,0,0
1790069496.6187544,3,0,-5,-4,10147,29523,15126,18706,3520327,3520329,3520324,3520326,0,0,0,0
1790069496.6742237,-3,4,0,-2,10146,29524,15126,18705,3520357,3520359,3520354,3520356,0,0,0,0
1790069496.8758767,2,2,-1,-4,10144,29527,15127,18701,3520387,3520389,3520384,3520386,0,0,0,0
1790069496.8826323,1,3,-1,-3,10149,29525,15123,18704,3520477,3520479,3520474,3520476,0,0,0,0
1790069496.9712481,-3,1,-4,-3,10164,29517,15116,18716,3520537,3520539,3520534,3520536,0,0,0,0
1790069496.9722571,-1,-1,1,-3,10166,29520,15117,18716,3520567,3520569,3520564,3520566,0,0,0,0
1790069497.083043,6,0,0,0,10164,29524,15119,18715,3520597,3520599,3520594,3520596,0,0,0,0
1790069497.083043,-3,-6,1,3,10162,29525,15121,18714,3520627,3520629,3520624,3520626,0,0,0,0
1790069497.2901745,2,4,-1,-4,10165,29533,15123,18716,3520717,3520719,3520714,3520716,0,0,0,0
1790069497.291499,-2,-1,7,3,10165,29538,15125,18713,3520747,3520749,3520744,3520746,0,0,0,0
1790069497.4926877,2,2,3,2,10165,29544,15128,18712,3520777,3520779,3520774,3520776,0,0,0,0
1790069497.4926877,2,4,-5,5,10172,29543,15127,18718,3520867,3520869,3520864,3520866,0,0,0,0
1790069497.700926,-2,7,-2,4,10182,29540,15122,18724,3520927,3520929,3520924,3520926,0,0,0,0
1790069497.9043407,30,0,-4,0,10183,29541,15123,18723,3520957,3520959,3520954,3520956,0,0,0,0
1790069497.9043407,0,-5,4,-2,10182,29541,15124,18724,3520987,3520989,3520984,3520986,0,0,0,0
1790069497.9043407,-2,0,5,-3,10188,29550,15131,18725,3521107,3521109,3521104,3521106,0,0,0,0
1790069498.0015736,-2,1,-1,6,10186,29551,15132,18724,3521137,3521139,3521134,3521136,0,0,0,0
1790069498.1176038,-1,7,-4,4,10189,29553,15132,18727,3521227,3521229,3521224,3521226,0,0,0,0
1790069498.3140097,-2,-1,-1,0,10190,29547,15128,18730,3521257,3521259,3521254,3521256,0,0,0,0
1790069498.3140097,-9,1,-3,-1,10200,29552,15130,18738,3521347,3521349,3521344,3521346,0,0,0,0
1790069498.5184245,-1,-2,-1,-3,10201,29554,15129,18737,3521377,3521379,3521374,3521376,0,0,0,0
1790069498.5191984,-4,2,-1,-4,10202,29553,15129,18740,3521407,3521409,3521404,3521406,0,0,0,0
1790069498.5271306,-3,-2,0,1,10211,29546,15123,18746,3521467,3521469,3521464,3521466,0,0,0,0
1790069498.722996,-3,1,1,0,10209,29546,15126,18745,3521497,3521499,3521494,3521496,0,0,0,0
1790069498.72961,0,-5,-2,0,10205,29550,15129,18742,3521587,3521589,3521584,3521586,0,0,0,0
1790069498.9299858,1,3,-5,-5,10206,29541,15125,18741,3521617,3521619,3521614,3521616,0,0,0,0
1790069498.931491,-3,-5,-4,1,10206,29540,15125,18744,3521647,3521649,3521644,3521646,0,0,0,0
1790069498.9370253,-2,-2,-2,2,10217,29542,15120,18753,3521707,3521709,3521704,3521706,0,0,0,0
1790069499.0063808,-3,-1,-1,-1,10221,29539,15118,18758,3521737,3521739,3521734,3521736,0,0,0,0
1790069499.0133243,-7,0,1,-1,10228,29536,15116,18761,3521767,3521769,3521764,3521766,0,0,0,0
1790069499.1319332,-5,-6,-3,-5,10231,29536,15115,18764,3521797,3521799,3521794,3521796,0,0,0,0
1790069499.1319332,1,-5,-2,-3,10235,29539,15113,18766,3521827,3521829,3521824,3521826,0,0,0,0
1790069499.332799,0,-2,-8,4,10237,29538,15112,18768,3521857,3521859,3521854,3521856,0,0,0,0
1790069499.3385832,-4,-3,-1,1,10240,29537,15110,18770,3521887,3521889,3521884,3521886,0,0,0,0
1790069499.339989,-3,-1,7,-1,10246,29534,15106,18773,3521947,3521949,3521944,3521946,0,0,0,0
1790069499.5410511,-4,1,-1,-2,10245,29528,15103,18773,3521977,3521979,3521974,3521976,0,0,0,0
1790069499.5410511,-2,-5,-1,-1,10250,29527,15101,18774,3522037,3522039,3522034,3522036,0,0,0,0
1790069499.5551038,-7,-2,-4,2,10252,29530,15101,18776,3522067,3522069,3522064,3522066,0,0,0,0
1790069499.5554438,-5,1,-5,-1,10258,29531,15098,18780,3522097,3522099,3522094,3522096,0,0,0,0
1790069499.7424462,-2,-2,3,-3,10261,29525,15093,18783,3522127,3522129,3522124,3522126,0,0,0,0
1790069499.749223,-3,-6,0,1,10267,29520,15089,18788,3522157,3522159,3522154,3522156,0,0,0,0
1790069499.756751,4,1,-3,-5,10272,29514,15085,18795,3522187,3522189,3522184,3522186,0,0,0,0
1790069499.9507003,-5,0,2,-7,10280,29512,15082,18802,3522217,3522219,3522214,3522216,0,0,0,0
1790069499.9507003,-4,2,-2,-2,10286,29510,15078,18807,3522277,3522279,3522274,3522276,0,0,0,0
1790069499.9576604,-2,-2,2,-2,10288,29515,15080,18807,3522307,3522309,3522304,3522306,0,0,0,0
1790069500.0063586,-3,3,4,1,10289,29518,15082,18806,3522337,3522339,3522334,3522336,0,0,0,0
1790069500.0132,-1,3,2,-7,10290,29521,15082,18806,3522367,3522369,3522364,3522366,0,0,0,0
1790069500.1588283,-1,-1,4,5,10302,29521,15078,18815,3522427,3522429,3522424,3522426,0,0,0,0
1790069500.362049,1,3,-6,-1,10307,29524,15075,18818,3522457,3522459,3522454,3522456,0,0,0,0
1790069500.367244,0,-3,-2,0,10326,29527,15072,18832,3522547,3522549,3522544,3522546,0,0,0,0
1790069500.374839,-2,4,-1,3,10334,29529,15070,18839,3522577,3522579,3522574,3522576,0,0,0,0
1790069500.5675075,4,1,5,4,10348,29528,15065,18851,3522637,3522639,3522634,3522636,0,0,0,0
1790069500.5756326,-1,6,-1,0,10367,29533,15063,18867,3522697,3522699,3522694,3522696,0,0,0,0
1790069500.7699783,-1,2,1,-1,10377,29536,15060,18874,3522727,3522729,3522724,3522726,0,0,0,0
1790069500.777255,-1,3,0,-3,10410,29531,15052,18902,3522817,3522819,3522814,3522816,0,0,0,0
1790069500.777255,0,-3,1,-2,10420,29529,15045,18910,3522847,3522849,3522844,3522846,0,0,0,0
1790069500.9772415,0,-3,3,3,10429,29529,15042,18919,3522877,3522879,3522874,3522876,0,0,0,0
1790069500.9782493,1,1,-1,3,10453,29524,15034,18939,3522937,3522939,3522934,3522936,0,0,0,0
1790069501.0077271,-1,0,-8,2,10469,29514,15025,18958,3522967,3522969,3522964,3522966,0,0,0,0
1790069501.1811988,-4,-3,2,4,10488,29506,15015,18977,3522997,3522999,3522994,3522996,0,0,0,0
1790069501.1811988,0,-1,0,-4,10521,29496,15003,19012,3523057,3523059,3523054,3523056,0,0,0,0
1790069501.1954002,-3,-2,1,4,10535,29486,14998,19029,3523087,3523089,3523084,3523086,0,0,0,0
1790069501.3878722,-1,2,3,-3,10567,29471,14985,19065,3523147,3523149,3523144,3523146,0,0,0,0
1790069501.3957756,3,-4,1,2,10592,29457,14977,19101,3523207,3523209,3523204,3523206,0,0,0,0
1790069501.5901608,-6,-3,0,1,10612,29441,14969,19133,3523267,3523269,3523264,3523266,0,0,0,0
1790069501.5971403,-3,-1,1,1,10630,29426,14964,19160,3523327,3523329,3523324,3523326,0,0,0,0
1790069501.79658,1,1,-3,0,10637,29421,14962,19171,3523357,3523359,3523354,3523356,0,0,0,0
1790069501.799305,-4,1,-8,-6,10655,29402,14957,19208,3523447,3523449,3523444,3523446,0,0,0,0
1790069501.999985,-4,0,-1,-2,10666,29399,14958,19222,3523477,3523479,3523474,3523476,0,0,0,0
1790069501.999985,-3,1,-1,-1,10672,29393,14954,19232,3523507,3523509,3523504,3523506,0,0,0,0
1790069502.007193,-3,0,-2,-1,10693,29381,14952,19261,3523567,3523569,3523564,3523566,0,0,0,0
1790069502.2004158,-2,-4,1,1,10706,29380,14953,19277,3523597,3523599,3523594,3523596,0,0,0,0
1790069502.2074077,-7,-2,-4,1,10722,29373,14950,19295,3523627,3523629,3523624,3523626,0,0,0,0
1790069502.2133336,-2,2,-2,-4,10736,29365,14944,19317,3523657,3523659,3523654,3523656,0,0,0,0
1790069502.2148323,1,-1,-6,1,10752,29359,14942,19338,3523687,3523689,3523684,3523686,0,0,0,0
1790069502.4087596,-3,1,1,4,10763,29352,14939,19352,3523717,3523719,3523714,3523716,0,0,0,0
1790069502.4087596,1,3,2,0,10786,29347,14939,19381,3523807,3523809,3523804,3523806,0,0,0,0
1790069502.6101747,-1,-3,7,-3,10790,29343,14939,19390,3523837,3523839,3523834,3523836,0,0,0,0
1790069502.6158602,1,-2,-3,-1,10818,29332,14938,19425,3523927,3523929,3523924,3523926,0,0,0,0
1790069502.8183982,-2,0,-1,2,10826,29324,14935,19437,3523957,3523959,3523954,3523956,0,0,0,0
1790069502.8183982,2,0,-5,5,10831,29323,14934,19444,3523987,3523989,3523984,3523986,0,0,0,0
1790069502.8256996,-1,-2,0,-11,10836,29318,14936,19455,3524047,3524049,3524044,3524046,0,0,0,0
1790069503.0334902,-2,2,-3,7,10846,29316,14939,19468,3524107,3524109,3524104,3524106,0,0,0,0
1790069503.0334902,-4,-2,4,-1,10848,29314,14940,19477,3524167,3524169,3524164,3524166,0,0,0,0
1790069503.2285085,3,1,-2,-2,10855,29308,14943,19489,3524227,3524229,3524224,3524226,0,0,0,0
1790069503.2356405,5,10,0,-5,10869,29297,14940,19504,3524287,3524289,3524284,3524286,0,0,0,0
1790069503.4293604,-1,-1,-2,1,10871,29295,14939,19510,3524317,3524319,3524314,3524316,0,0,0,0
1790069503.4293604,-2,-2,-8,-5,10874,29292,14940,19513,3524347,3524349,3524344,3524346,0,0,0,0
1790069503.436808,1,2,-3,1,10879,29288,14940,19520,3524407,3524409,3524404,3524406,0,0,0,0
1790069503.638689,-1,0,1,11,10882,29288,14939,19525,3524437,3524439,3524434,3524436,0,0,0,0
1790069503.6393123,-4,-3,1,-1,10888,29287,14940,19531,3524527,3524529,3524524,3524526,0,0,0,0
1790069503.8399897,-3,-2,2,-4,10888,29288,14943,19532,3524587,3524589,3524584,3524586,0,0,0,0
1790069503.858823,-3,-2,0,-5,10891,29288,14942,19535,3524617,3524619,3524614,3524616,0,0,0,0
1790069504.020656,-3,0,-2,-3,10895,29288,14943,19538,3524677,3524679,3524674,3524676,0,0,0,0
1790069504.020656,0,3,0,-5,10901,29289,14940,19542,3524737,3524739,3524734,3524736,0,0,0,0
1790069504.0338874,-3,-3,-4,-2,10907,29293,14944,19546,3524797,3524799,3524794,3524796,0,0,0,0
1790069504.2544744,-1,-1,-2,-7,10919,29286,14939,19558,3524917,3524919,3524914,3524916,0,0,0,0
1790069504.4593925,-2,-3,-1,-2,10925,29287,14938,19561,3524977,3524979,3524974,3524976,0,0,0,0
1790069504.4604008,-1,0,0,0,10924,29290,14939,19560,3525037,3525039,3525034,3525036,0,0,0,0
1790069504.6592977,6,-1,-3,7,10928,29289,14938,19563,3525067,3525069,3525064,3525066,0,0,0,0
1790069504.6642957,-3,2,4,-1,10927,29285,14936,19565,3525097,3525099,3525094,3525096,0,0,0,0
1790069504.6717236,3,-4,-2,-1,10928,29285,14935,19566,3525157,3525159,3525154,3525156,0,0,0,0
1790069504.8674219,1,-2,-1,-3,10925,29283,14937,19566,3525187,3525189,3525184,3525186,0,0,0,0
1790069504.8674219,-2,-2,1,-5,10922,29287,14940,19565,3525247,3525249,3525244,3525246,0,0,0,0
1790069504.8769212,2,-4,3,1,10919,29283,14941,19566,3525277,3525279,3525274,3525276,0,0,0,0
1790069505.019817,8,3,1,-2,10922,29282,14941,19567,3525307,3525309,3525304,3525306,0,0,0,0
1790069505.0256639,3,2,0,1,10921,29277,14939,19568,3525337,3525339,3525334,3525336,0,0,0,0
1790069505.0270338,1,1,-4,5,10921,29278,14938,19569,3525367,3525369,3525364,3525366,0,0,0,0
1790069505.0335038,-1,5,2,-4,10919,29278,14941,19567,3525397,3525399,3525394,3525396,0,0,0,0
1790069505.2769432,3,3,3,2,10915,29280,14942,19564,3525427,3525429,3525424,3525426,0,0,0,0
1790069505.2769432,-7,1,2,1,10918,29273,14940,19569,3525517,3525519,3525514,3525516,0,0,0,0
1790069505.478482,-7,-2,-2,-4,10929,29266,14934,19577,3525577,3525579,3525574,3525576,0,0,0,0
1790069505.4924212,2,-3,-4,-2,10932,29265,14933,19580,3525637,3525639,3525634,3525636,0,0,0,0
1790069505.4924212,-1,0,2,-2,10933,29266,14935,19581,3525667,3525669,3525664,3525666,0,0,0,0
1790069505.686668,-5,-4,2,-3,10931,29271,14938,19579,3525727,3525729,3525724,3525726,0,0,0,0
1790069505.693172,-1,-4,4,-3,10935,29272,14939,19583,3525787,3525789,3525784,3525786,0,0,0,0
1790069505.888184,-7,-3,-1,-1,10940,29273,14939,19586,3525847,3525849,3525844,3525846,0,0,0,0
1790069505.8947945,-1,-2,3,1,10943,29274,14940,19586,3525877,3525879,3525874,3525876,0,0,0,0
1790069506.0270777,-3,3,-2,-2,10945,29277,14942,19589,3525937,3525939,3525934,3525936,0,0,0,0
1790069506.0270777,-1,-4,-4,-7,10948,29280,14942,19589,3525967,3525969,3525964,3525966,0,0,0,0
1790069506.0953944,1,-2,12,-1,10948,29279,14941,19590,3525997,3525999,3525994,3525996,0,0,0,0
1790069506.2974596,-3,-2,2,5,10954,29279,14938,19593,3526057,3526059,3526054,3526056,0,0,0,0
1790069506.302885,4,-4,-3,2,10956,29276,14936,19595,3526087,3526089,3526084,3526086,0,0,0,0
1790069506.317072,1,-1,-2,-3,10959,29276,14934,19596,3526117,3526119,3526114,3526116,0,0,0,0
1790069506.5052361,0,6,-1,1,10953,29274,14934,19594,3526207,3526209,3526204,3526206,0,0,0,0
1790069506.5052361,2,1,-17,-5,10953,29271,14933,19594,3526237,3526239,3526234,3526236,0,0,0,0
1790069506.512634,0,-2,0,6,10953,29268,14931,19594,3526267,3526269,3526264,3526266,0,0,0,0
1790069506.707177,2,7,-1,-5,10946,29269,14932,19593,3526357,3526359,3526354,3526356,0,0,0,0
1790069506.714191,2,-2,-4,1,10945,29268,14933,19592,3526387,3526389,3526384,3526386,0,0,0,0
1790069506.915347,0,0,-1,3,10945,29266,14932,19592,3526447,3526449,3526444,3526446,0,0,0,0
1790069506.915347,4,0,-7,1,10943,29264,14933,19592,3526507,3526509,3526504,3526506,0,0,0,0
1790069507.0333471,1,-2,3,4,10944,29263,14932,19592,3526537,3526539,3526534,3526536,0,0,0,0
1790069507.0333471,5,1,3,6,10944,29265,14933,19592,3526597,3526599,3526594,3526596,0,0,0,0
1790069507.136401,-4,1,-3,-4,10941,29263,14933,19592,3526627,3526629,3526624,3526626,0,0,0,0
1790069507.3253272,-1,-2,-4,-3,10939,29263,14936,19590,3526657,3526659,3526654,3526656,0,0,0,0
1790069507.3256366,-1,10,-3,-3,10937,29269,14942,19589,3526717,3526719,3526714,3526716,0,0,0,0
1790069507.3374321,-4,0,-4,-3,10939,29271,14947,19592,3526747,3526749,3526744,3526746,0,0,0,0
1790069507.3384402,-5,1,-7,0,10941,29268,14945,19596,3526777,3526779,3526774,3526776,0,0,0,0
1790069507.5267372,-6,-6,1,-4,10945,29266,14944,19600,3526807,3526809,3526804,3526806,0,0,0,0
1790069507.533326,-5,-1,4,-4,10946,29279,14953,19600,3526897,3526899,3526894,3526896,0,0,0,0
1790069507.7356067,-1,2,-7,-3,10944,29283,14958,19598,3526927,3526929,3526924,3526926,0,0,0,0
1790069507.7356067,-2,-3,-12,0,10958,29279,14953,19605,3526987,3526989,3526984,3526986,0,0,0,0
1790069507.7356067,1,-2,6,0,10960,29277,14949,19607,3527017,3527019,3527014,3527016,0,0,0,0
1790069507.9359002,-2,-3,1,-1,10958,29281,14952,19605,3527077,3527079,3527074,3527076,0,0,0,0
1790069507.943023,6,1,-1,1,10957,29286,14955,19603,3527107,3527109,3527104,3527106,0,0,0,0
1790069507.943023,3,-3,3,-2,10956,29286,14955,19603,3527137,3527139,3527134,3527136,0,0,0,0
1790069508.0330913,-4,1,-6,0,10957,29282,14952,19604,3527167,3527169,3527164,3527166,0,0,0,0
1790069508.1439836,0,-2,5,3,10959,29282,14949,19605,3527197,3527199,3527194,3527196,0,0,0,0
1790069508.144337,0,0,-3,1,10959,29279,14948,19605,3527257,3527259,3527254,3527256,0,0,0,0
1790069508.352482,0,-2,7,1,10953,29279,14949,19602,3527287,3527289,3527284,3527286,0,0,0,0
1790069508.352482,1,-1,0,0,10951,29278,14949,19601,3527377,3527379,3527374,3527376,0,0,0,0
1790069508.5540452,5,3,-3,2,10950,29274,14948,19601,3527497,3527499,3527494,3527496,0,0,0,0
1790069508.7557435,7,4,-1,-5,10943,29273,14948,19599,3527527,3527529,3527524,3527526,0,0,0,0
1790069508.7626257,3,5,-3,1,10945,29268,14947,19601,3527617,3527619,3527614,3527616,0,0,0,0
1790069508.9640796,-1,-2,-2,-3,10948,29268,14946,19602,3527647,3527649,3527644,3527646,0,0,0,0
1790069508.9640796,1,3,1,2,10947,29270,14950,19602,3527737,3527739,3527734,3527736,0,0,0,0
1790069509.0335183,-17,-3,-5,-4,10950,29266,14948,19606,3527767,3527769,3527764,3527766,0,0,0,0
1790069509.1661294,1,-7,1,-1,10957,29265,14947,19609,3527827,3527829,3527824,3527826,0,0,0,0
1790069509.372362,-5,-3,0,-2,10957,29266,14948,19612,3527887,3527889,3527884,3527886,0,0,0,0
1790069509.3733943,1,1,-1,-2,10953,29273,14955,19609,3527977,3527979,3527974,3527976,0,0,0,0
1790069509.575329,4,0,-6,-4,10974,29272,14951,19622,3528097,3528099,3528094,3528096,0,0,0,0
1790069509.7894998,-1,-4,-2,1,10968,29282,14959,19619,3528217,3528219,3528214,3528216,0,0,0,0
1790069509.983966,0,1,0,-1,10967,29282,14959,19617,3528247,3528249,3528244,3528246,0,0,0,0
1790069509.983966,-1,-2,-2,1,10969,29282,14958,19619,3528307,3528309,3528304,3528306,0,0,0,0
1790069509.9969018,-3,2,0,3,10972,29282,14958,19620,3528337,3528339,3528334,3528336,0,0,0,0
1790069510.0401511,2,0,4,0,10972,29285,14957,19621,3528367,3528369,3528364,3528366,0,0,0,0
1790069510.1928804,-5,4,1,2,10973,29282,14956,19623,3528427,3528429,3528424,3528426,0,0,0,0
1790069510.3945522,0,-3,3,1,10969,29282,14958,19622,3528487,3528489,3528484,3528486,0,0,0,0
1790069510.3945522,0,0,5,2,10970,29281,14958,19620,3528547,3528549,3528544,3528546,0,0,0,0
1790069510.4084716,-3,2,2,-1,10969,29278,14956,19620,3528577,3528579,3528574,3528576,0,0,0,0
1790069510.602183,3,3,0,0,10966,29277,14956,19620,3528637,3528639,3528634,3528636,0,0,0,0
1790069510.6036077,1,2,-4,-2,10962,29279,14958,19616,3528697,3528699,3528694,3528696,0,0,0,0
1790069510.8062897,-2,38,2,-4,10963,29276,14954,19618,3528757,3528759,3528754,3528756,0,0,0,0
1790069510.8074465,-1,1,-6,-5,10957,29269,14956,19618,3528847,3528849,3528844,3528846,0,0,0,0
1790069511.0126252,0,0,3,-3,10955,29271,14959,19616,3528877,3528879,3528874,3528876,0,0,0,0
1790069511.0126252,2,-2,-5,0,10957,29272,14962,19619,3528967,3528969,3528964,3528966,0,0,0,0
1790069511.0576544,-1,-2,2,1,10962,29271,14961,19623,3528997,3528999,3528994,3528996,0,0,0,0
1790069511.2139926,-3,-6,-4,-1,10966,29270,14960,19628,3529087,3529089,3529084,3529086,0,0,0,0
1790069511.4221256,-4,0,-3,0,10970,29272,14962,19628,3529207,3529209,3529204,3529206,0,0,0,0
1790069511.6228697,-2,2,2,3,10970,29271,14962,19631,3529237,3529239,3529234,3529236,0,0,0,0
1790069511.6366627,-4,4,-1,-5,10975,29276,14966,19633,3529327,3529329,3529324,3529326,0,0,0,0
1790069511.8304856,1,0,-1,0,10974,29282,14970,19631,3529357,3529359,3529354,3529356,0,0,0,0
1790069511.831834,-2,-3,-4,-2,10974,29282,14970,19631,3529417,3529419,3529414,3529416,0,0,0,0
1790069511.8375175,1,1,-2,1,10984,29278,14967,19637,3529447,3529449,3529444,3529446,0,0,0,0
1790069512.038281,0,-3,1,-2,10985,29278,14964,19639,3529567,3529569,3529564,3529566,0,0,0,0
1790069512.2395573,1,0,-2,-3,10987,29283,14967,19639,3529597,3529599,3529594,3529596,0,0,0,0
1790069512.2409532,0,3,0,2,10991,29286,14968,19643,3529687,3529689,3529684,3529686,0,0,0,0
1790069512.4426205,1,5,-4,0,10989,29284,14968,19644,3529717,3529719,3529714,3529716,0,0,0,0
1790069512.448294,2,8,-1,8,10979,29285,14972,19639,3529837,3529839,3529834,3529836,0,0,0,0
1790069512.6163392,0,-3,1,-2,10981,29284,14973,19638,3529867,3529869,3529864,3529866,0,0,0,0
1790069512.6498742,2,-6,3,-3,10982,29277,14967,19641,3529957,3529959,3529954,3529956,0,0,0,0
1790069512.8521783,-2,4,3,6,10975,29274,14967,19638,3530077,3530079,3530074,3530076,0,0,0,0
1790069513.0468628,1,-10,-2,-1,10980,29268,14965,19642,3530197,3530199,3530194,3530196,0,0,0,0
1790069513.2626998,-3,5,0,-3,10980,29267,14965,19644,3530227,3530229,3530224,3530226,0,0,0,0
1790069513.2774997,-1,-1,1,-4,10980,29267,14966,19645,3530317,3530319,3530314,3530316,0,0,0,0
1790069513.469618,-3,-4,0,-5,10983,29267,14967,19647,3530407,3530409,3530404,3530406,0,0,0,0
1790069513.4772937,0,-1,-6,2,10982,29270,14968,19648,3530437,3530439,3530434,3530436,0,0,0,0
1790069513.6721623,0,-5,0,-2,10982,29270,14970,19648,3530467,3530469,3530464,3530466,0,0,0,0
1790069513.6721623,-4,1,0,1,10991,29270,14969,19653,3530527,3530529,3530524,3530526,0,0,0,0
1790069513.6771412,-3,-6,-4,-5,10994,29274,14969,19656,3530557,3530559,3530554,3530556,0,0,0,0
1790069513.8790812,-2,-2,1,-2,10996,29278,14974,19656,3530647,3530649,3530644,3530646,0,0,0,0
1790069513.8929234,-5,0,4,-3,10995,29278,14975,19656,3530707,3530709,3530704,3530706,0,0,0,0
1790069514.0536191,-2,2,1,-7,11003,29273,14968,19662,3530767,3530769,3530764,3530766,0,0,0,0
1790069514.2885978,-2,-6,2,0,11007,29276,14968,19663,3530797,3530799,3530794,3530796,0,0,0,0
1790069514.2896094,4,-3,-3,5,10999,29285,14975,19658,3530917,3530919,3530914,3530916,0,0,0,0
1790069514.4905672,1,0,-3,-1,11001,29282,14973,19658,3530947,3530949,3530944,3530946,0,0,0,0
1790069514.4905672,1,1,1,4,10999,29276,14968,19658,3531037,3531039,3531034,3531036,0,0,0,0
1790069514.6982043,-3,4,-2,8,10993,29277,14971,19656,3531127,3531129,3531124,3531126,0,0,0,0
1790069514.7110891,3,-1,-5,3,10984,29280,14973,19649,3531187,3531189,3531184,3531186,0,0,0,0
1790069514.904289,3,2,-2,-2,10986,29276,14972,19652,3531247,3531249,3531244,3531246,0,0,0,0
1790069514.9148326,-1,3,-3,-5,10992,29265,14965,19659,3531307,3531309,3531304,3531306,0,0,0,0
1790069515.0604887,-2,1,-2,-2,10995,29264,14969,19665,3531367,3531369,3531364,3531366,0,0,0,0
1790069515.0774617,-1,0,-3,-2,11002,29264,14970,19669,3531427,3531429,3531424,3531426,0,0,0,0
1790069515.3102648,-2,-2,-2,-4,11002,29268,14977,19673,3531547,3531549,3531544,3531546,0,0,0,0
1790069515.5174046,-3,-2,0,-1,11005,29274,14982,19675,3531577,3531579,3531574,3531576,0,0,0,0
1790069515.518421,-7,-3,-3,-5,11009,29276,14985,19679,3531667,3531669,3531664,3531666,0,0,0,0
1790069515.7203012,-1,-4,-6,-2,11012,29278,14988,19682,3531697,3531699,3531694,3531696,0,0,0,0
1790069515.7223089,1,0,-1,-3,11016,29280,14991,19683,3531757,3531759,3531754,3531756,0,0,0,0
1790069515.7336755,-2,5,1,-3,11019,29284,14990,19685,3531817,3531819,3531814,3531816,0,0,0,0
1790069515.8521075,-3,-5,5,-7,11021,29287,14989,19686,3531877,3531879,3531874,3531876,0,0,0,0
1790069515.9332209,-2,2,1,-1,11020,29284,14987,19686,3531907,3531909,3531904,3531906,0,0,0,0
1790069516.0603108,-2,-2,2,-3,11021,29282,14987,19688,3531937,3531939,3531934,3531936,0,0,0,0
1790069516.0603108,3,2,3,4,11017,29281,14986,19686,3531997,3531999,3531994,3531996,0,0,0,0
1790069516.1288564,-1,1,-4,0,11013,29282,14989,19684,3532027,3532029,3532024,3532026,0,0,0,0
1790069516.3358467,0,1,-2,-1,11019,29283,14989,19686,3532087,3532089,3532084,3532086,0,0,0,0
1790069516.33725,6,-2,0,-3,11019,29280,14987,19686,3532117,3532119,3532114,3532116,0,0,0,0
1790069516.5389278,5,3,1,-2,11010,29278,14987,19682,3532237,3532239,3532234,3532236,0,0,0,0
1790069516.5515914,-3,0,-1,0,11010,29278,14987,19681,3532267,3532269,3532264,3532266,0,0,0,0
1790069516.5529597,1,5,-12,4,11012,29275,14984,19683,3532297,3532299,3532294,3532296,0,0,0,0
1790069516.7464812,5,2,1,1,11013,29271,14982,19684,3532327,3532329,3532324,3532326,0,0,0,0
1790069516.7543392,-3,3,4,0,11013,29270,14979,19686,3532387,3532389,3532384,3532386,0,0,0,0
1790069516.7543392,3,-1,-2,-2,11007,29272,14982,19683,3532417,3532419,3532414,3532416,0,0,0,0
1790069516.948488,0,0,0,-1,11005,29274,14986,19679,3532477,3532479,3532474,3532476,0,0,0,0
1790069516.95589,-5,-2,-2,1,11009,29268,14982,19683,3532537,3532539,3532534,3532536,0,0,0,0
1790069517.072513,1,1,3,0,11006,29271,14987,19682,3532597,3532599,3532594,3532596,0,0,0,0
1790069517.1561456,1,-3,-5,2,11003,29274,14989,19680,3532657,3532659,3532654,3532656,0,0,0,0
1790069517.3580647,-7,0,-1,0,11008,29269,14987,19685,3532717,3532719,3532714,3532716,0,0,0,0
1790069517.5652378,-3,-4,1,-1,11013,29277,14993,19688,3532837,3532839,3532834,3532836,0,0,0,0
1790069517.5667312,1,1,3,-2,11010,29277,14994,19688,3532897,3532899,3532894,3532896,0,0,0,0
1790069517.5735395,0,3,-5,-1,11013,29280,14997,19688,3532927,3532929,3532924,3532926,0,0,0,0
1790069517.7678125,-4,-4,-1,-1,11017,29284,14999,19689,3532957,3532959,3532954,3532956,0,0,0,0
1790069517.7678125,-7,0,0,-2,11016,29286,14998,19690,3532987,3532989,3532984,3532986,0,0,0,0
1790069517.7749429,-1,-2,-1,0,11020,29288,14999,19691,3533047,3533049,3533044,3533046,0,0,0,0
1790069517.9755979,4,6,-2,-2,11032,29282,14991,19701,3533167,3533169,3533164,3533166,0,0,0,0
1790069518.0731163,8,-1,2,1,11033,29279,14990,19704,3533227,3533229,3533224,3533226,0,0,0,0
1790069518.1774178,-1,-6,-2,-7,11027,29280,14994,19698,3533287,3533289,3533284,3533286,0,0,0,0
1790069518.3857036,1,2,-1,2,11028,29279,14992,19699,3533347,3533349,3533344,3533346,0,0,0,0
1790069518.3936563,0,1,-2,3,11030,29277,14990,19702,3533377,3533379,3533374,3533376,0,0,0,0
1790069518.587105,-5,-5,-8,3,11031,29269,14991,19710,3533467,3533469,3533464,3533466,0,0,0,0
1790069518.594426,-8,-1,4,-5,11033,29265,14991,19712,3533497,3533499,3533494,3533496,0,0,0,0
1790069518.594426,-1,1,1,0,11033,29262,14991,19714,3533527,3533529,3533524,3533526,0,0,0,0
1790069518.7945375,1,-5,3,2,11036,29264,14996,19718,3533587,3533589,3533584,3533586,0,0,0,0
1790069518.7959414,-6,0,-1,0,11036,29269,14999,19717,3533617,3533619,3533614,3533616,0,0,0,0
1790069518.79632,-4,-5,5,0,11034,29274,15006,19718,3533647,3533649,3533644,3533646,0,0,0,0
1790069518.996772,1,-6,-4,-4,11041,29275,15005,19722,3533707,3533709,3533704,3533706,0,0,0,0
1790069519.0103877,-5,-1,-3,4,11047,29277,15007,19726,3533767,3533769,3533764,3533766,0,0,0,0
1790069519.204132,2,-7,3,-2,11054,29283,15010,19730,3533827,3533829,3533824,3533826,0,0,0,0
1790069519.2055001,0,-2,0,-2,11064,29276,15002,19738,3533887,3533889,3533884,3533886,0,0,0,0
1790069519.4070895,-2,0,6,4,11064,29277,15001,19738,3533917,3533919,3533914,3533916,0,0,0,0
1790069519.4070895,-1,-3,2,2,11055,29283,15007,19732,3533977,3533979,3533974,3533976,0,0,0,0
1790069519.413478,2,-3,1,-6,11055,29283,15006,19732,3534007,3534009,3534004,3534006,0,0,0,0
1790069519.6136177,-2,-3,0,-2,11056,29273,15001,19733,3534067,3534069,3534064,3534066,0,0,0,0
1790069519.6150134,-3,-3,-9,0,11052,29273,15001,19732,3534127,3534129,3534124,3534126,0,0,0,0
1790069519.8165085,-2,-4,1,-4,11048,29269,15000,19730,3534217,3534219,3534214,3534216,0,0,0,0
1790069519.8225985,0,2,-2,-2,11046,29265,14998,19730,3534247,3534249,3534244,3534246,0,0,0,0
1790069520.0179093,0,-1,1,-3,11044,29268,15001,19729,3534277,3534279,3534274,3534276,0,0,0,0
1790069520.0247848,-6,-2,-1,0,11043,29265,15006,19731,3534367,3534369,3534364,3534366,0,0,0,0
1790069520.0943944,-4,0,-3,2,11046,29265,15002,19733,3534397,3534399,3534394,3534396,0,0,0,0
1790069520.0943944,-3,-1,-2,0,11048,29265,15004,19734,3534427,3534429,3534424,3534426,0,0,0,0
1790069520.228319,-2,-2,-2,-3,11052,29266,15005,19736,3534487,3534489,3534484,3534486,0,0,0,0
1790069520.42717,-8,-6,-4,-1,11054,29265,15005,19739,3534517,3534519,3534514,3534516,0,0,0,0
1790069520.434397,-4,-6,-6,-3,11050,29272,15011,19735,3534607,3534609,3534604,3534606,0,0,0,0
1790069520.6364028,-5,-6,-5,0,11057,29272,15006,19740,3534667,3534669,3534664,3534666,0,0,0,0
1790069520.6387637,1,-2,3,0,11066,29272,15006,19745,3534727,3534729,3534724,3534726,0,0,0,0
1790069520.8409667,-2,3,-1,0,11070,29275,15007,19746,3534757,3534759,3534754,3534756,0,0,0,0
1790069520.8457184,4,0,2,-1,11067,29278,15006,19744,3534847,3534849,3534844,3534846,0,0,0,0
1790069521.0452025,3,-3,0,1,11066,29279,15007,19741,3534877,3534879,3534874,3534876,0,0,0,0
1790069521.0452025,7,0,-2,-2,11065,29281,15007,19742,3534907,3534909,3534904,3534906,0,0,0,0
1790069521.0452025,4,3,-5,3,11060,29278,15006,19739,3534937,3534939,3534934,3534936,0,0,0,0
1790069521.05215,0,-1,-5,-3,11059,29280,15008,19739,3534967,3534969,3534964,3534966,0,0,0,0
1790069521.0874143,0,-1,1,1,11057,29280,15008,19736,3534997,3534999,3534994,3534996,0,0,0,0
1790069521.2522526,-2,-2,0,0,11055,29270,15001,19737,3535087,3535089,3535084,3535086,0,0,0,0
1790069521.4553785,3,-2,-3,1,11055,29269,15002,19738,3535117,3535119,3535114,3535116,0,0,0,0
1790069521.4553785,-2,-3,-3,2,11052,29266,15008,19738,3535207,3535209,3535204,3535206,0,0,0,0
1790069521.469352,1,-3,-1,0,11054,29265,15006,19741,3535237,3535239,3535234,3535236,0,0,0,0
1790069521.469352,3,-2,1,-1,11055,29263,15006,19743,3535267,3535269,3535264,3535266,0,0,0,0
1790069521.6606395,-4,-4,2,-1,11060,29259,15003,19747,3535327,3535329,3535324,3535326,0,0,0,0
1790069521.6745033,-2,-2,0,-7,11062,29262,15005,19748,3535387,3535389,3535384,3535386,0,0,0,0
1790069521.8650577,-2,-6,-8,-2,11066,29268,15010,19751,3535447,3535449,3535444,3535446,0,0,0,0
1790069521.877231,-4,4,0,2,11071,29270,15010,19754,3535477,3535479,3535474,3535476,0,0,0,0
1790069522.0718968,-6,1,2,-3,11075,29270,15011,19758,3535507,3535509,3535504,3535506,0,0,0,0
1790069522.0732265,6,-1,3,2,11084,29272,15010,19761,3535567,3535569,3535564,3535566,0,0,0,0
1790069522.0732265,-3,-5,0,-3,11084,29273,15010,19762,3535597,3535599,3535594,3535596,0,0,0,0
1790069522.2747083,-1,-2,-2,4,11083,29273,15010,19762,3535627,3535629,3535624,3535626,0,0,0,0
1790069522.2747083,3,0,-2,-1,11081,29280,15013,19759,3535717,3535719,3535714,3535716,0,0,0,0
1790069522.47611,1,1,2,-4,11077,29281,15014,19757,3535747,3535749,3535744,3535746,0,0,0,0
1790069522.489945,2,-3,-2,-1,11074,29274,15011,19758,3535837,3535839,3535834,3535836,0,0,0,0
1790069522.6843398,1,1,-2,-5,11073,29270,15009,19758,3535867,3535869,3535864,3535866,0,0,0,0
1790069522.6843398,-1,0,-2,1,11070,29268,15010,19757,3535897,3535899,3535894,3535896,0,0,0,0
1790069522.6843398,2,5,-1,1,11067,29267,15010,19756,3535927,3535929,3535924,3535926,0,0,0,0
1790069522.690873,2,-2,-17,2,11065,29265,15009,19756,3535957,3535959,3535954,3535956,0,0,0,0
1790069522.885398,4,-4,-2,1,11067,29262,15010,19756,3535987,3535989,3535984,3535986,0,0,0,0
1790069522.8924024,-5,0,0,-3,11070,29265,15014,19759,3536077,3536079,3536074,3536076,0,0,0,0
1790069523.0939527,-1,-3,-4,-5,11070,29264,15014,19760,3536107,3536109,3536104,3536106,0,0,0,0
1790069523.0942643,2,4,-1,-2,11073,29263,15012,19761,3536137,3536139,3536134,3536136,0,0,0,0
1790069523.0942643,-2,-1,2,-3,11077,29261,15011,19765,3536167,3536169,3536164,3536166,0,0,0,0
1790069523.0979702,3,2,-5,-3,11081,29260,15008,19766,3536197,3536199,3536194,3536196,0,0,0,0
1790069523.3016162,-1,2,-1,1,11081,29263,15011,19767,3536227,3536229,3536224,3536226,0,0,0,0
1790069523.30305,-2,0,1,-1,11078,29271,15018,19765,3536287,3536289,3536284,3536286,0,0,0,0
1790069523.3166285,-3,-2,-4,-2,11083,29272,15020,19768,3536317,3536319,3536314,3536316,0,0,0,0
1790069523.5034168,-2,0,-3,-4,11088,29274,15019,19772,3536347,3536349,3536344,3536346,0,0,0,0
1790069523.5034168,2,-1,2,4,11091,29277,15018,19773,3536437,3536439,3536434,3536436,0,0,0,0
1790069523.5162818,-1,-2,0,-4,11093,29279,15017,19773,3536467,3536469,3536464,3536466,0,0,0,0
1790069523.7051983,2,-6,-2,3,11088,29277,15017,19772,3536527,3536529,3536524,3536526,0,0,0,0
1790069523.710305,-1,4,-2,-1,11089,29277,15016,19773,3536557,3536559,3536554,3536556,0,0,0,0
1790069523.7119498,1,-2,3,0,11091,29274,15014,19774,3536587,3536589,3536584,3536586,0,0,0,0
1790069523.9132972,3,-1,0,1,11097,29272,15012,19775,3536617,3536619,3536614,3536616,0,0,0,0
1790069523.9132972,1,0,0,2,11096,29272,15013,19777,3536647,3536649,3536644,3536646,0,0,0,0
1790069523.9132972,1,16,1,0,11091,29270,15012,19773,3536707,3536709,3536704,3536706,0,0,0,0
1790069524.1077654,-3,3,2,1,11076,29267,15014,19765,3536827,3536829,3536824,3536826,0,0,0,0
1790069524.3230283,1,2,-8,7,11071,29269,15018,19764,3536857,3536859,3536854,3536856,0,0,0,0
1790069524.3230283,-6,1,1,6,11075,29264,15019,19768,3536917,3536919,3536914,3536916,0,0,0,0
1790069524.3230283,-6,1,-4,2,11078,29264,15017,19770,3536947,3536949,3536944,3536946,0,0,0,0
1790069524.5237434,1,3,1,-2,11081,29266,15020,19772,3536977,3536979,3536974,3536976,0,0,0,0
1790069524.5237434,-2,-5,-2,-2,11083,29266,15019,19775,3537007,3537009,3537004,3537006,0,0,0,0
1790069524.5306797,-2,-7,0,0,11087,29267,15021,19778,3537037,3537039,3537034,3537036,0,0,0,0
1790069524.5310268,-6,0,-9,-4,11087,29269,15021,19778,3537067,3537069,3537064,3537066,0,0,0,0
1790069524.7322938,-5,-1,1,0,11089,29272,15024,19777,3537097,3537099,3537094,3537096,0,0,0,0
1790069524.7322938,-5,-1,-3,-1,11099,29279,15028,19787,3537187,3537189,3537184,3537186,0,0,0,0
1790069524.933911,1,-4,0,-3,11099,29279,15028,19787,3537217,3537219,3537214,3537216,0,0,0,0
1790069524.940894,1,0,2,0,11099,29282,15029,19786,3537277,3537279,3537274,3537276,0,0,0,0
1790069524.9474854,2,-4,1,0,11101,29276,15023,19787,3537337,3537339,3537334,3537336,0,0,0,0
1790069525.1123118,0,-2,-1,3,11103,29276,15023,19789,3537367,3537369,3537364,3537366,0,0,0,0
1790069525.119668,5,2,-1,-1,11100,29278,15024,19788,3537397,3537399,3537394,3537396,0,0,0,0
1790069525.3437986,3,2,4,1,11093,29279,15026,19783,3537487,3537489,3537484,3537486,0,0,0,0
1790069525.3489776,1,3,2,4,11089,29270,15023,19784,3537547,3537549,3537544,3537546,0,0,0,0
1790069525.5509038,-1,3,0,2,11090,29271,15023,19783,3537577,3537579,3537574,3537576,0,0,0,0
1790069525.5523646,-1,2,-8,-3,11082,29268,15027,19781,3537637,3537639,3537634,3537636,0,0,0,0
1790069525.558322,-2,2,-5,-5,11080,29270,15032,19780,3537667,3537669,3537664,3537666,0,0,0,0
1790069525.7537715,-3,1,-2,-1,11080,29271,15035,19781,3537697,3537699,3537694,3537696,0,0,0,0
1790069525.758787,-3,-8,-1,-3,11085,29269,15034,19786,3537727,3537729,3537724,3537726,0,0,0,0
1790069525.7603343,-4,-7,-1,2,11096,29266,15031,19795,3537817,3537819,3537814,3537816,0,0,0,0
1790069525.960616,5,-6,15,0,11096,29270,15033,19794,3537847,3537849,3537844,3537846,0,0,0,0
1790069525.9619477,-6,-4,0,-1,11111,29261,15026,19806,3537907,3537909,3537904,3537906,0,0,0,0
1790069525.9619477,-5,-4,-2,3,11116,29264,15027,19811,3537937,3537939,3537934,3537936,0,0,0,0
1790069526.1144457,-4,-6,2,-5,11115,29270,15033,19809,3537967,3537969,3537964,3537966,0,0,0,0
1790069526.1144457,-2,-8,1,-5,11110,29277,15041,19807,3537997,3537999,3537994,3537996,0,0,0,0
1790069526.1631994,-5,1,-3,-2,11113,29278,15045,19808,3538027,3538029,3538024,3538026,0,0,0,0
1790069526.1763234,2,-6,-1,1,11122,29279,15043,19814,3538057,3538059,3538054,3538056,0,0,0,0
1790069526.3711262,-1,-1,-1,2,11139,29268,15031,19830,3538117,3538119,3538114,3538116,0,0,0,0
1790069526.3711262,-2,-7,0,-1,11157,29262,15025,19845,3538207,3538209,3538204,3538206,0,0,0,0
1790069526.5727444,4,-2,2,1,11164,29260,15026,19855,3538297,3538299,3538294,3538296,0,0,0,0
1790069526.7794962,1,-2,4,1,11165,29258,15025,19857,3538327,3538329,3538324,3538326,0,0,0,0
1790069526.7804606,0,-1,1,3,11168,29260,15027,19858,3538357,3538359,3538354,3538356,0,0,0,0
1790069526.7804606,1,-1,0,-1,11167,29260,15030,19859,3538387,3538389,3538384,3538386,0,0,0,0
1790069526.7943902,2,-4,3,2,11163,29258,15033,19861,3538447,3538449,3538444,3538446,0,0,0,0
1790069526.9617066,1,1,-2,-2,11159,29258,15038,19860,3538507,3538509,3538504,3538506,0,0,0,0
1790069526.9682121,6,3,3,-1,11148,29259,15039,19856,3538537,3538539,3538534,3538536,0,0,0,0
1790069527.1210358,-31,-3,-7,0,11145,29257,15044,19856,3538627,3538629,3538624,3538626,0,0,0,0
1790069527.1895487,3,-2,-2,-3,11150,29253,15044,19858,3538657,3538659,3538654,3538656,0,0,0,0
1790069527.1964293,-2,0,0,-4,11154,29252,15041,19861,3538687,3538689,3538684,3538686,0,0,0,0
1790069527.3889012,-2,-3,-2,-1,11158,29249,15040,19866,3538777,3538779,3538774,3538776,0,0,0,0
1790069527.5997252,-5,-1,2,0,11170,29252,15043,19877,3538927,3538929,3538924,3538926,0,0,0,0
1790069527.8018765,1,-1,1,-5,11175,29254,15042,19879,3538957,3538959,3538954,3538956,0,0,0,0
1790069527.8018765,-2,-3,-5,2,11179,29254,15042,19885,3539017,3539019,3539014,3539016,0,0,0,0
1790069527.8157473,1,5,0,-3,11183,29254,15041,19886,3539047,3539049,3539044,3539046,0,0,0,0
1790069528.0090148,4,-3,0,2,11186,29257,15042,19888,3539107,3539109,3539104,3539106,0,0,0,0
1790069528.0157607,2,-1,0,-1,11197,29254,15036,19896,3539167,3539169,3539164,3539166,0,0,0,0
1790069528.1281662,3,1,-3,1,11193,29254,15036,19893,3539197,3539199,3539194,3539196,0,0,0,0
1790069528.21093,-1,-3,0,0,11197,29260,15038,19893,3539257,3539259,3539254,3539256,0,0,0,0
1790069528.21093,1,5,1,-2,11197,29259,15037,19895,3539287,3539289,3539284,3539286,0,0,0,0
1790069528.4176366,-2,-9,4,0,11192,29261,15041,19894,3539317,3539319,3539314,3539316,0,0,0,0
1790069528.4176366,-4,1,2,0,11192,29263,15045,19892,3539347,3539349,3539344,3539346,0,0,0,0
1790069528.432023,-3,3,0,4,11192,29263,15046,19892,3539377,3539379,3539374,3539376,0,0,0,0
1790069528.6207452,-7,-19,-4,0,11192,29256,15044,19896,3539437,3539439,3539434,3539436,0,0,0,0
1790069528.626875,0,-5,-1,-1,11197,29254,15041,19899,3539467,3539469,3539464,3539466,0,0,0,0
1790069528.6283293,-5,-2,-2,1,11198,29246,15036,19901,3539527,3539529,3539524,3539526,0,0,0,0
1790069528.8292835,0,1,-2,0,11200,29248,15036,19903,3539557,3539559,3539554,3539556,0,0,0,0
1790069528.8359573,-1,-1,-2,1,11189,29245,15038,19896,3539647,3539649,3539644,3539646,0,0,0,0
1790069529.0337422,5,3,-3,3,11192,29245,15039,19898,3539677,3539679,3539674,3539676,0,0,0,0
1790069529.034743,-3,4,0,-2,11202,29238,15034,19907,3539737,3539739,3539734,3539736,0,0,0,0
1790069529.0363715,-3,1,0,1,11201,29237,15033,19908,3539767,3539769,3539764,3539766,0,0,0,0
1790069529.1348743,-6,-2,4,4,11202,29239,15035,19909,3539827,3539829,3539824,3539826,0,0,0,0
1790069529.1348743,1,-4,-3,-3,11204,29236,15033,19911,3539857,3539859,3539854,3539856,0,0,0,0
1790069529.2373421,-2,-5,-3,0,11207,29236,15034,19913,3539887,3539889,3539884,3539886,0,0,0,0
1790069529.23835,1,1,-2,-3,11207,29237,15033,19913,3539917,3539919,3539914,3539916,0,0,0,0
1790069529.4408224,-8,-1,-4,-1,11208,29241,15039,19913,3540007,3540009,3540004,3540006,0,0,0,0
1790069529.4408224,-9,1,1,1,11209,29242,15039,19916,3540037,3540039,3540034,3540036,0,0,0,0
1790069529.6469138,1,7,2,-3,11211,29242,15038,19918,3540067,3540069,3540064,3540066,0,0,0,0
1790069529.648921,-3,-4,3,-2,11215,29249,15041,19921,3540157,3540159,3540154,3540156,0,0,0,0
1790069529.8490188,5,2,2,-4,11218,29261,15049,19921,3540247,3540249,3540244,3540246,0,0,0,0
1790069529.8557222,0,1,0,2,11221,29256,15047,19925,3540277,3540279,3540274,3540276,0,0,0,0
1790069530.057671,2,-7,3,1,11228,29253,15041,19928,3540307,3540309,3540304,3540306,0,0,0,0
1790069530.057671,-2,0,-2,1,11224,29258,15043,19926,3540397,3540399,3540394,3540396,0,0,0,0
1790069530.1368792,4,0,3,-3,11227,29260,15046,19927,3540427,3540429,3540424,3540426,0,0,0,0
1790069530.1368792,4,-3,-3,3,11223,29257,15041,19926,3540457,3540459,3540454,3540456,0,0,0,0
1790069530.258629,0,-1,-2,0,11226,29258,15043,19926,3540487,3540489,3540484,3540486,0,0,0,0
1790069530.258629,-1,-3,-3,-4,11222,29253,15040,19924,3540517,3540519,3540514,3540516,0,0,0,0
1790069530.464593,1,4,-1,-1,11225,29252,15039,19926,3540547,3540549,3540544,3540546,0,0,0,0
1790069530.464593,7,2,1,5,11232,29242,15029,19931,3540607,3540609,3540604,3540606,0,0,0,0
1790069530.464593,0,6,-2,2,11238,29236,15023,19935,3540637,3540639,3540634,3540636,0,0,0,0
1790069530.6709468,2,0,5,0,11238,29231,15018,19939,3540667,3540669,3540664,3540666,0,0,0,0
1790069530.6709468,-4,2,-4,0,11232,29234,15025,19936,3540757,3540759,3540754,3540756,0,0,0,0
1790069530.8763103,1,6,1,0,11229,29234,15026,19934,3540787,3540789,3540784,3540786,0,0,0,0
1790069531.0702877,-2,-2,-2,3,11236,29232,15033,19943,3540967,3540969,3540964,3540966,0,0,0,0
1790069531.149586,-3,-1,-3,-1,11240,29239,15041,19948,3541027,3541029,3541024,3541026,0,0,0,0
1790069531.278763,-2,-3,2,0,11246,29239,15039,19956,3541087,3541089,3541084,3541086,0,0,0,0
1790069531.278763,-2,-3,-4,1,11248,29237,15037,19957,3541117,3541119,3541114,3541116,0,0,0,0
1790069531.4844987,-1,0,4,-2,11246,29239,15037,19955,3541147,3541149,3541144,3541146,0,0,0,0
1790069531.4844987,-5,-2,0,1,11245,29243,15041,19952,3541177,3541179,3541174,3541176,0,0,0,0
1790069531.4844987,-9,-1,0,0,11247,29248,15044,19953,3541237,3541239,3541234,3541236,0,0,0,0
1790069531.6914835,3,-2,3,0,11262,29245,15036,19963,3541327,3541329,3541324,3541326,0,0,0,0
1790069531.8995023,1,-5,-3,1,11264,29241,15032,19967,3541387,3541389,3541384,3541386,0,0,0,0
1790069531.8995023,-1,-2,-1,1,11267,29244,15032,19967,3541417,3541419,3541414,3541416,0,0,0,0
1790069531.9053,-5,1,-8,-2,11266,29243,15030,19968,3541447,3541449,3541444,3541446,0,0,0,0
1790069531.9053,0,0,-4,-5,11265,29238,15029,19970,3541507,3541509,3541504,3541506,0,0,0,0
1790069532.0972078,-3,1,-2,-2,11259,29235,15027,19967,3541567,3541569,3541564,3541566,0,0,0,0
1790069532.1130588,6,-1,1,6,11258,29239,15031,19962,3541627,3541629,3541624,3541626,0,0,0,0
1790069532.160954,6,-1,1,6,11258,29239,15031,19962,3541627,3541629,3541624,3541626,0,0,0,0
1790069532.160954,-2,-2,-2,-1,11260,29233,15027,19966,3541687,3541689,3541684,3541686,0,0,0,0
1790069532.3113732,-1,-1,4,-1,11261,29227,15027,19970,3541717,3541719,3541714,3541716,0,0,0,0
1790069532.3123717,3,-1,2,1,11263,29226,15027,19972,3541747,3541749,3541744,3541746,0,0,0,0
1790069532.5153039,3,-1,2,1,11263,29226,15027,19972,3541747,3541749,3541744,3541746,0,0,0,0
1790069532.5163605,-2,3,-2,3,11261,29230,15034,19971,3541807,3541809,3541804,3541806,0,0,0,0
1790069532.5163605,1,-5,-2,0,11261,29231,15037,19971,3541867,3541869,3541864,3541866,0,0,0,0
1790069532.7087803,-5,-5,1,-1,11261,29228,15037,19973,3541897,3541899,3541894,3541896,0,0,0,0
1790069532.7087803,-7,-3,-4,2,11270,29234,15039,19981,3542017,3542019,3542014,3542016,0,0,0,0
1790069532.9233465,4,-1,4,-3,11280,29237,15040,19989,3542107,3542109,3542104,3542106,0,0,0,0
1790069532.933269,0,2,3,-5,11284,29239,15040,19990,3542137,3542139,3542134,3542136,0,0,0,0
1790069533.1279094,-3,0,-5,2,11281,29240,15040,19990,3542167,3542169,3542164,3542166,0,0,0,0
1790069533.1279094,-1,-3,-3,0,11279,29243,15042,19990,3542197,3542199,3542194,3542196,0,0,0,0
1790069533.134253,2,-1,1,0,11283,29248,15042,19989,3542257,3542259,3542254,3542256,0,0,0,0
1790069533.3270373,-2,2,1,-1,11284,29249,15043,19990,3542287,3542289,3542284,3542286,0,0,0,0
1790069533.335834,-4,-2,7,3,11287,29241,15036,19993,3542377,3542379,3542374,3542376,0,0,0,0
1790069533.5432756,2,-5,1,-1,11279,29242,15039,19988,3542467,3542469,3542464,3542466,0,0,0,0
1790069533.5442727,1,1,-6,2,11280,29243,15038,19985,3542497,3542499,3542494,3542496,0,0,0,0
1790069533.746054,1,-1,1,0,11280,29240,15036,19985,3542527,3542529,3542524,3542526,0,0,0,0
1790069533.746054,3,-1,7,1,11279,29237,15034,19986,3542557,3542559,3542554,3542556,0,0,0,0
1790069533.746054,-5,2,-1,-1,11276,29232,15035,19986,3542617,3542619,3542614,3542616,0,0,0,0
1790069533.9511154,-2,-4,1,6,11277,29231,15037,19987,3542707,3542709,3542704,3542706,0,0,0,0
1790069533.9511154,6,-2,-3,-1,11277,29230,15036,19988,3542737,3542739,3542734,3542736,0,0,0,0
1790069534.1539776,-1,-1,-2,-2,11277,29233,15041,19989,3542827,3542829,3542824,3542826,0,0,0,0
1790069534.1558464,0,1,-3,0,11279,29231,15040,19993,3542857,3542859,3542854,3542856,0,0,0,0
1790069534.357328,-5,-3,-2,-7,11281,29231,15040,19994,3542887,3542889,3542884,3542886,0,0,0,0
1790069534.563619,-2,4,-7,-2,11282,29243,15050,19997,3542977,3542979,3542974,3542976,0,0,0,0
1790069534.565341,-3,1,1,0,11287,29246,15049,19998,3543037,3543039,3543034,3543036,0,0,0,0
1790069534.5722957,-1,-1,-2,-3,11294,29247,15050,20003,3543067,3543069,3543064,3543066,0,0,0,0
1790069534.9740162,-1,0,-5,1,11301,29242,15041,20012,3543127,3543129,3543124,3543126,0,0,0,0
1790069534.9748719,1,1,1,-1,11308,29235,15035,20018,3543187,3543189,3543184,3543186,0,0,0,0
1790069534.9748719,-5,2,1,-1,11314,29233,15029,20025,3543247,3543249,3543244,3543246,0,0,0,0
1790069534.9815385,-2,-2,4,0,11314,29237,15036,20025,3543337,3543339,3543334,3543336,0,0,0,0
1790069534.9952404,-5,1,-2,1,11314,29238,15036,20027,3543367,3543369,3543364,3543366,0,0,0,0
1790069535.1832862,-3,5,5,1,11316,29234,15033,20029,3543427,3543429,3543424,3543426,0,0,0,0
1790069535.1955647,-1,0,-3,-1,11316,29228,15028,20029,3543457,3543459,3543454,3543456,0,0,0,0
1790069535.3826563,0,-3,3,4,11320,29222,15025,20033,3543487,3543489,3543484,3543486,0,0,0,0
1790069535.3967924,2,-1,3,0,11322,29215,15020,20037,3543547,3543549,3543544,3543546,0,0,0,0
1790069535.5857973,0,0,1,1,11325,29211,15015,20039,3543607,3543609,3543604,3543606,0,0,0,0
1790069535.5917609,2,-4,-4,-11,11322,29209,15019,20038,3543697,3543699,3543694,3543696,0,0,0,0
1790069535.7867942,1,4,-2,-1,11325,29206,15015,20042,3543727,3543729,3543724,3543726,0,0,0,0
1790069535.7929986,-5,-2,-1,-2,11334,29203,15012,20053,3543817,3543819,3543814,3543816,0,0,0,0
1790069536.0009942,5,-5,2,1,11333,29204,15014,20053,3543847,3543849,3543844,3543846,0,0,0,0
1790069536.002035,4,-6,0,-4,11337,29212,15022,20059,3543937,3543939,3543934,3543936,0,0,0,0
1790069536.014859,-1,0,-5,-2,11344,29211,15021,20065,3543967,3543969,3543964,3543966,0,0,0,0
1790069536.182827,-8,-3,-3,0,11352,29207,15016,20074,3543997,3543999,3543994,3543996,0,0,0,0
1790069536.1958468,2,-5,-1,3,11361,29203,15010,20085,3544057,3544059,3544054,3544056,0,0,0,0
1790069536.4040437,-2,-2,1,-4,11366,29207,15010,20086,3544087,3544089,3544084,3544086,0,0,0,0
1790069536.4099503,-1,-6,0,2,11362,29216,15016,20079,3544177,3544179,3544174,3544176,0,0,0,0
1790069536.4113386,2,-1,-2,3,11363,29217,15017,20080,3544207,3544209,3544204,3544206,0,0,0,0
1790069536.6115124,-3,4,-5,0,11369,29208,15009,20090,3544267,3544269,3544264,3544266,0,0,0,0
1790069536.6128864,2,0,2,0,11376,29202,15004,20098,3544327,3544329,3544324,3544326,0,0,0,0
1790069536.8142908,-1,6,4,2,11373,29200,15003,20097,3544357,3544359,3544354,3544356,0,0,0,0
1790069536.8142908,1,3,-3,2,11376,29192,14999,20101,3544447,3544449,3544444,3544446,0,0,0,0
1790069537.0209165,-1,2,0,-2,11376,29189,14999,20103,3544567,3544569,3544564,3544566,0,0,0,0
1790069537.1896524,1,-4,2,1,11376,29187,15003,20107,3544627,3544629,3544624,3544626,0,0,0,0
1790069537.1945646,-2,-4,0,-2,11388,29182,14998,20119,3544687,3544689,3544684,3544686,0,0,0,0
1790069537.231474,0,-4,-3,0,11391,29181,14994,20125,3544717,3544719,3544714,3544716,0,0,0,0
1790069537.4306767,1,0,2,-5,11396,29191,15004,20130,3544777,3544779,3544774,3544776,0,0,0,0
1790069537.4320173,-4,-4,-4,-3,11395,29194,15006,20130,3544807,3544809,3544804,3544806,0,0,0,0
1790069537.4320173,-4,0,-1,-2,11397,29195,15005,20130,3544837,3544839,3544834,3544836,0,0,0,0
1790069537.6333582,-2,-2,-3,3,11416,29191,14995,20149,3544957,3544959,3544954,3544956,0,0,0,0
1790069537.8403852,1,2,0,2,11416,29192,14996,20151,3544987,3544989,3544984,3544986,0,0,0,0
1790069537.8413935,5,-2,-2,4,11420,29190,14991,20157,3545047,3545049,3545044,3545046,0,0,0,0
1790069537.8419363,0,0,4,0,11421,29187,14988,20158,3545077,3545079,3545074,3545076,0,0,0,0
1790069538.1962004,0,-3,-1,2,11430,29176,14977,20166,3545257,3545259,3545254,3545256,0,0,0,0
1790069538.2163093,1,-1,0,2,11432,29168,14972,20170,3545287,3545289,3545284,3545286,0,0,0,0
1790069538.251512,-1,-2,0,4,11433,29160,14966,20175,3545317,3545319,3545314,3545316,0,0,0,0
1790069538.4530668,0,0,2,-1,11443,29152,14960,20188,3545437,3545439,3545434,3545436,0,0,0,0
1790069538.6540546,-2,0,-3,0,11445,29150,14960,20193,3545467,3545469,3545464,3545466,0,0,0,0
1790069538.6607623,1,12,-2,-1,11452,29153,14967,20207,3545557,3545559,3545554,3545556,0,0,0,0
1790069538.8624353,-4,0,-9,-3,11455,29151,14966,20213,3545587,3545589,3545584,3545586,0,0,0,0
1790069538.8624353,-2,2,-2,-1,11471,29141,14954,20234,3545677,3545679,3545674,3545676,0,0,0,0
1790069539.0704138,-1,-3,-7,-3,11478,29137,14949,20242,3545707,3545709,3545704,3545706,0,0,0,0
1790069539.0780232,-3,-2,-4,1,11493,29128,14938,20264,3545797,3545799,3545794,3545796,0,0,0,0
1790069539.2026055,-13,-4,-3,-1,11500,29131,14935,20273,3545857,3545859,3545854,3545856,0,0,0,0
1790069539.2154565,-1,-3,-1,-5,11504,29132,14936,20278,3545887,3545889,3545884,3545886,0,0,0,0
1790069539.2724524,-1,-5,-5,-2,11506,29130,14937,20281,3545917,3545919,3545914,3545916,0,0,0,0
1790069539.4943607,-3,-3,-6,0,11513,29132,14937,20292,3545977,3545979,3545974,3545976,0,0,0,0
1790069539.682381,4,3,0,0,11526,29116,14922,20317,3546097,3546099,3546094,3546096,0,0,0,0
1790069539.6950898,-2,3,2,1,11537,29107,14912,20330,3546187,3546189,3546184,3546186,0,0,0,0
1790069539.890349,5,1,1,1,11539,29103,14913,20343,3546307,3546309,3546304,3546306,0,0,0,0
1790069540.0922008,4,0,-8,4,11546,29097,14910,20354,3546427,3546429,3546424,3546426,0,0,0,0
1790069540.2092178,-2,3,3,4,11548,29093,14906,20358,3546487,3546489,3546484,3546486,0,0,0,0
1790069540.2931442,-1,3,1,1,11548,29090,14904,20363,3546517,3546519,3546514,3546516,0,0,0,0
1790069540.501698,1,3,-2,1,11554,29084,14899,20372,3546577,3546579,3546574,3546576,0,0,0,0
1790069540.5136669,1,0,2,-3,11551,29085,14902,20369,3546667,3546669,3546664,3546666,0,0,0,0
1790069540.708601,-4,-3,5,-3,11555,29077,14897,20376,3546727,3546729,3546724,3546726,0,0,0,0
1790069540.7156956,-2,1,1,-1,11559,29073,14895,20388,3546787,3546789,3546784,3546786,0,0,0,0
1790069540.9110305,-3,0,-5,-1,11561,29076,14896,20385,3546817,3546819,3546814,3546816,0,0,0,0
1790069540.9110305,2,-2,-1,-1,11560,29075,14899,20389,3546847,3546849,3546844,3546846,0,0,0,0
1790069540.9110305,1,1,-2,-2,11564,29072,14898,20395,3546907,3546909,3546904,3546906,0,0,0,0
1790069541.112779,4,-3,-4,-3,11567,29073,14897,20400,3546937,3546939,3546934,3546936,0,0,0,0
1790069541.1191735,1,2,2,-3,11571,29070,14894,20407,3547027,3547029,3547024,3547026,0,0,0,0
1790069541.209658,-2,-8,-1,-2,11571,29071,14897,20407,3547057,3547059,3547054,3547056,0,0,0,0
1790069541.2148895,-4,0,-7,-3,11573,29075,14901,20406,3547087,3547089,3547084,3547086,0,0,0,0
1790069541.3206758,-5,-5,0,-4,11572,29076,14900,20405,3547117,3547119,3547114,3547116,0,0,0,0
1790069541.5222082,2,-3,-2,-2,11573,29076,14903,20408,3547177,3547179,3547174,3547176,0,0,0,0
1790069541.5271792,-6,-1,-2,-6,11577,29074,14898,20417,3547267,3547269,3547264,3547266,0,0,0,0
1790069541.7304878,0,0,-4,1,11579,29074,14897,20418,3547297,3547299,3547294,3547296,0,0,0,0
1790069541.7304878,2,-4,-4,1,11580,29077,14901,20419,3547387,3547389,3547384,3547386,0,0,0,0
1790069541.9323046,0,-8,-3,0,11580,29076,14899,20420,3547417,3547419,3547414,3547416,0,0,0,0
1790069541.9387913,-1,-2,-3,-2,11587,29078,14898,20428,3547507,3547509,3547504,3547506,0,0,0,0
1790069542.1399522,-3,-3,-7,-2,11585,29078,14899,20427,3547537,3547539,3547534,3547536,0,0,0,0
1790069542.1399522,-1,-1,-2,2,11588,29082,14902,20428,3547567,3547569,3547564,3547566,0,0,0,0
1790069542.1399522,0,-7,-2,1,11591,29079,14897,20435,3547627,3547629,3547624,3547626,0,0,0,0
1790069542.223271,3,2,2,0,11592,29077,14895,20437,3547657,3547659,3547654,3547656,0,0,0,0
1790069542.223271,0,2,1,1,11591,29079,14895,20434,3547687,3547689,3547684,3547686,0,0,0,0
1790069542.341805,0,-6,-1,-2,11590,29076,14893,20436,3547717,3547719,3547714,3547716,0,0,0,0
1790069542.3465874,-1,-1,5,2,11592,29071,14890,20439,3547747,3547749,3547744,3547746,0,0,0,0
1790069542.549622,-3,4,1,2,11596,29070,14888,20444,3547807,3547809,3547804,3547806,0,0,0,0
1790069542.5499222,-4,-1,3,1,11597,29070,14887,20446,3547837,3547839,3547834,3547836,0,0,0,0
1790069542.5555687,4,-3,1,-2,11597,29074,14888,20444,3547867,3547869,3547864,3547866,0,0,0,0
1790069542.7507625,-2,6,5,-1,11599,29075,14892,20444,3547897,3547899,3547894,3547896,0,0,0,0
1790069542.756259,-1,1,0,3,11597,29073,14890,20445,3547987,3547989,3547984,3547986,0,0,0,0
1790069542.9603782,4,1,-2,-4,11595,29074,14892,20444,3548107,3548109,3548104,3548106,0,0,0,0
1790069542.9737258,-1,-1,0,-1,11594,29072,14891,20445,3548137,3548139,3548134,3548136,0,0,0,0
1790069543.1662514,-4,-5,-1,2,11598,29070,14892,20447,3548197,3548199,3548194,3548196,0,0,0,0
1790069543.175101,-4,1,0,1,11602,29069,14889,20454,3548257,3548259,3548254,3548256,0,0,0,0
1790069543.3685482,-4,-1,-1,-1,11599,29066,14894,20462,3548347,3548349,3548344,3548346,0,0,0,0
1790069543.3743358,-4,2,4,1,11600,29066,14893,20465,3548377,3548379,3548374,3548376,0,0,0,0
1790069543.571064,4,1,2,0,11601,29060,14892,20468,3548527,3548529,3548524,3548526,0,0,0,0
1790069543.7788813,28,4,-2,1,11600,29057,14892,20469,3548587,3548589,3548584,3548586,0,0,0,0
1790069543.9798722,3,-5,-2,-1,11600,29059,14893,20468,3548617,3548619,3548614,3548616,0,0,0,0
1790069543.983673,-5,-1,2,-2,11599,29060,14895,20468,3548707,3548709,3548704,3548706,0,0,0,0
1790069543.9862807,-5,-2,0,-3,11601,29055,14892,20471,3548767,3548769,3548764,3548766,0,0,0,0
1790069544.1871734,-1,4,-7,-5,11604,29052,14891,20480,3548857,3548859,3548854,3548856,0,0,0,0
1790069544.1951342,0,1,0,-2,11605,29056,14893,20478,3548887,3548889,3548884,3548886,0,0,0,0
1790069544.389796,-3,0,-1,-1,11606,29055,14893,20480,3548947,3548949,3548944,3548946,0,0,0,0
1790069544.389796,-8,-3,0,-4,11606,29057,14894,20479,3548977,3548979,3548974,3548976,0,0,0,0
1790069544.396099,-4,-4,0,-8,11608,29057,14895,20481,3549007,3549009,3549004,3549006,0,0,0,0
1790069544.5979154,1,0,5,-3,11610,29055,14890,20484,3549067,3549069,3549064,3549066,0,0,0,0
1790069544.6049838,-2,-2,1,2,11615,29054,14890,20490,3549127,3549129,3549124,3549126,0,0,0,0
1790069544.799502,-4,-1,1,-4,11611,29059,14896,20487,3549187,3549189,3549184,3549186,0,0,0,0
1790069544.8134224,-6,1,2,3,11613,29058,14894,20489,3549217,3549219,3549214,3549216,0,0,0,0
1790069545.0080588,-1,-2,-4,-4,11619,29056,14891,20496,3549307,3549309,3549304,3549306,0,0,0,0
1790069545.0147276,-4,-4,3,-3,11618,29062,14895,20495,3549367,3549369,3549364,3549366,0,0,0,0
1790069545.209239,-2,-2,-5,-4,11622,29062,14893,20500,3549427,3549429,3549424,3549426,0,0,0,0
1790069545.215339,-1,2,-3,-1,11623,29060,14894,20501,3549457,3549459,3549454,3549456,0,0,0,0
1790069545.2158186,-4,2,1,-2,11622,29063,14895,20501,3549487,3549489,3549484,3549486,0,0,0,0
1790069545.4172575,3,6,3,-1,11621,29065,14896,20498,3549517,3549519,3549514,3549516,0,0,0,0
1790069545.4178228,0,-3,-5,0,11621,29063,14897,20499,3549577,3549579,3549574,3549576,0,0,0,0
1790069545.6182394,-1,-4,-1,-2,11626,29061,14893,20507,3549637,3549639,3549634,3549636,0,0,0,0
1790069545.6240022,3,-4,1,-2,11623,29066,14902,20506,3549727,3549729,3549724,3549726,0,0,0,0
1790069545.826899,0,2,3,-2,11627,29064,14899,20511,3549787,3549789,3549784,3549786,0,0,0,0
1790069545.8334901,3,-4,1,0,11628,29065,14901,20513,3549847,3549849,3549844,3549846,0,0,0,0
1790069546.0292416,-2,-2,9,-4,11629,29066,14901,20515,3549877,3549879,3549874,3549876,0,0,0,0
1790069546.0292416,3,5,-3,4,11629,29066,14901,20516,3549907,3549909,3549904,3549906,0,0,0,0
1790069546.0350182,-2,-1,1,1,11629,29064,14899,20517,3549967,3549969,3549964,3549966,0,0,0,0
1790069546.2437465,-3,-4,-2,0,11632,29062,14893,20523,3550087,3550089,3550084,3550086,0,0,0,0
1790069546.250687,4,1,0,3,11633,29062,14894,20524,3550117,3550119,3550114,3550116,0,0,0,0
1790069546.4383817,-2,-3,2,2,11634,29058,14892,20525,3550147,3550149,3550144,3550146,0,0,0,0
1790069546.4383817,-2,0,-1,-5,11635,29059,14891,20527,3550207,3550209,3550204,3550206,0,0,0,0
1790069546.4571958,3,2,6,0,11634,29059,14893,20525,3550237,3550239,3550234,3550236,0,0,0,0
1790069546.645151,0,-1,6,3,11632,29062,14896,20522,3550267,3550269,3550264,3550266,0,0,0,0
1790069546.6467006,0,1,4,2,11628,29064,14897,20520,3550327,3550329,3550324,3550326,0,0,0,0
1790069546.6530335,-1,-3,3,0,11629,29063,14898,20523,3550357,3550359,3550354,3550356,0,0,0,0
1790069546.8532207,3,5,2,0,11630,29062,14896,20525,3550447,3550449,3550444,3550446,0,0,0,0
1790069546.8547482,-3,-1,-6,2,11627,29060,14900,20522,3550477,3550479,3550474,3550476,0,0,0,0
1790069547.0555177,5,-1,-1,0,11630,29058,14898,20528,3550537,3550539,3550534,3550536,0,0,0,0
1790069547.0621479,4,9,4,-4,11631,29053,14895,20529,3550597,3550599,3550594,3550596,0,0,0,0
1790069547.245589,2,1,-3,-2,11630,29051,14898,20534,3550627,3550629,3550624,3550626,0,0,0,0
1790069547.245589,1,1,-1,0,11631,29053,14898,20533,3550687,3550689,3550684,3550686,0,0,0,0
1790069547.2557654,-1,0,2,0,11630,29055,14900,20534,3550717,3550719,3550714,3550716,0,0,0,0
1790069547.465638,0,2,0,-3,11628,29053,14903,20532,3550807,3550809,3550804,3550806,0,0,0,0
1790069547.6675367,2,-1,1,-4,11629,29053,14905,20535,3550867,3550869,3550864,3550866,0,0,0,0
1790069547.6675367,2,-1,3,-2,11629,29051,14901,20536,3550927,3550929,3550924,3550926,0,0,0,0
1790069547.6752698,0,-2,1,-3,11628,29056,14908,20534,3550957,3550959,3550954,3550956,0,0,0,0
1790069547.8750958,-2,4,0,0,11633,29050,14903,20543,3551047,3551049,3551044,3551046,0,0,0,0
1790069548.077113,-2,0,2,0,11634,29052,14905,20543,3551107,3551109,3551104,3551106,0,0,0,0
1790069548.2434685,1,-3,-3,0,11636,29051,14903,20549,3551227,3551229,3551224,3551226,0,0,0,0
1790069548.2434685,-4,-6,-4,-7,11636,29052,14905,20547,3551257,3551259,3551254,3551256,0,0,0,0
1790069548.2434685,6,-3,-4,-2,11636,29052,14908,20548,3551287,3551289,3551284,3551286,0,0,0,0
1790069548.2782283,-5,0,0,0,11637,29053,14908,20551,3551317,3551319,3551314,3551316,0,0,0,0
1790069548.4866672,-2,0,-4,-4,11644,29054,14906,20558,3551407,3551409,3551404,3551406,0,0,0,0
1790069548.4941597,-6,1,2,-1,11643,29055,14910,20557,3551467,3551469,3551464,3551466,0,0,0,0
1790069548.6949632,-4,-6,-2,-4,11648,29055,14910,20563,3551587,3551589,3551584,3551586,0,0,0,0
1790069548.8964248,-1,0,-5,-3,11647,29058,14912,20566,3551647,3551649,3551644,3551646,0,0,0,0
1790069548.9100595,-1,0,1,-1,11647,29058,14911,20565,3551707,3551709,3551704,3551706,0,0,0,0
1790069549.1036978,-2,-3,3,0,11651,29059,14912,20570,3551767,3551769,3551764,3551766,0,0,0,0
1790069549.1109962,2,1,1,-3,11656,29061,14911,20574,3551827,3551829,3551824,3551826,0,0,0,0
1790069549.2506027,-3,0,-2,0,11655,29063,14912,20573,3551857,3551859,3551854,3551856,0,0,0,0
1790069549.2506027,-2,4,3,-1,11653,29063,14912,20572,3551887,3551889,3551884,3551886,0,0,0,0
1790069549.25679,1,1,3,0,11657,29063,14912,20576,3551917,3551919,3551914,3551916,0,0,0,0
1790069549.3123386,-3,-2,-1,1,11658,29062,14909,20577,3551947,3551949,3551944,3551946,0,0,0,0
1790069549.5144715,0,-1,4,-1,11658,29062,14909,20579,3552037,3552039,3552034,3552036,0,0,0,0
1790069549.5144715,3,-7,5,3,11659,29062,14908,20579,3552067,3552069,3552064,3552066,0,0,0,0
1790069549.7156074,2,-1,-2,6,11658,29060,14907,20580,3552127,3552129,3552124,3552126,0,0,0,0
1790069549.7287467,0,3,-5,-2,11656,29059,14907,20576,3552187,3552189,3552184,3552186,0,0,0,0
1790069549.9239616,1,-1,9,-5,11655,29060,14907,20575,3552277,3552279,3552274,3552276,0,0,0,0
1790069549.9360871,3,-2,0,3,11653,29057,14909,20575,3552307,3552309,3552304,3552306,0,0,0,0
1790069550.125009,4,-1,0,0,11654,29059,14909,20575,3552337,3552339,3552334,3552336,0,0,0,0
1790069550.1318715,5,4,-4,-1,11655,29060,14909,20578,3552457,3552459,3552454,3552456,0,0,0,0
1790069550.2559836,-1,0,1,0,11655,29056,14904,20578,3552517,3552519,3552514,3552516,0,0,0,0
1790069550.334059,3,3,-3,3,11656,29050,14902,20584,3552577,3552579,3552574,3552576,0,0,0,0
1790069550.5379384,1,0,-2,0,11656,29053,14903,20582,3552607,3552609,3552604,3552606,0,0,0,0
1790069550.541034,2,-5,3,-3,11654,29053,14907,20580,3552637,3552639,3552634,3552636,0,0,0,0
1790069550.5547235,6,8,0,1,11652,29056,14910,20576,3552697,3552699,3552694,3552696,0,0,0,0
1790069550.7427604,4,-5,2,0,11653,29054,14909,20580,3552757,3552759,3552754,3552756,0,0,0,0
1790069550.755653,-2,-4,4,1,11653,29054,14909,20580,3552817,3552819,3552814,3552816,0,0,0,0
1790069550.9448566,0,4,-3,2,11654,29054,14911,20582,3552877,3552879,3552874,3552876,0,0,0,0
1790069550.9517338,3,0,-1,-4,11651,29056,14915,20581,3552937,3552939,3552934,3552936,0,0,0,0
1790069551.1526446,0,-1,2,-1,11649,29059,14919,20579,3552967,3552969,3552964,3552966,0,0,0,0
1790069551.1526446,3,-2,-8,-2,11653,29051,14916,20592,3553057,3553059,3553054,3553056,0,0,0,0
1790069551.2573526,1,-2,-3,0,11651,29056,14922,20588,3553117,3553119,3553114,3553116,0,0,0,0
1790069551.3535683,-2,0,-4,6,11650,29058,14925,20588,3553177,3553179,3553174,3553176,0,0,0,0
1790069551.5629425,-2,-2,-4,1,11655,29053,14919,20595,3553237,3553239,3553234,3553236,0,0,0,0
1790069551.5677378,-1,-2,2,-1,11651,29054,14922,20591,3553297,3553299,3553294,3553296,0,0,0,0
1790069551.7636776,0,-1,-1,-4,11649,29060,14931,20588,3553387,3553389,3553384,3553386,0,0,0,0
1790069551.7759519,-1,-4,-5,-1,11652,29056,14929,20595,3553417,3553419,3553414,3553416,0,0,0,0
1790069551.9724917,-3,-5,-3,-4,11661,29052,14923,20608,3553477,3553479,3553474,3553476,0,0,0,0
1790069551.9732308,-6,2,2,-2,11659,29053,14926,20608,3553537,3553539,3553534,3553536,0,0,0,0
1790069552.174161,-3,-1,-1,-1,11657,29057,14932,20608,3553597,3553599,3553594,3553596,0,0,0,0
1790069552.1792824,-4,-4,1,-2,11658,29058,14933,20608,3553627,3553629,3553624,3553626,0,0,0,0
1790069552.1802983,0,0,0,3,11659,29058,14935,20611,3553657,3553659,3553654,3553656,0,0,0,0
1790069552.275834,-1,-4,0,1,11663,29057,14931,20615,3553717,3553719,3553714,3553716,0,0,0,0
1790069552.3807678,-1,-2,-1,3,11669,29061,14936,20622,3553807,3553809,3553804,3553806,0,0,0,0
1790069552.5828607,-6,-3,-1,-7,11668,29063,14937,20623,3553837,3553839,3553834,3553836,0,0,0,0
1790069552.5828607,-5,-7,0,0,11670,29061,14937,20625,3553897,3553899,3553894,3553896,0,0,0,0
1790069552.5977294,2,-5,-3,-1,11669,29065,14939,20624,3553927,3553929,3553924,3553926,0,0,0,0
1790069552.7903461,0,-3,-1,-4,11668,29065,14940,20624,3553957,3553959,3553954,3553956,0,0,0,0
1790069552.7917635,-1,-3,0,-1,11672,29065,14941,20627,3554017,3554019,3554014,3554016,0,0,0,0
1790069552.796855,-2,-5,1,-1,11673,29065,14939,20627,3554047,3554049,3554044,3554046,0,0,0,0
1790069552.9927351,5,-3,-1,-5,11675,29067,14940,20628,3554077,3554079,3554074,3554076,0,0,0,0
1790069552.9927351,-3,2,-7,3,11675,29065,14937,20631,3554137,3554139,3554134,3554136,0,0,0,0
1790069553.2009928,1,-2,1,4,11680,29069,14938,20635,3554287,3554289,3554284,3554286,0,0,0,0
1790069553.2762487,3,-1,0,-1,11677,29068,14936,20635,3554317,3554319,3554314,3554316,0,0,0,0
1790069553.4018948,1,3,0,-4,11677,29069,14937,20635,3554347,3554349,3554344,3554346,0,0,0,0
1790069553.4018948,4,1,-2,0,11675,29072,14941,20630,3554407,3554409,3554404,3554406,0,0,0,0
1790069553.6095662,-3,2,3,2,11673,29071,14941,20631,3554497,3554499,3554494,3554496,0,0,0,0
1790069553.6175532,6,3,3,2,11675,29070,14942,20631,3554527,3554529,3554524,3554526,0,0,0,0
1790069553.8118076,-1,-1,-5,2,11672,29071,14942,20631,3554617,3554619,3554614,3554616,0,0,0,0
1790069553.8118076,0,2,2,3,11673,29071,14941,20629,3554647,3554649,3554644,3554646,0,0,0,0
1790069554.0191352,4,-4,2,1,11672,29071,14941,20630,3554677,3554679,3554674,3554676,0,0,0,0
1790069554.0205567,1,1,4,1,11673,29066,14938,20629,3554767,3554769,3554764,3554766,0,0,0,0
1790069554.2211196,-1,2,2,5,11671,29064,14936,20630,3554797,3554799,3554794,3554796,0,0,0,0
1790069554.2211196,-2,2,2,0,11669,29064,14938,20627,3554827,3554829,3554824,3554826,0,0,0,0
1790069554.2211196,1,-4,4,0,11672,29059,14933,20636,3554887,3554889,3554884,3554886,0,0,0,0
1790069554.2764997,-2,0,0,1,11674,29054,14930,20640,3554917,3554919,3554914,3554916,0,0,0,0
1790069554.4290082,-7,2,2,-4,11674,29055,14931,20636,3554947,3554949,3554944,3554946,0,0,0,0
1790069554.4300158,2,-2,-3,-1,11670,29058,14937,20634,3554977,3554979,3554974,3554976,0,0,0,0
1790069554.4361298,-3,1,-1,1,11667,29061,14943,20634,3555007,3555009,3555004,3555006,0,0,0,0
1790069554.6310472,0,1,-1,-2,11668,29063,14951,20636,3555097,3555099,3555094,3555096,0,0,0,0
1790069554.6351175,0,-2,-10,-2,11671,29061,14950,20643,3555127,3555129,3555124,3555126,0,0,0,0
1790069554.8378444,-5,-4,-2,-2,11673,29061,14951,20646,3555187,3555189,3555184,3555186,0,0,0,0
1790069554.8388731,-4,-3,-2,-2,11673,29061,14951,20646,3555217,3555219,3555214,3555216,0,0,0,0
1790069554.8464115,1,0,1,-23,11674,29061,14953,20647,3555247,3555249,3555244,3555246,0,0,0,0
1790069554.8464115,-5,-3,-6,-1,11676,29060,14952,20648,3555277,3555279,3555274,3555276,0,0,0,0
1790069555.0403957,-7,-4,-2,-3,11679,29059,14951,20653,3555307,3555309,3555304,3555306,0,0,0,0
1790069555.0542948,0,-1,-7,-2,11678,29064,14955,20655,3555397,3555399,3555394,3555396,0,0,0,0
1790069555.2421088,-7,-2,-1,-2,11680,29064,14954,20655,3555427,3555429,3555424,3555426,0,0,0,0
1790069555.2496128,2,-2,3,1,11684,29069,14956,20661,3555517,3555519,3555514,3555516,0,0,0,0
1790069555.4503691,0,-5,-6,-3,11686,29071,14959,20661,3555577,3555579,3555574,3555576,0,0,0,0
1790069555.4560885,-3,-2,0,-2,11687,29072,14959,20662,3555607,3555609,3555604,3555606,0,0,0,0
1790069555.6513894,-4,-4,0,-1,11690,29074,14959,20663,3555637,3555639,3555634,3555636,0,0,0,0
1790069555.657825,-2,-6,1,1,11688,29073,14959,20663,3555667,3555669,3555664,3555666,0,0,0,0
1790069555.659358,0,6,-2,0,11687,29073,14958,20661,3555757,3555759,3555754,3555756,0,0,0,0
1790069555.8604317,3,-3,1,0,11687,29075,14961,20663,3555787,3555789,3555784,3555786,0,0,0,0
1790069555.8604317,-3,-3,-3,-3,11692,29076,14959,20665,3555817,3555819,3555814,3555816,0,0,0,0
1790069555.8661532,4,-2,-1,0,11692,29073,14956,20668,3555877,3555879,3555874,3555876,0,0,0,0
1790069556.0669703,-1,-3,3,2,11694,29070,14954,20671,3555967,3555969,3555964,3555966,0,0,0,0
1790069556.068342,1,0,1,2,11689,29074,14955,20667,3555997,3555999,3555994,3555996,0,0,0,0
1790069556.282241,1,4,2,-4,11687,29074,14958,20666,3556027,3556029,3556024,3556026,0,0,0,0
1790069556.283797,1,4,1,3,11690,29073,14959,20665,3556117,3556119,3556114,3556116,0,0,0,0
1790069556.4766493,1,4,-1,2,11689,29071,14955,20667,3556147,3556149,3556144,3556146,0,0,0,0
1790069556.4783309,1,-3,-4,2,11689,29070,14955,20667,3556207,3556209,3556204,3556206,0,0,0,0
1790069556.6800623,-4,2,-1,3,11683,29066,14962,20671,3556357,3556359,3556354,3556356,0,0,0,0
1790069556.8856683,4,2,-2,0,11683,29065,14963,20671,3556387,3556389,3556384,3556386,0,0,0,0
1790069556.8863468,-3,2,0,3,11684,29061,14962,20675,3556477,3556479,3556474,3556476,0,0,0,0
1790069556.9672463,-2,2,-4,-6,11687,29062,14962,20677,3556537,3556539,3556534,3556536,0,0,0,0
1790069557.0896957,-1,-4,-2,-3,11688,29063,14965,20680,3556567,3556569,3556564,3556566,0,0,0,0
1790069557.0906878,0,-4,-6,0,11685,29066,14969,20679,3556627,3556629,3556624,3556626,0,0,0,0
1790069557.284956,0,-7,-5,1,11693,29061,14964,20688,3556747,3556749,3556744,3556746,0,0,0,0
1790069557.498419,-1,4,0,-4,11696,29063,14965,20692,3556777,3556779,3556774,3556776,0,0,0,0
1790069557.498419,-1,4,0,-4,11696,29063,14965,20692,3556777,3556779,3556774,3556776,0,0,0,0
1790069557.498419,3,-3,-1,-3,11695,29070,14971,20689,3556867,3556869,3556864,3556866,0,0,0,0
1790069557.9087226,0,-1,0,-4,11696,29072,14973,20689,3556927,3556929,3556924,3556926,0,0,0,0
1790069557.9087226,-6,-7,-1,-4,11703,29070,14969,20697,3557047,3557049,3557044,3557046,0,0,0,0
1790069557.9154804,3,-1,3,-5,11703,29075,14973,20698,3557107,3557109,3557104,3557106,0,0,0,0
1790069558.1103995,-4,0,1,-3,11704,29074,14969,20697,3557197,3557199,3557194,3557196,0,0,0,0
1790069558.115372,1,-2,7,9,11703,29078,14970,20697,3557227,3557229,3557224,3557226,0,0,0,0
1790069558.2768054,3,-2,3,2,11700,29086,14978,20689,3557287,3557289,3557284,3557286,0,0,0,0
1790069558.283292,2,2,-1,13,11697,29084,14977,20688,3557317,3557319,3557314,3557316,0,0,0,0
1790069558.5204482,-1,0,-7,3,11701,29079,14972,20694,3557377,3557379,3557374,3557376,0,0,0,0
1790069558.525876,2,1,6,0,11696,29083,14976,20686,3557467,3557469,3557464,3557466,0,0,0,0
1790069558.727801,5,-2,0,2,11694,29083,14976,20684,3557497,3557499,3557494,3557496,0,0,0,0
1790069558.727801,1,-3,-1,-4,11695,29079,14974,20689,3557557,3557559,3557554,3557556,0,0,0,0
1790069558.7345846,0,1,2,-1,11697,29077,14973,20690,3557587,3557589,3557584,3557586,0,0,0,0
1790069558.9295163,3,1,0,2,11696,29076,14970,20691,3557647,3557649,3557644,3557646,0,0,0,0
1790069558.934742,-3,3,-2,1,11692,29076,14975,20688,3557677,3557679,3557674,3557676,0,0,0,0
1790069558.9362032,-1,3,0,-4,11687,29079,14977,20682,3557707,3557709,3557704,3557706,0,0,0,0
1790069559.137715,6,7,0,2,11689,29079,14977,20683,3557737,3557739,3557734,3557736,0,0,0,0
1790069559.137715,2,3,-2,-2,11694,29070,14971,20688,3557797,3557799,3557794,3557796,0,0,0,0
1790069559.144629,1,1,-1,-1,11691,29070,14972,20687,3557857,3557859,3557854,3557856,0,0,0,0
1790069559.2833147,-1,-4,2,-2,11689,29072,14975,20685,3557887,3557889,3557884,3557886,0,0,0,0
1790069559.290178,0,1,-1,-7,11688,29071,14977,20685,3557947,3557949,3557944,3557946,0,0,0,0
1790069559.547497,-8,-5,0,1,11688,29070,14976,20686,3557977,3557979,3557974,3557976,0,0,0,0
1790069559.547497,4,-4,0,1,11691,29069,14975,20689,3558067,3558069,3558064,3558066,0,0,0,0
1790069559.5544057,-1,-2,-2,4,11689,29070,14977,20687,3558097,3558099,3558094,3558096,0,0,0,0
1790069559.7541814,2,2,-3,-20,11693,29068,14973,20691,3558217,3558219,3558214,3558216,0,0,0,0
1790069559.9566872,-3,-8,0,-1,11692,29068,14974,20693,3558277,3558279,3558274,3558276,0,0,0,0
1790069559.962271,-4,-2,-2,-3,11692,29075,14982,20692,3558337,3558339,3558334,3558336,0,0,0,0
1790069560.1580806,-3,3,0,-5,11693,29074,14983,20694,3558367,3558369,3558364,3558366,0,0,0,0
1790069560.164737,0,-2,-1,-2,11698,29075,14981,20700,3558457,3558459,3558454,3558456,0,0,0,0
1790069560.2838395,1,-8,2,-3,11698,29076,14983,20697,3558487,3558489,3558484,3558486,0,0,0,0
1790069560.2972882,-1,-1,-1,-1,11700,29078,14984,20699,3558517,3558519,3558514,3558516,0,0,0,0
1790069560.3740346,-3,-7,2,-1,11701,29078,14984,20702,3558547,3558549,3558544,3558546,0,0,0,0
1790069560.3740346,2,-1,-7,1,11700,29077,14983,20702,3558577,3558579,3558574,3558576,0,0,0,0
1790069560.5738237,1,2,-3,-2,11701,29077,14983,20703,3558607,3558609,3558604,3558606,0,0,0,0
1790069560.5752754,-4,0,-1,2,11702,29080,14984,20705,3558637,3558639,3558634,3558636,0,0,0,0
1790069560.5752754,3,-10,-1,1,11698,29081,14988,20699,3558727,3558729,3558724,3558726,0,0,0,0
1790069560.7815735,-5,-4,-3,-5,11704,29079,14984,20703,3558787,3558789,3558784,3558786,0,0,0,0
1790069560.783062,-2,0,-1,-1,11703,29087,14989,20701,3558847,3558849,3558844,3558846,0,0,0,0
1790069560.9819646,3,-1,0,4,11705,29084,14988,20703,3558907,3558909,3558904,3558906,0,0,0,0
1790069560.9970484,-4,-6,2,-2,11707,29086,14986,20705,3558967,3558969,3558964,3558966,0,0,0,0
1790069561.1872725,0,1,2,-2,11708,29086,14987,20706,3558997,3558999,3558994,3558996,0,0,0,0
1790069561.1956017,-2,-3,-2,-1,11708,29085,14984,20704,3559057,3559059,3559054,3559056,0,0,0,0
1790069561.1981459,4,0,6,3,11709,29088,14986,20706,3559087,3559089,3559084,3559086,0,0,0,0
1790069561.2958796,-2,1,-1,-1,11710,29089,14986,20708,3559147,3559149,3559144,3559146,0,0,0,0
1790069561.3937533,3,-3,2,2,11709,29091,14986,20705,3559207,3559209,3559204,3559206,0,0,0,0
1790069561.595691,4,1,-1,2,11704,29092,14991,20703,3559237,3559239,3559234,3559236,0,0,0,0
1790069561.6030133,-2,-4,0,-3,11707,29092,14992,20704,3559327,3559329,3559324,3559326,0,0,0,0
1790069561.7991278,4,-2,1,-3,11711,29088,14988,20709,3559357,3559359,3559354,3559356,0,0,0,0
1790069561.8023946,4,0,-7,3,11710,29088,14988,20712,3559387,3559389,3559384,3559386,0,0,0,0
1790069561.810713,-3,0,3,3,11705,29093,14992,20707,3559447,3559449,3559444,3559446,0,0,0,0
1790069562.0051665,-2,-6,3,0,11704,29092,14995,20706,3559507,3559509,3559504,3559506,0,0,0,0
1790069562.0095778,-3,0,1,8,11703,29089,14993,20705,3559567,3559569,3559564,3559566,0,0,0,0
1790069562.2098706,4,1,5,3,11707,29093,14993,20707,3559597,3559599,3559594,3559596,0,0,0,0
1790069562.2109513,0,1,3,-1,11705,29087,14991,20709,3559627,3559629,3559624,3559626,0,0,0,0
1790069562.2121215,0,2,4,1,11704,29088,14990,20706,3559687,3559689,3559684,3559686,0,0,0,0
1790069562.2958343,-1,3,5,3,11704,29088,14992,20707,3559717,3559719,3559714,3559716,0,0,0,0
1790069562.4147143,3,3,-3,1,11703,29087,14991,20706,3559747,3559749,3559744,3559746,0,0,0,0
1790069562.4147143,-6,-1,-5,1,11706,29084,14988,20710,3559807,3559809,3559804,3559806,0,0,0,0
1790069562.616719,4,1,3,0,11700,29083,14990,20704,3559867,3559869,3559864,3559866,0,0,0,0
1790069562.6292963,0,2,-2,2,11697,29085,14992,20702,3559927,3559929,3559924,3559926,0,0,0,0
1790069562.8241165,-1,1,-1,-1,11698,29082,14989,20705,3559957,3559959,3559954,3559956,0,0,0,0
1790069562.8244872,0,0,1,-2,11701,29075,14984,20708,3559987,3559989,3559984,3559986,0,0,0,0
1790069562.830701,2,-5,3,1,11706,29071,14983,20717,3560047,3560049,3560044,3560046,0,0,0,0
1790069563.0264375,1,-1,0,4,11707,29073,14984,20716,3560077,3560079,3560074,3560076,0,0,0,0
1790069563.0264375,5,4,2,-2,11706,29073,14987,20714,3560107,3560109,3560104,3560106,0,0,0,0
1790069563.0330658,-1,1,-2,-3,11707,29076,14991,20716,3560167,3560169,3560164,3560166,0,0,0,0
1790069563.2329028,-10,-3,4,-1,11706,29078,14991,20716,3560197,3560199,3560194,3560196,0,0,0,0
1790069563.2349067,-8,-12,1,0,11706,29077,14993,20716,3560227,3560229,3560224,3560226,0,0,0,0
1790069563.2349067,-6,-2,0,-1,11704,29078,14992,20715,3560287,3560289,3560284,3560286,0,0,0,0
1790069563.3093264,-3,1,-9,-8,11703,29081,14995,20714,3560347,3560349,3560344,3560346,0,0,0,0
1790069563.4359858,-3,0,0,-7,11708,29084,14999,20718,3560407,3560409,3560404,3560406,0,0,0,0
1790069563.6433432,-1,6,2,5,11709,29085,15000,20719,3560437,3560439,3560434,3560436,0,0,0,0
1790069563.6453469,-4,-1,-6,-3,11710,29084,14999,20720,3560467,3560469,3560464,3560466,0,0,0,0
1790069563.6453469,1,-4,-3,-2,11715,29083,14994,20726,3560527,3560529,3560524,3560526,0,0,0,0
1790069564.0528061,-2,-4,4,-4,11716,29081,14993,20729,3560557,3560559,3560554,3560556,0,0,0,0
1790069564.0554197,-2,1,3,3,11718,29097,15009,20727,3560767,3560769,3560764,3560766,0,0,0,0
1790069564.257603,-2,-2,1,1,11724,29095,15003,20737,3560857,3560859,3560854,3560856,0,0,0,0
1790069564.2602885,-5,3,-2,0,11723,29097,15002,20735,3560917,3560919,3560914,3560916,0,0,0,0
1790069564.306028,-1,3,2,-1,11721,29101,15007,20731,3560947,3560949,3560944,3560946,0,0,0,0
1790069564.4567611,-1,2,-4,2,11719,29102,15008,20727,3560977,3560979,3560974,3560976,0,0,0,0
1790069564.4567611,2,1,3,6,11718,29101,15007,20727,3561037,3561039,3561034,3561036,0,0,0,0
1790069564.4882867,3,2,7,-2,11722,29102,15008,20730,3561067,3561069,3561064,3561066,0,0,0,0
1790069564.6629808,1,-2,-1,-2,11719,29100,15006,20731,3561127,3561129,3561124,3561126,0,0,0,0
1790069564.6629808,2,1,-4,-5,11720,29098,15003,20731,3561157,3561159,3561154,3561156,0,0,0,0
1790069564.868047,1,3,-3,-1,11724,29097,15005,20734,3561247,3561249,3561244,3561246,0,0,0,0
1790069564.868047,0,8,6,0,11722,29101,15006,20733,3561277,3561279,3561274,3561276,0,0,0,0
1790069565.0594063,-3,2,2,4,11717,29100,15007,20727,3561307,3561309,3561304,3561306,0,0,0,0
1790069565.0594063,4,0,1,3,11711,29102,15010,20724,3561337,3561339,3561334,3561336,0,0,0,0
1790069565.0594063,3,7,0,2,11713,29104,15011,20722,3561397,3561399,3561394,3561396,0,0,0,0
1790069565.2808921,0,2,0,0,11714,29100,15008,20725,3561427,3561429,3561424,3561426,0,0,0,0
1790069565.2808921,4,0,-1,1,11714,29097,15008,20726,3561457,3561459,3561454,3561456,0,0,0,0
1790069565.2852237,0,1,4,-1,11711,29100,15009,20724,3561517,3561519,3561514,3561516,0,0,0,0
1790069565.291317,-1,2,3,1,11712,29105,15012,20722,3561547,3561549,3561544,3561546,0,0,0,0
1790069565.486134,2,3,0,-3,11712,29103,15012,20723,3561577,3561579,3561574,3561576,0,0,0,0
1790069565.486134,2,2,-1,0,11712,29097,15008,20724,3561607,3561609,3561604,3561606,0,0,0,0
1790069565.4941494,-1,4,2,-1,11715,29095,15006,20728,3561637,3561639,3561634,3561636,0,0,0,0
1790069565.6916475,2,4,1,-2,11713,29092,15009,20731,3561697,3561699,3561694,3561696,0,0,0,0
1790069565.693656,1,2,1,-6,11709,29096,15015,20729,3561727,3561729,3561724,3561726,0,0,0,0
1790069565.6981664,0,0,-4,0,11709,29095,15017,20729,3561757,3561759,3561754,3561756,0,0,0,0
1790069565.8959563,-7,-2,2,0,11711,29097,15022,20731,3561817,3561819,3561814,3561816,0,0,0,0
1790069565.9013336,-1,-2,-7,1,11712,29096,15021,20734,3561847,3561849,3561844,3561846,0,0,0,0
1790069565.9075882,-4,1,-4,-1,11715,29096,15020,20736,3561907,3561909,3561904,3561906,0,0,0,0
1790069566.0761373,-6,-1,-4,1,11715,29097,15022,20736,3561937,3561939,3561934,3561936,0,0,0,0
1790069566.0818412,-6,-1,0,1,11714,29098,15024,20736,3561967,3561969,3561964,3561966,0,0,0,0
1790069566.0826082,-8,-5,1,0,11718,29102,15025,20740,3561997,3561999,3561994,3561996,0,0,0,0
1790069566.115865,-2,-1,2,-4,11722,29102,15025,20745,3562027,3562029,3562024,3562026,0,0,0,0
1790069566.1765301,4,1,-6,-3,11722,29102,15023,20744,3562057,3562059,3562054,3562056,0,0,0,0
1790069566.3151176,1,-1,-1,2,11725,29103,15024,20747,3562087,3562089,3562084,3562086,0,0,0,0
1790069566.3151176,-5,-3,-2,-1,11722,29107,15027,20742,3562147,3562149,3562144,3562146,0,0,0,0
1790069566.5082893,4,-1,4,3,11726,29109,15029,20745,3562207,3562209,3562204,3562206,0,0,0,0
1790069566.5082893,17,-3,-1,-1,11728,29113,15030,20746,3562267,3562269,3562264,3562266,0,0,0,0
1790069566.710401,-1,2,2,4,11729,29113,15029,20747,3562297,3562299,3562294,3562296,0,0,0,0
1790069566.710401,1,-6,3,3,11733,29111,15024,20751,3562357,3562359,3562354,3562356,0,0,0,0
1790069566.7237794,-2,0,-1,6,11730,29115,15028,20746,3562417,3562419,3562414,3562416,0,0,0,0
1790069566.913394,0,0,-3,0,11732,29118,15029,20747,3562447,3562449,3562444,3562446,0,0,0,0
1790069566.913394,-1,8,-3,-2,11732,29118,15027,20750,3562477,3562479,3562474,3562476,0,0,0,0
1790069566.936117,1,2,2,2,11732,29112,15024,20751,3562507,3562509,3562504,3562506,0,0,0,0
1790069566.93731,2,3,-4,3,11734,29113,15025,20754,3562537,3562539,3562534,3562536,0,0,0,0
1790069567.0894098,5,2,0,1,11731,29110,15027,20752,3562567,3562569,3562564,3562566,0,0,0,0
1790069567.0894098,-2,-1,2,-1,11733,29113,15027,20753,3562597,3562599,3562594,3562596,0,0,0,0
1790069567.0934143,-1,0,1,2,11731,29114,15027,20750,3562627,3562629,3562624,3562626,0,0,0,0
1790069567.1347704,4,5,-1,-1,11726,29112,15030,20747,3562657,3562659,3562654,3562656,0,0,0,0
1790069567.3252444,-4,0,-4,1,11726,29113,15028,20745,3562687,3562689,3562684,3562686,0,0,0,0
1790069567.3252444,3,4,0,0,11728,29110,15026,20750,3562717,3562719,3562714,3562716,0,0,0,0
1790069567.3252444,-7,-1,10,1,11722,29110,15029,20745,3562777,3562779,3562774,3562776,0,0,0,0
1790069567.5321095,1,7,11,2,11722,29110,15031,20744,3562807,3562809,3562804,3562806,0,0,0,0
1790069567.53474,-1,1,-1,-2,11720,29107,15028,20745,3562897,3562899,3562894,3562896,0,0,0,0
1790069567.9426498,2,-7,1,-1,11721,29103,15027,20748,3562927,3562929,3562924,3562926,0,0,0,0
1790069567.9426498,3,-2,5,-1,11722,29105,15031,20748,3563077,3563079,3563074,3563076,0,0,0,0
1790069567.9426498,-1,-1,-2,-1,11721,29108,15036,20746,3563107,3563109,3563104,3563106,0,0,0,0
1790069567.9426498,-4,0,-3,-8,11727,29109,15038,20753,3563137,3563139,3563134,3563136,0,0,0,0
1790069568.087155,1,-4,-4,-4,11737,29101,15028,20765,3563197,3563199,3563194,3563196,0,0,0,0
1790069568.103081,-12,-7,-4,-7,11737,29103,15029,20764,3563227,3563229,3563224,3563226,0,0,0,0
1790069568.156086,-4,-1,-2,1,11734,29105,15033,20760,3563257,3563259,3563254,3563256,0,0,0,0
1790069568.3437364,0,-4,9,-5,11732,29110,15037,20759,3563287,3563289,3563284,3563286,0,0,0,0
1790069568.3437364,-5,-1,-7,-1,11733,29112,15039,20759,3563317,3563319,3563314,3563316,0,0,0,0
1790069568.3519647,-4,1,-7,-2,11734,29116,15043,20762,3563347,3563349,3563344,3563346,0,0,0,0
1790069568.3519647,-3,-4,-1,0,11735,29118,15044,20761,3563377,3563379,3563374,3563376,0,0,0,0
1790069568.5589147,3,-1,0,4,11737,29119,15045,20765,3563407,3563409,3563404,3563406,0,0,0,0
1790069568.5589147,3,-6,2,-1,11747,29114,15038,20774,3563497,3563499,3563494,3563496,0,0,0,0
1790069568.7602777,3,-4,2,3,11748,29116,15038,20775,3563527,3563529,3563524,3563526,0,0,0,0
1790069568.7602777,0,1,3,0,11746,29123,15044,20770,3563587,3563589,3563584,3563586,0,0,0,0
1790069568.766549,0,3,0,-7,11741,29125,15046,20766,3563617,3563619,3563614,3563616,0,0,0,0
1790069568.9685376,-4,-1,2,-4,11740,29127,15048,20765,3563647,3563649,3563644,3563646,0,0,0,0
1790069568.9705513,0,-4,-1,7,11747,29122,15042,20772,3563737,3563739,3563734,3563736,0,0,0,0
1790069569.1722946,-2,-1,-4,2,11741,29120,15044,20766,3563797,3563799,3563794,3563796,0,0,0,0
1790069569.1722946,3,2,3,5,11740,29119,15043,20767,3563827,3563829,3563824,3563826,0,0,0,0
1790069569.1722946,7,3,-1,1,11737,29118,15041,20765,3563857,3563859,3563854,3563856,0,0,0,0
1790069569.3439412,-2,4,1,-5,11735,29118,15041,20764,3563887,3563889,3563884,3563886,0,0,0,0
1790069569.3439412,0,2,-4,0,11734,29115,15042,20764,3563917,3563919,3563914,3563916,0,0,0,0
1790069569.3509312,0,2,-4,2,11733,29116,15043,20764,3563947,3563949,3563944,3563946,0,0,0,0
1790069569.57963,0,1,0,1,11733,29115,15043,20764,3563977,3563979,3563974,3563976,0,0,0,0
1790069569.57963,-3,-2,-1,-2,11732,29111,15042,20763,3564097,3564099,3564094,3564096,0,0,0,0
1790069569.7881198,1,-1,-1,-2,11733,29109,15042,20768,3564157,3564159,3564154,3564156,0,0,0,0
1790069569.7881198,1,0,-7,-4,11736,29107,15041,20770,3564187,3564189,3564184,3564186,0,0,0,0
1790069569.9895318,2,0,-1,2,11743,29124,15060,20780,3564367,3564369,3564364,3564366,0,0,0,0
1790069570.1973548,-1,-2,-3,4,11745,29134,15067,20778,3564487,3564489,3564484,3564486,0,0,0,0
1790069570.3482456,0,-5,-4,-1,11751,29134,15065,20784,3564547,3564549,3564544,3564546,0,0,0,0
1790069570.354093,3,-1,4,1,11751,29132,15063,20785,3564577,3564579,3564574,3564576,0,0,0,0
1790069570.4022942,2,2,-2,1,11751,29133,15062,20786,3564607,3564609,3564604,3564606,0,0,0,0
1790069570.6070397,0,3,2,2,11751,29131,15061,20787,3564697,3564699,3564694,3564696,0,0,0,0
1790069570.6113617,2,-1,0,-3,11750,29131,15061,20782,3564727,3564729,3564724,3564726,0,0,0,0
1790069570.8095005,3,-5,-5,-4,11751,29128,15059,20789,3564817,3564819,3564814,3564816,0,0,0,0
1790069570.8095005,3,2,5,0,11753,29126,15057,20789,3564847,3564849,3564844,3564846,0,0,0,0
1790069571.0072887,-4,4,1,-6,11751,29128,15059,20789,3564877,3564879,3564874,3564876,0,0,0,0
1790069571.0190725,4,3,2,4,11747,29130,15061,20783,3564937,3564939,3564934,3564936,0,0,0,0
1790069571.0296845,2,2,1,0,11744,29125,15058,20781,3564997,3564999,3564994,3564996,0,0,0,0
1790069571.223762,1,3,2,-4,11744,29124,15057,20781,3565027,3565029,3565024,3565026,0,0,0,0
1790069571.225776,-1,0,-2,-4,11746,29115,15055,20788,3565117,3565119,3565114,3565116,0,0,0,0
1790069571.3511388,-1,-1,-5,0,11744,29119,15066,20789,3565177,3565179,3565174,3565176,0,0,0,0
1790069571.4258206,-6,4,-3,-3,11743,29120,15065,20789,3565207,3565209,3565204,3565206,0,0,0,0
1790069571.4279947,1,2,1,0,11747,29122,15067,20792,3565237,3565239,3565234,3565236,0,0,0,0
1790069571.6351662,3,0,-9,0,11751,29116,15060,20797,3565297,3565299,3565294,3565296,0,0,0,0
1790069571.640164,-11,-4,2,-3,11752,29118,15063,20799,3565357,3565359,3565354,3565356,0,0,0,0
1790069572.0392847,-3,-1,-1,-4,11764,29129,15069,20808,3565507,3565509,3565504,3565506,0,0,0,0
1790069572.0392847,0,-2,5,-4,11769,29129,15067,20808,3565597,3565599,3565594,3565596,0,0,0,0
1790069572.2374852,-3,-2,1,5,11767,29127,15065,20809,3565657,3565659,3565654,3565656,0,0,0,0
1790069572.253145,2,1,-2,3,11769,29131,15068,20807,3565717,3565719,3565714,3565716,0,0,0,0
1790069572.364122,-1,2,-3,1,11767,29125,15063,20808,3565777,3565779,3565774,3565776,0,0,0,0
1790069572.4568908,2,3,3,1,11768,29121,15056,20809,3565837,3565839,3565834,3565836,0,0,0,0
1790069572.6515718,0,0,5,-2,11760,29119,15060,20803,3565957,3565959,3565954,3565956,0,0,0,0
1790069572.860532,0,-4,-1,-1,11761,29116,15057,20805,3566017,3566019,3566014,3566016,0,0,0,0
1790069572.8700976,5,4,2,-3,11762,29114,15057,20807,3566047,3566049,3566044,3566046,0,0,0,0
1790069573.061216,3,-5,4,1,11760,29116,15061,20805,3566137,3566139,3566134,3566136,0,0,0,0
1790069573.061216,1,-1,-2,-4,11759,29116,15060,20805,3566167,3566169,3566164,3566166,0,0,0,0
1790069573.061216,-1,-2,-3,2,11757,29118,15061,20803,3566197,3566199,3566194,3566196,0,0,0,0
1790069573.2677262,-7,3,-4,-3,11756,29115,15061,20802,3566227,3566229,3566224,3566226,0,0,0,0
1790069573.2677262,-7,3,-1,-6,11760,29114,15064,20808,3566287,3566289,3566284,3566286,0,0,0,0
1790069573.2753177,-3,-8,7,-2,11761,29114,15064,20808,3566317,3566319,3566314,3566316,0,0,0,0
1790069573.3759308,-6,0,-5,-7,11759,29120,15068,20803,3566377,3566379,3566374,3566376,0,0,0,0
1790069573.4713967,-3,-1,-2,-5,11760,29127,15076,20804,3566437,3566439,3566434,3566436,0,0,0,0
1790069573.4713967,-4,0,-3,-6,11760,29131,15078,20805,3566467,3566469,3566464,3566466,0,0,0,0
1790069573.6670964,0,-5,-4,1,11763,29132,15079,20807,3566497,3566499,3566494,3566496,0,0,0,0
1790069573.6670964,0,-5,-4,1,11763,29132,15079,20807,3566497,3566499,3566494,3566496,0,0,0,0
1790069573.682808,-7,-5,2,-2,11774,29127,15074,20817,3566587,3566589,3566584,3566586,0,0,0,0
1790069573.8737316,-1,-5,4,-4,11777,29131,15077,20820,3566617,3566619,3566614,3566616,0,0,0,0
1790069573.8896,2,-4,0,-2,11778,29138,15081,20820,3566677,3566679,3566674,3566676,0,0,0,0
1790069573.8896,1,-1,2,1,11774,29142,15086,20818,3566707,3566709,3566704,3566706,0,0,0,0
1790069574.0771174,-2,2,-1,5,11771,29142,15089,20816,3566737,3566739,3566734,3566736,0,0,0,0
1790069574.0771174,4,0,-2,2,11773,29142,15090,20818,3566797,3566799,3566794,3566796,0,0,0,0
1790069574.0932136,-2,1,3,-1,11772,29143,15090,20816,3566827,3566829,3566824,3566826,0,0,0,0
1790069574.2832427,5,-2,3,-5,11768,29141,15090,20816,3566857,3566859,3566854,3566856,0,0,0,0
1790069574.2832427,2,-3,2,3,11772,29133,15084,20820,3566947,3566949,3566944,3566946,0,0,0,0
1790069574.391073,1,1,-1,3,11772,29132,15081,20822,3566977,3566979,3566974,3566976,0,0,0,0
1790069574.391073,-4,-1,-4,1,11771,29132,15083,20822,3567007,3567009,3567004,3567006,0,0,0,0
1790069574.4981368,5,1,0,4,11767,29129,15082,20819,3567037,3567039,3567034,3567036,0,0,0,0
1790069574.7032852,3,2,-9,-3,11766,29128,15086,20820,3567097,3567099,3567094,3567096,0,0,0,0
1790069574.7036576,-1,2,-1,3,11767,29127,15092,20824,3567157,3567159,3567154,3567156,0,0,0,0
1790069574.7066631,-4,1,-2,1,11769,29128,15095,20828,3567187,3567189,3567184,3567186,0,0,0,0
1790069574.9079485,-1,1,4,-3,11770,29130,15101,20830,3567217,3567219,3567214,3567216,0,0,0,0
1790069574.91002,-2,0,-1,-3,11767,29134,15105,20826,3567247,3567249,3567244,3567246,0,0,0,0
1790069574.913971,-4,-3,-1,-4,11767,29136,15108,20828,3567277,3567279,3567274,3567276,0,0,0,0
1790069574.9187224,-3,0,0,-2,11768,29136,15107,20830,3567307,3567309,3567304,3567306,0,0,0,0
1790069574.9338353,-4,6,-6,-3,11773,29137,15108,20833,3567337,3567339,3567334,3567336,0,0,0,0
1790069575.1134493,-6,-1,-5,-3,11778,29137,15108,20837,3567397,3567399,3567394,3567396,0,0,0,0
1790069575.1134493,-3,1,-5,6,11781,29141,15111,20837,3567427,3567429,3567424,3567426,0,0,0,0
1790069575.314677,-4,5,0,-5,11782,29141,15112,20839,3567457,3567459,3567454,3567456,0,0,0,0
1790069575.314677,-3,-4,-6,-4,11784,29140,15109,20841,3567517,3567519,3567514,3567516,0,0,0,0
1790069575.3909724,-4,-5,-3,-3,11789,29141,15107,20845,3567547,3567549,3567544,3567546,0,0,0,0
1790069575.7176082,-3,-3,4,-4,11793,29142,15106,20849,3567607,3567609,3567604,3567606,0,0,0,0
1790069575.724015,-1,0,3,2,11789,29144,15108,20844,3567667,3567669,3567664,3567666,0,0,0,0
1790069575.7244997,0,2,-3,2,11788,29145,15106,20843,3567787,3567789,3567784,3567786,0,0,0,0
1790069575.73814,0,-1,-4,1,11789,29140,15100,20843,3567817,3567819,3567814,3567816,0,0,0,0
1790069576.1309059,-3,5,2,-3,11794,29141,15103,20848,3567847,3567849,3567844,3567846,0,0,0,0
1790069576.1352582,-1,4,-2,3,11779,29132,15102,20839,3568027,3568029,3568024,3568026,0,0,0,0
1790069576.341635,4,2,-3,1,11778,29128,15100,20840,3568057,3568059,3568054,3568056,0,0,0,0
1790069576.341635,1,2,-2,-1,11779,29128,15102,20843,3568117,3568119,3568114,3568116,0,0,0,0
1790069576.341635,-2,-5,1,-5,11777,29131,15105,20841,3568147,3568149,3568144,3568146,0,0,0,0
1790069576.341635,-5,-3,-3,-5,11775,29132,15107,20838,3568177,3568179,3568174,3568176,0,0,0,0
1790069576.5334485,3,3,-2,0,11775,29135,15110,20839,3568207,3568209,3568204,3568206,0,0,0,0
1790069576.5475028,-4,4,-4,-3,11777,29132,15109,20840,3568237,3568239,3568234,3568236,0,0,0,0
1790069576.5475028,-3,-3,3,-3,11779,29130,15108,20844,3568267,3568269,3568264,3568266,0,0,0,0
1790069576.7465358,-1,-5,-4,-8,11782,29131,15106,20846,3568297,3568299,3568294,3568296,0,0,0,0
1790069576.7465358,0,2,0,-5,11784,29131,15107,20849,3568327,3568329,3568324,3568326,0,0,0,0
1790069576.7465358,-3,0,-3,0,11790,29132,15109,20852,3568357,3568359,3568354,3568356,0,0,0,0
1790069576.7465358,0,1,-4,-5,11790,29130,15107,20853,3568387,3568389,3568384,3568386,0,0,0,0
1790069576.8344584,-5,1,-3,0,11793,29131,15107,20857,3568417,3568419,3568414,3568416,0,0,0,0
1790069576.8344584,-1,-4,-4,-3,11797,29134,15109,20859,3568447,3568449,3568444,3568446,0,0,0,0
1790069576.9528308,-1,-1,-1,-2,11799,29137,15110,20860,3568507,3568509,3568504,3568506,0,0,0,0
1790069577.3458652,-1,0,-3,-1,11799,29138,15110,20861,3568537,3568539,3568534,3568536,0,0,0,0
1790069577.3619268,-3,-5,2,1,11801,29139,15108,20861,3568567,3568569,3568564,3568566,0,0,0,0
1790069577.3619268,4,6,4,4,11801,29141,15105,20859,3568747,3568749,3568744,3568746,0,0,0,0
1790069577.3688133,-2,3,7,-3,11800,29147,15112,20857,3568777,3568779,3568774,3568776,0,0,0,0
1790069577.3940125,4,6,2,7,11794,29148,15114,20853,3568807,3568809,3568804,3568806,0,0,0,0
1790069577.5688577,10,5,2,0,11791,29146,15113,20853,3568837,3568839,3568834,3568836,0,0,0,0
1790069577.5688577,1,-4,0,-1,11795,29144,15110,20854,3568867,3568869,3568864,3568866,0,0,0,0
1790069577.5688577,2,3,3,-3,11799,29139,15107,20860,3568897,3568899,3568894,3568896,0,0,0,0
1790069577.7692997,2,4,-1,1,11799,29139,15104,20861,3568927,3568929,3568924,3568926,0,0,0,0
1790069577.7692997,-2,5,1,5,11798,29138,15106,20861,3568987,3568989,3568984,3568986,0,0,0,0
1790069577.7851157,-1,1,1,-5,11792,29138,15109,20857,3569017,3569019,3569014,3569016,0,0,0,0
1790069577.7851157,-1,0,5,0,11789,29140,15111,20854,3569047,3569049,3569044,3569046,0,0,0,0
1790069577.9772646,-4,4,-3,-1,11790,29138,15108,20854,3569077,3569079,3569074,3569076,0,0,0,0
1790069577.979267,4,6,-2,-3,11793,29130,15103,20860,3569107,3569109,3569104,3569106,0,0,0,0
1790069577.9914088,-1,-1,-2,-6,11794,29125,15102,20862,3569167,3569169,3569164,3569166,0,0,0,0
1790069578.182543,-6,2,1,-2,11792,29132,15116,20865,3569227,3569229,3569224,3569226,0,0,0,0
1790069578.182543,-4,-3,2,-3,11791,29134,15117,20863,3569257,3569259,3569254,3569256,0,0,0,0
1790069578.182543,1,1,-9,2,11790,29135,15119,20864,3569287,3569289,3569284,3569286,0,0,0,0
1790069578.3846617,1,-3,-1,3,11795,29130,15115,20869,3569347,3569349,3569344,3569346,0,0,0,0
1790069578.3846617,1,3,0,-3,11797,29129,15115,20872,3569377,3569379,3569374,3569376,0,0,0,0
1790069578.4154236,0,-2,-2,-2,11799,29129,15114,20873,3569407,3569409,3569404,3569406,0,0,0,0
1790069578.5910547,-2,-6,-1,-4,11805,29130,15116,20878,3569437,3569439,3569434,3569436,0,0,0,0
1790069578.5910547,-6,-2,0,2,11804,29131,15116,20878,3569497,3569499,3569494,3569496,0,0,0,0
1790069578.793101,-7,-5,3,-3,11807,29133,15118,20880,3569527,3569529,3569524,3569526,0,0,0,0
1790069578.793101,-4,2,3,-2,11810,29137,15120,20882,3569587,3569589,3569584,3569586,0,0,0,0
1790069578.8081577,-4,3,-1,0,11817,29137,15119,20888,3569647,3569649,3569644,3569646,0,0,0,0
1790069578.9991362,-1,-3,-3,2,11817,29135,15117,20887,3569677,3569679,3569674,3569676,0,0,0,0
1790069578.9991362,-4,0,-6,0,11821,29140,15118,20890,3569707,3569709,3569704,3569706,0,0,0,0
1790069579.0148296,-2,-2,3,-5,11824,29141,15117,20892,3569737,3569739,3569734,3569736,0,0,0,0
1790069579.0148296,-2,4,-4,3,11824,29137,15114,20893,3569767,3569769,3569764,3569766,0,0,0,0
1790069579.206142,-1,-2,-8,3,11824,29140,15115,20892,3569797,3569799,3569794,3569796,0,0,0,0
1790069579.206142,-2,-1,3,2,11824,29141,15116,20892,3569827,3569829,3569824,3569826,0,0,0,0
1790069579.206142,2,-1,2,-1,11826,29142,15115,20892,3569887,3569889,3569884,3569886,0,0,0,0
1790069579.406573,3,2,11,-4,11821,29139,15114,20894,3570007,3570009,3570004,3570006,0,0,0,0
1790069579.613606,-2,4,3,0,11817,29137,15118,20892,3570067,3570069,3570064,3570066,0,0,0,0
1790069579.613606,0,-3,0,0,11817,29132,15115,20895,3570157,3570159,3570154,3570156,0,0,0,0
1790069579.820936,2,3,-2,2,11815,29131,15116,20895,3570187,3570189,3570184,3570186,0,0,0,0
1790069579.820936,6,0,2,-6,11813,29129,15117,20895,3570217,3570219,3570214,3570216,0,0,0,0
1790069579.820936,3,2,2,-3,11814,29128,15118,20898,3570277,3570279,3570274,3570276,0,0,0,0
1790069580.0240288,1,-5,-6,1,11813,29129,15119,20894,3570307,3570309,3570304,3570306,0,0,0,0
1790069580.0240288,-5,1,5,-4,11812,29130,15123,20896,3570337,3570339,3570334,3570336,0,0,0,0
1790069580.0240288,0,3,3,-3,11813,29132,15126,20897,3570397,3570399,3570394,3570396,0,0,0,0
1790069580.2315638,4,0,-1,-2,11815,29131,15127,20898,3570427,3570429,3570424,3570426,0,0,0,0
1790069580.2315638,0,-4,-4,-10,11817,29134,15129,20901,3570517,3570519,3570514,3570516,0,0,0,0
1790069580.421191,0,1,-4,-3,11822,29140,15133,20906,3570637,3570639,3570634,3570636,0,0,0,0
1790069580.6437674,-7,-1,5,-1,11835,29145,15135,20912,3570757,3570759,3570754,3570756,0,0,0,0
1790069580.843859,-6,1,2,-4,11830,29146,15136,20912,3570787,3570789,3570784,3570786,0,0,0,0
1790069580.843859,-1,-1,-2,-5,11829,29150,15135,20908,3570817,3570819,3570814,3570816,0,0,0,0
1790069580.843859,-2,-3,1,6,11838,29148,15133,20915,3570877,3570879,3570874,3570876,0,0,0,0
1790069581.0442681,-2,2,-2,3,11838,29147,15132,20918,3570907,3570909,3570904,3570906,0,0,0,0
1790069581.0442681,1,-6,1,1,11837,29144,15132,20918,3570997,3570999,3570994,3570996,0,0,0,0
1790069581.244752,3,2,9,-1,11832,29145,15134,20915,3571057,3571059,3571054,3571056,0,0,0,0
1790069581.244752,0,7,-2,-2,11826,29148,15136,20912,3571117,3571119,3571114,3571116,0,0,0,0
1790069581.4453633,4,0,-2,3,11819,29145,15138,20910,3571177,3571179,3571174,3571176,0,0,0,0
1790069581.4453633,-2,3,0,6,11818,29143,15137,20909,3571237,3571239,3571234,3571236,0,0,0,0
1790069581.6504002,2,4,-2,2,11818,29140,15138,20910,3571267,3571269,3571264,3571266,0,0,0,0
1790069581.6665072,-2,3,-2,-3,11820,29137,15137,20913,3571297,3571299,3571294,3571296,0,0,0,0
1790069581.6665072,1,-1,0,2,11820,29134,15135,20914,3571327,3571329,3571324,3571326,0,0,0,0
1790069581.6665072,1,1,-2,0,11822,29136,15136,20916,3571357,3571359,3571354,3571356,0,0,0,0
1790069581.8572638,-4,0,1,4,11823,29133,15135,20917,3571387,3571389,3571384,3571386,0,0,0,0
1790069581.8731108,-3,2,0,-1,11826,29132,15134,20920,3571417,3571419,3571414,3571416,0,0,0,0
1790069581.8731108,-4,-3,-4,0,11829,29135,15138,20923,3571477,3571479,3571474,3571476,0,0,0,0
1790069582.0743253,2,-1,-2,-1,11832,29135,15138,20924,3571507,3571509,3571504,3571506,0,0,0,0
1790069582.0743253,-2,-4,-3,0,11836,29135,15138,20930,3571597,3571599,3571594,3571596,0,0,0,0
1790069582.2088277,-2,-3,-3,1,11839,29141,15143,20930,3571627,3571629,3571624,3571626,0,0,0,0
1790069582.2113514,-3,-3,0,1,11839,29141,15144,20929,3571657,3571659,3571654,3571656,0,0,0,0
1790069582.215434,-4,8,-3,-7,11840,29142,15145,20932,3571687,3571689,3571684,3571686,0,0,0,0
1790069582.2494187,-4,-1,0,2,11846,29147,15145,20936,3571717,3571719,3571714,3571716,0,0,0,0
1790069582.4468002,-1,0,3,5,11845,29153,15150,20935,3571807,3571809,3571804,3571806,0,0,0,0
1790069582.4468002,4,-2,-2,-9,11843,29154,15150,20932,3571837,3571839,3571834,3571836,0,0,0,0
1790069582.6751158,-2,-1,-2,-1,11846,29153,15146,20935,3571927,3571929,3571924,3571926,0,0,0,0
1790069582.6909008,-2,-1,-1,-2,11846,29151,15145,20934,3571957,3571959,3571954,3571956,0,0,0,0
1790069582.882257,-2,-2,2,0,11847,29150,15144,20935,3571987,3571989,3571984,3571986,0,0,0,0
1790069582.9034357,3,0,1,-1,11843,29155,15151,20930,3572077,3572079,3572074,3572076,0,0,0,0
1790069582.916237,5,3,-1,2,11842,29154,15148,20931,3572107,3572109,3572104,3572106,0,0,0,0
1790069583.0986748,0,4,-1,4,11844,29148,15144,20933,3572137,3572139,3572134,3572136,0,0,0,0
1790069583.0986748,0,2,5,2,11845,29141,15136,20938,3572227,3572229,3572224,3572226,0,0,0,0
1790069583.2895834,-1,3,-1,1,11841,29140,15137,20936,3572287,3572289,3572284,3572286,0,0,0,0
1790069583.305653,-2,-2,1,7,11838,29141,15141,20933,3572347,3572349,3572344,3572346,0,0,0,0
1790069583.4493437,2,4,5,3,11836,29137,15139,20935,3572407,3572409,3572404,3572406,0,0,0,0
1790069583.5010576,0,-1,-7,0,11838,29136,15140,20936,3572437,3572439,3572434,3572436,0,0,0,0
1790069583.5127754,-2,-4,-7,-1,11837,29136,15143,20938,3572497,3572499,3572494,3572496,0,0,0,0
1790069583.7130368,-2,0,-1,-2,11843,29134,15146,20946,3572587,3572589,3572584,3572586,0,0,0,0
1790069583.7130368,-3,-1,-4,4,11846,29136,15147,20948,3572617,3572619,3572614,3572616,0,0,0,0
1790069583.9182563,-3,-5,-6,-2,11852,29136,15148,20953,3572677,3572679,3572674,3572676,0,0,0,0
1790069583.9240985,-8,3,-2,1,11857,29136,15146,20957,3572737,3572739,3572734,3572736,0,0,0,0
1790069584.1191094,-4,-3,1,2,11856,29136,15148,20956,3572767,3572769,3572764,3572766,0,0,0,0
1790069584.1191094,0,-3,4,2,11859,29139,15150,20959,3572797,3572799,3572794,3572796,0,0,0,0
1790069584.1260576,-2,-8,-3,-1,11862,29140,15151,20962,3572857,3572859,3572854,3572856,0,0,0,0
1790069584.2645352,1,-5,0,2,11867,29142,15153,20967,3572917,3572919,3572914,3572916,0,0,0,0
1790069584.285452,0,-5,-4,1,11871,29144,15153,20970,3572947,3572949,3572944,3572946,0,0,0,0
1790069584.3321533,-6,-3,-2,-4,11873,29142,15151,20971,3572977,3572979,3572974,3572976,0,0,0,0
1790069584.4595444,1,-2,-2,-2,11875,29142,15149,20974,3573037,3573039,3573034,3573036,0,0,0,0
1790069584.5231261,1,-3,-1,-3,11878,29145,15150,20976,3573067,3573069,3573064,3573066,0,0,0,0
1790069584.7367272,-3,2,-7,0,11874,29148,15152,20974,3573097,3573099,3573094,3573096,0,0,0,0
1790069584.7367272,-4,1,-2,0,11876,29149,15152,20972,3573157,3573159,3573154,3573156,0,0,0,0
1790069584.9418068,0,-1,0,2,11880,29144,15149,20979,3573217,3573219,3573214,3573216,0,0,0,0
1790069584.9422545,6,2,0,-2,11883,29140,15146,20981,3573247,3573249,3573244,3573246,0,0,0,0
1790069585.1472778,0,0,2,2,11871,29139,15148,20977,3573457,3573459,3573454,3573456,0,0,0,0
1790069585.4790988,0,-3,0,-2,11874,29137,15144,20981,3573487,3573489,3573484,3573486,0,0,0,0
1790069585.4806647,-1,0,4,1,11872,29129,15145,20981,3573637,3573639,3573634,3573636,0,0,0,0
1790069585.4865432,0,8,-1,-1,11874,29129,15147,20984,3573667,3573669,3573664,3573666,0,0,0,0
1790069585.574694,-1,1,4,-4,11875,29126,15147,20988,3573697,3573699,3573694,3573696,0,0,0,0
1790069585.758322,-6,-4,-3,-1,11882,29123,15143,20993,3573757,3573759,3573754,3573756,0,0,0,0
1790069585.7719262,-1,-1,-1,-6,11883,29123,15142,20993,3573817,3573819,3573814,3573816,0,0,0,0
1790069585.9537275,1,0,-2,-5,11884,29124,15144,20997,3573847,3573849,3573844,3573846,0,0,0,0
1790069585.9668233,-3,-2,-3,3,11886,29124,15146,20995,3573877,3573879,3573874,3573876,0,0,0,0
1790069585.9668233,-2,-3,-5,-1,11889,29126,15147,21000,3573937,3573939,3573934,3573936,0,0,0,0
1790069586.160747,-1,-5,-4,-3,11896,29127,15145,21008,3573997,3573999,3573994,3573996,0,0,0,0
1790069586.1757574,-2,-1,2,-2,11901,29128,15147,21011,3574057,3574059,3574054,3574056,0,0,0,0
1790069586.3743744,0,4,-5,1,11900,29129,15149,21009,3574087,3574089,3574084,3574086,0,0,0,0
1790069586.3861601,-1,2,-2,-2,11908,29129,15147,21016,3574147,3574149,3574144,3574146,0,0,0,0
1790069586.4812083,1,-3,1,-1,11912,29131,15147,21017,3574207,3574209,3574204,3574206,0,0,0,0
1790069586.4812083,-4,1,1,3,11911,29133,15148,21019,3574237,3574239,3574234,3574236,0,0,0,0
1790069586.580417,-3,-2,-6,2,11912,29136,15149,21016,3574267,3574269,3574264,3574266,0,0,0,0
1790069586.7812989,0,-2,-1,2,11913,29137,15150,21018,3574297,3574299,3574294,3574296,0,0,0,0
1790069586.7812989,-2,-3,-5,3,11916,29134,15144,21020,3574357,3574359,3574354,3574356,0,0,0,0
1790069586.7812989,0,-1,-2,1,11915,29132,15144,21020,3574417,3574419,3574414,3574416,0,0,0,0
1790069586.9636834,2,0,1,2,11915,29136,15148,21020,3574477,3574479,3574474,3574476,0,0,0,0
1790069586.9636834,0,1,2,0,11916,29125,15139,21025,3574567,3574569,3574564,3574566,0,0,0,0
1790069587.195879,0,-1,1,3,11916,29115,15134,21031,3574657,3574659,3574654,3574656,0,0,0,0
1790069587.198201,-2,-2,6,-1,11918,29118,15135,21032,3574687,3574689,3574684,3574686,0,0,0,0
1790069587.3966098,1,5,1,0,11914,29117,15140,21031,3574747,3574749,3574744,3574746,0,0,0,0
1790069587.4035401,-3,0,-5,-2,11913,29117,15140,21030,3574777,3574779,3574774,3574776,0,0,0,0
1790069587.4035401,1,1,-13,2,11913,29115,15142,21030,3574807,3574809,3574804,3574806,0,0,0,0
1790069587.493513,0,3,2,-6,11914,29114,15138,21031,3574837,3574839,3574834,3574836,0,0,0,0
1790069587.493513,-3,2,2,-2,11917,29114,15139,21035,3574867,3574869,3574864,3574866,0,0,0,0
1790069587.612184,2,4,2,5,11920,29108,15136,21040,3574927,3574929,3574924,3574926,0,0,0,0
1790069587.8067768,-3,0,-6,-1,11925,29110,15138,21043,3574987,3574989,3574984,3574986,0,0,0,0
1790069587.8067768,-2,0,-4,2,11927,29111,15140,21047,3575047,3575049,3575044,3575046,0,0,0,0
1790069588.0143025,-1,-4,-5,11,11920,29114,15144,21041,3575107,3575109,3575104,3575106,0,0,0,0
1790069588.0143025,-2,0,-3,-1,11926,29113,15145,21045,3575167,3575169,3575164,3575166,0,0,0,0
1790069588.2168293,1,-1,-7,-4,11927,29113,15143,21048,3575227,3575229,3575224,3575226,0,0,0,0
1790069588.2372148,-5,9,-2,-1,11933,29116,15145,21051,3575287,3575289,3575284,3575286,0,0,0,0
1790069588.2560618,-4,-1,5,2,11935,29115,15146,21056,3575317,3575319,3575314,3575316,0,0,0,0
1790069588.424624,-3,-4,-1,-3,11944,29117,15147,21062,3575377,3575379,3575374,3575376,0,0,0,0
1790069588.4355357,-1,-6,-1,-1,11950,29116,15147,21067,3575407,3575409,3575404,3575406,0,0,0,0
1790069588.5057492,0,-2,5,-1,11953,29115,15146,21072,3575437,3575439,3575434,3575436,0,0,0,0
1790069588.5150774,1,-2,0,2,11951,29118,15148,21072,3575467,3575469,3575464,3575466,0,0,0,0
1790069588.6350589,-2,-4,-2,-1,11953,29120,15149,21072,3575497,3575499,3575494,3575496,0,0,0,0
1790069588.63706,2,-3,2,-2,11954,29118,15146,21074,3575527,3575529,3575524,3575526,0,0,0,0
1790069588.8334577,1,2,1,4,11959,29118,15146,21077,3575557,3575559,3575554,3575556,0,0,0,0
1790069588.8345358,-2,-1,4,1,11961,29120,15146,21078,3575647,3575649,3575644,3575646,0,0,0,0
1790069589.035594,1,-5,-1,3,11960,29121,15146,21079,3575677,3575679,3575674,3575676,0,0,0,0
1790069589.035594,0,3,-1,2,11960,29120,15146,21080,3575737,3575739,3575734,3575736,0,0,0,0
1790069589.035594,2,1,-15,1,11961,29121,15149,21080,3575767,3575769,3575764,3575766,0,0,0,0
1790069589.0553865,4,2,-1,2,11961,29118,15147,21081,3575797,3575799,3575794,3575796,0,0,0,0
1790069589.2429962,2,2,4,4,11957,29118,15147,21081,3575827,3575829,3575824,3575826,0,0,0,0
1790069589.2429962,5,0,-3,-4,11958,29118,15148,21080,3575857,3575859,3575854,3575856,0,0,0,0
1790069589.2429962,-5,3,-1,-2,11957,29115,15144,21082,3575917,3575919,3575914,3575916,0,0,0,0
1790069589.4582448,-2,3,2,0,11957,29115,15146,21081,3575977,3575979,3575974,3575976,0,0,0,0
1790069589.5147479,-1,4,3,3,11958,29111,15142,21083,3576067,3576069,3576064,3576066,0,0,0,0
1790069589.649838,-1,-3,3,-1,11960,29108,15139,21086,3576127,3576129,3576124,3576126,0,0,0,0
1790069589.820228,0,0,-5,4,11955,29106,15141,21082,3576157,3576159,3576154,3576156,0,0,0,0
1790069589.8359463,3,-4,2,3,11958,29101,15139,21088,3576247,3576249,3576244,3576246,0,0,0,0
1790069590.0604475,-2,4,0,-3,11958,29096,15136,21091,3576277,3576279,3576274,3576276,0,0,0,0
1790069590.0604475,-5,3,-2,-2,11960,29103,15147,21095,3576397,3576399,3576394,3576396,0,0,0,0
1790069590.0684006,2,-5,-3,-4,11959,29102,15148,21094,3576427,3576429,3576424,3576426,0,0,0,0
1790069590.2607186,-1,0,-1,-4,11961,29102,15148,21095,3576457,3576459,3576454,3576456,0,0,0,0
1790069590.2607186,-1,0,-1,-4,11961,29102,15148,21095,3576457,3576459,3576454,3576456,0,0,0,0
1790069590.2607186,0,-3,-2,0,11977,29104,15150,21110,3576547,3576549,3576544,3576546,0,0,0,0
1790069590.4607747,0,-4,0,1,11981,29107,15150,21113,3576577,3576579,3576574,3576576,0,0,0,0
1790069590.4607747,-2,-5,0,-3,11985,29106,15151,21115,3576607,3576609,3576604,3576606,0,0,0,0
1790069590.4739964,-1,1,0,-4,11988,29109,15155,21121,3576667,3576669,3576664,3576666,0,0,0,0
1790069590.6644287,2,-3,-1,-2,11990,29111,15154,21123,3576697,3576699,3576694,3576696,0,0,0,0
1790069590.6644287,-1,-4,2,-7,11994,29107,15153,21125,3576757,3576759,3576754,3576756,0,0,0,0
1790069590.874985,-1,-3,5,-1,11997,29110,15153,21128,3576787,3576789,3576784,3576786,0,0,0,0
1790069590.882988,1,-1,0,-2,11997,29112,15152,21128,3576847,3576849,3576844,3576846,0,0,0,0
1790069590.882988,-2,-6,-1,0,11997,29108,15150,21129,3576877,3576879,3576874,3576876,0,0,0,0
1790069590.882988,-1,1,-2,0,12001,29111,15149,21132,3576907,3576909,3576904,3576906,0,0,0,0
1790069591.0834491,-4,0,0,1,12002,29110,15146,21133,3576967,3576969,3576964,3576966,0,0,0,0
1790069591.090539,2,-1,3,-4,12002,29113,15150,21130,3577027,3577029,3577024,3577026,0,0,0,0
1790069591.2917304,1,2,-1,-5,12002,29112,15149,21129,3577057,3577059,3577054,3577056,0,0,0,0
1790069591.2917304,-2,-3,-1,5,12002,29108,15147,21128,3577087,3577089,3577084,3577086,0,0,0,0
1790069591.2917304,1,1,2,-1,12003,29105,15142,21132,3577147,3577149,3577144,3577146,0,0,0,0
1790069591.4955533,4,0,0,5,12004,29104,15140,21133,3577177,3577179,3577174,3577176,0,0,0,0
1790069591.4975512,6,-3,-3,1,12003,29101,15141,21134,3577207,3577209,3577204,3577206,0,0,0,0
1790069591.5064085,4,4,9,3,12001,29101,15141,21135,3577267,3577269,3577264,3577266,0,0,0,0
1790069591.699752,-2,5,-3,-2,11997,29103,15143,21133,3577297,3577299,3577294,3577296,0,0,0,0
1790069591.703178,-2,4,-1,1,11996,29096,15144,21135,3577387,3577389,3577384,3577386,0,0,0,0
1790069591.90443,-4,-5,1,0,12000,29092,15140,21139,3577447,3577449,3577444,3577446,0,0,0,0
1790069591.9116917,0,-2,-1,-5,12001,29089,15141,21142,3577507,3577509,3577504,3577506,0,0,0,0
1790069592.1065123,-5,0,-5,-8,12003,29090,15141,21143,3577537,3577539,3577534,3577536,0,0,0,0
1790069592.1107736,-6,0,-2,-7,12002,29092,15145,21145,3577597,3577599,3577594,3577596,0,0,0,0
1790069592.111783,-5,6,2,-1,12002,29096,15147,21142,3577627,3577629,3577624,3577626,0,0,0,0
1790069592.3134704,-7,1,-4,6,12002,29095,15148,21143,3577657,3577659,3577654,3577656,0,0,0,0
1790069592.3134704,0,0,-1,2,12009,29091,15146,21149,3577717,3577719,3577714,3577716,0,0,0,0
1790069592.3134704,1,-1,-4,-1,12011,29091,15145,21150,3577747,3577749,3577744,3577746,0,0,0,0
1790069592.5148683,-9,-5,1,0,12009,29089,15143,21151,3577777,3577779,3577774,3577776,0,0,0,0
1790069592.5202918,-4,-3,-3,2,12010,29095,15149,21149,3577867,3577869,3577864,3577866,0,0,0,0
1790069592.7237184,-3,2,-2,-2,12013,29092,15148,21154,3577897,3577899,3577894,3577896,0,0,0,0
1790069592.727185,-4,-2,-1,-2,12024,29093,15146,21163,3577987,3577989,3577984,3577986,0,0,0,0
1790069592.9290285,-1,-3,-5,-7,12025,29097,15149,21161,3578017,3578019,3578014,3578016,0,0,0,0
1790069592.931962,0,-2,-1,-3,12026,29106,15157,21163,3578107,3578109,3578104,3578106,0,0,0,0
1790069593.1322749,0,0,2,1,12030,29104,15156,21169,3578137,3578139,3578134,3578136,0,0,0,0
1790069593.1322749,-2,2,-1,3,12036,29110,15153,21172,3578227,3578229,3578224,3578226,0,0,0,0
1790069593.3342252,-1,1,4,3,12034,29109,15152,21169,3578287,3578289,3578284,3578286,0,0,0,0
1790069593.3396692,3,3,-2,-5,12037,29107,15149,21172,3578317,3578319,3578314,3578316,0,0,0,0
1790069593.3406777,0,-1,-1,1,12036,29104,15146,21172,3578377,3578379,3578374,3578376,0,0,0,0
1790069593.5281167,4,0,-3,3,12034,29097,15143,21173,3578467,3578469,3578464,3578466,0,0,0,0
1790069593.534965,5,3,4,2,12034,29099,15144,21172,3578497,3578499,3578494,3578496,0,0,0,0
1790069593.7434938,1,-2,0,6,12037,29091,15138,21174,3578587,3578589,3578584,3578586,0,0,0,0
1790069593.9519005,2,3,-4,1,12038,29087,15135,21179,3578647,3578649,3578644,3578646,0,0,0,0
1790069593.9519005,2,-1,1,-5,12036,29084,15136,21177,3578677,3578679,3578674,3578676,0,0,0,0
1790069593.9519005,-3,0,-3,-2,12034,29087,15147,21182,3578737,3578739,3578734,3578736,0,0,0,0
1790069594.1535342,-4,2,1,1,12032,29093,15155,21180,3578797,3578799,3578794,3578796,0,0,0,0
1790069594.1607003,-1,-1,-7,-1,12046,29086,15148,21190,3578857,3578859,3578854,3578856,0,0,0,0
1790069594.3618608,-5,0,0,0,12051,29085,15146,21196,3578887,3578889,3578884,3578886,0,0,0,0
1790069594.3618608,-5,-2,0,-2,12060,29084,15145,21205,3578947,3578949,3578944,3578946,0,0,0,0
1790069594.3755524,-6,0,0,0,12068,29081,15141,21212,3578977,3578979,3578974,3578976,0,0,0,0
1790069594.528528,0,-1,0,5,12075,29080,15137,21217,3579007,3579009,3579004,3579006,0,0,0,0
1790069594.534694,3,-2,-5,-1,12085,29083,15138,21225,3579067,3579069,3579064,3579066,0,0,0,0
1790069594.563257,-3,-1,-2,-1,12085,29083,15138,21226,3579097,3579099,3579094,3579096,0,0,0,0
1790069594.7784445,0,-3,-1,-1,12092,29088,15137,21230,3579217,3579219,3579214,3579216,0,0,0,0
1790069594.97305,-2,0,-1,0,12093,29086,15135,21234,3579247,3579249,3579244,3579246,0,0,0,0
1790069594.97305,1,-6,-2,5,12098,29086,15135,21237,3579277,3579279,3579274,3579276,0,0,0,0
1790069594.9806058,5,-3,-2,1,12105,29078,15127,21243,3579337,3579339,3579334,3579336,0,0,0,0
1790069595.1807585,3,6,-1,0,12114,29067,15115,21250,3579397,3579399,3579394,3579396,0,0,0,0
1790069595.1807585,2,0,0,4,12117,29061,15114,21256,3579457,3579459,3579454,3579456,0,0,0,0
1790069595.1881127,-1,2,-5,2,12116,29059,15113,21255,3579487,3579489,3579484,3579486,0,0,0,0
1790069595.387291,5,2,-4,0,12112,29058,15112,21254,3579517,3579519,3579514,3579516,0,0,0,0
1790069595.3890069,3,2,2,-3,12112,29055,15117,21259,3579607,3579609,3579604,3579606,0,0,0,0
1790069595.559866,-1,-3,-2,-3,12117,29059,15122,21260,3579667,3579669,3579664,3579666,0,0,0,0
1790069595.5624797,-6,-3,1,-4,12115,29059,15124,21262,3579697,3579699,3579694,3579696,0,0,0,0
1790069595.7918973,-4,2,-2,-11,12114,29059,15123,21260,3579727,3579729,3579724,3579726,0,0,0,0
1790069595.7918973,-3,1,-3,-4,12115,29064,15128,21262,3579757,3579759,3579754,3579756,0,0,0,0
1790069595.7987177,-2,-1,-2,-1,12123,29073,15130,21267,3579847,3579849,3579844,3579846,0,0,0,0
1790069596.000145,1,-6,2,-3,12131,29077,15130,21272,3579967,3579969,3579964,3579966,0,0,0,0
1790069596.2017658,-2,1,4,1,12137,29076,15127,21274,3579997,3579999,3579994,3579996,0,0,0,0
1790069596.2090058,-2,-2,-1,5,12143,29070,15121,21279,3580027,3580029,3580024,3580026,0,0,0,0
1790069596.4114208,4,3,-2,3,12150,29060,15109,21283,3580117,3580119,3580114,3580116,0,0,0,0
1790069596.4134157,4,3,1,3,12141,29059,15112,21277,3580207,3580209,3580204,3580206,0,0,0,0
1790069596.555587,2,-8,1,0,12141,29058,15110,21277,3580237,3580239,3580234,3580236,0,0,0,0
1790069596.555587,2,4,-1,1,12141,29054,15108,21280,3580267,3580269,3580264,3580266,0,0,0,0
1790069596.6117542,1,1,-5,1,12145,29054,15106,21281,3580297,3580299,3580294,3580296,0,0,0,0
1790069596.819791,1,4,-7,0,12147,29048,15103,21285,3580357,3580359,3580354,3580356,0,0,0,0
1790069596.819791,1,5,-2,-1,12147,29047,15103,21285,3580387,3580389,3580384,3580386,0,0,0,0
1790069596.819791,0,5,1,-2,12146,29047,15105,21285,3580477,3580479,3580474,3580476,0,0,0,0
1790069597.0290885,0,-5,-3,-3,12153,29043,15101,21295,3580537,3580539,3580534,3580536,0,0,0,0
1790069597.0350232,0,-1,-8,-3,12159,29042,15099,21298,3580567,3580569,3580564,3580566,0,0,0,0
1790069597.0406487,-1,-3,-2,-3,12159,29039,15097,21297,3580597,3580599,3580594,3580596,0,0,0,0
1790069597.2293317,-5,6,-5,-1,12161,29041,15099,21299,3580627,3580629,3580624,3580626,0,0,0,0
1790069597.2347293,0,-4,-1,0,12175,29037,15096,21310,3580717,3580719,3580714,3580716,0,0,0,0
1790069597.430842,-5,-1,-2,-5,12175,29036,15096,21310,3580747,3580749,3580744,3580746,0,0,0,0
1790069597.4363503,-2,-3,2,-2,12176,29051,15106,21311,3580837,3580839,3580834,3580836,0,0,0,0
1790069597.5675437,-1,2,-3,1,12181,29051,15105,21315,3580897,3580899,3580894,3580896,0,0,0,0
1790069597.6391158,-4,2,-2,2,12185,29054,15106,21317,3580927,3580929,3580924,3580926,0,0,0,0
1790069597.8404717,0,-4,2,2,12187,29054,15106,21319,3580957,3580959,3580954,3580956,0,0,0,0
1790069597.8404717,1,0,-5,-4,12188,29055,15106,21318,3580987,3580989,3580984,3580986,0,0,0,0
1790069597.846032,-1,-5,-2,-1,12189,29057,15106,21318,3581047,3581049,3581044,3581046,0,0,0,0
1790069597.8474789,4,4,-1,-5,12188,29056,15104,21318,3581077,3581079,3581074,3581076,0,0,0,0
1790069598.0484543,2,1,3,4,12188,29054,15102,21318,3581107,3581109,3581104,3581106,0,0,0,0
1790069598.0484543,3,6,1,-3,12184,29056,15105,21314,3581167,3581169,3581164,3581166,0,0,0,0
1790069598.0484543,2,1,2,1,12178,29059,15106,21309,3581197,3581199,3581194,3581196,0,0,0,0
1790069598.2536454,0,2,0,4,12174,29058,15108,21307,3581227,3581229,3581224,3581226,0,0,0,0
1790069598.2546575,4,0,1,-6,12179,29049,15099,21311,3581317,3581319,3581314,3581316,0,0,0,0
1790069598.459349,-2,3,1,2,12175,29048,15100,21310,3581407,3581409,3581404,3581406,0,0,0,0
1790069598.460349,4,4,-4,3,12176,29046,15101,21310,3581437,3581439,3581434,3581436,0,0,0,0
1790069598.5802186,-4,3,0,-3,12179,29043,15098,21314,3581467,3581469,3581464,3581466,0,0,0,0
1790069598.5811975,-1,3,6,-4,12180,29041,15097,21315,3581497,3581499,3581494,3581496,0,0,0,0
1790069598.663572,-6,2,-4,-4,12179,29042,15097,21313,3581527,3581529,3581524,3581526,0,0,0,0
1790069598.6750882,-1,-3,-1,-1,12177,29046,15103,21314,3581557,3581559,3581554,3581556,0,0,0,0
1790069598.8677871,-5,-4,-1,2,12175,29045,15104,21312,3581587,3581589,3581584,3581586,0,0,0,0
1790069598.8695912,-2,-2,-3,-6,12192,29038,15098,21325,3581677,3581679,3581674,3581676,0,0,0,0
1790069599.0716805,-2,3,-2,-4,12199,29053,15108,21330,3581827,3581829,3581824,3581826,0,0,0,0
1790069599.4845083,-4,-4,-2,-4,12209,29056,15106,21337,3581917,3581919,3581914,3581916,0,0,0,0
1790069599.4865754,0,1,2,0,12209,29058,15105,21336,3582007,3582009,3582004,3582006,0,0,0,0
1790069599.4914873,1,6,1,3,12209,29057,15102,21335,3582037,3582039,3582034,3582036,0,0,0,0
1790069599.4925668,-1,-1,-4,-1,12209,29058,15105,21333,3582067,3582069,3582064,3582066,0,0,0,0
1790069599.5799274,2,-2,3,0,12204,29060,15104,21329,3582097,3582099,3582094,3582096,0,0,0,0
1790069599.594757,6,3,-2,-1,12202,29062,15106,21327,3582127,3582129,3582124,3582126,0,0,0,0
1790069599.6922355,-3,0,1,-1,12198,29060,15108,21325,3582187,3582189,3582184,3582186,0,0,0,0
1790069599.8891158,6,-3,0,0,12200,29061,15106,21325,3582217,3582219,3582214,3582216,0,0,0,0
1790069599.8964946,0,-1,-4,4,12199,29057,15104,21326,3582307,3582309,3582304,3582306,0,0,0,0
1790069600.0986495,0,1,-4,-1,12192,29050,15103,21323,3582427,3582429,3582424,3582426,0,0,0,0
1790069600.30199,1,6,-2,-2,12198,29045,15097,21327,3582457,3582459,3582454,3582456,0,0,0,0
1790069600.3029876,-1,-3,4,-4,12200,29042,15096,21329,3582487,3582489,3582484,3582486,0,0,0,0
1790069600.3134825,-3,1,-1,1,12199,29043,15097,21331,3582517,3582519,3582514,3582516,0,0,0,0
1790069600.3134825,1,2,-3,-2,12199,29044,15098,21331,3582547,3582549,3582544,3582546,0,0,0,0
1790069600.508672,-2,0,-4,-6,12198,29049,15105,21330,3582607,3582609,3582604,3582606,0,0,0,0
1790069600.5154324,0,-2,-2,1,12206,29047,15103,21337,3582667,3582669,3582664,3582666,0,0,0,0
1790069600.598942,-5,-11,-2,-1,12210,29044,15099,21339,3582697,3582699,3582694,3582696,0,0,0,0
1790069600.7096224,-4,1,-2,1,12212,29043,15098,21339,3582727,3582729,3582724,3582726,0,0,0,0
1790069600.713583,-2,-2,-2,-2,12209,29049,15104,21339,3582787,3582789,3582784,3582786,0,0,0,0
1790069600.9162228,0,0,1,-3,12215,29050,15104,21342,3582817,3582819,3582814,3582816,0,0,0,0
1790069600.9185495,-6,-2,-4,6,12219,29051,15105,21349,3582847,3582849,3582844,3582846,0,0,0,0
1790069600.9215589,-5,0,-1,-3,12223,29053,15104,21351,3582877,3582879,3582874,3582876,0,0,0,0
1790069600.923505,2,-4,2,-1,12226,29059,15107,21352,3582907,3582909,3582904,3582906,0,0,0,0
1790069601.1232698,5,-2,2,1,12229,29055,15098,21351,3583027,3583029,3583024,3583026,0,0,0,0
1790069601.3246155,0,0,5,0,12230,29055,15098,21353,3583057,3583059,3583054,3583056,0,0,0,0
1790069601.3266864,0,5,-2,1,12227,29056,15099,21351,3583147,3583149,3583144,3583146,0,0,0,0
1790069601.5271926,-2,2,-3,-1,12226,29058,15101,21349,3583177,3583179,3583174,3583176,0,0,0,0
1790069601.53315,2,1,2,2,12217,29057,15101,21338,3583267,3583269,3583264,3583266,0,0,0,0
1790069601.595376,2,2,-2,-1,12208,29054,15101,21335,3583327,3583329,3583324,3583326,0,0,0,0
1790069601.7354944,0,-4,-1,0,12205,29053,15101,21331,3583387,3583389,3583384,3583386,0,0,0,0
1790069601.9372597,1,-1,-1,3,12205,29052,15101,21332,3583417,3583419,3583414,3583416,0,0,0,0
1790069601.9372597,6,0,-5,3,12207,29048,15099,21334,3583447,3583449,3583444,3583446,0,0,0,0
1790069601.9426994,-1,-1,-3,1,12217,29043,15095,21341,3583477,3583479,3583474,3583476,0,0,0,0
1790069601.944186,-3,1,0,-3,12221,29039,15091,21346,3583507,3583509,3583504,3583506,0,0,0,0
1790069601.944186,1,2,0,-5,12224,29037,15088,21349,3583537,3583539,3583534,3583536,0,0,0,0
1790069602.145157,-3,1,-3,-4,12225,29037,15088,21350,3583567,3583569,3583564,3583566,0,0,0,0
1790069602.145157,-5,-2,-3,-10,12223,29041,15093,21349,3583657,3583659,3583654,3583656,0,0,0,0
1790069602.3468783,0,2,0,-4,12231,29041,15096,21354,3583717,3583719,3583714,3583716,0,0,0,0
1790069602.353812,1,-1,-5,-6,12237,29039,15089,21359,3583777,3583779,3583774,3583776,0,0,0,0
1790069602.5538728,-2,4,-5,-1,12236,29041,15091,21358,3583807,3583809,3583804,3583806,0,0,0,0
1790069602.5551813,-4,2,-1,4,12231,29051,15101,21354,3583897,3583899,3583894,3583896,0,0,0,0
1790069602.756338,-3,-5,-4,3,12241,29049,15097,21363,3583957,3583959,3583954,3583956,0,0,0,0
1790069602.9648204,1,0,4,5,12243,29059,15103,21360,3584077,3584079,3584074,3584076,0,0,0,0
1790069602.9648204,0,5,0,-3,12248,29056,15100,21365,3584137,3584139,3584134,3584136,0,0,0,0
1790069603.166268,2,-1,0,0,12249,29057,15099,21366,3584167,3584169,3584164,3584166,0,0,0,0
1790069603.166268,0,-6,3,-3,12249,29058,15098,21363,3584197,3584199,3584194,3584196,0,0,0,0
1790069603.1729934,-3,0,4,3,12250,29057,15097,21365,3584257,3584259,3584254,3584256,0,0,0,0
1790069603.3744113,1,6,-4,-1,12252,29060,15097,21364,3584377,3584379,3584374,3584376,0,0,0,0
1790069603.3744113,5,3,-1,-1,12256,29059,15096,21364,3584407,3584409,3584404,3584406,0,0,0,0
1790069603.5774522,4,-1,0,1,12256,29058,15092,21367,3584437,3584439,3584434,3584436,0,0,0,0
1790069603.5774522,3,2,-1,5,12248,29056,15093,21359,3584527,3584529,3584524,3584526,0,0,0,0
1790069603.7844248,-1,-3,0,-1,12237,29053,15092,21353,3584587,3584589,3584584,3584586,0,0,0,0
1790069603.7913272,2,9,-1,-4,12238,29054,15093,21352,3584617,3584619,3584614,3584616,0,0,0,0
1790069603.7965605,2,2,5,0,12237,29052,15093,21353,3584647,3584649,3584644,3584646,0,0,0,0
1790069603.985504,5,-1,-3,1,12240,29049,15091,21354,3584707,3584709,3584704,3584706,0,0,0,0
1790069603.99229,0,2,1,-1,12238,29048,15092,21354,3584737,3584739,3584734,3584736,0,0,0,0
1790069603.99229,2,7,2,-4,12238,29046,15091,21355,3584767,3584769,3584764,3584766,0,0,0,0
1790069604.1924767,-3,5,0,-1,12242,29044,15091,21357,3584827,3584829,3584824,3584826,0,0,0,0
1790069604.1938736,-3,0,0,-3,12245,29045,15089,21359,3584857,3584859,3584854,3584856,0,0,0,0
1790069604.3957996,1,-5,-2,-5,12247,29046,15091,21361,3584887,3584889,3584884,3584886,0,0,0,0
1790069604.3957996,-3,-5,-4,-5,12248,29043,15090,21363,3584947,3584949,3584944,3584946,0,0,0,0
1790069604.4081142,-2,-2,-3,-3,12257,29042,15087,21369,3584977,3584979,3584974,3584976,0,0,0,0
1790069604.4091253,-3,3,-2,-1,12260,29037,15085,21372,3585007,3585009,3585004,3585006,0,0,0,0
1790069604.589619,-4,0,-6,-5,12264,29039,15084,21374,3585037,3585039,3585034,3585036,0,0,0,0
1790069604.589619,1,-1,-1,-2,12265,29040,15084,21375,3585067,3585069,3585064,3585066,0,0,0,0
1790069604.5961804,-2,0,-3,-4,12267,29040,15084,21377,3585097,3585099,3585094,3585096,0,0,0,0
1790069604.8047588,-1,-1,0,-2,12272,29042,15085,21380,3585127,3585129,3585124,3585126,0,0,0,0
1790069604.8047588,-1,-9,-1,3,12280,29039,15080,21385,3585187,3585189,3585184,3585186,0,0,0,0
1790069604.8047588,-4,2,-5,-2,12284,29041,15080,21388,3585217,3585219,3585214,3585216,0,0,0,0
1790069605.0128648,-2,-9,-1,0,12291,29044,15081,21394,3585367,3585369,3585364,3585366,0,0,0,0
1790069605.2203648,-5,0,-2,-1,12296,29053,15085,21393,3585487,3585489,3585484,3585486,0,0,0,0
1790069605.4227235,3,2,6,-1,12295,29061,15089,21391,3585607,3585609,3585604,3585606,0,0,0,0
1790069605.5963633,-3,-2,0,-1,12298,29058,15082,21395,3585667,3585669,3585664,3585666,0,0,0,0
1790069605.611211,-4,3,2,-1,12307,29053,15079,21395,3585727,3585729,3585724,3585726,0,0,0,0
1790069605.831232,5,3,4,2,12308,29053,15076,21399,3585787,3585789,3585784,3585786,0,0,0,0
1790069606.0342128,-2,2,1,-2,12302,29055,15081,21391,3585877,3585879,3585874,3585876,0,0,0,0
1790069606.0342128,2,-1,-3,7,12303,29049,15073,21391,3585937,3585939,3585934,3585936,0,0,0,0
1790069606.039276,7,-2,1,2,12304,29044,15070,21393,3585997,3585999,3585994,3585996,0,0,0,0
1790069606.24142,3,1,0,2,12307,29043,15067,21395,3586087,3586089,3586084,3586086,0,0,0,0
1790069606.255517,-6,0,-1,3,12303,29042,15070,21391,3586117,3586119,3586114,3586116,0,0,0,0
1790069606.3722217,-2,6,0,-1,12309,29035,15063,21396,3586207,3586209,3586204,3586206,0,0,0,0
1790069606.4357069,2,1,0,-7,12313,29034,15063,21398,3586237,3586239,3586234,3586236,0,0,0,0
1790069606.5959792,-2,-3,-1,3,12313,29036,15065,21399,3586297,3586299,3586294,3586296,0,0,0,0
1790069606.6155622,0,4,-3,-7,12313,29036,15065,21399,3586327,3586329,3586324,3586326,0,0,0,0
1790069606.6445954,0,2,2,-8,12315,29035,15064,21403,3586357,3586359,3586354,3586356,0,0,0,0
1790069606.85317,-2,-1,5,-4,12319,29032,15064,21404,3586387,3586389,3586384,3586386,0,0,0,0
1790069606.85317,2,4,0,-1,12322,29032,15062,21409,3586417,3586419,3586414,3586416,0,0,0,0
1790069606.860161,0,-3,1,-3,12325,29033,15062,21410,3586447,3586449,3586444,3586446,0,0,0,0
1790069606.860161,-6,1,0,-1,12325,29035,15064,21410,3586477,3586479,3586474,3586476,0,0,0,0
1790069606.8740137,-5,-3,-8,-5,12330,29034,15065,21413,3586507,3586509,3586504,3586506,0,0,0,0
1790069607.061647,-6,-1,-3,1,12344,29029,15056,21426,3586567,3586569,3586564,3586566,0,0,0,0
1790069607.068692,-6,-4,-1,-2,12350,29030,15055,21429,3586597,3586599,3586594,3586596,0,0,0,0
1790069607.068692,-2,-1,-3,2,12354,29030,15054,21432,3586627,3586629,3586624,3586626,0,0,0,0
1790069607.2685215,-1,-1,2,-5,12361,29032,15051,21438,3586687,3586689,3586684,3586686,0,0,0,0
1790069607.276235,1,-5,-1,-1,12364,29032,15053,21440,3586747,3586749,3586744,3586746,0,0,0,0
1790069607.4711225,-2,-3,0,-3,12361,29038,15056,21436,3586807,3586809,3586804,3586806,0,0,0,0
1790069607.4717472,-1,-4,-5,-1,12355,29045,15061,21433,3586837,3586839,3586834,3586836,0,0,0,0
1790069607.603982,0,-6,-3,1,12361,29046,15060,21434,3586927,3586929,3586924,3586926,0,0,0,0
1790069607.672803,-1,2,2,0,12365,29043,15056,21438,3586957,3586959,3586954,3586956,0,0,0,0
1790069607.8796062,-4,0,-1,-2,12370,29042,15053,21441,3586987,3586989,3586984,3586986,0,0,0,0
1790069607.881113,2,-2,-1,2,12364,29047,15057,21433,3587107,3587109,3587104,3587106,0,0,0,0
1790069608.0820272,0,0,3,2,12369,29045,15053,21434,3587167,3587169,3587164,3587166,0,0,0,0
1790069608.0948544,-2,4,-5,-1,12368,29039,15047,21433,3587227,3587229,3587224,3587226,0,0,0,0
1790069608.289578,0,2,0,-3,12368,29041,15049,21432,3587257,3587259,3587254,3587256,0,0,0,0
1790069608.2909248,5,4,-2,0,12365,29040,15050,21431,3587287,3587289,3587284,3587286,0,0,0,0
1790069608.2959154,5,8,-2,-2,12368,29038,15049,21432,3587347,3587349,3587344,3587346,0,0,0,0
1790069608.4939177,0,7,-1,-1,12373,29036,15046,21435,3587377,3587379,3587374,3587376,0,0,0,0
1790069608.4959161,-2,1,1,1,12382,29026,15035,21443,3587467,3587469,3587464,3587466,0,0,0,0
1790069608.609896,-3,-1,-1,-5,12369,29032,15043,21434,3587527,3587529,3587524,3587526,0,0,0,0
1790069608.901249,-4,-1,1,-3,12381,29024,15039,21445,3587647,3587649,3587644,3587646,0,0,0,0
1790069608.907049,0,0,-3,-3,12381,29024,15040,21446,3587677,3587679,3587674,3587676,0,0,0,0
1790069608.908058,0,-1,-1,-5,12380,29027,15042,21444,3587707,3587709,3587704,3587706,0,0,0,0
1790069609.1087952,1,-5,-1,-2,12380,29032,15048,21446,3587767,3587769,3587764,3587766,0,0,0,0
1790069609.1157844,-2,-1,-9,-2,12395,29027,15041,21457,3587827,3587829,3587824,3587826,0,0,0,0
1790069609.3112726,-2,-5,0,-2,12399,29030,15041,21461,3587887,3587889,3587884,3587886,0,0,0,0
1790069609.3112726,-4,2,-2,-1,12400,29037,15047,21459,3587947,3587949,3587944,3587946,0,0,0,0
1790069609.5181153,-2,2,-1,1,12404,29039,15047,21460,3587977,3587979,3587974,3587976,0,0,0,0
1790069609.5274818,-3,-3,-3,-1,12412,29039,15043,21466,3588037,3588039,3588034,3588036,0,0,0,0
1790069609.5330775,2,2,1,1,12418,29034,15038,21472,3588067,3588069,3588064,3588066,0,0,0,0
1790069609.6105068,-4,2,-1,-4,12427,29032,15032,21477,3588097,3588099,3588094,3588096,0,0,0,0
1790069609.615669,-3,3,-3,-4,12431,29032,15029,21479,3588127,3588129,3588124,3588126,0,0,0,0
1790069609.7203717,3,0,-1,4,12434,29037,15031,21480,3588187,3588189,3588184,3588186,0,0,0,0
1790069609.927731,-6,-2,0,-2,12438,29036,15029,21482,3588247,3588249,3588244,3588246,0,0,0,0
1790069609.9290442,5,3,-2,0,12441,29037,15027,21483,3588277,3588279,3588274,3588276,0,0,0,0
1790069609.9290442,3,4,-2,-2,12445,29037,15025,21485,3588307,3588309,3588304,3588306,0,0,0,0
1790069610.3372626,1,-2,-2,-4,12455,29032,15020,21489,3588367,3588369,3588364,3588366,0,0,0,0
1790069610.338897,-1,-1,-3,0,12459,29033,15017,21487,3588517,3588519,3588514,3588516,0,0,0,0
1790069610.429983,1,0,0,5,12465,29028,15012,21491,3588607,3588609,3588604,3588606,0,0,0,0
1790069610.4707975,2,3,-3,-1,12463,29025,15011,21490,3588637,3588639,3588634,3588636,0,0,0,0
1790069610.6171026,2,2,-3,-3,12465,29028,15011,21489,3588667,3588669,3588664,3588666,0,0,0,0
1790069610.7471547,-2,-3,4,1,12463,29028,15014,21486,3588787,3588789,3588784,3588786,0,0,0,0
1790069610.9500585,-1,2,-4,-2,12464,29028,15015,21486,3588817,3588819,3588814,3588816,0,0,0,0
1790069610.9500585,3,0,7,2,12473,29023,15011,21497,3588877,3588879,3588874,3588876,0,0,0,0
1790069610.9558818,-5,2,-2,2,12474,29024,15011,21499,3588937,3588939,3588934,3588936,0,0,0,0
1790069611.1566677,2,0,0,-5,12475,29027,15014,21496,3588997,3588999,3588994,3588996,0,0,0,0
1790069611.157875,1,-3,-4,-6,12483,29028,15015,21502,3589057,3589059,3589054,3589056,0,0,0,0
1790069611.3606663,1,-5,-3,-6,12485,29026,15014,21505,3589087,3589089,3589084,3589086,0,0,0,0
1790069611.362705,0,-1,0,-6,12498,29026,15009,21513,3589147,3589149,3589144,3589146,0,0,0,0
1790069611.3650253,2,-2,-1,1,12503,29025,15008,21519,3589177,3589179,3589174,3589176,0,0,0,0
1790069611.5636854,-1,-2,-2,-2,12526,29023,15000,21536,3589267,3589269,3589264,3589266,0,0,0,0
1790069611.5757957,-3,-7,-1,-3,12531,29021,14996,21540,3589297,3589299,3589294,3589296,0,0,0,0
1790069611.6252148,1,-1,-2,-2,12538,29023,14996,21545,3589327,3589329,3589324,3589326,0,0,0,0
1790069611.6311636,-1,-6,0,-1,12537,29025,14994,21544,3589357,3589359,3589354,3589356,0,0,0,0
1790069611.7696402,0,-1,0,-2,12537,29025,14996,21542,3589417,3589419,3589414,3589416,0,0,0,0
1790069611.971562,-2,0,3,-3,12546,29029,14996,21547,3589477,3589479,3589474,3589476,0,0,0,0
1790069611.976897,1,1,-1,-2,12548,29032,14995,21545,3589507,3589509,3589504,3589506,0,0,0,0
1790069611.983721,0,3,4,1,12548,29036,14995,21545,3589567,3589569,3589564,3589566,0,0,0,0
1790069612.1791837,2,4,3,2,12551,29035,14995,21546,3589597,3589599,3589594,3589596,0,0,0,0
1790069612.1791837,1,-1,-2,1,12556,29033,14992,21548,3589627,3589629,3589624,3589626,0,0,0,0
1790069612.1864097,-1,-3,-3,5,12561,29030,14989,21548,3589657,3589659,3589654,3589656,0,0,0,0
1790069612.1864097,1,-2,0,1,12565,29029,14986,21551,3589687,3589689,3589684,3589686,0,0,0,0
1790069612.3805993,3,-2,4,5,12568,29027,14982,21555,3589717,3589719,3589714,3589716,0,0,0,0
1790069612.3944821,7,1,-1,0,12572,29026,14981,21555,3589807,3589809,3589804,3589806,0,0,0,0
1790069612.5888605,4,4,-4,3,12575,29027,14981,21553,3589867,3589869,3589864,3589866,0,0,0,0
1790069612.59473,-3,3,0,-1,12581,29026,14980,21558,3589927,3589929,3589924,3589926,0,0,0,0
1790069612.79626,-1,-5,-2,-4,12587,29024,14975,21561,3589987,3589989,3589984,3589986,0,0,0,0
1790069612.8101678,-1,1,2,1,12593,29022,14972,21564,3590047,3590049,3590044,3590046,0,0,0,0
1790069612.9985142,0,3,0,1,12595,29021,14971,21564,3590077,3590079,3590074,3590076,0,0,0,0
1790069612.9985142,5,-2,-1,-2,12595,29023,14973,21566,3590107,3590109,3590104,3590106,0,0,0,0
1790069613.0060115,3,1,-3,3,12593,29025,14976,21561,3590167,3590169,3590164,3590166,0,0,0,0
1790069613.2015429,-4,-1,1,1,12602,29024,14973,21566,3590227,3590229,3590224,3590226,0,0,0,0
1790069613.2070577,-3,-3,-1,-1,12606,29023,14970,21569,3590287,3590289,3590284,3590286,0,0,0,0
1790069613.4083054,0,-1,1,-5,12607,29023,14971,21569,3590317,3590319,3590314,3590316,0,0,0,0
1790069613.4083054,3,2,-3,-8,12613,29023,14968,21573,3590407,3590409,3590404,3590406,0,0,0,0
1790069613.610051,-4,-2,3,3,12621,29020,14965,21579,3590467,3590469,3590464,3590466,0,0,0,0
1790069613.818255,2,-5,-3,-3,12626,29026,14971,21584,3590587,3590589,3590584,3590586,0,0,0,0
1790069613.818255,-3,-2,-3,0,12644,29017,14958,21598,3590647,3590649,3590644,3590646,0,0,0,0
1790069614.0253232,-5,1,-3,3,12663,29013,14949,21612,3590797,3590799,3590794,3590796,0,0,0,0
1790069614.2280734,-1,0,-1,-6,12661,29015,14951,21610,3590827,3590829,3590824,3590826,0,0,0,0
1790069614.2280734,3,-2,2,-4,12660,29021,14956,21605,3590887,3590889,3590884,3590886,0,0,0,0
1790069614.234574,3,-5,-5,-1,12662,29022,14955,21607,3590917,3590919,3590914,3590916,0,0,0,0
1790069614.428753,1,-2,1,0,12664,29017,14952,21610,3590947,3590949,3590944,3590946,0,0,0,0
1790069614.4351106,-7,0,-4,-3,12674,29013,14945,21619,3591037,3591039,3591034,3591036,0,0,0,0
1790069614.6446438,-1,2,-4,-3,12675,29014,14944,21617,3591067,3591069,3591064,3591066,0,0,0,0
1790069614.8381782,0,-3,-1,-4,12674,29018,14949,21617,3591187,3591189,3591184,3591186,0,0,0,0
1790069614.8381782,-5,2,-3,-1,12675,29018,14947,21618,3591217,3591219,3591214,3591216,0,0,0,0
1790069614.852902,-1,2,-3,0,12673,29020,14951,21615,3591277,3591279,3591274,3591276,0,0,0,0
1790069615.0471578,-1,0,-2,-4,12674,29021,14951,21615,3591307,3591309,3591304,3591306,0,0,0,0
1790069615.0471578,1,-1,2,2,12676,29020,14949,21617,3591337,3591339,3591334,3591336,0,0,0,0
1790069615.053995,0,-1,-4,-2,12678,29023,14952,21617,3591397,3591399,3591394,3591396,0,0,0,0
1790069615.2482193,-4,-1,3,-2,12677,29022,14951,21617,3591427,3591429,3591424,3591426,0,0,0,0
1790069615.2548747,1,-6,-7,1,12678,29022,14951,21615,3591457,3591459,3591454,3591456,0,0,0,0
1790069615.2548747,1,1,1,-3,12680,29023,14950,21617,3591517,3591519,3591514,3591516,0,0,0,0
1790069615.4570022,-5,-6,-8,5,12681,29022,14950,21619,3591577,3591579,3591574,3591576,0,0,0,0
1790069615.469668,3,-1,-10,1,12681,29024,14950,21618,3591637,3591639,3591634,3591636,0,0,0,0
1790069615.6374094,-4,-5,-1,0,12683,29023,14951,21619,3591697,3591699,3591694,3591696,0,0,0,0
1790069615.6437192,0,1,-3,6,12687,29024,14950,21623,3591727,3591729,3591724,3591726,0,0,0,0
1790069615.866619,-2,-3,-5,-5,12689,29022,14948,21624,3591787,3591789,3591784,3591786,0,0,0,0
1790069615.866619,1,0,-6,-1,12688,29024,14952,21622,3591847,3591849,3591844,3591846,0,0,0,0
1790069615.8730876,2,-2,-3,-1,12686,29027,14953,21621,3591877,3591879,3591874,3591876,0,0,0,0
1790069616.0727642,-1,-1,-2,-6,12687,29026,14954,21622,3591967,3591969,3591964,3591966,0,0,0,0
1790069616.2763124,0,1,1,-1,12692,29025,14952,21626,3592027,3592029,3592024,3592026,0,0,0,0
1790069616.2763124,1,3,-2,-1,12688,29029,14955,21621,3592117,3592119,3592114,3592116,0,0,0,0
1790069616.4772782,4,1,-1,-7,12691,29029,14955,21625,3592147,3592149,3592144,3592146,0,0,0,0
1790069616.4822917,1,-1,-8,-2,12689,29034,14958,21623,3592237,3592239,3592234,3592236,0,0,0,0
1790069616.6435018,-2,0,1,-4,12688,29035,14960,21620,3592267,3592269,3592264,3592266,0,0,0,0
1790069616.6435018,-4,0,-4,-10,12689,29036,14961,21621,3592297,3592299,3592294,3592296,0,0,0,0
1790069616.6505682,-1,-1,-1,0,12693,29035,14960,21624,3592327,3592329,3592324,3592326,0,0,0,0
1790069616.6784534,2,-2,-1,-3,12693,29035,14960,21626,3592357,3592359,3592354,3592356,0,0,0,0
1790069616.89008,-3,1,-7,-3,12694,29036,14959,21626,3592387,3592389,3592384,3592386,0,0,0,0
1790069616.8910794,-1,-4,1,1,12696,29035,14957,21628,3592447,3592449,3592444,3592446,0,0,0,0
1790069616.8946488,0,-4,-4,-5,12700,29034,14956,21632,3592477,3592479,3592474,3592476,0,0,0,0
1790069616.9774256,-1,-1,2,-1,12699,29035,14957,21632,3592507,3592509,3592504,3592506,0,0,0,0
1790069617.0950298,-7,0,-2,-1,12695,29041,14961,21628,3592567,3592569,3592564,3592566,0,0,0,0
1790069617.297589,-4,1,0,1,12701,29036,14957,21632,3592657,3592659,3592654,3592656,0,0,0,0
1790069617.297589,-3,-2,-2,-4,12700,29038,14958,21630,3592747,3592749,3592744,3592746,0,0,0,0
1790069617.5045636,-1,1,0,1,12705,29035,14955,21635,3592807,3592809,3592804,3592806,0,0,0,0
1790069617.5045636,0,0,-3,0,12704,29035,14954,21635,3592837,3592839,3592834,3592836,0,0,0,0
1790069617.512052,3,0,-3,-3,12701,29038,14957,21632,3592867,3592869,3592864,3592866,0,0,0,0
1790069617.6576638,-3,-4,2,4,12699,29042,14960,21629,3592897,3592899,3592894,3592896,0,0,0,0
1790069617.6576638,0,-7,-3,2,12698,29040,14962,21628,3592927,3592929,3592924,3592926,0,0,0,0
1790069617.662729,0,-4,0,-1,12700,29038,14961,21629,3592957,3592959,3592954,3592956,0,0,0,0
1790069617.6716652,-1,2,-4,-6,12703,29037,14956,21633,3592987,3592989,3592984,3592986,0,0,0,0
1790069617.9137774,1,1,-1,-3,12706,29035,14954,21636,3593017,3593019,3593014,3593016,0,0,0,0
1790069617.914802,-5,-2,-5,0,12705,29036,14956,21634,3593047,3593049,3593044,3593046,0,0,0,0
1790069617.9157937,0,-3,-9,-6,12701,29039,14959,21630,3593077,3593079,3593074,3593076,0,0,0,0
1790069618.1161766,0,-6,0,2,12702,29041,14962,21630,3593107,3593109,3593104,3593106,0,0,0,0
1790069618.1161766,-1,-5,0,-2,12703,29039,14958,21632,3593137,3593139,3593134,3593136,0,0,0,0
1790069618.1227794,1,-1,-6,-2,12702,29039,14960,21633,3593197,3593199,3593194,3593196,0,0,0,0
1790069618.1310422,2,-1,-1,0,12702,29042,14961,21631,3593257,3593259,3593254,3593256,0,0,0,0
1790069618.324297,-2,-4,-3,-4,12701,29046,14963,21631,3593317,3593319,3593314,3593316,0,0,0,0
1790069618.3311977,-3,-1,-4,-4,12705,29048,14966,21632,3593377,3593379,3593374,3593376,0,0,0,0
1790069618.5255902,-4,3,-3,3,12709,29045,14962,21636,3593437,3593439,3593434,3593436,0,0,0,0
1790069618.53223,-1,-2,5,2,12705,29047,14963,21632,3593497,3593499,3593494,3593496,0,0,0,0
1790069618.664006,0,0,3,-3,12705,29050,14966,21632,3593527,3593529,3593524,3593526,0,0,0,0
1790069618.732712,-1,-3,-1,-1,12706,29046,14962,21634,3593587,3593589,3593584,3593586,0,0,0,0
1790069618.733726,3,0,-10,-2,12708,29043,14960,21636,3593617,3593619,3593614,3593616,0,0,0,0
1790069618.9354718,1,-2,-3,-3,12709,29044,14962,21635,3593677,3593679,3593674,3593676,0,0,0,0
1790069618.9416075,-4,0,2,0,12710,29044,14961,21638,3593737,3593739,3593734,3593736,0,0,0,0
1790069619.1432235,-3,-3,0,-3,12713,29043,14957,21639,3593857,3593859,3593854,3593856,0,0,0,0
1790069619.3499281,-2,-3,-1,-3,12710,29047,14962,21635,3593887,3593889,3593884,3593886,0,0,0,0
1790069619.3519394,0,3,-1,0,12710,29046,14962,21635,3593947,3593949,3593944,3593946,0,0,0,0
1790069619.5514328,2,4,-3,-2,12714,29042,14958,21640,3594007,3594009,3594004,3594006,0,0,0,0
1790069619.552889,2,4,-3,-2,12714,29042,14958,21640,3594007,3594009,3594004,3594006,0,0,0,0
1790069619.552889,-2,-5,-3,-4,12709,29047,14963,21636,3594067,3594069,3594064,3594066,0,0,0,0
1790069619.6646712,3,-2,1,-8,12706,29050,14965,21632,3594097,3594099,3594094,3594096,0,0,0,0
1790069619.6693661,-5,-5,-7,-1,12709,29049,14966,21634,3594127,3594129,3594124,3594126,0,0,0,0
1790069619.67083,-4,-4,-2,-3,12710,29048,14962,21636,3594187,3594189,3594184,3594186,0,0,0,0
1790069619.9630673,3,-5,-1,-2,12708,29051,14966,21632,3594307,3594309,3594304,3594306,0,0,0,0
1790069619.9699862,-2,-2,1,1,12708,29053,14969,21632,3594367,3594369,3594364,3594366,0,0,0,0
1790069620.1706524,-1,-4,2,-3,12713,29048,14961,21638,3594427,3594429,3594424,3594426,0,0,0,0
1790069620.1709714,-1,-2,-2,-1,12719,29043,14957,21642,3594487,3594489,3594484,3594486,0,0,0,0
1790069620.3717182,-1,-3,-6,0,12712,29051,14963,21634,3594577,3594579,3594574,3594576,0,0,0,0
1790069620.5736227,1,-2,0,-4,12715,29052,14966,21637,3594607,3594609,3594604,3594606,0,0,0,0
1790069620.5804253,-3,-2,-1,0,12717,29049,14963,21639,3594637,3594639,3594634,3594636,0,0,0,0
1790069620.5937994,-5,-2,-2,-8,12718,29050,14961,21638,3594727,3594729,3594724,3594726,0,0,0,0
1790069620.671149,-3,-6,-4,-5,12716,29053,14964,21636,3594757,3594759,3594754,3594756,0,0,0,0
1790069620.7805238,2,-1,-6,-1,12713,29054,14967,21636,3594787,3594789,3594784,3594786,0,0,0,0
1790069620.7873297,0,-6,-5,1,12713,29054,14967,21636,3594847,3594849,3594844,3594846,0,0,0,0
1790069620.9834607,0,2,-3,-7,12715,29055,14967,21637,3594907,3594909,3594904,3594906,0,0,0,0
1790069620.9887233,2,-2,2,-6,12716,29056,14968,21636,3594967,3594969,3594964,3594966,0,0,0,0
1790069621.1914306,-4,-1,-1,3,12718,29056,14969,21637,3594997,3594999,3594994,3594996,0,0,0,0
1790069621.1914306,0,-1,-1,-2,12720,29056,14966,21639,3595087,3595089,3595084,3595086,0,0,0,0
1790069621.3933976,-3,-5,3,3,12719,29063,14971,21636,3595147,3595149,3595144,3595146,0,0,0,0
1790069621.3982677,-4,1,3,-4,12717,29064,14973,21636,3595207,3595209,3595204,3595206,0,0,0,0
1790069621.6017435,-1,-3,3,-2,12718,29064,14971,21635,3595237,3595239,3595234,3595236,0,0,0,0
1790069621.6017435,-3,2,5,-4,12718,29063,14971,21636,3595267,3595269,3595264,3595266,0,0,0,0
1790069621.6151845,0,-11,2,0,12719,29063,14970,21636,3595297,3595299,3595294,3595296,0,0,0,0
1790069621.6151845,1,-5,0,-1,12719,29064,14969,21637,3595327,3595329,3595324,3595326,0,0,0,0
1790069621.6918952,2,0,1,0,12722,29062,14968,21638,3595357,3595359,3595354,3595356,0,0,0,0
1790069621.803235,0,-4,-3,-13,12725,29064,14969,21641,3595387,3595389,3595384,3595386,0,0,0,0
1790069621.8097913,-2,0,1,2,12720,29066,14971,21638,3595447,3595449,3595444,3595446,0,0,0,0
1790069622.0113883,1,-6,3,3,12724,29063,14967,21641,3595507,3595509,3595504,3595506,0,0,0,0
1790069622.0140166,2,-1,5,-3,12725,29063,14965,21640,3595597,3595599,3595594,3595596,0,0,0,0
1790069622.2126362,-1,-4,1,0,12720,29069,14974,21635,3595717,3595719,3595714,3595716,0,0,0,0
1790069622.4209254,1,-1,-1,-1,12721,29066,14969,21636,3595807,3595809,3595804,3595806,0,0,0,0
1790069622.4335446,-1,2,4,0,12724,29064,14968,21638,3595837,3595839,3595834,3595836,0,0,0,0
1790069622.6260378,-4,-8,4,-6,12726,29067,14968,21639,3595957,3595959,3595954,3595956,0,0,0,0
1790069622.6914513,-2,3,-3,-2,12727,29066,14968,21640,3595987,3595989,3595984,3595986,0,0,0,0
1790069622.8294911,9,3,8,8,12728,29066,14966,21642,3596017,3596019,3596014,3596016,0,0,0,0
1790069622.8305006,-1,-4,2,3,12726,29064,14964,21640,3596047,3596049,3596044,3596046,0,0,0,0
1790069622.8305006,-4,1,-3,3,12724,29066,14968,21638,3596077,3596079,3596074,3596076,0,0,0,0
1790069623.0316722,4,-1,3,1,12721,29069,14973,21636,3596107,3596109,3596104,3596106,0,0,0,0
1790069623.0369294,-1,-3,2,2,12723,29071,14973,21636,3596167,3596169,3596164,3596166,0,0,0,0
1790069623.0369294,-4,-4,0,-2,12722,29072,14973,21635,3596197,3596199,3596194,3596196,0,0,0,0
1790069623.240497,3,-1,6,1,12723,29072,14971,21635,3596317,3596319,3596314,3596316,0,0,0,0
1790069623.441586,-6,-2,-3,3,12731,29067,14967,21643,3596437,3596439,3596434,3596436,0,0,0,0
1790069623.6496246,0,1,0,0,12728,29069,14971,21640,3596527,3596529,3596524,3596526,0,0,0,0
1790069623.6496246,3,-4,4,1,12728,29070,14972,21641,3596557,3596559,3596554,3596556,0,0,0,0
1790069623.6913788,-5,1,1,4,12730,29070,14971,21641,3596587,3596589,3596584,3596586,0,0,0,0
1790069623.850873,0,-4,-2,-1,12728,29076,14974,21638,3596677,3596679,3596674,3596676,0,0,0,0
1790069624.0582993,8,-3,-4,0,12727,29077,14975,21637,3596707,3596709,3596704,3596706,0,0,0,0
1790069624.0593321,-1,-1,-3,1,12739,29067,14964,21648,3596797,3596799,3596794,3596796,0,0,0,0
1790069624.2609951,2,-3,0,0,12731,29074,14970,21640,3596917,3596919,3596914,3596916,0,0,0,0
1790069624.4693136,4,-7,1,3,12733,29076,14969,21639,3597037,3597039,3597034,3597036,0,0,0,0
1790069624.6702523,-5,-1,2,3,12735,29079,14972,21637,3597067,3597069,3597064,3597066,0,0,0,0
1790069624.6702523,3,4,-1,7,12733,29076,14969,21639,3597097,3597099,3597094,3597096,0,0,0,0
1790069624.6770592,1,3,-2,-4,12735,29074,14966,21638,3597157,3597159,3597154,3597156,0,0,0,0
1790069624.878188,-2,0,-1,2,12731,29077,14972,21634,3597247,3597249,3597244,3597246,0,0,0,0
1790069625.0175927,3,-3,1,2,12731,29079,14972,21633,3597337,3597339,3597334,3597336,0,0,0,0
1790069625.032927,-3,4,6,4,12728,29081,14975,21629,3597367,3597369,3597364,3597366,0,0,0,0
1790069625.0946658,1,0,2,0,12729,29080,14972,21629,3597397,3597399,3597394,3597396,0,0,0,0
1790069625.287474,0,6,2,5,12734,29072,14964,21634,3597457,3597459,3597454,3597456,0,0,0,0
1790069625.294528,2,7,-8,4,12737,29075,14967,21632,3597517,3597519,3597514,3597516,0,0,0,0
1790069625.6964447,1,0,0,4,12733,29074,14968,21629,3597547,3597549,3597544,3597546,0,0,0,0
1790069625.6974523,3,1,1,1,12731,29074,14969,21627,3597697,3597699,3597694,3597696,0,0,0,0
1790069625.6974523,1,1,1,1,12732,29077,14970,21629,3597757,3597759,3597754,3597756,0,0,0,0
1790069625.7137358,1,7,0,0,12734,29071,14966,21631,3597787,3597789,3597784,3597786,0,0,0,0
1790069625.8991294,-1,1,2,1,12731,29068,14965,21630,3597877,3597879,3597874,3597876,0,0,0,0
1790069625.913394,-1,2,3,3,12732,29068,14967,21629,3597907,3597909,3597904,3597906,0,0,0,0
1790069626.1067507,-1,0,-7,-3,12735,29065,14964,21632,3597997,3597999,3597994,3597996,0,0,0,0
1790069626.1137445,1,6,-4,-3,12730,29071,14971,21629,3598027,3598029,3598024,3598026,0,0,0,0
1790069626.308377,2,3,-5,2,12727,29073,14973,21627,3598057,3598059,3598054,3598056,0,0,0,0
1790069626.308377,2,0,-2,3,12732,29071,14972,21629,3598117,3598119,3598114,3598116,0,0,0,0
1790069626.308377,0,3,3,-5,12733,29070,14969,21630,3598147,3598149,3598144,3598146,0,0,0,0
1790069626.516288,-3,-2,3,-1,12731,29071,14973,21630,3598267,3598269,3598264,3598266,0,0,0,0
1790069626.6981533,-3,-2,4,-1,12720,29057,14956,21625,3598327,3598329,3598324,3598326,0,0,0,0
1790069626.7113066,-4,0,-2,-3,12721,29056,14956,21626,3598357,3598359,3598354,3598356,0,0,0,0
1790069626.7113066,1,3,0,1,12720,29056,14955,21626,3598387,3598389,3598384,3598386,0,0,0,0
1790069626.925589,-3,2,7,-2,12717,29057,14956,21623,3598447,3598449,3598444,3598446,0,0,0,0
1790069626.9269636,0,1,-3,0,12718,29056,14956,21625,3598507,3598509,3598504,3598506,0,0,0,0
1790069627.1279955,-1,2,1,3,12719,29056,14956,21624,3598567,3598569,3598564,3598566,0,0,0,0
1790069627.1342933,3,-1,-2,-1,12718,29056,14956,21624,3598627,3598629,3598624,3598626,0,0,0,0
1790069627.3292265,-3,-2,-6,0,12719,29056,14955,21624,3598657,3598659,3598654,3598656,0,0,0,0
1790069627.335017,-5,0,-1,5,12718,29056,14956,21625,3598687,3598689,3598684,3598686,0,0,0,0
1790069627.337562,-1,-3,-1,1,12718,29056,14956,21624,3598717,3598719,3598714,3598716,0,0,0,0
1790069627.3431678,2,-2,1,-1,12718,29056,14955,21623,3598747,3598749,3598744,3598746,0,0,0,0
1790069627.3488786,-1,-1,2,1,12718,29056,14955,21623,3598777,3598779,3598774,3598776,0,0,0,0
1790069627.5374806,-5,2,2,3,12718,29056,14955,21624,3598807,3598809,3598804,3598806,0,0,0,0
1790069627.5393503,1,-1,-4,3,12718,29056,14956,21623,3598837,3598839,3598834,3598836,0,0,0,0
1790069627.5503104,1,-1,4,0,12718,29056,14955,21624,3598867,3598869,3598864,3598866,0,0,0,0
1790069628.3569982,-1,-3,-1,-2,12718,29056,14956,21623,3599347,3599349,3599344,3599346,0,0,0,0
1790069628.369389,-1,0,-8,-3,12718,29056,14955,21623,3599407,3599409,3599404,3599406,0,0,0,0
1790069628.5642226,3,-3,-4,-1,12718,29056,14955,21624,3599437,3599439,3599434,3599436,0,0,0,0
1790069628.5730584,-2,3,4,0,12717,29056,14955,21624,3599461,3599457,3599458,3599460,0,0,0,0
1790069628.7045863,-2,3,4,0,12717,29056,14955,21624,3599461,3599457,3599458,3599460,0,0,0,0
1790069628.7670848,-2,3,4,0,12717,29056,14955,21624,3599461,3599457,3599458,3599460,0,0,0,0
1790069628.7939618,-2,3,4,0,12717,29056,14955,21624,3599461,3599457,3599458,3599460,0,0,0,0
1790069628.9736118,-2,3,4,0,12717,29056,14955,21624,3599461,3599457,3599458,3599460,0,0,0,0
1790069629.1762064,-2,3,4,0,12717,29056,14955,21624,3599461,3599457,3599458,3599460,0,0,0,0
1790069629.190102,-2,3,4,0,12717,29056,14955,21624,3599461,3599457,3599458,3599460,0,0,0,0
1790069629.190102,-2,3,4,0,12717,29056,14955,21624,3599461,3599457,3599458,3599460,0,0,0,0
1790069629.3844404,-1,-1,1,3,12712,29044,14943,21619,3600007,3600009,3600004,3600006,0,0,0,0
1790069629.5863216,-1,1,-3,1,12712,29045,14943,21619,3600037,3600039,3600034,3600036,0,0,0,0
1790069629.5863216,-2,3,-3,0,12712,29044,14943,21619,3600127,3600129,3600124,3600126,0,0,0,0
1790069629.711807,4,2,2,0,12712,29044,14943,21619,3600157,3600159,3600154,3600156,0,0,0,0
1790069629.7169793,0,-6,5,4,12712,29046,14944,21618,3600187,3600189,3600184,3600186,0,0,0,0
1790069629.793026,-2,-1,-4,-2,12711,29044,14943,21618,3600247,3600249,3600244,3600246,0,0,0,0
1790069629.9961216,-5,-1,-5,-2,12712,29045,14943,21619,3600277,3600279,3600274,3600276,0,0,0,0
1790069629.9961216,-5,5,2,1,12711,29045,14943,21619,3600307,3600309,3600304,3600306,0,0,0,0
1790069629.9961216,1,-2,2,-4,12712,29045,14944,21618,3600367,3600369,3600364,3600366,0,0,0,0
1790069630.2028127,-2,-2,0,0,12711,29044,14943,21619,3600397,3600399,3600394,3600396,0,0,0,0
1790069630.2038198,0,-2,0,-1,12711,29044,14943,21619,3600487,3600489,3600484,3600486,0,0,0,0
1790069630.4057739,-1,0,-1,0,12712,29044,14943,21619,3600517,3600519,3600514,3600516,0,0,0,0
1790069630.4057739,0,-1,4,4,12711,29044,14944,21619,3600607,3600609,3600604,3600606,0,0,0,0
1790069630.613463,3,-2,-3,-3,12712,29045,14943,21619,3600637,3600639,3600634,3600636,0,0,0,0
